gene_name	DDdenovo_syn	DDdenovo_mis	DDdenovo_stopgain	RGC-ME_syn	RGC-ME_mis	RGC-ME_stopgain	gnomAD_syn	gnomAD_mis	gnomAD_stopgain
CALR	0	2	0	220	440	9	88	133	0
PTPRT	4	8	0	736	1366	24	256	452	4
GPN1	0	2	0	182	411	19	52	133	2
PDE6C	0	4	0	367	867	38	0	0	0
EI24	0	1	0	130	258	15	36	84	4
ANKRD33B	0	0	0	344	675	11	124	250	4
TSSK2	2	0	0	196	416	13	86	150	5
FAM13A	1	2	0	393	1026	41	132	348	10
TAGLN3	0	0	0	94	190	6	26	45	2
ARRDC4	0	1	0	214	500	22	69	186	6
URB2	2	4	0	691	1591	82	259	550	23
FAM13B	0	0	0	323	909	31	103	261	3
TRMT2A	0	2	0	367	769	27	141	290	9
ADAMTS17	4	7	2	734	1566	71	292	570	13
MAP4K1	1	0	0	393	677	7	130	203	2
OTUD7A	0	4	2	645	1083	9	250	348	2
SLC6A18	0	1	0	339	736	37	141	273	14
HACE1	0	5	1	370	721	38	133	197	6
OR4F21	0	0	0	103	262	8	1	1	0
TTC30A	0	0	0	316	766	40	95	252	6
COL8A1	2	2	0	336	756	14	110	239	3
USP15	0	3	0	372	762	8	117	178	2
SLC5A12	1	1	0	274	633	24	92	197	11
SCN5A	0	6	0	990	1960	39	394	668	7
CAPNS1	0	0	0	150	323	15	62	98	2
ZNF79	1	0	0	208	607	28	75	181	4
SCARF2	0	2	0	557	1044	20	200	330	1
POLGARF	1	1	0	183	386	10	53	100	0
RBBP8NL	2	2	0	401	788	24	159	288	5
SMIM28	0	0	0	0	0	0	19	71	4
IL5RA	1	1	0	196	569	26	52	188	6
GNPAT	1	1	0	249	657	30	77	204	7
DPYSL3	1	0	0	327	656	15	120	220	1
ADAM12	0	1	0	394	922	41	0	0	0
ACTN1	0	3	1	418	711	14	142	224	4
ATXN7	0	2	0	471	1185	10	189	418	2
TSPAN3	0	0	0	127	230	8	46	62	2
VIPR1	0	0	0	229	543	24	89	199	11
RRM1	1	1	1	306	490	7	99	133	1
RAD18	2	1	0	224	583	27	70	189	6
PLA1A	0	0	0	220	535	21	65	188	4
ZBTB20	1	11	1	408	580	4	164	157	1
GARIN6	0	1	0	112	285	11	35	93	3
TNP1	1	0	0	20	67	1	13	30	0
WDR33	0	2	0	516	1047	35	184	313	9
TADA3	0	0	0	224	406	11	80	114	2
ADPRHL1	0	0	0	962	2236	126	349	849	37
NDUFAF5	0	1	0	148	434	21	64	134	5
NSG1	0	0	0	109	237	8	43	81	1
CYP3A7	0	0	0	199	523	27	70	178	7
FAU	0	1	0	77	108	0	12	32	0
POGZ	2	9	16	683	1219	9	219	347	1
CFAP91	0	4	0	321	897	45	98	316	10
CSH2	0	0	0	94	227	6	32	79	2
NXNL1	1	0	0	111	261	11	50	103	3
SIGLEC10	0	0	0	345	760	27	146	255	3
OPALIN	0	1	0	55	158	7	0	0	0
ENSG00000285772	0	0	0	4	20	0	2	7	1
PEG3	1	5	0	677	1834	33	258	591	8
DPRX	0	1	0	61	194	16	22	72	5
DLGAP4	0	2	0	506	946	6	194	307	0
RNF114	0	0	0	111	235	4	42	91	0
C4orf54	0	2	0	931	2217	68	318	763	21
NELL2	3	2	0	350	855	21	95	282	4
OR8D2	0	3	0	150	328	8	43	115	3
FLT3	0	4	0	393	1019	27	143	298	6
NAA30	0	1	0	230	379	4	70	93	0
MTTP	1	5	0	337	869	24	107	285	9
ASNS	0	0	0	202	531	19	66	166	4
NLRC3	2	2	0	643	1443	48	256	517	13
TMEM243	0	1	0	68	138	8	29	50	2
SERP2	0	1	0	39	57	2	9	11	0
TUSC1	0	0	0	204	414	22	69	149	3
TRPV5	0	0	0	389	856	35	150	280	11
MYOCOS	0	0	0	0	0	0	17	27	1
GDF2	0	0	0	263	489	15	0	0	0
MPND	0	0	1	308	674	31	131	252	4
UPK3A	0	2	0	174	349	16	64	134	5
RAB21	1	1	0	102	204	9	28	72	0
RNF208	0	1	0	196	311	7	71	95	1
ROBO1	0	4	1	748	1803	85	249	599	15
SMN1	0	0	0	5	14	0	3	7	0
ENSG00000267120	0	1	0	49	122	4	15	51	2
POLDIP3	1	2	0	200	497	6	62	170	0
VAX1	0	0	0	252	391	8	0	0	0
RAB38	0	0	0	94	264	9	32	92	3
ERAP1	1	5	0	381	978	59	122	296	17
OR4K14	0	1	0	129	372	19	45	136	4
ETFA	0	1	0	142	323	11	34	98	6
MTRFR	0	0	0	63	203	10	20	61	3
PALM	0	1	0	270	508	5	106	186	0
TRAPPC10	3	5	0	494	1043	16	187	333	1
GPR132	0	3	0	213	362	18	76	142	5
TREML1	0	1	0	159	318	15	51	109	5
OR9G4	0	0	0	163	405	15	57	136	6
MPLKIP	0	1	0	115	293	13	39	97	5
MACROD2	1	0	0	175	452	13	54	134	0
SLPI	0	0	0	56	160	5	23	47	3
SNIP1	0	3	0	152	420	12	49	122	4
RBM42	0	2	0	265	431	9	80	136	2
KLHDC2	0	2	0	168	412	16	53	117	3
CADPS	1	2	1	702	1349	21	236	387	5
MUTYH	0	2	0	234	578	47	81	205	22
GFI1	0	4	0	238	461	11	71	126	5
RPL22	0	0	0	52	74	3	15	19	0
GSDMC	1	2	1	212	616	31	84	195	9
WSCD1	0	3	0	329	681	29	127	248	11
CLTB	0	0	0	106	225	7	40	72	1
WLS	1	0	0	225	573	14	76	182	3
CRNN	0	1	0	238	558	39	74	166	11
EFCAB14	0	0	0	220	500	18	64	164	4
ENSG00000288674	1	1	0	240	468	10	100	164	4
RAB11FIP5	0	4	0	749	1555	47	286	543	11
AGRN	3	8	0	1477	2766	49	598	1043	11
ENSG00000288796	1	0	0	109	232	9	27	83	5
CENPU	0	1	0	155	463	20	66	175	2
VPS29	0	0	0	71	115	1	20	32	1
RANBP9	1	2	1	403	801	6	150	252	0
PITX1	0	0	0	214	391	7	77	121	1
CETN1	0	0	0	97	209	6	26	60	1
CD72	0	0	0	155	386	20	52	117	4
C10orf53	0	0	0	47	112	4	0	0	0
MAGOHB	0	0	0	57	138	11	14	35	1
ZNF586	1	0	0	161	395	14	46	127	3
SLC45A1	2	4	0	434	739	19	183	315	4
TCP11L2	1	2	0	185	580	29	63	198	8
HCN4	0	2	0	716	1277	19	252	411	1
ENSG00000251537	0	0	0	333	842	46	118	309	19
TMEM177	1	0	0	168	327	7	44	109	1
KANSL1	0	8	7	522	1100	12	172	400	1
PRLHR	0	1	0	231	511	28	0	0	0
BCL2L11	0	1	0	100	262	11	31	85	1
SPATA13	2	6	0	594	1459	37	227	505	9
MYB	0	0	0	296	624	17	119	189	3
ABITRAM	0	0	0	68	202	11	28	65	6
FBN2	2	9	2	1355	3026	53	466	937	9
SLC12A8	0	0	0	352	807	41	134	299	13
LIMK1	0	3	0	360	626	12	150	225	3
CCAR1	2	7	0	437	925	42	0	0	0
TNFAIP2	3	5	0	387	724	24	135	235	10
HDGFL3	0	0	0	79	186	0	25	41	0
UBXN7	0	2	0	198	319	4	59	91	2
ACYP2	0	0	0	28	104	4	22	73	3
AAK1	1	1	0	440	872	11	149	234	3
PHACTR1	1	3	0	298	483	5	94	151	2
UBE2V2	0	1	0	63	129	4	23	31	0
TMC5	0	0	0	441	1106	46	144	328	14
ARID3A	0	2	0	364	668	8	147	231	6
SHCBP1L	1	2	0	255	720	42	99	257	10
LPIN3	0	2	0	401	902	38	152	327	7
PAPOLG	0	2	0	284	624	13	91	163	5
TDP1	0	1	0	250	667	34	91	203	8
ENSG00000257062	0	1	1	38	97	7	19	35	3
SYNJ2BP	0	0	0	52	120	3	25	46	2
ZNF85	0	0	0	224	722	46	69	211	13
SPDYE16	0	0	0	0	0	0	21	55	1
PAQR9	0	0	0	237	394	11	74	102	0
DNAH7	3	7	0	1609	4489	230	537	1518	74
GOT2	0	0	0	183	409	15	59	137	2
C12orf60	0	0	0	96	272	12	28	89	3
NOTCH2NLB	0	0	0	0	0	0	0	2	0
SERPINH1	2	0	0	231	501	13	86	190	3
JAKMIP1	0	1	0	452	766	17	162	249	2
GOLGA8B	0	0	0	66	164	9	6	10	2
RPL39L	0	0	0	17	44	5	6	14	1
FAT2	3	6	0	1987	4517	121	708	1515	27
CHST12	0	2	0	312	613	20	124	200	3
MPHOSPH8	0	0	0	387	836	29	134	257	5
PLEKHH2	2	3	2	661	1906	94	234	616	35
CLXN	0	0	0	84	235	13	31	82	6
CYP2C18	0	0	0	233	610	24	0	0	0
ENSG00000287725	0	1	0	190	450	21	66	164	4
ADH5	0	0	0	139	431	17	41	99	7
MAP1LC3B2	0	0	0	60	158	8	21	52	2
PLCL1	1	1	0	457	1159	43	142	339	1
SPEF2	0	2	0	702	2026	114	233	641	32
UQCRC1	0	1	0	260	569	20	114	194	3
ENSG00000258472	0	0	0	142	337	19	57	129	2
NPSR1	1	0	0	170	396	31	60	148	8
DDX31	0	3	0	363	818	40	109	270	14
KCNH4	2	2	0	518	962	16	190	329	6
CFAP299	0	1	0	95	280	7	39	85	2
OR51L1	0	1	0	150	381	12	44	119	6
MSTN	0	0	0	161	368	14	57	142	1
ANKLE1	2	1	0	329	731	41	121	246	19
CHAD	0	0	0	174	403	9	59	137	3
PHYKPL	0	0	0	264	602	23	93	219	9
RAB34	0	0	1	113	271	19	39	86	5
ADCYAP1	0	1	0	122	294	3	51	91	0
KY	0	2	0	286	683	32	104	246	7
ONECUT1	0	1	0	281	544	7	94	193	0
OR9Q1	0	2	0	146	356	13	46	133	4
ALDH2	0	0	0	263	537	19	102	200	8
IFT43	0	0	0	92	252	19	48	94	6
NT5C	0	0	0	140	300	7	33	104	4
LIN28A	0	0	0	112	210	6	31	47	0
PRDX3	1	0	0	125	311	10	0	0	0
RYR2	8	21	0	2139	4201	106	696	1290	15
RFPL4A	0	0	0	87	249	11	28	98	5
SLC1A6	0	2	0	283	546	10	111	154	1
DBNDD2	0	0	0	90	178	4	34	57	2
PRAMEF19	0	0	0	203	483	24	68	162	6
SLC27A6	1	0	0	276	731	33	79	267	14
PKD1L3	1	2	0	1026	2600	158	336	890	48
ABCA9	1	4	0	656	1680	88	214	524	27
RABEP1	1	0	0	341	824	21	109	227	3
SSB	0	0	0	120	318	9	37	104	0
DCTN2	0	1	0	184	355	9	66	101	0
SHISA2	0	1	0	188	410	10	74	127	3
PROCR	0	0	0	138	290	9	41	69	3
DDX56	1	1	0	267	648	25	97	233	4
ST7	1	0	0	233	374	13	72	78	5
IQCN	1	5	0	674	1616	53	255	563	14
PCDHA5	2	0	0	563	1224	34	215	390	12
R3HDM1	0	2	0	409	1063	17	162	337	2
CSN2	0	0	0	124	296	8	44	102	4
ALCAM	1	1	1	254	568	11	76	173	1
OR9Q2	0	0	0	157	386	16	64	127	6
EMG1	0	0	0	127	283	16	38	100	6
CLEC18B	0	0	0	120	251	10	45	110	6
MAPK1	0	2	0	159	161	5	67	34	0
FZD7	4	0	0	412	663	17	144	191	3
BNC1	0	3	0	434	1005	10	156	364	3
PYDC1	0	0	0	49	115	6	15	32	0
FGA	0	4	0	301	726	39	109	249	9
EPM2AIP1	0	2	0	300	613	17	87	146	1
BUB1B-PAK6	0	0	0	0	0	0	0	0	0
EREG	0	0	0	100	224	13	30	74	7
HOXD10	0	1	0	191	421	18	54	127	4
FNDC9	0	1	0	108	259	17	53	82	3
TMEM229B	0	0	0	114	151	4	45	38	2
AVP	0	0	0	100	193	5	32	65	3
NFATC1	2	3	0	652	1230	15	273	453	2
LHFPL3	0	0	0	134	232	6	38	56	1
JPT2	0	1	0	106	275	4	37	70	1
IL27RA	2	1	0	332	678	35	109	217	11
KCNE3	0	0	0	41	113	1	11	48	0
C1orf50	0	0	0	97	248	9	33	78	2
ADAD2	1	3	0	513	996	41	184	339	13
FAM83G	0	2	0	430	900	28	155	324	5
TMEM9	0	1	0	86	190	7	23	40	0
MALL	0	0	0	39	67	4	22	26	2
TMEM163	1	3	0	176	299	5	65	98	0
ADD3	1	1	0	285	773	19	0	0	0
SERPINA12	0	1	0	212	541	26	74	198	6
MAP1S	2	6	0	773	1566	20	318	497	4
TEKT1	0	1	0	187	438	12	80	160	7
B4GALT7	1	1	0	218	474	21	61	170	2
ZDHHC24	0	3	0	170	320	17	63	105	6
CRIP2	0	0	0	195	378	9	68	124	2
GOLGA6D	0	0	0	132	304	18	23	47	2
AKR7L	0	0	0	0	0	0	0	0	0
TOX3	0	2	0	283	621	20	96	190	3
CLC	0	2	0	64	155	9	25	46	5
L3MBTL1	0	2	0	436	993	43	164	326	12
TPSB2	0	0	0	157	325	23	38	72	6
SIM1	1	3	0	391	867	14	133	298	3
SMAP2	0	0	0	152	382	10	46	98	3
OSGEPL1	1	0	0	134	404	20	46	120	7
LRRN4CL	0	1	0	137	324	19	49	103	6
PLEKHJ1	0	1	0	106	211	12	37	81	5
PPP1CC	0	0	0	139	152	5	49	32	0
UQCRFS1	0	2	0	137	275	6	46	83	0
NTNG1	2	1	0	257	486	9	87	120	1
SPAM1	0	0	0	167	527	28	68	155	9
SCYL2	0	0	0	323	868	21	90	257	1
COPS6	0	1	1	182	274	5	65	74	0
STAC2	2	2	0	227	483	17	72	181	8
ENSG00000288623	0	0	0	75	122	4	21	38	2
FAM241A	1	1	0	74	172	9	19	51	4
FER	0	2	0	290	840	33	100	212	5
DSCAML1	7	7	0	1124	2013	23	444	748	6
TEK	0	3	0	528	1085	26	178	373	7
WWC2	0	0	0	533	1256	48	186	385	15
EFEMP1	1	0	0	198	445	16	71	131	6
H3C3	2	0	0	169	207	12	64	55	6
DDX51	3	1	0	528	1016	42	199	365	11
CSN1S1	1	0	0	81	251	17	26	62	5
CBX7	0	2	0	152	261	11	62	89	1
RRAGD	0	0	0	148	301	9	56	76	1
NTN1	0	3	0	367	709	9	111	203	1
MT1B	0	1	0	27	81	2	7	20	2
ENSG00000260861	0	2	0	77	192	6	29	66	4
MAP2K5	0	0	0	202	408	12	71	137	4
TADA2A	0	0	1	201	395	22	70	149	7
FBXO17	1	0	0	162	391	19	65	129	9
STX16-NPEPL1	1	1	0	122	301	9	59	146	1
GPBAR1	1	4	0	199	380	16	69	164	3
ADAM21	0	0	0	274	715	41	101	253	14
SYTL1	0	0	0	319	667	34	97	205	8
CRISP3	0	0	0	127	310	25	38	93	5
UHRF1	0	3	0	467	650	4	203	215	1
SAMD9	0	9	0	591	1463	105	203	461	45
MLH1	0	1	0	323	830	17	104	284	3
ARMH2	1	1	0	70	228	14	23	77	3
AJM1	0	0	0	701	1258	22	288	423	3
EML1	1	1	0	319	695	16	121	224	1
COL16A1	1	2	1	748	1700	53	291	601	23
AAGAB	0	2	0	132	426	22	50	133	2
NUBP1	0	0	0	185	419	23	68	154	3
E2F4	0	1	0	226	403	9	85	105	3
FBXO27	0	1	0	141	339	23	55	127	7
RPL13A	0	1	0	128	236	0	44	80	0
RBBP8	0	3	0	323	950	44	92	296	15
MYOC	0	1	0	238	523	39	83	156	11
PNISR	1	3	1	308	843	15	97	236	2
BICD1	0	1	0	404	888	24	119	244	4
PDC	0	0	0	83	254	14	30	78	7
GPR35	0	1	0	183	332	15	81	134	2
PSG2	0	0	0	226	559	31	101	210	12
SERP1	0	0	0	32	57	4	11	21	1
ENSG00000256591	2	0	0	76	163	9	17	66	2
SPTBN2	3	12	0	1239	2245	65	443	826	12
GP9	0	1	0	109	198	8	47	70	0
MRGPRF	0	0	0	211	443	6	92	171	2
ATAT1	1	1	0	164	415	18	44	131	4
ABCA3	0	6	0	977	1953	51	407	686	10
ACVR2A	0	1	0	189	320	2	69	81	0
CDC42BPG	0	4	0	929	1758	70	339	640	15
ANKMY1	3	3	0	542	1201	57	217	453	16
ZDHHC6	0	1	0	134	414	18	0	0	0
IGFL3	0	0	0	56	142	7	28	46	2
GART	2	5	1	441	1029	21	142	308	6
CPS1	4	4	0	619	1551	42	208	460	8
SRR	0	1	0	114	360	18	37	104	6
COPZ2	1	0	0	94	261	5	25	91	3
SSU72L2	0	0	0	0	0	0	22	35	1
WDR97	0	3	0	0	0	0	351	697	31
TFEC	0	1	0	132	364	16	44	126	7
TUBG1	0	0	0	219	200	15	80	51	3
HRCT1	0	0	0	65	175	3	28	65	0
HSPB3	1	1	0	74	166	13	26	54	4
PCGF6	0	0	0	169	375	13	0	0	0
ENSG00000288698	0	0	0	50	150	2	22	46	1
FNDC5	0	1	0	105	220	7	32	74	1
ZNF84	0	0	0	334	763	28	115	220	10
KLHL1	0	1	0	329	863	33	102	258	10
ETS2	0	1	0	206	355	7	75	138	0
PIWIL4	0	2	0	368	822	32	117	277	4
HOXC5	0	0	0	111	310	16	34	89	5
CYP7B1	0	2	0	214	582	25	75	187	14
DLL4	0	0	1	330	571	2	115	207	1
CLK3	1	0	0	254	462	20	78	150	5
CACNA1H	10	12	0	2163	3978	80	931	1474	11
SMOC1	0	1	0	199	432	13	67	142	3
SPAG9	1	3	0	526	1145	20	183	331	1
TPGS1	0	0	0	248	483	18	88	185	1
HMGCLL1	0	0	0	153	424	23	42	138	7
PNMA8C	0	0	0	0	0	0	34	72	1
INAFM1	0	0	0	153	282	12	54	97	5
ALMS1	1	3	0	1748	5021	209	578	1604	56
CPSF6	0	4	0	253	375	1	85	96	0
NBEAL2	2	9	0	1371	2758	81	482	1051	13
MRPS18B	0	0	0	126	340	12	52	127	3
ENSG00000286192	0	1	0	54	123	8	39	70	4
GAL3ST2	0	1	0	260	547	26	102	210	12
AKR1A1	0	0	0	147	335	14	57	122	6
OR4F6	0	1	1	137	392	18	44	136	6
KLHL41	0	2	0	220	603	21	72	172	6
PRKAB2	0	1	0	124	261	9	40	75	0
APPL1	1	1	0	270	660	23	74	217	8
GPR135	0	1	0	346	741	24	122	257	3
PSG7	0	0	0	291	791	40	97	310	12
KRTAP10-10	0	0	0	139	332	18	62	107	6
RBM12B	1	2	0	484	1084	27	156	359	7
LRRC2	0	1	0	148	361	11	52	115	3
GOLGB1	0	7	1	1207	3192	122	359	959	19
TCF7L1	0	1	0	342	595	6	130	200	1
RAI1	1	5	1	1144	2092	7	455	730	1
INTS7	2	2	0	404	808	28	131	250	8
SIX3	0	4	0	253	325	4	89	80	1
NSUN2	0	1	0	369	918	39	140	302	13
GHR	1	4	0	267	727	22	87	215	5
BSND	0	2	0	157	333	16	67	137	5
ENSG00000285238	2	18	1	779	1027	11	277	289	3
TBX19	0	1	0	197	453	18	81	168	3
TRIM3	1	2	1	396	656	11	146	214	2
CARD14	2	5	0	567	1205	60	248	454	24
RBM18	0	0	0	82	168	13	27	37	1
PJA2	0	4	0	288	737	11	106	236	2
BAAT	0	0	0	180	468	22	58	159	9
TTR	0	1	0	72	120	5	25	49	0
RABL2B	0	0	0	101	225	9	33	51	3
CIITA	4	4	1	729	1481	37	268	488	5
GPX4	0	0	0	0	0	0	0	0	0
GLP1R	0	0	0	266	444	20	95	136	3
CNOT4	2	2	0	294	527	4	91	145	0
NET1	0	2	0	258	624	31	0	0	0
ZNF3	0	0	0	190	426	20	64	124	6
ARHGEF39	0	1	0	154	373	18	42	128	4
ATP5ME	0	0	0	54	110	3	22	40	0
PPP2R2C	0	1	0	250	295	3	100	94	1
CACHD1	2	5	0	542	1208	40	185	421	5
CD36	0	4	0	197	805	72	70	342	31
ENSG00000267228	1	0	0	44	100	8	19	37	1
SYTL3	2	1	0	324	765	57	109	261	16
SEMA4D	0	1	0	424	886	12	160	317	5
C20orf141	0	1	0	96	206	9	36	67	5
ENSG00000280778	0	0	0	20	50	1	8	17	0
OPRPN	1	0	0	125	280	16	51	92	3
THADA	2	4	0	961	2746	128	313	879	35
PLTP	0	2	0	248	551	15	88	200	5
CD19	2	1	1	273	590	6	103	178	4
HAVCR1	1	1	0	182	415	22	60	154	10
CYP2D6	0	0	0	413	806	36	140	294	8
SLC35F6	0	0	0	178	395	9	72	136	0
CCNI	0	2	0	154	348	6	45	107	0
ATP2C1	0	3	0	344	716	18	97	197	2
TMEM106C	0	1	0	114	277	13	46	87	3
CCDC63	0	1	0	246	603	33	85	211	13
OTOR	0	1	0	55	167	8	25	45	2
CEND1	0	0	0	93	196	4	39	71	2
MELK	0	0	0	247	678	40	76	206	11
TDRD15	1	3	0	0	0	0	242	629	19
TG	0	5	0	1280	3305	165	438	1140	42
FTSJ3	0	0	0	420	1012	40	144	346	9
MAL2	0	0	0	108	208	11	38	49	4
TNNT1	0	1	0	147	304	18	47	87	2
GRB14	2	0	0	252	642	24	89	188	3
OR4C16	0	0	0	211	658	23	71	218	11
ERI2	1	1	0	210	629	40	67	205	14
FAM72C	0	0	0	13	37	2	0	1	0
ABI3	0	0	0	202	438	15	75	153	4
ENSG00000255432	0	0	0	54	110	2	16	50	2
XRRA1	0	2	0	354	860	32	121	303	8
MDH1B	0	0	0	215	536	33	67	176	7
SAMM50	0	0	0	186	467	29	70	166	4
GIMAP1	1	1	0	204	361	9	67	117	2
OLFML3	0	1	0	169	469	19	52	157	6
AADAC	0	0	1	167	459	16	70	149	8
SPDYE18	0	0	0	0	0	0	30	125	4
PILRA	0	1	0	154	305	13	53	108	7
TRAF7	0	22	1	402	600	15	169	177	2
TJAP1	0	1	0	259	625	25	80	224	7
FXYD6-FXYD2	0	0	0	78	163	5	26	54	0
UHRF2	0	1	0	364	655	12	135	165	1
TIMM10B	0	0	0	59	151	16	21	54	1
SMIM46	0	0	0	0	0	0	6	18	0
HTRA2	0	1	0	238	416	15	84	131	8
LRP8	0	3	0	428	902	27	154	303	7
CLASRP	0	1	0	384	799	29	147	281	4
IRF2BP1	0	2	0	358	561	7	124	164	0
SRI	0	0	0	80	231	13	32	85	3
PPARGC1B	2	5	0	503	1147	17	192	451	7
KNL1	1	3	0	885	2666	32	272	820	3
FAM3C	0	2	0	90	221	9	21	54	1
PEX16	1	0	0	195	358	13	68	126	5
NALF1	0	0	0	235	482	5	65	149	0
PHOX2B	0	0	0	201	319	3	67	71	0
ENSG00000288695	0	0	0	99	218	14	54	98	4
TIAM1	2	2	0	771	1615	32	301	538	2
AKR1D1	0	2	0	125	346	15	40	109	9
ENSG00000288708	0	0	0	12	21	1	5	8	0
SLC25A13	2	1	0	262	715	35	100	245	11
MIER3	1	1	1	199	484	5	72	132	1
RIMKLB	0	1	0	189	286	6	66	80	1
OR4D11	1	1	0	160	372	10	58	125	4
NAV1	2	4	0	1023	1967	17	322	610	1
DNAI4	0	1	0	338	979	49	109	287	13
HAPLN1	0	0	0	171	387	12	64	133	4
EHBP1	0	1	0	464	1073	36	149	359	10
AMBN	0	1	0	186	505	18	64	172	2
LAPTM5	0	0	0	137	290	4	56	85	2
ATG16L2	0	1	0	344	719	28	110	246	9
GH1	0	0	0	125	277	3	65	103	2
GSG1	0	1	0	157	395	24	56	150	3
DNM2	0	4	1	470	715	10	186	210	0
KRTAP5-3	0	0	0	95	272	15	37	89	4
PACSIN3	0	2	0	211	512	25	81	198	4
PLEKHA8	0	2	0	240	533	17	68	145	3
ST6GALNAC4	0	2	0	151	338	15	71	134	3
FBXO44	2	0	0	143	287	19	70	101	7
LIG3	0	5	0	393	955	42	133	324	11
KRTAP5-7	0	0	0	59	195	4	20	55	1
DYDC1	0	1	0	66	171	14	0	0	0
CCDC92B	0	0	0	199	413	13	61	132	1
SNRNP70	1	3	1	294	503	5	110	132	1
SETD1A	2	7	2	1087	1940	11	410	646	1
CFD	1	1	0	233	509	21	88	172	3
H1-10	0	2	0	168	273	3	63	84	0
TUT1	0	1	0	448	988	38	173	315	8
ECHDC1	0	1	0	129	300	19	52	84	3
TDRD6	0	3	0	1011	2789	173	344	917	47
MSRB3	1	1	0	83	175	6	24	52	2
MSANTD4	0	0	0	135	322	17	49	93	3
RNF224	0	0	0	92	228	7	48	86	4
FBXW8	0	1	0	298	750	43	114	281	10
TXNDC17	0	1	0	60	157	9	19	53	2
HRH4	0	2	0	152	407	28	53	135	7
BMP5	0	1	0	182	511	15	54	163	5
TMEM135	0	4	0	197	441	10	71	120	1
OSBPL7	0	3	0	438	831	32	141	258	7
ADORA1	1	0	0	177	282	4	59	81	2
POLR1E	2	0	0	197	385	19	66	142	5
CRYBG2	2	3	0	796	1841	70	270	629	22
DNAH14	2	7	0	1562	4573	259	538	1498	100
SCRG1	0	0	0	46	115	4	16	38	1
KIF5A	1	1	0	434	796	13	151	242	3
RIMBP2	1	3	0	761	1484	38	326	580	3
ENSG00000258881	0	0	0	76	150	11	24	53	2
ZNF407	6	3	0	1040	2397	10	380	805	6
TMEM102	1	2	0	299	612	27	90	196	8
ARHGEF1	0	1	0	497	875	18	177	310	7
UTS2	1	0	0	52	130	7	22	57	0
ANKDD1A	0	1	0	253	573	31	104	243	12
ENSG00000124593	1	2	0	207	449	30	63	130	8
RAMAC	0	0	0	32	118	6	12	47	3
ENSG00000289715	0	0	0	3	6	3	11	15	1
HSD3B2	1	1	0	203	391	24	68	120	4
RPL36	0	0	0	77	122	0	20	36	0
CFL2	0	0	0	64	107	7	10	31	0
OR4A5	0	0	0	241	701	28	86	251	4
LRIG2	1	2	0	463	1131	63	156	375	18
PLEKHA6	0	4	0	484	1216	27	185	449	3
BEND4	3	1	0	329	711	30	94	202	3
CCDC174	0	1	0	193	528	25	62	167	9
SEC23IP	1	2	0	373	1106	42	0	0	0
DOK5	0	0	0	129	359	15	44	111	5
ANKRD17	4	7	1	1066	2051	3	330	545	2
SNRPD2	0	0	0	54	85	0	28	14	1
KRT76	1	3	0	303	725	31	126	286	7
TMEM38A	0	0	0	148	298	9	68	117	4
ARHGEF2	0	3	0	458	849	18	157	248	2
MNX1	1	0	0	313	584	8	106	182	3
PRDM12	0	3	0	248	413	12	95	112	2
ASB8	0	1	0	122	280	11	37	89	3
ART5	0	2	0	165	348	17	55	145	2
ITIH2	0	2	0	418	1059	56	0	0	0
CWH43	1	3	0	315	834	37	114	247	18
RSPH10B	0	0	0	153	372	16	24	87	1
YPEL1	1	0	0	51	82	6	22	17	2
GALNT9	1	3	0	362	763	25	151	289	10
AP1G2	0	0	0	361	870	36	122	300	13
SIL1	0	0	0	248	463	23	95	167	8
ATP13A1	1	4	0	756	1263	27	308	433	1
OR10G2	0	0	0	157	401	9	54	126	3
PPFIBP1	0	3	1	392	1055	57	127	315	17
NMNAT1	0	0	0	107	276	12	40	96	2
CKAP5	1	6	1	781	1683	13	249	480	3
CORO6	2	1	0	231	601	28	75	194	8
NDUFS1	0	2	1	291	822	25	103	259	6
PLEKHG5	0	4	0	542	1159	32	209	410	7
PFDN4	0	1	0	49	121	3	17	32	2
KRTAP9-8	0	0	0	97	208	8	31	61	3
TSPEAR	3	2	0	384	871	40	166	329	15
ENSG00000272921	0	0	0	0	0	0	0	0	0
MSLNL	0	1	0	0	0	0	197	421	14
SAMD10	0	2	0	112	207	9	45	79	0
IFNB1	0	0	0	86	256	9	26	81	3
IZUMO2	1	0	0	138	260	11	61	99	1
RGSL1	2	2	0	431	1154	51	123	376	16
NEURL1B	1	0	0	415	695	5	139	197	2
PNPLA1	0	0	0	272	621	22	113	215	10
MXI1	0	0	0	148	307	10	0	0	0
ENSG00000261793	0	0	0	17	47	3	4	20	1
PRCD	0	1	0	23	60	5	12	19	2
PI4KA	0	1	0	1065	2045	68	365	634	21
CNOT11	1	1	0	275	437	7	118	120	1
OSBPL11	1	1	0	300	683	29	91	200	4
ADCY8	0	6	1	633	1295	29	208	399	3
ATP2A2	2	7	0	479	601	4	183	174	2
TRMT44	1	7	0	396	1019	53	141	339	22
MBP	0	0	0	151	361	9	46	118	1
ZCCHC7	1	2	0	213	579	33	60	183	10
TRIM16	0	0	0	242	572	33	86	180	7
VMAC	0	1	0	91	215	5	30	75	0
ADIG	0	1	0	31	70	5	18	21	0
RNF170	2	1	0	82	213	9	21	59	0
TEKT5	1	2	0	294	748	29	127	267	11
ATP5PO	1	0	0	103	233	4	34	69	2
OR4D9	0	2	0	156	394	15	50	141	4
CARNS1	1	0	0	549	1135	39	208	419	7
VRK2	0	2	0	212	637	42	74	216	12
TMEM18	0	0	0	88	166	8	27	50	2
SLC1A4	0	4	0	282	560	6	103	160	2
OR5H1	1	2	0	142	434	18	43	146	2
TFEB	2	2	0	221	445	10	92	134	3
ADGRB1	1	5	1	1014	1534	12	397	499	1
MYH8	0	4	0	768	1859	90	259	618	35
ERP27	1	0	0	152	346	14	41	116	1
RHPN2	0	0	0	317	706	28	117	230	9
PIK3CD	2	5	0	574	695	6	209	229	2
IZUMO3	0	2	0	135	390	20	44	124	5
IMP3	0	1	0	161	264	19	52	84	5
DOT1L	2	9	0	1051	1664	11	442	550	0
ENSG00000260537	0	0	0	219	327	5	61	103	2
ZNF672	0	0	0	301	646	20	104	226	9
ENSG00000288658	0	0	0	0	0	0	92	158	2
FBXL12	0	2	0	169	341	24	56	108	9
TARS3	0	1	0	389	894	49	134	283	13
USP17L19	0	0	0	0	0	0	0	0	0
FCRL1	0	0	0	200	519	12	81	160	2
MKRN2	1	2	0	206	489	13	82	149	4
GLB1L2	0	2	0	299	724	31	108	267	16
ISG15	0	1	0	99	199	8	43	71	3
RPL23	0	0	0	65	73	0	20	19	0
HSD17B1	0	0	0	235	499	14	83	174	3
CLIP1	2	3	0	604	1266	38	221	395	5
ID3	0	2	0	111	168	4	44	66	0
RNASE11	0	0	0	92	235	13	32	71	0
ZNF532	0	0	0	621	1170	17	223	362	1
ENSG00000276302	0	0	0	9	45	1	9	16	1
SLC4A10	1	2	1	487	862	19	173	262	3
PCDHGA6	1	1	0	569	1258	36	202	396	14
GRM2	0	1	1	399	849	31	143	291	5
ZNF154	0	0	0	175	450	20	59	139	6
SMO	2	1	0	448	857	33	135	249	10
RCOR3	0	0	0	224	450	8	65	134	2
TAS2R39	0	0	0	134	330	20	41	122	10
DRGX	0	0	0	132	291	13	0	0	0
KCTD9	0	0	0	155	219	8	43	58	2
SBK1	1	1	0	308	443	6	104	114	1
ARFGEF3	2	1	0	1073	2195	45	407	699	1
DNAJC9	0	0	0	126	337	17	0	0	0
NPIPB4	0	0	0	249	638	19	21	49	1
IAPP	0	0	0	45	116	2	13	28	1
FZD6	0	1	0	258	682	46	80	201	11
TUBA1A	0	0	0	191	19	5	59	4	0
POTEA	0	0	0	0	0	0	0	0	0
HLA-DPA1	0	2	0	104	249	12	43	82	6
OR9G1	0	1	0	114	260	8	78	169	3
CNTF	0	0	0	96	272	16	47	106	3
TMEM259	1	1	0	463	873	12	201	289	3
SPIRE2	1	3	0	502	1033	39	199	373	9
HTR3A	0	1	1	277	609	28	83	237	10
ENPEP	0	1	0	427	1114	63	146	375	24
PBOV1	0	1	0	50	147	5	10	45	3
PI16	0	0	0	244	525	18	90	157	9
TRHR	1	0	0	177	417	10	43	107	2
ASF1A	0	2	0	103	137	4	34	33	1
FLRT1	2	2	0	346	692	12	144	265	2
OR2B8P	0	0	0	0	0	0	0	0	0
RECQL5	0	2	0	533	1123	59	159	405	18
UBXN6	0	0	0	288	618	23	144	232	6
PAQR8	0	2	0	185	381	14	67	105	6
PBX1	0	8	2	180	239	4	54	57	1
KDM4A	1	0	0	441	873	16	156	239	1
H2AC11	0	1	0	156	181	7	80	61	3
S1PR2	0	1	1	211	334	8	77	120	1
MTAP	1	2	0	145	357	12	53	119	6
CCDC195	0	0	0	0	0	0	23	69	9
CIBAR2	0	1	0	197	458	15	65	168	7
SLC19A1	2	2	0	419	740	27	154	247	3
ALKBH5	1	0	0	295	331	4	101	100	0
SIAH3	1	1	0	150	375	8	50	120	4
IFRD1	0	2	0	186	475	14	65	135	2
PTEN	1	20	5	143	239	8	0	0	0
STK17B	0	2	0	135	331	12	52	94	5
H4C15	0	0	0	0	0	0	0	0	0
SRP72	0	3	0	279	694	29	88	193	4
ACTL7A	1	2	1	226	509	31	84	208	5
PSMD5	0	0	0	200	492	15	78	173	5
PRIMPOL	0	0	1	197	572	28	68	192	10
CNNM2	0	3	0	532	629	8	0	0	0
SLC13A4	0	0	0	310	590	16	110	161	3
ACER1	1	1	0	117	320	18	58	115	6
CHAF1A	0	0	1	508	1008	4	196	308	1
SPEN	2	7	8	1621	3460	11	569	1114	5
ATOSA	1	2	0	422	1135	38	127	309	8
BBS2	2	2	0	303	781	27	104	259	17
SCFD2	0	2	0	335	729	38	117	237	11
TBX3	0	2	2	462	847	4	176	268	1
PSMC3	0	7	0	211	230	10	80	47	4
ACD	1	2	0	267	496	22	92	168	6
PPA1	0	0	0	104	300	7	0	0	0
H3C7	0	0	0	112	146	5	37	43	2
RIBC2	0	0	0	173	432	25	60	162	12
CBX3	0	2	0	72	131	3	29	24	0
RINL	0	3	0	278	675	22	85	220	4
GYS1	4	3	0	346	859	32	136	278	6
RAB5A	1	0	0	97	192	6	25	64	1
SMC4	0	3	0	527	1389	61	176	401	6
LCN10	0	0	0	124	243	11	52	92	3
ARMH4	0	0	0	322	840	44	125	260	10
HOMER1	0	2	0	142	242	0	44	64	0
KIF7	1	5	2	887	1928	89	337	713	29
LYN	0	0	0	218	345	5	82	81	2
METTL21A	0	0	0	94	260	22	33	79	5
SSR2	0	0	0	88	160	11	31	50	1
GLCCI1	0	2	0	347	714	14	118	219	4
FCER1G	0	0	0	36	77	7	14	25	3
CCDC25	0	1	0	87	175	10	21	58	2
LINGO4	0	2	0	279	622	19	91	201	7
UCP2	0	0	0	146	354	13	33	150	10
RPL3L	0	5	0	268	550	18	102	225	6
ING2	0	0	0	123	226	3	35	69	1
FAM120A	2	2	0	486	897	11	167	246	0
WNK1	3	5	0	1046	2177	21	351	671	4
CCDC65	0	0	0	163	494	26	47	174	5
TFB1M	0	0	0	155	369	23	54	131	9
SMIM40	0	0	0	0	0	0	11	23	1
CTNS	0	2	0	184	431	14	85	149	3
GHITM	0	0	0	148	382	18	0	0	0
ZIK1	0	0	0	174	474	31	54	178	8
PMF1	0	1	0	97	223	13	32	81	4
COL9A3	0	2	0	473	976	24	193	390	5
ITGA2	0	3	0	480	1229	54	160	383	8
HEG1	0	4	0	651	1497	40	245	475	8
CABP4	2	1	1	147	374	13	61	135	8
TXNRD3	0	0	0	0	0	0	0	0	0
HES2	0	1	0	113	239	6	49	58	1
TET3	0	4	1	975	1697	9	353	577	0
TBC1D8	2	1	0	554	1209	51	226	399	14
SRSF7	1	2	0	132	167	4	55	33	1
SAR1A	0	0	0	76	129	3	0	0	0
ZFYVE27	2	0	0	220	448	14	0	0	0
SNTG1	0	1	0	257	626	16	77	194	2
CDH24	0	5	0	438	916	43	153	311	15
HDGFL1	0	0	0	188	362	10	63	126	4
C11orf65	0	2	0	100	348	30	23	118	17
UGT2A3	1	0	0	238	721	48	85	223	15
GADD45B	0	0	0	100	153	6	44	42	1
CLEC4M	1	1	0	172	362	24	74	119	4
STK11IP	0	1	0	524	1158	31	191	430	18
PVRIG	0	0	0	195	393	20	73	139	6
ECM2	0	2	0	231	685	30	94	197	10
CTAGE8	0	0	0	99	265	6	19	35	1
HMG20B	0	2	0	252	422	12	99	120	2
RFESD	0	0	0	70	200	8	27	58	4
CLASP2	2	4	1	616	1361	19	210	377	3
ADRA1B	0	1	0	327	676	17	105	204	3
LRRC10B	1	1	0	183	371	12	51	108	5
TMEM59L	0	0	0	198	396	14	73	127	6
SDC4	1	1	0	93	231	10	33	72	2
CDRT15L2	0	0	0	144	356	17	45	118	4
RBP1	0	0	0	98	264	12	32	71	3
WFDC8	0	0	0	99	254	14	33	80	3
DCUN1D2	1	0	0	118	292	19	42	89	2
ERICH5	0	2	0	159	375	18	53	111	8
ABTB3	1	1	0	621	1225	18	226	392	2
GRAMD1A	2	3	0	400	768	26	150	292	6
WSB1	1	0	0	170	413	10	55	135	0
LHFPL4	1	1	0	131	170	3	38	55	1
DOCK8	6	10	0	1171	2777	70	397	899	16
GSTM3	0	1	0	122	247	15	41	70	3
BAG3	2	6	0	270	679	14	0	0	0
DPY19L2	0	0	0	276	660	31	100	259	12
SCAI	0	1	0	266	417	17	91	135	1
SLC7A5	0	0	0	392	571	10	150	178	0
RNF183	0	1	0	96	223	5	38	71	2
FGD2	0	1	0	326	722	35	127	261	9
PEA15	0	0	0	60	75	0	19	16	0
N4BP2L2	0	1	0	204	650	47	79	192	18
TIGD7	0	3	0	209	610	43	61	207	14
PALD1	1	1	0	427	966	39	0	0	0
LRP1B	1	9	3	2026	4783	95	670	1462	21
PRR20C	0	0	0	0	0	0	0	0	0
PTX3	1	1	0	211	445	25	69	167	9
FBXL14	0	1	0	291	333	4	105	96	3
CORO2B	1	1	0	234	440	13	83	127	1
VSNL1	0	0	0	82	74	7	23	14	1
SULT1B1	0	0	0	139	357	19	44	125	6
ENSG00000285304	1	1	0	334	651	23	123	229	4
ACSL3	1	2	0	301	644	14	107	197	2
PIGY	0	0	0	30	70	2	11	24	1
APOM	0	1	0	72	186	10	28	64	3
ST6GALNAC6	0	1	0	169	335	11	64	131	1
ENSG00000286112	0	0	0	238	542	29	82	194	5
DPH1	0	2	0	233	570	24	83	193	10
PHLPP2	2	3	0	640	1605	45	207	507	13
KRTAP17-1	0	0	0	55	127	6	18	35	0
ENSG00000262304	1	1	0	265	616	35	109	197	11
GAK	3	5	1	845	1656	29	349	577	3
FAM228A	0	0	0	71	228	9	16	70	2
RANGRF	1	0	0	99	224	13	34	69	3
PPIP5K2	0	4	0	459	943	56	148	268	15
MIA	0	0	0	50	148	6	12	47	1
ZNF823	0	1	0	214	549	36	80	162	12
POC5	1	1	0	245	596	22	82	204	4
FGF1	0	0	0	82	160	3	32	49	0
NME1	0	0	0	69	169	4	31	50	1
SYT8	1	0	0	233	539	27	93	202	8
OR56B4	0	1	0	144	438	19	43	148	4
ACSS1	1	2	1	368	741	28	140	239	6
ERGIC3	0	2	0	193	378	15	65	106	4
OLFM3	0	2	0	211	415	19	65	99	6
SLC14A1	1	0	0	156	435	28	54	137	9
PCDH1	1	3	1	577	1135	20	208	385	1
CHAC2	0	0	0	93	249	21	30	88	6
KIF3A	0	2	0	269	560	12	71	144	2
OCLN	0	1	0	143	431	22	32	109	7
CUL5	0	0	0	326	480	14	104	102	0
ARHGAP9	0	2	0	373	866	31	128	288	15
NOS1	2	4	0	672	1204	33	273	395	4
TMEM106A	0	0	0	113	240	13	36	72	7
SHQ1	0	1	1	257	720	36	80	230	10
KRTAP4-16	0	0	0	0	0	0	41	102	5
CCDC158	0	1	0	400	1190	64	129	417	20
CHAT	0	2	0	405	855	35	0	0	0
DBX2	0	1	0	224	509	21	86	171	8
F2RL2	1	1	0	178	397	11	59	141	2
WFDC6	0	0	0	34	97	5	14	30	2
LRRC14	0	1	0	314	535	26	110	177	6
KATNBL1	1	0	0	104	284	12	30	84	3
TRAF6	1	0	0	195	391	11	67	105	2
ZNF229	1	0	0	354	929	38	119	320	12
F2RL3	0	2	0	249	477	15	114	195	3
ZNF324	0	3	0	423	784	22	172	236	7
PDLIM5	0	1	0	255	634	18	85	212	6
CTRB1	0	1	0	156	307	10	34	78	3
CRYGB	0	1	0	83	216	12	26	73	4
CHMP1B	0	0	0	103	217	4	33	69	2
OR5J2	0	0	0	160	409	16	49	141	1
S100A9	0	0	0	71	131	4	21	30	0
HAGHL	1	0	0	238	485	18	73	171	6
ORMDL2	0	0	0	81	158	6	23	53	1
LSS	1	0	0	427	853	52	169	292	10
ENPP5	0	1	0	186	501	24	63	171	5
MAP3K5	1	5	2	570	1230	24	197	325	6
GABRB1	0	1	0	227	391	13	91	99	1
FAM151A	0	2	0	313	688	34	122	236	11
MAP2K4	0	3	1	177	282	3	62	83	0
CTSZ	0	0	1	162	371	31	61	113	12
PHYHIPL	0	0	0	157	322	4	0	0	0
IFITM10	0	1	0	144	292	11	58	75	2
CLDN7	0	0	0	115	242	7	34	72	4
IL12RB1	1	1	0	330	765	41	134	263	12
SOBP	0	2	1	558	1015	3	187	289	0
ENSG00000286235	0	3	0	384	1046	46	122	340	17
HBM	0	0	0	94	188	7	35	68	2
TPRA1	0	1	0	213	374	12	75	139	0
KRTAP4-8	0	0	0	90	237	15	38	101	3
PDX1	0	1	0	226	424	12	77	137	1
ARHGAP22	1	1	0	422	907	33	0	0	0
GAB1	1	5	0	315	647	14	106	202	3
GFOD1	1	4	0	245	393	8	82	107	2
C14orf119	0	1	0	63	165	16	15	53	8
PPM1A	0	0	0	152	226	3	50	55	1
NDUFS3	0	2	0	149	305	4	44	106	1
MAD2L1BP	0	0	0	127	303	20	29	106	7
GPR45	1	1	0	214	400	17	78	136	1
NME8	0	1	0	249	670	41	83	232	14
ACTR1A	1	3	0	175	243	8	0	0	0
BCL3	0	3	0	266	465	7	92	144	3
MAB21L4	0	0	0	259	606	19	93	212	8
PDSS2	0	0	0	163	426	16	41	124	4
PTPRZ1	1	7	0	924	2463	58	296	777	3
FAM47E	0	1	0	169	424	16	62	133	5
SMPD2	1	0	0	210	517	38	77	183	16
IPCEF1	0	1	0	167	407	19	56	114	3
HIF1AN	0	0	0	144	327	17	0	0	0
LYPD5	0	1	0	141	263	12	43	102	4
OAZ1	0	0	0	175	366	11	66	102	1
CCNC	2	0	0	94	194	1	26	35	1
NCALD	0	0	0	76	159	7	25	52	0
PIGB	0	0	0	227	611	23	78	162	8
PLA2G2E	1	0	0	66	143	5	30	50	3
ZNF32	0	0	0	110	221	12	0	0	0
CCNL2	0	2	0	342	679	18	105	216	6
CXADR	0	0	0	150	352	9	48	110	1
NT5E	0	0	0	248	634	27	95	193	5
USP17L10	0	0	0	0	0	0	23	50	1
OR2F2	0	0	0	146	366	15	57	129	7
ORC1	2	3	0	395	936	35	131	304	9
SIX2	1	0	0	199	312	12	64	94	1
ST3GAL4	0	1	0	144	290	9	53	85	1
KRT23	0	2	0	173	469	22	57	161	11
DPPA4	3	0	0	158	294	17	49	82	4
SPACA6	0	0	0	0	0	0	70	142	8
PDGFRL	0	0	0	241	666	38	73	211	12
CYBA	1	3	0	155	324	9	65	111	1
OR51M1	0	1	0	184	488	18	47	146	2
CHRNG	2	1	0	284	602	30	87	232	9
ZNF705A	0	0	0	83	261	11	30	97	8
CYP8B1	1	1	0	210	560	25	71	192	4
NDUFB10	0	1	0	112	296	13	43	100	1
B9D2	1	1	0	92	213	13	32	79	5
MARK3	0	5	0	310	733	34	100	253	10
SPDYE14	0	0	0	0	0	0	0	0	0
SPATA33	0	1	0	97	251	12	32	95	2
TTC1	0	0	0	126	341	15	45	97	6
ARL14	0	0	0	86	223	17	25	92	5
H3Y2	0	0	0	0	0	0	35	89	3
BRK1	0	0	0	37	65	4	14	17	1
AUP1	0	0	0	225	467	13	83	166	3
STRN	0	1	1	435	885	23	154	262	1
ARFGEF2	0	6	0	720	1652	43	250	497	8
IQCD	0	0	0	173	491	24	59	155	12
HIGD1A	0	0	0	39	117	4	19	33	0
ADRB2	0	0	0	211	424	17	65	102	2
ENSG00000258989	0	0	0	0	0	0	0	0	0
SERTAD3	0	0	0	102	235	4	31	61	2
ARMC3	0	2	0	321	924	40	0	0	0
PADI2	0	1	0	336	817	40	126	285	10
COMP	1	6	0	406	856	39	128	265	14
TPRKB	0	0	0	84	191	7	19	61	2
LARP1	0	4	0	535	1049	13	192	300	1
GPR150	1	3	0	303	666	32	105	222	10
NPM3	0	1	0	92	261	4	0	0	0
KRT72	0	1	0	288	691	24	104	237	7
RPS16	0	1	1	96	122	0	36	42	0
GFRA4	0	0	0	184	358	22	66	127	6
RRBP1	3	2	0	744	1648	58	282	548	10
HOXD9	1	0	0	238	461	21	80	152	5
SH2D3C	1	2	0	416	840	21	158	274	3
CPSF4L	0	0	0	73	215	16	25	78	6
BARD1	2	2	0	365	956	47	111	305	15
SMIM30	0	0	0	0	0	0	6	20	1
AK4	0	1	0	103	218	11	40	73	3
ITGB7	2	2	0	429	871	26	142	289	7
POLR2C	0	1	0	149	245	20	43	53	5
CAVIN4	0	0	0	164	420	18	58	142	6
IL23R	0	3	1	227	611	30	70	179	6
MED19	0	0	0	136	263	1	43	69	0
BARX1	0	0	0	172	277	3	54	74	1
THEM5	0	0	0	90	265	14	32	80	9
NFKBIE	0	1	0	196	287	9	66	92	2
TMEM255B	1	0	0	194	372	16	81	158	10
FAM246A	0	0	0	0	0	0	35	70	1
LGALS8	0	1	0	146	352	16	54	118	3
RAB19	0	2	0	105	268	13	48	95	4
LRRC42	0	0	0	180	531	29	48	149	8
TBRG1	0	1	0	184	466	16	56	147	5
CSNK2A3	0	1	0	153	482	30	62	155	14
KRT86	0	0	0	260	552	22	92	184	7
BAG1	0	2	0	192	430	19	65	139	8
VWA5B1	0	3	0	669	1469	53	245	575	22
IGSF6	0	0	0	112	271	12	40	92	2
PSMB8	0	1	0	126	317	13	48	110	3
TBCEL	0	2	0	169	270	7	64	65	3
FAM185A	0	0	0	156	366	23	47	105	4
SIGLEC1	4	3	0	879	2043	88	322	715	28
SDHA	0	0	0	364	726	29	141	250	9
CGB1	0	0	0	88	183	4	26	71	1
GLIS3	1	4	0	664	1582	29	243	544	8
IFNGR2	0	1	0	159	302	11	59	106	0
HSPBAP1	0	0	0	186	483	24	55	146	9
TDRKH	0	2	0	210	468	11	69	148	2
TCFL5	0	0	0	332	599	3	115	216	0
SBNO1	1	3	0	613	1150	9	231	356	2
ZNF699	0	0	1	220	641	29	75	185	12
GPSM3	1	0	0	77	186	8	22	42	0
GNAI2	0	3	0	191	226	2	70	73	1
PRG3	0	5	0	110	282	19	27	87	4
PROKR2	0	1	0	195	424	23	71	161	7
POLR3GL	0	0	0	92	216	8	34	66	3
PIK3C2B	1	4	0	732	1625	51	246	566	10
FAM171B	0	1	0	352	756	10	107	254	2
MRPL47	0	0	0	104	297	15	29	92	6
GPR31	0	1	0	179	374	12	56	144	5
HAL	0	0	0	313	736	32	99	252	11
OR5L1	0	0	0	202	416	12	59	124	4
CAPN8	0	1	1	276	669	45	136	314	10
NUP153	1	6	0	626	1755	3	210	533	0
EDEM2	0	0	0	263	551	18	90	161	8
RHOB	0	2	0	155	125	7	60	29	2
KRTAP20-4	0	0	0	0	0	0	7	13	0
ENSG00000197991	0	1	0	467	1059	25	157	326	7
H2BC12L	0	0	0	0	0	0	0	0	0
H2BC10	0	0	0	116	195	6	40	59	2
PPIAL4F	0	0	0	1	9	0	0	0	0
BSDC1	0	0	0	200	443	14	74	150	4
RNF2	0	0	0	118	232	6	37	53	0
PPP1R11	0	0	0	43	120	2	12	38	0
SPRING1	0	0	0	88	220	8	32	82	2
TCL1B	0	1	0	74	151	10	27	63	4
TAF13	0	0	0	52	105	5	16	29	2
OR51G1	0	1	0	155	442	20	49	151	8
TNFRSF8	0	0	0	349	630	15	122	231	0
MROH7-TTC4	0	2	1	616	1429	65	209	493	19
ENSG00000282278	0	1	1	362	717	16	118	210	1
IGF2BP2	0	1	0	305	525	7	118	153	1
UROC1	3	2	0	348	805	35	140	308	12
SGMS2	0	0	0	156	347	20	54	99	3
ABCB8	0	5	0	437	853	23	158	308	6
NPNT	1	1	0	218	635	27	84	223	4
RNF19A	1	3	0	340	732	15	106	232	5
CDK5RAP3	0	0	0	227	508	32	78	170	6
ZNF841	0	0	0	336	947	38	113	344	10
ALG14	0	1	0	87	244	11	35	85	6
RAB1B	0	0	0	104	161	3	42	44	0
AIDA	0	1	0	126	283	13	35	83	3
NCBP3	1	3	1	297	642	15	117	179	4
PRSS21	0	1	0	173	405	31	53	143	8
SERPINB1	1	1	0	180	374	11	52	131	4
NAA60	1	0	0	128	264	5	45	77	0
SUSD5	0	2	0	280	665	25	103	248	10
ZNF180	0	0	0	249	680	39	98	232	8
ENSG00000272772	0	1	0	76	89	0	30	10	0
GSDMD	0	2	0	277	593	34	125	204	9
TCP1	1	1	0	210	472	4	77	145	2
SLC8B1	0	3	0	307	593	19	110	228	9
TCAP	0	2	0	80	170	14	34	57	5
KRTAP12-1	0	0	0	50	111	11	20	30	5
CDIPT	0	0	0	118	228	2	31	61	1
PCDHGB3	1	0	0	542	1171	41	185	370	13
PTK2	0	4	0	424	933	21	131	290	5
MIF4GD	0	0	0	123	243	15	47	75	4
LYRM7	0	0	0	37	102	1	14	26	1
CMTM1	0	0	0	142	347	10	60	101	4
SNORC	0	0	0	83	180	3	23	51	1
LY9	1	1	0	292	733	33	80	246	12
FAXC	1	1	0	183	393	9	60	141	0
TRIM74	0	0	0	57	135	7	1	3	0
CAAP1	0	2	0	198	486	12	58	141	0
GCNT1	0	3	0	171	446	19	53	140	5
ZEB1	1	2	0	400	1036	16	0	0	0
BUB3	0	1	0	170	275	10	0	0	0
RAG2	0	1	0	191	559	14	42	158	8
NPIPB3	0	0	0	128	268	9	1	4	0
HBP1	1	0	0	228	436	12	84	123	1
CYP26A1	1	3	0	273	672	28	0	0	0
LY6D	0	1	0	71	125	4	23	46	1
NR0B2	0	0	0	120	285	18	48	106	7
ANKRD30A	0	0	0	535	1567	75	0	0	0
ST6GALNAC5	0	0	0	176	399	17	54	126	3
TRAT1	0	0	0	74	211	10	26	69	5
SLF1	0	1	0	435	1154	61	147	373	16
DPF1	0	1	0	216	289	4	86	90	0
TNFRSF4	0	1	0	178	381	7	60	131	2
ZDHHC11	0	0	0	219	435	19	96	196	4
OR12D2	0	0	0	137	346	6	46	106	0
DPH2	1	5	0	244	536	22	74	192	8
ZNF30	0	0	0	211	668	36	68	195	11
TNIK	1	5	0	563	1027	15	182	312	4
SCLT1	1	1	1	247	709	38	85	220	10
CNIH1	0	0	0	79	153	2	28	33	0
NMI	0	1	0	114	316	21	45	114	4
ITPR1	2	33	0	1304	2263	39	474	571	4
CRYBG1	1	5	1	955	2414	93	332	795	27
RRAGA	0	2	0	198	206	12	61	37	0
RANBP6	0	2	0	511	1372	47	163	373	7
ZC3H10	1	4	0	207	345	13	93	104	1
RPAIN	1	1	0	94	229	13	29	86	6
ZNF668	0	2	0	389	681	8	121	210	7
PCDHGB6	0	0	0	470	1067	47	164	379	10
CSE1L	1	6	0	403	791	9	134	218	2
SPAG17	1	7	0	827	2361	80	264	752	25
NAAA	2	0	0	170	417	18	52	137	5
PCDHA10	1	0	0	567	1242	39	203	424	11
RASAL1	0	1	1	397	958	39	127	311	21
ANKRD22	0	1	0	94	199	11	0	0	0
PLBD2	2	0	0	294	658	27	113	257	8
RNF10	1	1	0	376	867	17	117	268	4
TMEM170A	0	2	0	106	209	7	31	69	2
ENSG00000269693	0	0	0	0	0	0	0	0	0
FHAD1	0	2	0	613	1554	90	233	539	22
MDM2	1	1	0	178	331	3	57	114	0
HS6ST1	0	1	0	238	429	9	85	128	1
NKX3-1	0	0	0	146	315	16	62	95	3
OTOA	0	4	0	397	927	37	124	289	11
TXNDC5	0	1	0	243	605	34	106	191	11
ENSG00000287856	0	0	1	56	79	2	16	19	2
PYM1	0	0	0	100	187	7	38	49	0
HIVEP2	0	5	6	1062	2450	20	377	707	0
MYOM1	4	3	0	764	1864	95	285	629	23
ENSG00000226690	0	0	0	0	0	0	37	133	5
UROS	0	1	0	107	265	12	0	0	0
GOPC	0	1	0	175	423	15	62	114	4
SLC25A51	0	0	0	112	234	13	40	70	2
EIF2AK1	0	3	0	307	775	42	101	256	13
STXBP4	0	1	0	195	578	28	57	188	10
GLYAT	0	0	0	132	387	25	28	114	6
SAMD7	0	2	0	203	520	20	68	173	8
MS4A13	0	0	0	63	177	11	24	47	2
MMP3	0	2	0	224	562	32	79	179	10
PIH1D1	1	0	0	146	317	15	51	115	2
COL26A1	1	1	1	235	564	17	86	200	2
TRIM47	2	1	0	351	761	27	133	272	9
DNAJA4	0	1	0	184	444	23	60	145	5
SESTD1	0	1	0	299	597	24	103	163	1
PCDHB10	0	0	0	488	1113	37	188	398	15
KCNK16	0	1	0	140	312	13	42	113	5
ZNF425	0	2	0	375	813	52	133	284	16
SH3BP5	0	0	0	244	484	22	80	165	4
SSUH2	0	0	0	218	481	35	77	182	11
CLCNKB	0	0	0	368	843	31	150	271	10
SOX4	1	4	1	484	685	0	182	227	0
CHML	1	0	0	265	746	31	93	235	9
DNAI3	0	3	0	301	926	44	105	290	21
ZNF273	0	0	0	207	616	27	60	193	10
SLIT1	1	4	0	761	1488	38	0	0	0
CCR7	1	3	0	185	349	8	72	107	1
PLA2G7	0	0	0	197	547	36	54	186	8
SNRPB2	0	1	0	85	187	9	28	43	0
GOLGA4	0	3	0	902	2361	117	276	733	29
FAM72D	0	0	0	0	0	0	1	0	0
ABCA5	1	4	0	592	1753	101	192	543	30
GARIN5B	0	3	0	502	1101	48	205	377	11
RESF1	0	5	1	751	2140	68	250	643	10
ASCL4	0	0	0	121	319	12	48	112	6
MMP15	0	6	0	388	768	22	167	312	2
PODNL1	0	4	0	344	747	27	147	288	5
ZNRD2	0	1	0	102	241	10	25	66	1
FLYWCH1	1	5	0	573	1289	65	247	464	27
TSTD1	0	0	0	63	139	2	27	41	1
RGS8	0	0	0	68	137	3	24	44	1
PPP1R7	0	2	0	187	298	13	56	104	0
ARHGAP21	0	4	0	810	1950	39	0	0	0
LLPH	0	0	0	44	152	9	11	47	1
DYNC1LI2	0	0	1	229	444	5	76	129	1
ZNF112	1	1	0	318	857	34	99	277	7
KLK15	0	0	0	124	307	14	46	112	1
PRH1	0	0	0	61	163	14	24	56	6
CHRM3	0	2	0	289	543	8	105	152	0
PERM1	0	1	0	542	1128	43	209	422	14
RNF20	0	4	0	415	802	56	101	237	21
RNF32	1	0	0	151	367	22	51	124	9
BOLA2-SMG1P6	0	0	0	8	20	0	0	1	0
FIZ1	1	1	0	393	570	4	131	164	1
PRPF40A	0	5	1	414	848	9	146	244	8
ZNF771	1	0	0	247	398	7	94	102	4
LZIC	0	0	0	67	188	13	17	62	1
IFI27	0	0	0	63	148	3	26	40	2
GSKIP	0	2	0	64	126	4	26	37	1
CA9	0	2	0	240	518	17	86	178	6
SCNN1G	0	3	0	311	694	15	97	200	0
EHMT2	1	0	0	600	1077	28	189	349	5
SNX20	0	0	0	192	380	18	53	128	6
OR5M11	1	1	0	163	394	6	61	127	4
ANAPC2	1	4	0	525	808	12	213	254	2
SYNDIG1L	0	0	0	115	253	9	45	88	3
CSTF1	2	2	0	202	247	1	69	78	0
TRIM36	2	1	0	291	847	27	97	262	6
CSF3R	1	6	0	375	823	31	135	263	9
OR51D1	1	1	0	178	417	17	51	139	4
TYMP	0	1	0	383	774	20	139	270	6
MANBA	0	2	0	354	939	53	137	330	16
CLIC5	0	1	0	145	296	8	57	99	2
TEX30	0	0	0	89	227	10	21	73	2
ZNF646	1	6	0	855	2093	40	315	767	12
OR5M10	0	1	0	172	374	12	41	146	7
CPLX2	0	0	0	80	135	4	25	31	1
CLEC4E	0	0	0	99	223	13	34	64	5
OLFML2B	0	3	1	369	912	42	136	323	15
DTNB	1	0	0	291	663	34	100	232	7
CAPN7	1	2	0	332	837	37	104	242	11
PIGZ	1	2	0	351	704	40	131	261	8
C2orf69	0	0	0	185	426	17	51	128	2
LRRIQ1	0	4	0	659	1964	126	210	671	46
HRK	0	1	0	92	154	5	28	54	1
SULF2	2	3	1	461	887	22	180	331	5
ENSG00000255508	0	0	0	283	606	24	109	183	5
CWC15	0	0	0	88	164	5	28	43	1
EIF4EBP1	0	0	0	69	132	0	16	35	0
CBLB	4	1	0	415	1037	20	130	297	4
SOCS1	0	1	0	189	319	4	71	107	0
GXYLT2	0	1	0	234	572	28	77	187	6
NDUFAF2	0	0	0	63	192	13	21	61	6
POLE4	0	0	0	85	189	8	29	71	3
TSPAN4	2	0	0	189	313	17	67	118	7
ANKDD1B	0	0	0	244	635	28	77	197	9
ZNF605	0	0	0	219	584	29	78	188	9
BCAR3	0	3	0	363	918	28	134	306	10
SLAIN1	1	1	1	330	658	9	107	198	1
TAX1BP3	0	0	0	63	135	5	20	46	1
KRTAP13-3	0	0	0	100	230	14	33	68	3
GPAT2	0	1	0	266	561	30	105	213	11
NCL	1	0	2	350	715	3	132	226	1
SRL	0	0	0	260	571	15	89	191	2
EEF1A1	0	0	0	287	245	1	116	63	0
OR8G5	0	5	0	145	336	9	50	106	2
DYNC2LI1	0	3	0	154	433	21	49	151	5
STK25	0	2	0	237	387	14	97	108	5
TACR2	0	1	0	206	464	20	0	0	0
DIO2	0	0	0	0	0	0	0	0	0
TSPAN1	0	0	0	125	256	12	49	76	1
YIPF5	1	1	0	112	243	8	35	70	1
USP17L12	0	0	0	0	0	0	0	0	0
NANOS3	0	0	0	119	206	10	33	65	1
PRELID3B	0	0	0	67	194	6	28	64	1
L2HGDH	2	1	0	208	544	19	52	154	7
KRBA2	0	1	0	123	419	21	31	148	10
HOXB6	0	0	0	154	305	14	49	75	3
ARHGAP11B	0	0	0	104	284	9	29	79	4
MFAP2	0	0	0	75	200	6	29	60	0
ENTPD7	0	2	0	235	572	29	0	0	0
NPRL3	0	1	0	325	645	5	126	228	2
ACACB	6	2	0	1150	2675	106	438	958	33
OR52E5	0	0	0	0	0	0	44	142	3
CAPZA3	0	1	0	113	345	20	37	117	5
KRTAP5-1	0	0	0	118	330	14	31	74	5
CDHR1	0	3	0	440	1036	31	0	0	0
DBT	2	1	0	175	477	21	59	152	3
EPC2	0	0	0	332	702	6	110	206	1
ENSG00000288208	0	2	0	272	712	55	101	248	27
UGT2B17	0	0	0	211	607	37	54	178	10
CRYBA4	0	1	0	91	210	13	40	69	7
BRD1	0	3	1	666	1137	10	270	395	2
SETDB1	0	2	0	535	991	22	186	298	3
STX6	0	0	0	121	265	12	34	77	2
SHISA9	1	1	0	238	542	5	78	161	0
LARP1B	0	1	0	326	958	36	84	282	13
SPAST	1	9	0	323	638	17	96	154	2
ASNSD1	0	0	0	236	656	26	85	209	15
DEFB129	0	0	0	70	185	7	22	61	3
BTBD16	3	0	0	246	554	26	0	0	0
FOXI3	0	0	0	302	532	10	117	190	2
REELD1	0	0	0	0	0	0	68	187	14
OR2M4	0	3	0	146	347	10	55	110	4
CCDC73	0	3	0	357	984	61	117	279	12
ANKRD34B	1	1	0	209	486	37	71	144	11
NWD2	2	6	0	733	1534	24	220	473	9
UMAD1	0	0	0	0	0	0	24	47	1
LDHA	1	0	0	120	288	10	37	79	1
COL4A3	2	5	0	659	1759	51	223	518	20
TMC1	1	0	0	315	784	29	115	260	16
RAD9B	2	1	0	154	421	17	59	135	7
CST3	0	0	0	93	225	7	30	63	4
TBX4	0	3	0	291	566	8	104	200	4
ROR2	1	2	0	536	1080	27	211	396	5
MTMR9	0	2	1	335	832	30	116	286	5
ATP2A3	4	3	0	589	1067	21	241	375	3
EXTL2	0	1	0	121	354	15	36	88	6
TRIM64	0	0	0	116	310	26	3	7	0
HSPB8	0	0	0	96	216	2	30	76	1
SAFB2	1	2	0	505	1139	21	186	389	2
LAMB4	3	1	0	724	1982	107	253	652	24
POLRMT	2	5	1	1127	2135	94	450	780	30
PMS1	0	2	0	338	1003	56	112	287	12
MRS2	0	0	0	193	439	21	65	132	7
GATA3	2	2	1	304	451	2	0	0	0
SNX24	0	0	0	83	189	14	24	60	2
BTN3A3	0	0	0	258	602	33	95	211	14
SLC9A9	0	2	0	292	694	27	106	217	10
CCDC146	1	2	2	367	944	58	131	290	24
GPATCH2	1	0	0	200	585	31	62	179	8
PFN2	0	2	0	70	92	2	18	22	0
SLC10A4	0	1	0	232	498	15	71	138	1
CILP2	4	3	0	707	1604	49	271	568	10
UBXN8	0	1	0	104	279	16	37	82	5
PP2D1	0	0	0	248	738	43	79	233	10
ASTE1	0	2	0	270	649	35	88	214	13
SPATA17	0	1	0	158	425	38	51	135	8
PPP1R1A	1	2	0	81	179	3	27	60	2
LRRN3	0	0	0	299	721	20	89	213	5
COPZ1	0	0	0	59	142	3	28	39	1
NPS	0	0	0	40	115	1	0	0	0
ZNF878	0	1	0	169	526	34	57	161	11
CLDND1	0	0	0	104	269	10	41	86	2
RAMP1	0	0	0	77	181	9	26	70	3
MYCL	0	2	1	201	396	6	72	109	0
MINAR2	0	0	0	85	233	15	27	71	0
ALDH18A1	0	4	0	326	730	25	0	0	0
ING3	0	1	1	160	298	1	60	67	0
UNC119B	1	0	0	140	331	5	55	114	2
H2BC5	0	3	0	127	171	8	58	43	2
DLL1	1	3	1	432	721	2	165	261	1
OR6M1	0	0	0	153	339	15	50	131	2
HACD3	0	0	1	133	353	21	34	120	3
EVI2B	1	1	0	164	423	17	53	133	5
ENSG00000257355	0	1	0	28	72	4	14	14	1
SHISAL1	0	0	0	124	226	8	47	86	2
ART4	0	1	0	131	326	13	55	119	5
PSMC1	0	1	0	174	227	3	63	39	2
TGFB3	0	1	0	177	335	6	66	110	0
ZNF8	0	0	0	251	595	23	87	187	6
PDZD9	0	0	0	98	264	14	33	83	6
MRPL39	0	1	0	152	418	26	48	133	9
ZNF439	0	2	0	164	521	33	59	180	15
RAD21L1	0	0	0	191	537	30	49	165	9
KCTD17	1	1	0	168	290	8	67	83	1
SERPINF2	1	1	0	262	487	6	96	142	1
SCN11A	1	3	0	712	1880	82	261	571	19
ARHGEF28	0	5	0	751	1841	85	248	620	18
PIGO	0	0	0	520	1173	42	180	370	13
ENSG00000268614	0	0	0	20	37	2	10	9	0
TFRC	0	3	1	337	781	20	106	275	5
NAA40	0	1	0	121	233	12	49	69	4
SH2D7	0	1	0	185	513	23	68	170	9
EIF2S1	0	1	0	108	163	1	30	46	0
ADORA2A	1	1	0	201	414	14	82	144	2
CENPP	0	0	0	129	315	20	40	118	5
OR6X1	1	0	0	144	339	15	60	94	5
ZNF654	0	0	0	429	995	10	140	302	1
PTOV1	0	4	0	346	557	14	132	186	2
TMED7	0	1	0	121	203	9	40	58	2
BCS1L	0	1	1	184	376	27	60	120	11
SLC35B4	1	0	1	140	313	12	58	105	2
CCDC39	2	2	0	340	990	58	111	293	12
PIKFYVE	2	5	0	875	1989	78	270	578	21
CLN6	0	0	0	200	353	10	83	126	2
SAMD8	0	2	0	152	302	15	0	0	0
TUBGCP6	3	4	0	1112	2376	87	399	881	25
MOB2	2	0	0	158	294	11	68	106	3
MRPS18A	0	1	0	94	280	11	28	112	2
THRAP3	0	1	0	397	964	9	135	300	2
MAP10	2	1	0	405	1089	53	156	376	12
BIVM	0	0	0	192	446	11	59	126	6
ABCF1	0	3	0	351	732	37	118	247	7
MAEA	2	7	0	229	399	12	94	91	1
MR1	0	0	0	148	366	36	40	123	7
COLEC10	0	0	0	118	329	10	49	107	3
RFXAP	0	0	0	134	300	18	43	89	3
ANGEL1	0	1	0	325	686	38	103	217	17
MAN1C1	2	0	0	326	715	27	121	237	5
GOLT1A	0	0	0	60	127	5	23	47	3
TIGD5	1	0	0	513	873	20	168	250	6
GCDH	1	0	0	230	485	16	85	177	5
HERC5	1	2	0	459	1133	43	134	355	11
SUN1	1	3	0	484	943	22	177	341	5
DEFB108B	0	0	0	38	109	2	9	40	1
TMEFF2	0	0	0	160	316	10	57	96	1
SPICE1	1	2	0	280	926	41	109	316	10
ENSG00000290263	1	0	1	385	1114	64	121	343	20
ZNF687	2	3	0	625	1310	12	232	438	3
ELMOD3	1	1	0	164	359	27	58	122	9
ENSG00000267140	0	0	0	41	90	2	23	55	2
TNFSF9	0	1	0	160	337	9	65	127	5
NT5DC4	0	0	0	3	7	0	83	197	8
TMEM248	0	0	0	165	300	9	65	100	0
DEFA5	0	2	0	63	172	11	21	62	3
OR4X1	0	1	0	179	515	18	54	176	12
SPPL2B	2	2	0	376	774	24	159	283	5
MARCHF5	0	0	0	105	171	4	0	0	0
NLRP1	1	2	2	669	1464	80	232	477	19
DHX32	0	2	0	281	707	34	0	0	0
TDG	0	0	0	125	323	19	46	99	5
OR4M2-OT1	0	0	0	54	166	4	1	6	0
SLC6A6	0	2	0	304	452	11	105	152	3
EBNA1BP2	0	1	0	120	309	19	37	93	7
RASGRF1	0	6	0	588	1046	17	241	324	5
ZNF460	0	2	0	248	429	13	83	138	2
MYORG	0	2	1	526	1052	43	158	333	10
SKIC2	1	1	0	559	1304	51	173	439	14
CA4	0	0	0	163	366	18	72	131	5
EZR	1	3	1	321	607	19	115	191	0
ENSG00000290147	0	0	0	90	236	11	19	61	3
SHMT1	1	0	0	244	533	21	71	172	7
ZNF354A	0	0	0	217	561	21	76	190	10
SULT4A1	0	0	1	160	228	6	54	73	1
PEX14	0	1	0	198	352	7	68	119	1
SH3TC2	1	5	0	594	1425	61	193	471	23
GNG13	0	2	0	44	98	8	18	33	2
PROKR1	0	0	0	179	502	17	71	181	6
DCST1	3	0	0	327	772	42	117	278	12
ENSG00000260836	0	1	0	262	457	1	104	118	0
DGCR8	1	2	0	377	620	11	149	196	1
BRIP1	2	2	0	434	1191	71	125	348	21
ADAM2	0	0	0	322	861	51	91	280	14
CENATAC	0	0	0	141	450	30	45	147	11
RYR1	4	22	0	2781	5603	156	1062	1938	31
METTL25	1	1	0	282	741	38	86	248	8
ANKRD54	0	0	0	182	322	9	74	106	2
VSTM2L	0	1	0	127	253	7	45	79	0
HGSNAT	0	1	0	310	743	28	101	231	6
STRN3	0	1	0	320	811	14	112	246	2
IPO5	0	1	0	479	936	5	177	262	2
NIBAN2	2	4	1	444	809	33	170	300	6
ENSG00000267303	0	0	0	95	182	2	30	73	1
MRPL34	0	1	0	53	124	9	21	43	2
IL2RB	0	0	0	290	569	14	104	190	3
PREPL	0	3	0	299	938	44	93	316	8
HTN1	0	0	0	29	83	3	12	23	1
PGM5	0	0	0	257	640	14	95	213	6
PAX4	0	1	0	159	404	16	55	146	5
BOD1L2	0	1	0	94	209	7	39	77	1
STON1-GTF2A1L	1	4	0	514	1639	87	194	557	25
ABCB10	1	0	0	396	823	32	140	277	9
UGT2B4	0	1	0	249	651	26	78	208	12
ELP5	0	1	0	155	381	13	62	113	3
ENSG00000283977	0	0	0	59	151	16	21	54	1
PPM1M	0	2	0	220	519	17	80	168	5
HS3ST3A1	1	2	0	281	574	19	79	177	5
SARNP	0	1	0	91	188	3	31	70	0
ZNRF1	0	0	0	164	284	1	57	81	0
RBL1	0	3	1	396	1052	35	125	349	9
ENSG00000291312	0	0	0	68	141	7	23	69	3
DHX57	1	3	0	648	1666	60	201	536	16
COLGALT1	0	3	0	359	799	31	142	307	4
KLF2	0	1	0	305	446	1	122	147	0
ATOSB	0	0	0	239	566	13	88	211	1
F2RL1	0	1	0	158	390	10	46	134	3
SLC10A1	0	1	1	179	481	22	55	171	11
ENSG00000285943	1	2	0	280	926	41	109	316	10
MAL	0	0	0	90	187	3	36	66	1
NKX2-1	2	4	1	277	482	7	98	134	0
CALHM4	1	0	0	117	325	17	44	111	5
AUTS2	3	3	9	694	1400	9	277	436	0
ZNF615	0	0	0	261	732	37	92	257	20
ZNF696	0	0	0	274	595	26	104	178	5
ETV3	1	1	0	213	476	12	72	168	2
DIP2B	1	1	0	660	1418	50	223	422	6
ZNF493	0	1	0	307	958	46	85	278	17
DNASE2B	1	2	0	148	414	35	42	108	19
CTAGE9	0	0	0	229	611	35	33	85	3
TSPAN17	2	1	0	147	355	24	56	115	8
SIDT1	0	1	0	381	989	52	160	333	12
ENSG00000273734	0	1	0	78	189	6	33	71	0
GNG12	0	0	0	21	60	1	10	11	0
NKAPD1	0	0	0	91	278	11	31	85	1
WNT9B	0	4	0	192	399	12	81	136	1
FLVCR2	0	2	0	253	594	19	80	181	3
LPAR3	0	1	0	157	369	5	55	141	2
ASXL2	3	2	0	620	1374	10	194	427	3
FAM219A	0	1	0	97	136	6	35	37	1
BIRC5	0	1	0	59	137	2	20	44	0
POLR2I	0	0	0	69	105	8	29	27	1
AHCYL2	0	1	1	275	534	15	85	159	2
PEX12	0	0	0	143	376	26	35	124	5
SMAD6	1	5	2	441	1068	92	155	331	19
KLHL8	0	1	0	224	549	39	69	162	13
ASPHD2	2	0	0	200	341	10	87	118	2
FGF6	1	1	0	131	249	10	48	78	2
DNAJB7	0	0	0	119	371	19	37	138	8
NDUFC2-KCTD14	0	1	0	72	155	0	23	55	0
HEATR5B	3	5	0	1014	2260	92	344	651	15
CASP6	0	1	0	122	323	7	39	109	3
NAPG	0	0	1	134	304	16	46	84	3
MSANTD7	0	1	0	153	390	20	0	0	0
NUP210L	0	3	0	745	1735	50	228	506	17
HMGCL	1	2	0	151	342	13	60	117	6
CDH19	2	1	1	337	983	54	121	287	11
USP17L27	0	0	0	0	0	0	0	0	0
SRSF4	0	0	0	234	418	14	68	161	1
HSD11B2	1	2	0	218	445	11	87	151	3
GNA11	1	3	0	209	264	6	87	65	0
MBD3L4	0	0	0	0	0	0	0	2	0
MROH8	1	0	0	472	1117	56	148	365	18
DNM1L	0	10	0	277	430	22	85	116	6
ENSG00000261147	1	0	0	91	244	11	37	71	5
RFLNB	0	1	0	88	172	1	37	71	0
ENSG00000288669	0	0	0	5	19	0	4	13	1
SLC31A1	0	0	0	71	175	3	24	38	1
GPR84	0	1	0	168	390	17	62	112	11
ZNF418	0	1	0	268	773	63	81	241	26
PDZRN3	1	0	0	729	1517	26	285	489	6
MYH1	1	4	0	778	2010	116	291	672	40
SPATA2L	0	0	0	343	578	12	117	192	3
VEGFB	1	2	0	132	312	7	65	136	0
DCT	0	0	0	247	617	43	91	220	17
PYHIN1	0	1	0	201	571	20	62	201	7
TF	1	3	0	300	667	22	111	231	9
XRCC6	0	1	0	305	434	4	102	117	0
CGB5	0	0	0	90	202	4	14	36	0
OR4E1	0	0	0	0	0	0	45	121	6
CCDC115	0	0	0	114	213	17	31	85	5
XKR4	0	2	0	349	715	8	113	191	2
XYLT1	3	3	0	572	1124	28	199	421	5
TBL1XR1	1	22	1	209	215	0	69	60	0
ARHGEF18	2	7	0	749	1504	55	295	541	17
C8orf33	0	1	0	134	340	13	37	118	3
CLEC18A	0	0	0	81	169	13	28	61	5
C1QTNF1	0	2	0	144	345	13	66	122	3
SNRPG	0	1	0	37	33	0	12	9	0
ALPK3	1	4	0	860	2041	72	316	684	15
TBC1D16	3	0	0	466	934	26	181	353	4
GNB3	0	0	0	168	389	15	60	123	6
PSIP1	0	1	0	247	572	12	79	168	1
MLLT10	0	1	0	488	1038	15	0	0	0
GOLGA6L1	0	0	0	2	5	1	25	59	3
PNMT	1	0	0	152	346	13	51	126	4
IQCH	2	2	0	396	1047	49	144	357	20
SNAPC3	0	0	0	242	600	35	90	195	10
ABCA10	0	2	0	586	1623	99	193	537	32
MAGI3	0	1	0	555	1459	46	172	449	8
MAP1A	2	3	0	1165	2774	36	379	902	5
TRIM49D1	0	0	0	43	98	5	0	2	0
GPNMB	1	1	0	234	661	43	92	224	10
MTFP1	0	1	0	90	194	10	31	82	2
CACTIN	2	3	0	497	807	10	214	255	1
CROT	0	1	0	214	669	41	87	233	16
CDK2AP2	0	0	0	79	139	0	24	25	0
HHAT	0	1	0	227	578	42	78	203	10
FN3KRP	1	0	0	147	403	21	62	153	5
PPP2R1A	0	14	0	325	353	6	125	74	0
PDGFRA	1	4	1	455	957	15	147	302	6
DIDO1	5	8	0	1269	2733	23	462	893	3
GRXCR2	0	0	0	117	307	12	49	100	10
CDA	0	0	0	65	160	5	22	54	0
JTB	1	0	0	84	127	5	29	38	1
ENSG00000256966	0	0	0	33	68	2	11	25	0
S1PR4	0	7	0	272	523	10	128	189	0
ZNF721	0	0	0	382	1111	66	144	378	18
ENSG00000288654	0	0	0	0	0	0	4	12	0
AQP12B	0	0	0	158	338	12	59	106	2
SUCNR1	0	1	0	145	376	22	48	112	11
CHDH	2	1	0	368	737	35	107	251	9
SPDYE5	0	0	0	159	486	18	51	151	6
CAMK2A	1	5	0	245	212	1	88	49	1
USP28	2	1	0	445	1163	62	150	342	20
SLC3A1	1	2	0	381	1073	58	144	381	12
SLC38A6	1	2	0	170	517	26	60	166	8
AMHR2	0	0	0	245	593	35	93	201	14
KRTAP4-11	0	0	0	101	273	9	35	86	6
FMNL2	2	2	0	463	894	25	121	277	2
ORMDL3	0	0	0	82	138	5	35	44	0
CFAP36	1	1	0	137	381	19	40	117	7
UBASH3A	1	2	0	348	799	37	131	286	11
ZNF677	0	0	0	212	676	46	79	213	8
CCNL1	0	3	0	260	468	10	77	118	2
EXPH5	3	4	0	784	2178	114	250	683	23
MED27	0	0	0	135	313	21	40	104	4
SULT1A2	0	0	0	142	359	17	58	158	7
KRTAP5-11	0	0	0	79	182	9	20	56	3
DNAAF4	0	1	0	189	502	33	80	165	8
FOXD4L3	0	0	0	155	340	8	24	58	4
PPP1R35	1	0	0	201	414	18	62	129	4
PPP2R2D	1	0	0	140	271	6	0	0	0
NUP214	2	4	0	977	2302	41	309	718	6
ERP29	0	1	0	131	292	10	41	100	3
ENSG00000285043	0	0	0	0	0	0	25	68	3
POP5	1	0	0	84	189	13	24	69	6
MICALL1	0	1	0	473	937	28	167	370	3
DLG2	1	0	0	453	966	19	139	270	4
RASSF9	0	0	0	165	450	30	58	146	5
ENSG00000261459	1	0	0	217	496	20	74	165	6
ENSG00000237378	0	0	0	0	0	0	23	49	3
HP1BP3	0	0	0	268	459	7	104	125	1
SDR42E2	0	0	0	0	0	0	84	191	8
USP22	1	3	0	284	384	13	96	108	1
PRAG1	1	1	1	1016	2348	97	389	797	18
SLC6A12	2	1	0	296	582	22	103	186	6
USP17L24	0	0	0	4	0	0	0	0	0
TBC1D9B	1	4	0	655	1381	56	249	484	14
SLC16A10	0	0	0	207	530	15	84	146	3
AMN	1	0	0	359	634	19	129	232	2
CYS1	0	0	0	115	259	8	32	93	3
GSK3B	0	0	1	192	291	10	56	76	1
TEX47	0	2	0	108	296	21	38	99	8
CYCS	0	0	0	56	85	2	18	28	1
RRP8	1	0	0	254	616	23	86	214	8
ZFP3	0	0	0	192	477	20	62	121	7
NPAT	0	5	1	556	1561	33	168	485	7
SLC25A39	0	0	0	219	468	18	102	171	7
EWSR1	1	1	0	321	627	4	92	165	3
SNRNP27	0	0	0	63	146	11	18	36	3
MAPRE1	0	0	0	123	203	3	44	74	0
CDCA2	1	1	0	437	1130	31	143	363	6
TRIM54	0	1	0	178	405	19	68	172	8
ZBTB49	0	3	0	348	825	36	134	266	8
C2CD2	0	1	0	391	747	23	156	274	7
HARS2	1	0	0	231	530	20	75	187	7
TUBGCP2	1	3	0	495	945	40	0	0	0
TRIM50	0	0	0	303	580	28	103	220	12
LRRC8E	1	2	0	450	892	43	162	339	9
DNMT3B	3	3	0	407	767	17	151	280	6
CYP51A1	0	2	0	207	515	30	67	138	8
ZCCHC14	3	2	0	769	1216	9	311	401	1
KRT32	0	2	0	215	548	30	85	202	7
GSTA5	0	0	0	100	300	11	45	115	1
PCDHB16	1	0	0	486	1031	39	177	347	6
RAB23	0	0	0	92	238	11	32	70	4
CAPZA1	1	0	0	114	257	1	42	72	0
OOSP3	0	0	0	0	0	0	25	69	2
MYH11	1	7	0	1058	1927	45	431	656	8
AGFG2	0	3	0	221	525	20	85	170	2
RAB11B	0	5	0	131	159	4	54	41	0
AEBP1	0	2	0	607	1316	38	219	428	7
FAM76A	0	0	0	128	241	16	48	63	3
TASP1	0	2	0	178	373	11	57	98	1
CPNE1	0	3	0	240	617	32	73	203	10
DDX42	1	3	1	402	780	11	125	225	1
ATAD3C	0	3	0	239	558	26	99	239	4
PPP1R14C	0	1	0	84	202	10	32	55	2
ADAM17	0	1	0	343	743	17	102	217	2
UTP20	3	6	0	1099	2783	74	375	890	15
WFDC3	0	0	0	104	231	8	36	81	3
BMP7	0	1	0	224	436	5	80	153	0
HEMGN	0	1	0	172	496	29	65	165	8
ENSG00000254536	1	2	0	231	481	21	0	0	0
NES	0	1	0	769	1700	65	205	566	13
CAPN10	2	3	0	396	789	36	169	303	11
CASP4	2	2	0	168	461	22	57	142	8
TTC9B	0	0	0	149	283	10	46	87	2
FAM193B	0	2	1	437	960	15	160	318	3
KIF3B	0	5	0	312	620	32	118	170	5
ARGFX	0	0	0	107	297	16	39	108	6
TMEM263	0	0	0	48	94	2	11	22	1
ZNF544	1	0	1	309	842	51	90	271	17
TBKBP1	0	1	0	381	735	25	144	249	5
ATP5PD	1	0	0	52	154	8	16	52	0
CCT8	0	2	0	202	583	6	71	186	0
TAF11L5	0	0	0	0	0	0	0	1	0
HMCES	0	2	0	118	359	26	35	115	4
GORASP1	0	1	0	202	451	11	58	136	3
GJA1	0	0	0	193	273	10	76	98	3
ZNF724	0	0	0	0	0	0	78	190	6
SLITRK6	0	3	0	373	927	33	121	320	7
TIGD1	0	0	0	83	230	12	81	229	6
CPB1	0	0	0	189	457	29	61	155	12
SDHAF3	0	0	0	54	193	14	19	60	5
ALG1L2	0	0	0	103	300	11	35	119	4
NPY	0	0	0	54	97	5	7	42	2
NOA1	4	3	0	360	830	32	125	259	8
VKORC1	0	0	0	91	208	8	35	64	1
INSIG2	0	0	0	103	177	8	31	43	1
ATXN1L	0	0	1	345	821	8	129	254	1
ATP4A	1	3	0	522	1029	37	222	334	7
NICN1	0	0	0	115	229	7	45	63	1
NME4	0	1	0	143	328	11	56	109	2
LRRC4	0	2	0	394	654	8	144	198	0
NLRP6	1	2	0	608	1169	36	204	367	11
CYYR1	0	0	0	71	212	8	21	80	2
ERC1	0	2	0	476	1099	39	153	348	8
ZNF260	0	0	0	140	405	27	46	120	7
TRUB1	0	1	0	184	391	11	0	0	0
BRME1	0	1	0	333	716	28	133	244	8
RRP15	1	1	0	97	319	10	48	95	3
TNNI1	0	0	1	103	155	4	32	62	0
GOLGA2	0	4	1	489	1070	26	161	364	2
ENSG00000279686	0	1	0	37	102	2	28	65	1
HENMT1	1	0	0	175	410	28	61	129	5
C1orf116	0	0	0	291	695	25	80	249	6
KRTAP22-2	0	1	0	22	62	5	2	16	2
SMC5	0	2	0	419	1078	44	132	318	11
GDF5	0	1	0	294	568	19	105	199	2
LCE7A	0	0	0	0	0	0	17	44	4
CCDC153	0	0	0	94	240	13	24	73	6
STEAP3	0	1	0	260	583	18	105	209	5
AFF3	1	10	0	630	1277	11	226	420	2
ZG16	0	0	0	79	162	8	24	57	4
NT5C1A	0	1	0	193	417	15	60	168	7
CTSV	0	1	0	149	372	18	45	129	5
CREBL2	0	0	0	40	86	2	13	25	0
ASGR1	0	0	0	155	351	22	39	109	5
MRPL23	0	2	0	45	100	1	2	1	0
NRN1L	1	0	0	113	234	4	41	84	2
VMP1	2	1	0	156	289	3	46	79	3
MIDN	0	3	0	431	780	11	189	272	3
STX10	0	0	0	153	310	20	37	88	9
CLINT1	1	0	0	248	575	5	62	171	2
DUSP14	1	0	0	87	166	8	24	56	2
GLMN	1	1	0	210	545	36	64	157	5
SMG5	2	2	0	462	1075	23	154	367	6
EML3	0	2	0	485	888	25	174	289	7
ADGRG1	1	3	0	358	721	27	122	258	7
NUCB1	0	1	0	239	546	23	83	171	8
TAPBPL	0	0	0	218	444	24	75	156	7
CCDC17	1	2	0	361	762	35	124	242	13
GBP4	1	3	0	294	706	41	89	227	11
OPLAH	1	3	0	782	1672	58	294	617	25
CUBN	5	6	0	1673	4303	173	0	0	0
TMPRSS11B	0	1	0	153	487	28	48	157	9
CLEC5A	0	0	0	72	193	12	27	64	2
DPH5	0	0	0	109	276	12	31	85	5
ENSG00000286007	0	1	0	20	58	3	17	35	0
CSGALNACT1	0	1	0	353	850	37	117	288	9
DACT3	0	2	0	451	921	10	130	273	1
HOXA10	0	0	0	307	582	9	102	201	1
MCTP2	3	3	0	421	1108	64	155	360	26
TUBB6	0	1	0	258	445	19	89	118	4
CTNNB1	0	2	25	313	502	3	103	132	0
FRG2C	0	0	0	88	189	11	59	143	12
MBD6	1	3	0	551	1234	19	172	423	2
DCHS2	0	5	0	1596	3811	140	535	1245	40
KDM4F	0	0	0	0	0	0	123	290	13
KLK9	0	0	0	123	324	14	36	106	3
SEPTIN12	2	2	0	252	583	30	122	212	7
HARBI1	3	0	0	156	378	13	46	116	5
TPD52	0	1	0	86	196	6	37	48	0
CEACAM5	2	1	0	332	735	33	129	247	10
SYCE1L	0	0	0	163	391	18	48	142	7
STXBP1	1	42	12	247	324	1	93	101	0
DOCK2	2	5	0	792	1589	45	292	463	5
PNPLA3	0	0	0	252	589	25	85	197	8
NEK11	0	3	0	253	713	45	83	230	14
TEAD3	0	1	0	204	379	9	69	129	0
TBC1D14	0	2	0	366	681	16	147	239	3
VCAM1	2	3	0	318	754	20	103	226	5
KRTAP10-12	0	0	0	128	294	15	63	109	4
EPHA4	0	7	1	411	875	14	154	249	3
MED1	2	2	0	606	1433	11	187	435	3
ADAM15	0	0	0	385	844	36	140	304	17
DPM3	0	0	0	43	104	5	11	28	0
IL11	0	1	0	132	265	6	51	98	2
TMEM176A	0	0	0	118	241	12	45	82	0
OR5AK3P	0	0	0	0	0	0	0	0	0
JMJD7	2	0	0	194	435	23	66	153	6
EPN1	1	3	0	404	743	13	157	234	3
KIF2C	0	1	0	324	688	24	115	225	4
MND1	0	1	0	79	211	19	20	59	6
ADK	0	0	0	147	308	11	0	0	0
CPT1C	0	1	0	431	882	46	153	305	11
PLEKHH1	0	0	0	599	1296	50	197	437	12
PALB2	1	4	1	460	1280	76	151	417	17
EVPLL	0	0	0	175	418	25	64	151	7
RALGAPA1	1	7	0	903	2216	59	298	636	5
FSCB	0	0	0	329	987	42	109	381	10
DEGS1	0	0	0	133	336	13	46	80	3
SLC38A10	3	4	0	607	1304	48	232	465	15
PDE7B	0	1	0	217	453	16	62	129	7
ZNF155	0	2	0	203	583	31	67	192	10
PLEKHD1	0	0	0	237	547	20	81	177	6
RHOC	0	0	0	105	154	8	36	37	2
GCSAML	0	0	0	52	130	8	14	50	2
FIBCD1	1	3	0	281	577	34	140	234	9
KEAP1	0	0	0	327	504	17	133	140	5
B3GNT3	1	0	0	173	359	18	58	129	6
SDR42E1	1	0	0	217	558	28	61	202	9
CPNE5	0	5	0	281	562	13	106	176	1
WASHC5	1	3	0	485	1121	64	171	359	14
ZFP57	0	3	0	202	487	32	60	147	8
ARHGEF16	2	2	0	398	902	38	152	328	6
TMEM69	0	0	0	84	220	17	20	71	6
SRSF12	1	1	0	111	257	15	27	83	2
BECN1	0	0	0	168	392	11	53	114	4
ZNF135	0	0	0	294	696	35	106	243	9
FBXO16	0	2	1	139	322	20	38	106	7
LCNL1	0	1	0	91	184	10	32	53	3
RPLP0	0	0	0	162	287	0	59	91	2
POP1	1	2	0	396	1039	60	157	348	20
OR4F5	0	0	0	85	199	3	10	22	0
UBE3D	0	0	0	182	399	29	56	151	6
STK3	0	2	0	198	451	23	54	135	7
ENSG00000275778	0	0	0	53	150	12	22	52	5
KCNJ3	0	2	0	239	273	2	70	68	0
UGT2B28	0	0	0	254	745	46	80	220	12
KCNAB2	0	2	0	198	334	10	87	111	1
UBE4B	0	5	0	579	1045	13	190	308	3
TSPAN14	0	1	0	126	226	7	0	0	0
TPSD1	0	0	0	163	352	19	69	146	10
ENSG00000255439	0	0	0	90	237	14	36	61	1
PPP1R9B	1	2	0	491	818	7	169	222	2
CAPN2	0	2	0	328	762	41	120	273	16
CFAP53	0	2	0	207	560	45	75	186	21
ENSG00000258417	0	2	0	344	830	32	146	322	7
ZBTB3	0	1	0	228	558	15	70	155	2
CD83	1	0	0	100	242	12	46	87	4
SYNGR3	1	1	0	169	331	10	72	92	3
PLPPR4	1	0	0	328	627	14	108	177	3
CLASP1	1	6	0	729	1348	15	265	434	4
EIF4EBP2	0	0	0	67	189	6	0	0	0
CNTNAP3C	0	0	0	0	0	0	6	6	0
SLK	1	2	0	438	1101	39	0	0	0
COP1	0	4	0	348	614	10	109	197	1
PROM1	0	3	0	401	1019	48	128	320	12
KCNK2	1	0	0	196	370	9	73	105	1
MYNN	0	0	0	234	494	19	87	162	2
CCDC167	0	0	0	46	125	3	16	39	1
SMYD1	0	1	0	244	633	24	92	219	4
BAIAP2L2	0	1	0	331	784	31	123	269	13
PPIB	0	0	0	122	282	10	38	74	2
SOAT2	0	1	0	283	639	43	106	218	14
RAPGEF2	0	3	0	679	1362	23	227	416	5
LRRTM1	0	4	0	309	526	8	101	135	2
TYW5	0	0	0	125	327	25	37	87	13
NT5C1B	1	2	0	256	658	34	97	234	8
THUMPD2	1	0	0	240	653	33	75	214	16
SNX18	1	2	0	470	735	30	151	223	6
MYO6	1	1	0	476	1264	43	145	365	8
DEAF1	1	17	0	364	611	27	138	195	6
DPP10	0	2	1	320	742	17	101	243	1
DBF4B	0	2	0	253	615	23	80	188	7
VCL	2	3	0	429	984	26	0	0	0
CDK11B	0	0	0	235	349	12	128	153	6
LHX8	0	1	0	165	298	3	60	82	0
ZBTB17	1	0	0	426	663	9	160	217	2
AMN1	0	0	0	95	221	17	26	60	2
ENSG00000261717	0	1	0	90	206	6	24	71	1
MOCS3	0	0	0	264	552	17	101	186	10
ABLIM1	3	3	0	356	782	24	0	0	0
PDCD6IP	0	0	1	365	841	25	120	278	5
SLC27A4	0	3	0	371	743	25	143	280	5
PARVA	0	0	0	179	338	18	70	127	1
TM6SF2	0	0	0	178	418	20	73	141	4
MYADM	0	0	0	213	385	9	63	129	1
BLOC1S4	0	0	0	172	342	14	60	130	2
AP3S2	0	0	0	83	223	7	30	81	1
FAM86B2	0	0	0	155	357	20	6	17	0
GABRA4	0	0	0	275	471	10	74	136	1
BIN2	0	1	0	225	549	20	69	187	4
PAWR	0	1	0	208	413	9	66	132	5
TENT5A	0	2	0	248	404	4	70	96	1
RAET1G	0	0	0	164	403	15	69	119	10
TMPRSS11D	0	1	0	190	419	17	56	135	6
AZU1	2	2	0	153	342	9	64	132	4
PPRC1	0	3	1	835	1885	16	0	0	0
TXNDC12	1	0	0	59	160	9	15	48	4
ENSG00000267318	0	0	0	15	30	3	4	7	0
H3-4	0	1	0	127	258	11	60	103	5
PMEPA1	0	1	0	196	314	5	65	103	2
LAMB1	0	6	0	780	2006	82	266	685	18
TMEM158	0	2	0	216	390	4	68	110	1
ARHGAP25	1	2	0	272	688	18	93	205	5
TMEM82	0	3	0	197	400	16	77	145	6
RIMOC1	0	0	1	107	294	20	36	98	9
CPVL	0	0	0	189	538	21	62	155	11
MTMR10	0	0	0	352	792	36	130	214	8
GUCY2D	1	4	0	647	1394	38	234	503	20
ZNF429	0	1	0	276	857	41	93	207	14
ANK3	5	12	3	1832	4118	28	0	0	0
DIAPH1	1	4	0	528	1170	28	182	348	5
OR6C2	0	0	0	141	399	13	42	123	2
ALKBH3	0	1	0	111	319	20	41	110	9
ST3GAL6	0	1	0	128	337	15	45	94	4
LIN28B	0	1	0	106	220	4	41	54	1
GCHFR	0	0	0	41	99	5	16	35	2
CCND3	2	0	0	167	277	5	66	73	3
SOAT1	0	1	0	224	534	23	71	178	3
USP20	1	1	0	477	942	45	187	364	13
CDKN1C	1	0	1	284	427	4	102	104	1
GPR39	0	0	0	294	590	28	94	214	10
LZTS1	2	0	0	343	711	21	151	248	2
NOX4	0	1	0	298	715	35	99	222	12
DENND1A	1	3	0	567	1143	30	215	387	6
SLC11A2	0	2	0	262	481	20	88	151	5
NDE1	1	0	0	181	426	14	73	162	5
ORAI3	0	0	0	153	393	12	53	121	4
KANSL3	0	1	0	375	793	5	108	264	1
MKS1	1	2	0	257	612	35	92	225	12
LSG1	0	3	0	262	783	42	91	259	9
TRAF4	0	2	0	215	404	8	80	131	3
KDM4B	3	7	0	656	1082	23	276	360	3
RCN2	0	0	0	127	348	12	45	97	4
POC1A	0	1	0	197	429	14	81	146	4
TNFAIP8	0	1	0	91	228	4	34	67	1
ARL8B	0	0	0	78	143	5	24	21	0
HTN3	0	0	0	21	78	5	6	31	1
RIOK1	0	0	0	215	619	24	67	219	6
ATAD2B	0	4	0	557	1128	18	186	338	2
OSGIN2	1	0	0	238	502	19	75	144	4
KCTD20	0	1	0	150	398	16	54	124	4
RIC1	2	5	0	762	1684	43	251	491	5
CCDC14	0	3	0	369	974	56	111	332	20
RSF1	0	3	0	606	1395	3	184	414	2
GPR6	0	1	0	270	436	10	82	129	0
ULK3	0	1	0	228	511	17	77	199	2
ENSG00000187186	0	0	0	0	0	0	13	35	1
FAM32A	0	0	0	75	98	3	22	23	1
LRRC55	1	3	0	172	346	12	54	107	3
GALNT7	1	1	0	230	631	33	69	162	8
SPDYE13	0	0	0	0	6	0	0	0	0
COQ7	0	1	0	119	313	9	45	92	4
SOX18	2	3	0	339	573	9	120	199	1
B4GALT4	0	0	0	153	340	21	57	97	4
ERCC1	0	0	0	150	309	14	53	109	4
C4BPA	1	1	0	254	543	23	86	172	6
GOLPH3L	0	0	0	114	289	17	26	98	4
ADGRA2	3	6	0	768	1545	33	295	528	7
MYMX	0	0	0	0	0	0	16	40	5
STK17A	0	0	0	165	432	16	54	147	4
SHF	0	0	0	271	618	14	86	195	4
ETV2	0	0	0	188	441	25	56	139	4
SAMD13	0	1	0	36	76	5	12	23	0
HMOX2	0	0	0	161	374	15	56	118	1
CLEC16A	1	4	0	651	1225	31	249	391	9
C10orf82	0	0	0	99	238	11	0	0	0
SSTR5	1	0	0	232	468	13	111	190	4
MC3R	0	0	0	165	413	10	57	152	4
SCGB3A2	0	0	0	42	109	2	14	30	0
PARP8	0	2	0	406	767	21	140	199	5
ATG12	0	0	0	81	204	11	25	69	3
AJAP1	4	1	0	277	532	2	108	166	1
BICC1	1	2	0	456	1014	22	0	0	0
SERHL2	0	0	0	126	322	14	37	93	8
GPRIN3	0	0	0	343	930	35	123	320	13
OR13C5	0	0	0	125	317	10	43	116	3
GPR107	0	1	0	271	531	13	91	164	2
SNAP23	0	0	0	73	209	10	19	55	1
SMIM7	0	0	0	39	109	3	14	31	2
NF2	0	1	0	275	482	3	86	136	0
CCL3	0	0	0	36	107	4	14	45	2
FCRL3	0	2	0	360	914	47	134	323	14
LARP4	0	2	0	289	700	15	98	232	3
IL7R	0	2	0	214	586	25	63	186	7
ASCL2	0	0	0	164	302	6	62	92	0
FAM124B	0	0	0	214	538	17	73	179	7
ENSG00000254706	0	0	0	71	172	3	23	59	1
TP53TG3D	0	0	0	49	103	4	0	1	0
P3H3	1	5	0	423	965	41	136	341	15
CHURC1-FNTB	0	1	0	216	394	21	75	125	3
CCDC70	1	0	0	99	289	13	31	105	3
HDAC4	4	8	1	665	1038	8	293	362	4
CLRN2	2	2	0	128	268	14	50	87	4
RAB11FIP3	0	2	0	444	958	11	169	317	0
KCTD19	0	1	0	404	908	52	136	309	11
GDPGP1	1	2	0	199	432	27	68	150	10
TRIM69	0	0	0	215	585	29	63	169	7
ASXL1	1	1	13	682	1609	91	263	546	33
PARD6A	0	1	0	185	358	13	58	112	1
PLEKHG7	0	1	0	311	765	43	115	264	7
THAP2	0	0	0	85	206	10	21	76	4
GNG2	0	0	0	26	44	2	11	9	0
TMEM114	0	0	0	110	202	5	65	125	3
ANXA1	0	1	0	158	397	16	54	136	7
ATP6V0A1	1	7	0	362	627	15	125	170	1
LMBRD2	1	3	0	252	583	36	74	171	7
BORCS5	0	0	0	119	221	13	46	69	5
FAM149A	0	3	0	485	988	43	183	359	11
CERS5	0	0	0	136	351	21	51	105	5
GPR52	0	1	0	137	384	12	51	101	2
TRIM40	0	0	0	111	287	18	37	95	4
HMGA2	0	0	0	51	96	4	18	23	0
ILRUN	0	0	0	130	218	4	40	61	0
MYOF	2	6	0	913	2349	126	0	0	0
ACSM1	0	1	0	273	635	43	80	205	25
TOP1	0	1	0	278	432	3	101	110	1
IFT25	0	0	0	56	137	6	23	54	1
BBIP1	0	0	0	33	107	4	0	0	0
STRADA	1	1	1	179	394	17	68	132	7
GPX8	0	0	0	88	223	7	25	60	0
HLA-A	0	0	0	342	797	46	40	115	4
PEAK3	0	1	0	304	660	30	120	219	10
CALM3	0	0	0	71	44	1	29	6	0
PAIP2	0	0	0	45	96	4	12	29	1
ENSG00000289051	0	0	0	0	0	0	0	0	0
STAU1	1	0	0	244	515	6	87	133	1
UBR5	3	11	2	1142	2004	4	318	486	0
RHOBTB1	0	1	0	312	752	26	0	0	0
NOL8	0	0	0	410	1221	65	138	375	14
PROCA1	0	1	0	190	397	22	71	149	7
HLA-F	0	0	0	217	477	34	68	152	10
TUBA3D	0	0	0	196	393	25	92	154	4
NIBAN1	0	1	0	424	999	57	133	327	18
NKX2-6	0	3	0	208	454	27	63	156	4
SIDT2	0	2	1	470	840	29	165	269	5
HOXB2	0	2	0	243	516	21	66	165	4
CACNG5	0	0	0	161	324	14	60	114	4
C20orf204	0	0	0	0	0	0	56	86	1
IPO9	1	3	0	436	868	16	139	242	5
SEC22A	0	0	0	125	321	15	32	94	6
KIF22	2	2	0	418	813	32	125	265	7
CLIP2	0	4	0	613	1061	23	234	365	2
DCUN1D5	0	1	0	96	122	4	26	36	0
REST	0	3	0	440	1155	13	163	335	1
NMRK1	0	0	0	61	218	12	21	72	2
CSRP3	0	0	0	88	224	9	32	81	3
ENSG00000249590	0	1	0	147	350	15	50	124	2
MLYCD	0	2	0	383	795	22	134	306	8
ANXA10	0	1	0	142	380	17	39	112	7
RAB4A	0	0	0	102	209	11	37	72	3
CCL20	0	0	0	42	95	2	14	35	1
NRDE2	0	2	0	482	1245	67	167	434	16
ANKRD46	1	0	0	91	169	4	31	51	0
OR56A1	0	0	0	179	356	15	61	131	2
ATG4B	1	3	0	206	409	11	82	141	2
PDP2	1	1	0	251	513	22	83	174	8
CCDC62	0	2	0	289	684	36	84	215	10
PLAC8L1	0	2	0	69	175	9	23	53	3
SPC24	0	1	0	102	223	17	29	77	5
TCN1	0	0	0	185	474	26	66	150	10
LYRM1	0	0	0	38	142	9	17	51	4
TRIM24	1	0	0	429	844	16	150	223	0
CNKSR3	0	0	0	275	581	17	99	196	2
ZPBP2	0	1	0	130	362	15	45	110	3
THRSP	0	2	0	66	156	9	17	62	3
SEMA6A	4	0	0	601	1227	11	229	395	3
MPC1	0	0	0	45	98	3	20	26	0
KIAA1522	1	3	0	618	1370	27	209	513	6
OCM	0	0	0	47	136	9	22	50	4
PLEKHB2	0	1	0	120	256	12	43	81	4
RXRB	1	0	0	244	439	9	78	110	2
RMND5B	1	2	0	212	437	24	84	147	7
AZGP1	0	2	0	151	352	19	49	120	1
EFNA5	0	1	0	111	228	2	41	62	0
TPPP	2	0	0	131	256	5	63	94	0
ERI1	0	6	0	209	557	28	73	164	6
ACSL5	1	1	0	270	710	27	0	0	0
NKG7	0	0	0	95	186	9	38	65	2
ENSG00000269307	1	0	0	51	121	3	17	29	1
ACADSB	1	3	0	179	489	23	0	0	0
SLC25A21	0	0	0	118	325	17	38	102	3
RNF111	1	2	0	442	1111	12	151	358	3
WDR77	1	2	0	163	323	14	62	98	1
PTPN1	1	0	0	201	357	10	79	96	0
RNF13	0	0	0	142	337	10	33	101	2
GNA12	0	1	0	276	405	5	92	114	1
CNST	3	4	1	323	824	27	121	256	3
FAM133B	0	1	0	98	227	15	24	65	2
DCANP1	0	1	0	129	283	16	42	115	8
TMEM184B	1	0	0	214	356	6	90	126	2
GPATCH4	0	0	0	0	0	0	0	0	0
MCTP1	4	4	0	516	1099	41	169	325	12
GDAP1	0	1	0	171	370	20	39	109	6
DOK6	0	1	0	156	311	16	51	99	2
PARD6G	0	0	0	264	476	13	95	143	1
AMOTL1	1	4	0	434	996	24	155	338	5
RABL3	0	0	0	107	259	12	37	77	1
TOGARAM1	1	1	0	731	1876	74	224	560	15
OMA1	0	2	1	193	438	27	64	178	8
FXYD6	0	0	0	49	106	3	16	33	0
HOXC12	0	2	0	206	406	18	69	142	9
YLPM1	0	6	0	894	2282	60	306	762	15
ENSA	0	0	0	68	103	2	22	23	0
CFAP418	0	1	0	70	234	12	21	69	0
CRAMP1	0	4	0	794	1579	26	270	544	5
NLRC5	1	6	0	988	1814	52	339	617	14
LHPP	1	3	0	143	353	12	0	0	0
ZNF800	2	2	0	270	552	6	81	173	1
BOLL	0	1	0	95	254	11	27	77	2
DCST2	1	4	0	336	863	33	141	326	13
CHCHD6	0	0	0	122	297	14	43	100	4
IFIT1	0	1	0	177	492	34	0	0	0
OR4K2	0	0	0	122	398	10	58	173	5
TMBIM6	0	0	0	101	247	5	37	71	1
ZDHHC12	2	0	0	162	282	22	53	110	10
COX5A	0	0	0	71	170	3	19	57	0
SCAMP2	1	2	0	155	315	11	58	102	4
RCCD1	0	2	0	243	521	31	77	181	6
RIPOR3	0	2	0	516	1132	47	223	424	19
ING1	0	2	0	168	236	3	60	73	0
REPS1	0	3	0	334	766	15	96	215	2
ZNF575	0	0	0	140	324	9	53	113	5
GNRHR	0	0	0	129	335	10	43	99	3
PAMR1	1	0	0	326	866	56	121	314	22
CAPN12	3	1	1	472	1041	54	177	395	23
MDP1	1	0	0	90	195	11	21	67	2
CAMSAP2	2	3	0	512	1271	14	149	354	2
GGACT	0	0	0	117	229	11	42	98	2
PIGV	0	0	0	228	489	18	81	166	9
EMB	0	0	0	149	395	21	59	134	9
FEM1B	2	2	0	273	446	9	75	114	1
ERFL	0	0	0	214	351	5	76	133	3
ARHGEF12	0	2	0	589	1337	24	185	373	4
ENSG00000283515	0	1	0	34	89	7	11	30	5
MIEF1	2	1	0	214	489	13	75	182	3
ATP4B	0	1	0	156	333	22	55	124	5
ANKRD63	0	2	0	316	505	16	110	166	3
FOXN3	0	4	0	216	432	4	88	133	0
ZNF597	0	2	0	179	490	18	53	179	2
PPIAL4H	0	0	0	0	0	0	13	50	0
WDR54	0	1	0	146	387	20	57	124	5
FHDC1	2	1	0	567	1335	26	195	451	6
NUP210	1	5	0	1015	2157	90	380	735	18
FAM3D	0	0	0	119	245	8	45	89	3
KHDRBS2	1	1	0	186	446	24	66	141	2
TAS2R41	0	1	0	143	324	30	49	98	9
ANKRD42	0	2	0	191	570	31	70	183	8
KCNH5	2	4	0	421	848	38	154	259	12
ARL4C	0	0	0	130	125	4	38	26	0
ANKS1B	0	1	0	541	1082	15	204	304	1
SPATA9	1	1	0	90	260	18	32	89	3
TERB1	0	2	0	254	689	32	74	228	6
PPM1E	1	0	0	364	649	13	116	186	2
CACNG6	0	0	0	173	312	17	55	102	7
ZBED5	1	1	0	253	731	34	83	235	7
CYP2C19	0	2	0	280	760	26	0	0	0
LDLRAD4	0	0	0	169	312	12	62	101	0
ARPC4-TTLL3	0	1	0	275	607	30	86	228	15
GOSR2	0	0	0	95	280	9	42	94	4
PGAP1	3	0	2	352	898	41	124	264	15
NPHS2	0	1	1	178	433	19	61	123	7
PPP6R2	2	0	0	515	1079	22	186	339	3
ENSG00000259066	0	0	0	59	109	4	13	33	1
TIGD4	0	0	0	189	515	30	62	172	10
RHOG	0	3	0	123	96	0	52	28	1
TRIM9	0	2	0	386	724	14	150	187	4
TDRD3	0	0	0	287	717	29	98	224	8
KRTDAP	1	0	0	58	92	4	21	30	3
LPXN	1	0	0	174	401	16	56	134	2
MIGA1	0	2	0	226	598	23	69	183	4
CIP2A	0	1	0	375	1015	56	110	295	13
FAM166B	1	0	0	130	354	20	32	129	3
GPI	1	1	0	272	587	25	93	210	4
DNMBP	2	3	0	664	1664	73	0	0	0
FZD4	0	0	1	243	558	15	83	162	2
TK1	0	0	0	132	233	7	44	86	2
SLC18A3	0	4	0	359	707	26	0	0	0
MMUT	0	3	0	282	834	54	78	263	16
LNX2	2	0	0	318	761	18	120	219	6
SRPK1	0	1	0	262	627	29	105	172	7
APOA5	0	0	0	170	414	22	61	143	9
SETBP1	2	10	8	744	1779	11	258	528	0
CFAP20	0	0	0	78	158	8	28	47	3
SKOR2	0	2	0	696	1355	23	249	442	6
ENPP4	0	1	0	163	464	19	60	135	7
TM7SF3	0	1	0	247	563	37	92	169	8
JPH4	0	0	0	400	631	14	132	175	0
GPR18	1	1	0	151	354	13	58	109	7
RBM38	0	0	0	145	295	7	64	86	0
SDHAF2	1	0	0	77	172	12	17	64	1
MTBP	1	1	0	337	868	46	121	256	7
GALNS	0	2	0	349	734	32	124	253	11
DOK1	0	0	0	244	539	17	84	169	5
ITM2C	0	1	0	156	339	10	56	129	5
LRRC58	0	1	0	192	408	17	72	104	4
HINFP	0	4	0	238	463	14	69	148	4
GADD45GIP1	0	1	0	134	302	13	49	93	7
KCNN2	2	1	0	369	626	13	188	313	4
CDCA7	0	0	0	186	423	16	69	123	5
GCNT3	0	2	0	236	695	37	97	207	9
P3H2	0	1	0	348	947	46	138	366	15
ASB7	1	0	0	174	186	5	54	50	2
CFHR3	0	0	0	127	332	25	44	108	7
FAM169A	0	1	0	267	638	17	72	195	0
PPP1R9A	1	1	0	511	1340	21	158	386	5
PLPBP	0	0	0	125	286	11	49	88	2
TMEM265	0	0	0	51	140	6	18	45	2
RBM34	1	1	0	184	545	19	70	153	2
TAL2	0	0	0	40	104	3	17	40	0
KLK12	0	0	0	132	308	16	51	116	3
LCN12	0	0	0	116	211	6	44	73	2
RNF145	1	2	0	279	435	14	92	117	2
CDC37	0	0	0	185	340	5	71	120	1
KIF21B	3	3	1	821	1525	50	312	529	11
RANBP17	1	3	0	421	1326	84	155	461	37
C5AR1	1	1	0	200	389	19	73	130	9
ZNF286A-TBC1D26	0	0	0	178	487	33	54	140	15
MYO7A	3	3	0	1169	2507	122	456	974	44
FRZB	1	0	0	158	385	15	46	119	4
EEF2K	2	1	0	368	855	27	164	327	14
MTX1	0	0	0	215	478	17	73	177	3
AADACL4	1	1	0	190	482	19	56	174	5
FOXO3B	0	0	0	59	145	1	44	122	5
TIMM21	0	1	0	96	271	16	30	89	4
P2RX4	0	2	0	204	457	23	79	160	6
CLSPN	0	2	0	512	1303	57	158	404	7
GAPDH	0	0	0	224	306	7	85	92	2
TAS2R7	0	1	0	151	374	11	46	124	4
ENSG00000284906	0	0	0	104	284	9	29	79	4
VTA1	1	0	0	135	381	15	54	138	3
TAP2	1	0	0	295	686	25	104	227	8
SIPA1	3	0	1	646	1180	29	207	350	7
SFTA2	0	0	0	35	81	4	12	23	1
GPR12	0	1	0	190	312	8	67	84	0
KIAA1755	3	0	0	594	1364	62	190	476	25
RFPL1	0	0	0	134	346	15	60	120	3
TXLNB	0	0	1	303	739	50	99	254	16
ENSG00000259371	0	0	0	0	0	0	0	0	0
DIPK1C	0	1	0	251	529	26	93	211	12
ENSG00000141979	0	0	0	218	478	6	86	194	0
DNAAF2	1	2	0	513	1120	53	188	387	16
RYK	0	0	0	287	585	8	89	188	2
FAM107A	0	1	0	84	198	8	29	61	1
ZNF644	2	3	3	513	1226	9	162	386	1
TRIML1	2	2	0	239	540	27	88	198	12
OR2J1	0	0	0	0	0	0	47	125	4
ZNF316	1	1	0	934	1459	24	384	488	4
FGD3	2	4	0	372	774	24	131	258	6
RIOK3	2	0	0	188	495	14	62	152	2
PRDM8	0	2	0	474	958	9	158	314	1
NSA2	0	0	0	96	214	12	26	82	2
CTXND1	0	0	0	0	0	0	9	24	1
CABYR	0	0	0	146	414	20	45	124	4
ZNF132	0	3	0	276	781	44	82	256	13
RAF1	0	7	0	304	523	6	96	151	3
SLC47A2	0	1	0	284	612	21	102	190	7
MED12L	1	6	2	944	1980	29	350	598	8
TSGA10IP	0	2	0	282	601	36	101	209	21
ENSG00000228144	0	0	0	75	166	7	29	55	0
TBC1D10A	0	1	0	264	520	22	100	203	3
PGA4	0	0	0	30	39	0	0	4	0
SPINT1	0	0	0	270	585	17	76	225	2
OXCT1	0	0	1	215	426	10	65	99	1
TPCN1	1	2	0	432	727	20	153	254	8
HERC3	0	3	0	390	785	29	144	220	4
PLPPR2	0	0	0	250	459	5	88	138	1
ODAPH	0	0	0	68	135	10	23	53	2
CLPSL2	0	0	0	49	113	3	19	40	0
VGLL3	0	0	0	158	385	10	62	144	0
CIRBP	1	3	0	193	429	16	63	136	3
CCDC134	0	0	0	115	248	12	42	91	4
TEX10	1	6	0	380	844	19	108	270	1
PNLDC1	1	2	0	265	560	28	101	184	12
ZNF490	1	1	0	192	507	21	63	163	8
TAF1A	0	0	0	165	376	19	46	123	4
TMEM231	1	0	0	209	418	24	62	127	4
CDC20	1	1	0	211	514	22	67	155	7
ZNF469	6	13	0	2620	5785	79	975	2031	11
CFAP276	0	0	0	77	171	9	20	50	3
RMI2	0	0	0	121	275	13	47	94	2
SSU72	1	0	0	98	147	3	42	34	1
LYSMD3	0	0	0	100	311	15	30	104	5
SLN	0	0	0	19	38	1	5	14	0
PRH2	0	0	0	57	152	14	24	51	9
ENSG00000285827	2	16	11	359	708	0	106	217	0
HECA	0	0	0	331	578	10	130	169	1
PAPOLA	1	0	0	290	492	5	79	135	0
BTG2	0	1	0	88	170	5	32	56	3
LIG4	1	1	0	327	991	39	115	306	13
FAM20A	0	1	0	288	692	34	103	211	10
PRKN	0	0	0	226	600	26	81	234	4
SLC17A5	0	2	0	190	486	28	50	153	3
SSR3	0	1	0	88	177	5	30	54	2
EBF2	2	1	0	298	599	11	109	172	4
CERCAM	1	2	0	312	776	32	107	264	12
LRRK2	3	9	0	1045	2588	117	326	813	28
LGALS7	0	0	0	33	42	1	6	6	0
RPS19	0	1	0	92	108	1	39	38	0
LARP7	1	5	0	253	661	32	82	200	5
RIC8A	0	1	0	275	630	16	96	199	2
DEFB127	0	0	0	38	118	9	11	32	3
PATL1	1	3	0	298	715	18	101	201	3
RFX4	1	0	0	300	595	5	119	214	0
JPH2	1	1	0	465	902	21	146	285	4
SEPHS2	0	0	0	0	0	0	0	0	0
ESYT3	0	1	0	427	1029	50	149	320	20
SRSF5	0	0	0	156	226	4	52	87	1
AFM	0	2	0	260	724	40	85	249	13
PHAF1	2	1	0	178	397	11	60	108	2
FPGT	1	1	0	283	709	33	97	238	13
ANKEF1	0	0	0	304	859	28	104	284	13
RPS26	0	2	0	67	74	1	25	10	1
ABL1	2	11	1	601	1001	8	237	348	2
TRIM11	0	3	1	262	431	13	98	163	2
WDR82	0	1	0	136	182	2	43	35	0
ARL3	0	0	0	72	131	2	0	0	0
CENPJ	0	6	0	517	1426	91	169	444	22
PRODH2	1	1	0	233	575	23	87	210	6
LAMTOR5	0	0	0	42	100	2	14	36	0
TPX2	1	1	0	286	715	6	85	237	3
BAG2	0	0	0	76	186	2	22	44	2
ENTREP2	0	3	0	328	685	24	124	220	7
TOPORS	0	2	0	450	1033	18	147	337	2
CYTIP	0	1	0	149	363	14	50	124	6
CYP39A1	1	1	0	209	479	24	70	166	6
FGD6	0	2	0	509	1303	44	158	441	9
DRC7	0	1	0	377	978	44	140	351	12
SLC23A1	0	1	0	280	584	19	96	195	4
ENSG00000267022	1	1	0	190	593	40	69	206	13
SLCO1A2	1	3	1	245	703	32	82	204	9
KCNN1	0	4	0	321	522	11	105	156	2
TBC1D20	1	0	0	209	396	9	73	114	1
SYT4	0	2	0	194	433	6	67	127	0
EIF1AD	0	0	0	75	152	6	29	54	0
PRSS8	2	0	0	168	347	10	66	109	1
C19orf38	0	0	0	128	265	5	53	86	2
PDE6A	2	3	0	388	979	49	128	319	20
NIPSNAP3A	0	0	0	96	276	13	36	85	4
TRIM10	0	0	0	230	569	33	100	206	11
CMTM7	0	0	0	94	200	6	31	57	0
ZNF519	0	0	0	191	551	34	56	175	12
FAM90A1	0	0	0	260	614	28	104	205	6
NIPAL1	0	0	0	160	400	23	54	123	6
HIC2	0	2	0	365	626	1	149	216	0
KIFC3	1	0	0	458	900	26	169	305	9
FABP2	0	0	0	54	141	5	17	47	2
PTPRH	0	1	0	542	1323	94	204	500	29
BEND6	0	0	0	88	275	10	39	86	3
MCM9	0	1	0	461	1255	62	144	409	13
RFNG	0	3	0	288	527	19	115	164	3
CNOT7	1	2	0	140	191	6	46	50	0
MCF2L2	1	1	0	458	1141	51	164	385	14
CNTFR	0	0	0	200	360	10	73	118	3
SDSL	2	1	0	176	382	15	66	125	4
GPR85	0	0	0	181	306	9	52	69	0
TACO1	0	0	0	126	332	14	52	99	2
CHRNA4	3	4	0	393	826	21	154	306	4
ADAM7	2	2	0	331	936	51	112	290	16
APTX	3	1	0	139	366	27	44	132	9
GOLGA3	1	7	0	799	1731	57	310	627	7
NOX5	1	2	0	369	869	40	128	297	13
PCDHGB1	0	1	0	528	1179	30	176	395	8
POLM	0	0	0	259	599	28	81	211	11
IL10RA	1	0	0	267	595	10	100	200	4
LPO	1	0	0	334	790	43	127	287	17
CYTH4	0	2	0	182	394	12	82	143	2
CYREN	0	0	0	76	187	4	34	60	2
APOBEC2	2	2	0	123	269	8	46	83	5
GGTLC3	0	0	0	0	0	0	0	0	0
HAS1	0	2	0	362	875	38	120	309	13
SYNJ1	0	3	0	519	1205	30	172	379	6
PDE11A	0	2	0	384	1056	53	117	364	18
POMP	1	0	0	50	143	3	25	29	0
BOP1	0	0	0	514	997	22	205	358	5
SNAI1	0	0	0	146	246	8	60	76	1
PAK1	0	4	0	216	338	11	75	72	2
SEPTIN3	1	1	0	144	267	10	142	266	6
VTN	0	2	0	217	512	34	70	187	16
ERO1A	0	1	0	181	402	20	57	127	5
CMPK2	0	0	0	275	645	24	99	206	8
CCL2	0	1	0	37	92	4	12	25	0
COX11	0	1	0	131	321	18	49	99	5
SLC22A3	0	0	0	281	660	25	104	221	7
HLA-DQA1	1	1	0	126	299	19	18	58	1
MYEF2	1	0	0	209	592	12	66	174	0
EIF2AK3	1	2	0	418	1031	31	122	336	4
NIT1	1	1	0	162	414	22	47	150	9
GALK2	0	1	0	175	530	23	63	183	9
C2orf16	1	2	1	787	2096	95	638	1680	64
GNL3	0	1	0	256	603	31	85	173	8
SIGLEC7	0	0	0	233	495	22	84	156	6
TNPO3	2	7	1	382	824	35	122	211	6
TPTE	0	0	0	141	364	13	84	200	8
TUBG2	0	0	0	218	356	19	99	101	6
ICOS	0	0	0	83	179	11	32	41	0
HMGB2	0	1	0	94	158	0	27	36	0
GON7	0	0	0	47	126	3	15	37	0
TRIM75	0	1	0	0	0	0	52	151	4
TTC6	1	3	0	790	2233	99	233	738	30
DNAJB2	0	0	0	167	341	8	60	128	3
NRL	0	0	0	142	302	14	48	87	2
PLK3	2	2	0	326	685	22	108	207	3
TAS2R1	0	0	0	119	311	9	53	106	4
SKP2	0	0	1	162	341	9	66	102	3
AGPAT1	0	1	0	120	163	2	30	49	0
LCN1	0	0	0	79	206	8	29	74	4
ITK	1	2	0	276	563	25	93	183	7
INTS11	0	1	0	458	802	33	180	262	8
TEX35	0	0	0	89	249	7	26	65	2
CDC42BPA	0	5	0	723	1625	48	233	460	8
MED4	0	0	0	117	256	13	37	84	3
S100A10	0	0	0	31	94	3	8	23	1
PSAT1	0	4	0	156	413	16	51	141	4
ARSB	2	3	0	270	632	24	106	196	8
GPC2	1	0	0	333	675	21	123	223	6
TTC21A	1	0	0	566	1331	68	191	431	16
CDC14A	1	2	0	250	558	23	95	204	8
RILPL2	0	0	0	108	208	12	37	71	3
FPR2	0	1	0	153	353	12	57	111	2
PDZD2	3	6	0	1323	2990	60	476	981	12
ZMYND8	2	6	0	538	1008	16	198	301	5
ENSG00000272980	1	0	0	195	461	18	73	158	4
DYTN	0	2	0	239	661	33	86	231	16
MEIG1	0	0	0	41	122	11	0	0	0
CLEC20A	0	0	0	0	0	0	75	144	5
MAP2K3	1	0	0	128	232	5	80	150	1
ZP2	0	1	0	368	850	34	120	237	9
FAM220A	0	0	0	139	371	17	43	144	4
HSP90AA1	1	5	1	497	800	12	185	204	3
STBD1	0	1	0	150	359	19	47	121	6
EIF3D	1	2	0	244	394	3	84	111	3
ANKRD10	0	0	0	233	475	7	86	144	1
TLR3	0	2	0	385	893	28	138	260	11
CYP4Z1	0	0	0	181	545	27	56	183	4
RPRML	0	1	0	66	170	2	23	54	1
TEX22	0	0	0	95	214	15	34	68	1
GSDMB	0	0	0	194	436	21	57	141	8
SNX1	0	4	0	248	603	11	88	187	3
ENTHD1	0	1	0	222	581	26	66	199	6
APEX1	0	1	0	156	394	28	58	133	10
GRM8	1	2	2	422	1021	31	128	318	7
TBCK	0	3	0	372	944	44	108	287	12
CARD19	0	0	0	101	210	8	48	88	1
CRYBA2	0	0	1	105	270	15	35	80	4
MORC3	0	1	1	388	766	18	123	223	4
AGMO	0	2	0	254	742	33	92	250	14
RPL8	1	2	0	184	222	0	68	58	0
PCGF3	0	2	0	173	193	2	67	53	0
TAT	1	1	0	195	474	17	60	161	3
ENSG00000254692	1	3	0	358	777	29	115	264	6
PLAAT1	0	1	0	77	203	11	33	60	3
BMP1	1	3	1	524	1079	32	212	370	7
SMIM19	0	1	0	44	129	9	15	41	2
ETV6	1	2	0	234	410	7	74	126	2
HERC2	2	6	0	2358	4591	64	838	1446	6
DCTN6	0	0	0	78	179	5	23	70	1
SPZ1	0	1	0	159	399	27	44	102	7
LRRC8A	1	1	0	482	602	21	191	198	2
AP2S1	0	4	0	70	56	4	28	9	0
NACA	2	5	0	915	2206	36	295	717	6
RPS8	0	1	0	99	137	0	39	32	0
LENG8	2	2	0	490	954	18	201	304	4
PLAA	0	2	0	394	826	25	130	224	9
RAET1E	0	0	0	107	291	22	25	95	2
SASH1	1	1	0	608	1326	31	221	456	8
CLCNKA	0	0	0	386	822	28	150	299	10
BSPH1	0	0	0	61	144	13	19	48	6
SPIB	1	2	0	168	275	7	57	87	0
NME7	0	3	0	149	395	20	49	137	8
CAPN14	0	2	0	338	815	48	129	274	16
FSCN2	1	1	0	338	770	34	129	317	7
AGR2	0	0	0	87	184	14	24	50	2
ITSN2	0	4	1	695	1666	78	248	520	14
TNFRSF6B	2	1	0	241	490	17	108	198	4
CRTAM	0	0	0	159	421	17	51	135	5
KRTAP21-3	0	0	0	18	54	2	12	16	0
ZNF35	0	0	0	175	497	26	74	151	5
SGF29	1	1	0	161	203	9	55	49	0
CDR2L	0	0	0	259	515	14	71	180	3
HOXA5	0	1	0	164	331	8	51	82	2
RSPRY1	1	0	0	217	441	12	69	117	1
TFDP1	1	1	0	198	345	3	79	111	0
STX1B	2	4	0	137	170	3	51	36	0
C14orf39	0	1	0	233	635	31	78	201	7
KSR1	0	3	0	414	755	11	192	325	0
POTEC	0	0	0	199	577	30	70	185	8
ZC3H12C	0	3	1	324	812	20	110	242	3
TIMM22	0	1	0	102	260	7	29	77	2
WDR74	0	0	0	175	427	17	52	113	2
TMEM269	0	0	0	88	199	11	30	52	6
TMEM167B	0	0	0	24	73	0	13	30	0
ASAP2	0	3	0	472	941	17	184	312	2
ENSG00000273155	0	0	0	55	132	6	14	42	2
CFAP68	0	2	0	55	172	19	19	54	10
PFDN5	0	1	0	83	188	6	23	65	1
OR6Y1	0	2	0	154	449	15	45	146	4
SCN4A	3	4	1	931	1975	45	362	677	12
OR1J4	0	2	0	138	337	11	32	104	5
MSANTD3-TMEFF1	1	0	0	140	307	8	55	111	1
ADAMTS14	2	0	0	602	1457	60	0	0	0
YJU2	0	0	1	173	302	14	58	103	5
ETFRF1	0	0	0	33	111	11	13	36	2
ZSWIM2	0	0	1	236	700	41	85	233	8
UNC13C	1	4	0	930	2591	100	292	787	19
VRK3	0	1	0	249	488	24	81	179	11
HSF4	0	1	0	283	577	17	104	181	7
TOR1AIP2	0	2	0	193	453	22	62	150	6
SLC35C2	1	2	0	223	364	13	84	117	3
OR2K2	0	0	0	155	318	9	58	106	4
AGPAT2	0	2	0	190	352	13	81	150	6
MYO18A	1	4	0	946	2010	38	296	687	7
IPO7	0	3	0	428	865	2	131	195	1
TPI1	0	1	0	134	274	10	47	77	4
PIK3AP1	1	2	0	379	785	14	0	0	0
FOXP1	1	18	11	355	581	9	163	154	1
FOCAD	1	3	1	885	2500	98	286	818	27
TAS2R50	0	0	0	133	347	9	44	123	4
PSRC1	0	1	0	175	406	20	60	139	9
PXK	2	0	0	274	535	15	100	181	6
GMDS	0	2	0	185	349	13	61	95	3
SLC5A7	0	0	0	248	462	17	86	150	2
ZUP1	1	0	0	213	618	33	65	192	10
CLTA	0	1	0	113	240	5	40	85	0
AMTN	0	1	0	93	228	11	35	68	2
SIAH1	0	3	0	116	118	1	36	21	0
OR2L2	1	1	0	156	380	18	56	137	4
P2RX5	0	0	0	230	528	23	104	175	5
CCM2L	0	2	0	363	726	24	135	252	5
KRTAP19-5	1	0	0	34	82	9	15	32	3
TCF12	1	4	2	340	827	29	107	250	4
DEFB131A	0	0	0	45	150	9	18	54	3
ADGB	2	4	0	662	1880	93	207	629	26
CRACR2B	0	3	0	255	573	30	85	208	8
LIAS	0	1	0	146	357	17	42	114	4
KCTD18	0	0	0	191	508	18	66	158	9
NLRP4	0	2	0	511	1162	39	203	378	3
GGT5	2	1	0	344	696	27	131	254	8
HSP90AB1	2	3	0	392	728	11	148	199	0
ZNF679	0	0	0	185	492	34	65	182	7
LRIT3	1	3	0	301	720	24	95	222	6
C2orf78	0	2	0	403	960	30	119	309	12
PEX7	0	1	0	152	381	18	52	106	5
PRAMEF11	0	0	0	240	658	18	93	243	8
DNPH1	0	0	0	98	232	11	26	88	4
FOXH1	0	0	0	256	575	27	105	213	5
MEI4	0	0	0	152	432	24	44	140	6
USP49	0	2	0	344	604	12	117	206	5
THOP1	1	3	0	390	767	17	166	292	6
ADRA1D	0	0	0	367	797	26	115	256	6
AGBL4	0	1	0	217	541	29	73	172	10
YJU2B	0	2	0	240	480	17	87	180	6
SLC38A3	0	2	0	227	428	5	90	132	0
OSR2	0	1	0	171	297	6	62	87	1
RASA1	1	2	0	457	868	18	148	243	3
SEC31B	1	1	0	543	1217	74	0	0	0
OOSP4B	0	0	0	0	0	0	22	48	2
PRSS16	0	0	0	249	523	34	91	175	11
LRFN2	3	1	0	517	889	14	191	300	3
TMEM132B	1	2	0	481	1013	18	187	293	2
PLEKHG3	3	4	0	596	1342	46	233	483	15
CACYBP	0	0	0	99	202	7	35	56	0
OR2AK2	0	0	1	131	362	17	42	116	5
ABCB5	0	4	0	568	1656	72	199	535	32
DACT1	1	3	1	524	1054	14	194	367	4
USP21	0	1	0	236	537	23	91	179	6
BIN1	0	1	0	291	570	16	121	198	1
RRP1B	0	4	0	337	752	28	142	237	7
C22orf42	0	0	0	94	280	16	44	101	2
STAMBP	1	1	0	204	440	20	61	141	7
APAF1	0	1	0	456	1156	49	151	347	12
HIRIP3	0	1	0	299	707	27	105	244	5
RFWD3	1	0	0	434	984	48	136	305	9
LIMK2	1	2	0	287	610	21	97	198	4
CGAS	0	2	0	259	560	29	100	201	11
FGF9	0	1	0	101	151	2	30	36	0
CASQ2	1	1	0	173	453	22	56	149	5
SEC23B	0	1	0	331	785	44	115	274	15
CFAP95	0	0	0	96	277	16	30	90	4
GCFC2	0	0	0	337	944	68	112	294	22
PON1	0	0	0	134	351	20	46	110	11
RIMS1	2	2	0	797	1887	44	270	585	7
ANP32B	0	0	0	108	223	3	37	53	0
TLE7	0	0	0	0	0	0	84	170	5
PLOD1	2	1	0	384	845	29	142	285	8
PEX11A	0	0	0	113	274	19	38	94	7
FDFT1	1	1	0	352	887	38	129	274	5
ZNF594	0	0	0	310	1001	46	118	348	11
NEDD8	0	3	0	23	8	1	12	4	0
GET1	0	0	0	81	198	10	31	61	2
TMPRSS15	0	3	0	443	1225	64	134	393	25
MED6	0	2	0	98	229	11	27	67	3
ZSCAN31	0	1	0	141	388	31	44	126	10
AP5M1	0	2	0	196	482	28	53	160	7
PLXDC2	1	2	0	245	560	19	0	0	0
C12orf40	0	0	0	229	749	45	89	230	14
PDE4C	0	0	0	346	742	33	148	232	10
USP31	1	3	0	733	1487	23	279	531	4
RAD9A	0	2	0	258	480	11	91	171	4
CATSPERG	0	1	0	565	1268	59	206	402	18
WNT2B	0	0	0	210	402	16	67	144	2
SREK1IP1	0	0	0	57	137	5	14	34	1
PRUNE2	2	8	0	1214	3235	120	442	1049	32
CCDC86	1	1	0	183	404	23	70	124	6
MYO19	2	2	0	516	1137	60	180	383	20
ENSG00000289768	0	0	0	66	140	8	18	72	3
IFNA4	0	0	0	99	262	10	34	81	2
SPON1	1	2	0	383	890	42	138	289	7
CRCT1	0	0	0	67	156	9	25	58	2
TMCO5A	0	2	0	122	317	16	50	93	4
LRRC24	0	1	1	457	812	30	166	259	6
FNTA	0	1	0	181	402	18	69	127	5
SEPTIN9	0	0	0	336	610	2	142	222	2
TULP1	0	0	0	289	619	20	110	231	7
ZNF705B	0	0	0	42	165	11	1	4	0
HYAL4	0	0	1	191	536	30	50	160	18
CCL27	0	0	0	49	113	9	19	35	3
TREH	0	0	0	288	639	37	103	226	11
OR1L4	0	0	0	136	314	9	49	124	2
ZNF423	4	2	0	670	1199	3	276	412	0
MRAS	0	1	0	99	136	3	38	28	0
CCDC66	0	2	0	377	1047	89	109	335	32
YTHDF2	0	0	0	246	471	0	87	133	0
PODXL2	0	0	0	309	634	12	92	198	4
HTR7	1	0	0	255	478	12	0	0	0
WDR83OS	0	0	0	62	125	9	18	38	1
RNPC3	0	0	0	225	612	28	98	165	8
LRRC4C	1	3	0	291	491	4	87	160	0
LDLRAD1	0	0	1	92	257	12	37	87	4
KCNC3	2	5	0	530	840	25	196	229	8
LILRB2	0	0	0	288	724	34	117	291	11
AFAP1	1	3	0	480	1071	38	195	352	3
NCK1	0	2	0	153	320	8	51	94	4
PRPF4	1	1	0	241	434	6	85	131	0
CKAP2L	2	1	0	294	857	35	87	276	8
ZNF585A	0	1	0	271	748	33	94	208	12
LDB2	0	1	0	162	338	10	55	88	0
TBCC	0	0	0	198	451	17	50	152	4
NTS	0	1	0	63	197	9	15	57	2
IFIT2	0	0	0	188	453	17	0	0	0
SLCO3A1	1	1	0	471	698	16	172	196	2
NTN3	1	1	0	383	848	23	140	305	4
ATP6V0C	0	2	0	122	71	0	56	15	0
GZMA	0	0	1	102	311	13	32	87	7
NAALADL1	1	1	0	362	853	41	123	289	17
ZSCAN5B	0	1	0	264	730	37	98	273	16
CD84	0	0	0	152	348	8	51	124	3
ITGB4	2	11	0	976	2092	75	373	786	17
TEX45	0	2	0	299	622	34	91	210	10
NCKAP1L	3	0	0	448	1037	24	132	309	6
PHACTR4	0	2	0	250	694	27	85	224	7
FRMPD1	0	1	0	762	1698	71	245	573	19
TEX33	0	0	0	151	331	15	49	108	4
HCFC2	1	0	0	304	557	8	85	149	2
MAD1L1	2	1	0	441	965	58	166	359	16
PRSS23	0	1	1	171	419	20	71	143	4
INKA2	0	1	0	133	349	15	42	116	4
TSLP	0	0	0	100	204	14	45	60	3
TIGAR	0	1	0	111	231	4	35	73	0
ATR	5	5	0	967	2051	86	304	610	18
ZNF213	0	1	0	290	585	26	109	215	14
JMJD6	1	3	0	215	409	11	79	117	7
BTBD18	0	0	0	288	757	16	89	234	1
TNFRSF9	2	1	0	127	276	13	50	97	5
UGT1A8	0	1	0	275	617	29	108	232	13
PABPC4	0	1	0	358	585	8	147	137	0
GATAD1	0	1	0	133	266	9	44	86	1
GPR139	0	0	0	171	374	8	75	98	1
PDCD2	0	0	0	188	438	30	72	141	10
MFAP5	1	0	0	91	199	7	31	71	2
ENSG00000288625	0	0	0	26	56	0	16	22	0
TRADD	0	1	0	200	350	13	58	91	3
FUT10	0	0	0	202	509	38	68	192	12
RAB36	0	0	0	134	295	14	54	108	6
KCNJ10	0	0	0	162	312	11	53	104	1
CACNA1D	0	6	0	957	1765	25	363	524	3
ENSG00000272647	0	0	0	33	110	7	12	38	1
FAH	0	0	0	207	454	23	68	152	6
ADCY1	0	3	0	583	852	9	224	274	1
PSD4	1	3	0	494	1152	31	182	390	1
DDX41	2	3	0	372	566	30	140	188	9
LARGE1	2	3	0	422	792	27	146	235	2
PRPF39	0	1	0	253	541	9	67	172	0
ENSG00000266086	0	4	2	109	70	1	37	16	1
MLIP	1	1	0	485	1166	44	145	390	7
SULT1C2	0	0	0	115	336	16	41	120	8
MMAA	0	0	1	139	412	22	45	144	7
IL18RAP	0	3	0	249	637	31	89	203	3
KIF12	0	0	0	311	783	34	97	251	8
ATXN1	0	3	1	440	873	5	188	296	0
ALPK1	0	2	0	553	1378	72	172	460	23
KCNN3	2	3	0	344	557	15	137	148	2
POM121C	0	0	0	451	936	22	159	286	4
AMBRA1	1	4	0	610	1215	32	199	376	11
MAN2A2	1	3	0	627	1303	49	227	460	11
ELSPBP1	0	0	0	87	241	25	27	73	6
SMIM13	0	0	0	54	87	4	16	23	1
ANO5	2	4	0	387	971	68	122	293	18
MDFI	0	0	0	141	304	6	53	98	4
ITFG2	0	2	0	227	498	18	77	177	5
ALDH8A1	0	1	0	224	563	24	94	197	0
ENSG00000260851	0	0	0	0	0	0	0	0	0
VEPH1	1	1	0	317	891	39	109	296	16
ZNF536	0	3	0	719	1417	8	274	436	0
CKMT1B	0	0	0	61	192	9	13	65	7
TOR1AIP1	0	4	0	283	718	35	90	228	9
PDLIM3	3	0	0	162	428	17	52	158	2
PDPK1	0	0	0	164	248	4	48	65	1
KMT2B	3	13	4	1679	2917	1	676	970	0
SPATA21	0	0	0	246	535	28	86	183	12
NLGN1	0	3	0	368	727	15	112	223	3
TMEM128	0	0	0	96	235	10	32	73	4
OTOF	0	9	0	994	2326	90	388	914	35
ZHX3	0	5	0	395	892	14	140	320	6
BDH2	0	0	0	99	237	8	28	68	2
MRPL16	0	2	0	98	295	15	31	116	4
ADAM22	2	2	0	393	885	34	137	272	6
MYBL1	1	2	0	288	647	9	92	170	0
SLC26A7	0	2	0	274	729	28	113	211	8
LMAN2	1	0	0	204	430	10	76	171	1
FARSB	0	0	0	219	610	16	67	181	2
SSBP1	0	0	0	65	122	8	21	42	1
TAF15	0	2	0	257	627	25	103	202	6
SLC16A1	0	1	0	204	422	10	78	137	0
DNAAF9	1	2	0	480	1277	37	181	408	9
ABCA13	5	12	1	2174	5556	278	718	1862	86
VPS4A	2	4	1	283	378	9	103	104	3
SHC1	0	1	0	278	637	14	84	202	1
CHORDC1	0	1	0	143	306	11	48	92	1
GRAMD1C	1	0	0	257	667	43	83	201	15
GPR152	1	1	0	249	489	28	88	168	9
SPRY4	0	0	0	163	393	8	65	133	0
PRR33	0	0	0	0	0	0	97	236	4
PKN1	0	2	0	593	1111	35	202	395	7
PNMA1	0	0	0	160	397	20	51	114	2
SHISA4	0	0	0	101	211	7	35	80	6
UBE3A	0	1	0	317	398	7	83	110	0
ZNF98	0	0	0	176	549	40	46	144	18
ANKRD24	1	1	0	693	1477	67	240	515	16
LMOD1	1	3	0	271	589	6	101	185	2
MZT2B	0	0	0	109	256	8	38	89	3
ZNF543	0	0	0	272	687	32	87	227	13
FDXACB1	0	1	0	253	651	35	85	215	9
RPP25	2	0	0	145	277	7	46	86	1
KIFC1	0	1	0	322	658	22	103	217	4
KLF14	0	1	0	261	511	11	86	162	2
ATG7	1	1	0	269	759	23	95	223	5
TMEM216	0	0	0	63	150	6	28	48	5
KRTAP3-2	0	0	0	57	112	4	23	50	0
GRINA	0	1	0	250	443	13	96	155	2
NPTN	0	3	0	173	312	4	67	94	0
TERF2IP	1	2	0	252	558	26	82	165	5
TMEM70	0	1	0	135	310	15	46	98	5
EMX2	0	0	0	174	262	0	0	0	0
ZNF613	1	0	0	225	610	28	74	206	7
RPS13	1	0	0	83	100	0	26	26	0
RPAP1	2	3	1	654	1440	58	251	516	16
NEGR1	0	0	0	168	318	3	53	99	1
MYBPHL	1	1	0	174	425	16	78	150	7
EFCAB13	1	0	0	339	904	46	102	284	11
SDC1	1	1	0	186	377	8	77	131	3
IL17A	0	1	0	83	168	4	29	71	2
JMY	2	1	0	515	1162	30	149	341	1
OSBPL6	1	2	0	373	870	30	124	269	7
DLG1	1	2	1	313	859	28	111	244	3
MS4A5	0	1	0	82	238	8	20	74	5
DOCK10	2	7	0	906	2209	74	292	723	15
EIF4E1B	1	2	0	114	250	14	42	94	2
C16orf87	2	0	0	62	120	5	14	32	1
KCNU1	1	1	0	517	1232	60	177	406	19
CACNG4	0	0	0	173	332	4	65	96	2
NMD3	0	1	0	235	555	16	71	188	5
COCH	1	0	1	243	568	19	66	174	7
NT5M	1	3	0	157	310	14	46	97	4
IL2	0	0	0	61	121	0	18	27	0
NCF2	1	2	0	204	506	28	79	147	8
GTF2IRD2	0	0	0	225	493	25	25	59	3
TBX10	1	0	0	180	441	13	60	157	4
TMEM222	0	0	0	134	267	12	45	74	4
UNK	3	3	0	391	680	12	168	215	1
CEP76	1	0	0	256	662	27	82	211	7
LY6H	1	1	0	99	206	4	30	53	0
COA6	0	1	0	81	220	11	37	59	3
IRF7	0	1	0	413	818	25	144	275	12
CD151	0	1	0	155	293	11	58	98	7
PAX1	0	4	0	374	679	15	130	219	3
DISP1	2	5	0	582	1513	53	195	518	13
SERTAD2	1	2	0	176	315	3	78	125	0
TNK2	2	6	0	742	1494	49	315	550	14
HTR2A	0	0	0	213	417	14	72	107	2
MFSD12	0	1	0	399	807	30	176	321	11
APLP1	0	2	0	359	731	18	119	262	7
KRTAP9-1	0	0	0	123	324	16	28	85	5
PRKCG	0	1	0	363	603	11	127	145	1
SLC25A27	0	0	0	138	326	20	48	84	3
NEUROG2	3	1	0	208	371	6	59	113	2
SLC39A6	0	5	1	323	779	32	108	231	10
NCF1	0	0	0	105	200	7	33	57	1
YIPF1	0	0	0	132	310	13	43	108	5
RGS17	0	0	0	71	193	8	21	48	0
MC4R	0	0	0	148	375	14	54	143	2
MYO3B	1	4	0	574	1527	79	189	498	25
SAMD5	0	1	0	112	212	7	30	73	3
GPD1	0	1	0	172	391	10	56	116	4
OR6N1	0	0	0	164	364	13	57	118	4
CCDC183	0	0	1	315	665	30	108	212	13
TPPP2	0	1	0	87	184	2	32	70	2
NVL	0	1	1	343	827	41	109	237	18
GSE1	4	8	0	1044	2168	18	412	830	5
ETFB	0	4	0	134	245	9	49	108	4
JAK1	1	1	0	484	792	10	173	226	2
KCNC4	0	4	0	400	683	18	143	235	3
MEIOC	0	0	0	356	871	4	99	279	0
BUD31	0	0	0	75	135	1	29	39	0
TEX53	0	0	0	0	0	0	13	27	1
ADH1B	0	1	0	183	434	9	61	151	3
NLN	1	2	0	281	809	40	86	234	13
MMEL1	1	4	0	398	946	44	147	335	16
ATP12A	2	0	0	464	1080	36	178	368	10
LRIF1	0	0	0	294	845	36	94	245	7
MBL2	2	1	0	112	292	10	0	0	0
PCGF1	0	0	0	121	213	5	34	52	0
PPT2-EGFL8	0	0	0	107	223	19	42	68	1
ZNF658	0	0	0	411	1236	65	113	306	16
SNX13	1	2	0	409	920	23	142	276	3
KCNJ8	1	0	0	194	243	6	64	68	4
MAST1	1	8	0	853	1427	17	309	417	2
URI1	1	1	0	226	637	20	88	222	5
PPP1R13L	2	0	0	559	1094	33	193	352	18
TNNT2	0	1	0	135	267	15	50	95	6
RIOK2	1	1	0	193	561	26	69	166	8
DNAJB6	0	0	0	176	368	13	64	120	4
LRCOL1	1	0	0	99	181	8	37	86	3
OIT3	1	3	0	229	595	24	0	0	0
TAAR1	0	4	0	134	395	20	48	144	6
SCGB1D4	0	0	0	32	96	8	10	29	3
AQR	1	1	1	574	1144	29	201	353	6
SIRT6	0	2	0	227	435	11	85	154	1
ABR	2	2	0	467	747	17	188	230	1
GVQW3	0	0	0	54	176	4	22	64	3
PKM	0	0	0	262	480	10	75	131	4
FAAP100	1	2	1	605	1047	31	213	364	10
STAT5B	2	4	0	345	560	15	127	153	0
KRTAP26-1	0	1	0	109	263	14	40	85	5
TUB	0	4	0	286	619	11	95	219	1
ETF1	1	3	0	170	138	1	61	17	0
FRMD1	1	1	0	308	675	23	118	247	9
GALNTL5	0	4	0	187	474	23	62	163	9
CAMK2N2	0	0	0	46	91	1	12	23	0
HSD17B12	0	0	0	149	319	13	56	104	1
UBB	0	0	0	181	85	10	68	17	1
USP25	0	2	0	468	1158	44	143	342	9
PTPRF	1	9	0	1013	1963	31	395	737	2
EPHA1	2	1	0	489	1113	58	177	391	21
ENSG00000269711	0	0	0	0	0	0	0	0	0
FOXJ3	0	2	0	289	617	9	104	185	1
WDR91	0	3	0	353	800	27	136	260	7
CHIC2	0	0	1	78	134	5	26	33	1
NSUN3	1	1	0	151	385	18	57	104	12
FBXO30	0	0	0	285	701	24	97	206	4
GOLGA5	0	2	0	271	746	32	101	232	3
RORC	0	1	0	263	452	7	98	148	1
TMEM178B	0	0	0	179	250	5	66	72	0
COL4A2	1	5	0	879	1701	46	321	576	14
ENSG00000284820	0	0	0	0	0	0	0	0	0
CLPP	0	1	0	188	331	6	64	96	2
GAS2L1	0	1	0	399	926	16	134	353	3
OXGR1	1	0	0	182	374	13	47	140	7
SNX17	0	2	0	247	505	13	83	169	5
SIGMAR1	0	0	0	140	231	13	41	68	3
NR4A1	1	0	1	356	622	12	119	200	1
LRRC14B	0	2	0	312	661	26	127	234	8
OR5BS1P	0	0	0	0	0	0	46	85	3
FLRT3	1	3	0	251	590	20	72	179	7
PTCH1	2	9	4	750	1495	12	298	506	2
BMP4	0	2	0	201	406	3	77	130	1
SPATA12	0	0	0	75	205	8	22	65	6
ASIC5	0	4	0	208	558	34	71	182	7
CXCL13	0	0	0	43	99	7	10	30	0
CPNE7	1	5	0	452	943	41	194	328	11
TUBA4A	0	2	0	210	283	12	78	64	3
NKX2-5	0	2	0	200	388	0	70	154	1
METTL25B	0	1	0	254	500	28	83	180	9
ORMDL1	0	0	0	66	143	2	19	47	2
UPP1	0	0	0	150	350	9	55	123	6
FFAR4	0	0	0	230	444	18	0	0	0
LRP2BP	0	1	0	145	376	23	51	123	8
HBEGF	0	0	0	92	209	3	25	55	0
PACS2	3	9	0	569	880	11	232	281	0
PAGR1	0	0	0	151	314	9	51	114	3
ZNF506	0	0	0	136	394	25	57	123	4
GSK3A	1	2	0	270	393	8	88	113	1
SEL1L2	0	1	0	249	705	37	81	235	5
GABPA	0	0	0	210	293	6	55	82	0
HMBOX1	0	1	0	164	319	7	42	87	1
PRPF6	3	4	0	483	622	27	190	169	3
CDKL4	0	0	0	129	353	18	40	108	8
ERICH2	1	1	0	97	268	13	74	171	6
ENSG00000289325	0	0	0	0	0	0	0	0	0
SMCO2	0	0	0	127	367	22	44	128	11
LRRC36	1	2	0	313	728	36	98	237	12
HUNK	0	4	0	366	725	17	132	223	2
CENPH	0	0	0	82	260	17	25	83	4
ODF1	0	1	0	115	251	13	42	91	2
TMEM178A	0	1	0	208	331	7	80	91	0
GYPA	0	0	0	73	172	10	18	73	3
METTL17	1	0	0	227	513	18	72	173	6
CLUL1	0	0	0	176	465	23	77	138	7
CENPX	1	0	0	65	127	5	24	53	1
OR5AP2	2	0	0	145	410	13	45	121	4
ZNF28	0	1	0	299	831	52	90	290	13
SLX9	0	2	0	141	319	13	56	119	3
SFT2D2	0	0	0	76	186	7	22	55	2
FXR1	0	1	0	266	451	3	77	115	2
SAXO1	1	0	0	244	826	43	84	275	15
TAS2R13	0	0	1	120	373	19	43	132	3
ENSG00000267168	0	0	0	56	149	6	23	43	2
RPL35A	0	0	0	55	97	0	22	26	0
MT1E	0	1	0	64	143	13	23	45	3
SCAP	5	1	0	715	1297	31	288	447	5
KLHL24	0	2	0	250	501	16	78	125	3
RIPPLY2	1	1	0	72	193	8	21	53	1
EXTL3	0	2	0	481	926	29	163	303	7
BIRC6	3	15	0	2189	4892	31	693	1369	10
ENSG00000258674	0	1	0	170	374	17	75	157	4
ENSG00000281348	0	0	0	0	0	0	0	0	0
NDST1	1	2	0	472	809	26	179	279	3
KBTBD12	0	1	0	225	671	40	76	221	14
SUSD2	1	1	0	458	927	57	182	381	14
A2M	2	3	0	572	1385	56	190	430	17
RHOT2	2	4	0	496	919	44	226	366	12
PTCD3	0	0	0	316	813	31	106	282	17
RNF44	0	2	0	268	580	15	89	180	5
NUDT9	0	1	0	139	356	19	56	111	11
MRPS33	0	0	0	36	105	8	17	34	3
ENSG00000284976	0	0	0	0	0	0	56	117	4
FAM171A1	0	2	1	486	1114	19	0	0	0
HOXD13	0	0	0	214	421	15	78	150	3
UMPS	0	0	0	208	492	12	72	150	5
NDUFA9	0	2	2	180	462	16	72	163	5
ECM1	1	2	0	231	588	27	75	220	6
NAGPA	0	0	0	375	809	36	156	292	9
DIP2C	3	3	0	919	1420	10	0	0	0
LMAN1L	1	3	0	274	609	26	100	189	7
CALCB	0	0	0	76	166	4	22	48	1
BMPR1B	0	3	0	200	508	9	71	192	0
GIGYF2	2	3	0	540	1208	14	195	362	1
HAUS8	0	1	0	215	461	19	87	162	7
GRIN2B	1	49	5	769	1044	1	262	261	1
CELF6	0	0	0	276	473	14	87	142	3
CTRB2	1	0	0	146	282	14	43	75	1
OR2T7	0	0	0	0	0	0	0	0	0
CACNG1	0	0	0	122	284	16	53	92	9
RLN3	0	0	0	54	177	19	23	68	8
FGF19	0	1	0	130	264	1	48	86	1
ARMC12	1	0	0	152	344	17	60	118	6
RHBDF1	3	2	0	511	1046	35	192	335	11
FAM186B	0	2	0	375	859	53	116	304	16
BCL2L13	0	0	0	222	483	20	84	150	1
SULT1E1	1	0	0	121	340	22	40	107	9
MAMSTR	0	1	0	258	522	21	84	184	5
PNO1	1	0	0	120	293	8	41	88	5
MED16	2	2	0	844	1495	51	371	493	11
OR2J3	0	0	0	158	379	20	55	97	6
DEFB130B	0	0	0	0	0	0	0	0	0
MCM10	3	2	0	363	973	38	0	0	0
BTBD1	1	0	0	254	477	22	83	138	6
APCDD1	0	4	0	269	602	18	111	210	5
ZNF525	0	0	0	0	0	0	51	167	10
ACY3	0	1	0	159	386	14	62	150	3
ABCA12	2	5	0	1068	2576	94	350	805	15
OR6P1	0	0	0	174	434	14	54	149	4
SLC35D1	0	1	0	185	391	9	60	121	3
PLXNA1	1	9	0	1087	1986	43	474	645	11
AHSP	0	0	0	49	129	8	21	48	4
CDKN2AIP	1	0	2	284	663	15	84	196	1
PLLP	0	1	0	106	224	7	37	80	0
LMNB2	3	6	0	399	765	10	147	278	2
SPATC1L	1	1	0	262	471	20	111	188	7
P2RY1	0	1	0	191	346	15	59	87	2
CES1	0	0	0	220	499	20	97	195	6
ENSG00000290316	0	0	0	0	0	0	0	0	0
XNDC1N-ZNF705EP-ALG1L9P	0	0	0	0	0	0	41	106	7
SIRPB2	0	1	0	150	379	14	52	123	3
TAPT1	1	0	0	264	522	9	82	178	0
FLNC	5	16	0	1385	2667	45	564	985	2
H2AC6	1	5	0	151	138	4	67	31	0
EPS8L3	0	1	0	297	664	35	105	213	12
OBP2B	0	0	0	84	160	6	40	64	0
TOMM22	0	0	0	85	171	2	40	49	0
SEPTIN1	0	0	0	185	401	18	60	133	5
CLEC17A	0	1	0	161	403	19	55	123	3
ENSG00000272162	0	0	0	20	35	0	4	14	0
ZNF622	0	2	0	184	509	27	56	175	4
ENSG00000159239	0	0	0	301	595	34	97	215	11
MAF	1	5	0	363	601	6	116	161	0
FRMPD2	1	2	0	548	1375	58	0	0	0
OR8G2P	0	0	0	0	0	0	0	0	0
NOMO2	0	0	0	228	446	22	59	93	2
TCF4	0	21	9	274	493	0	99	119	0
CUL4A	2	3	0	397	615	2	145	179	0
DLX4	0	0	0	136	281	13	47	96	3
TTC7B	0	2	0	411	826	10	142	249	1
DENND2C	1	4	0	345	932	47	109	319	16
CSRP2	0	0	0	101	198	9	27	55	2
RELL2	0	0	0	156	345	6	55	127	1
TNFSF13B	0	1	0	112	249	5	42	56	1
MYO18B	3	8	1	1237	2996	138	474	1084	41
PTPN20	0	0	0	63	188	12	0	0	0
P3R3URF	0	0	0	35	110	6	14	41	3
GABRG3	0	1	0	218	394	14	78	105	1
SLC27A2	1	3	0	299	718	30	102	245	8
ENSG00000289653	0	0	0	0	0	0	5	9	0
TPM4	0	1	0	115	215	5	40	61	1
FGFBP3	0	1	0	182	414	12	0	0	0
DAZAP1	1	3	1	225	321	1	91	91	1
ENSG00000249141	0	0	0	0	0	0	0	0	0
RABL6	1	1	0	472	989	22	200	363	3
CEACAM6	0	2	0	174	379	17	76	123	3
OR1J2	0	1	0	0	0	0	53	117	6
NOP53	3	0	0	307	665	28	113	236	7
MTHFD2	0	1	0	156	348	15	56	126	4
MVP	2	2	0	456	873	43	169	305	14
ACKR4	0	0	0	103	324	17	31	94	5
ARSG	0	3	0	219	594	26	89	194	7
ENSG00000267157	0	0	0	46	79	2	21	34	1
PAPLN	3	4	0	695	1557	90	290	557	30
UQCRC2	0	0	0	196	447	17	47	134	2
PMFBP1	0	5	0	473	1114	81	166	374	24
G6PC1	0	0	0	155	359	21	65	111	8
MZT1	0	0	0	45	98	1	10	37	0
SPDYE11	0	0	0	0	0	0	0	0	0
ZFPM1	3	3	1	893	1781	27	356	586	3
GSTO1	0	1	0	111	260	19	0	0	0
FASN	6	7	0	1808	2703	24	739	956	2
TRAPPC14	1	0	0	325	589	5	109	171	2
TBCEL-TECTA	0	3	0	185	367	13	60	97	4
APOL3	0	0	0	168	383	21	49	126	4
PNPLA8	1	4	0	304	842	30	86	290	4
MYOZ1	1	2	0	137	338	13	0	0	0
TMEM247	0	1	0	120	329	12	42	123	2
HS3ST4	1	2	1	318	576	21	100	187	2
RBM14-RBM4	0	1	0	228	325	5	92	104	0
KRTAP5-8	0	0	0	67	178	7	22	67	1
MYBPC1	1	5	0	447	1142	17	141	347	4
CTNNAL1	1	2	0	283	752	41	108	227	9
ZBTB16	1	0	0	322	506	3	129	169	0
RSL1D1	0	3	0	263	743	21	91	245	8
DTL	0	1	0	275	696	30	94	201	4
AMZ1	2	2	0	426	925	40	170	363	17
KLB	2	2	0	493	1059	44	164	302	7
ALG10	0	0	0	174	490	27	57	154	12
C16orf90	0	0	0	93	244	12	36	78	5
KMT2C	3	7	6	2051	4934	36	703	1499	6
LIPG	0	2	0	256	519	16	90	162	7
ZNF570	0	0	0	194	522	30	65	144	8
EMP3	0	2	0	107	174	15	30	55	4
EPB41L4A	0	1	0	319	944	51	111	304	14
CPED1	0	1	0	430	1141	72	139	350	21
THTPA	1	1	0	96	267	13	37	94	5
ANKRD62	0	1	0	342	949	32	100	311	7
PDCD2L	0	0	0	187	459	20	65	139	7
PRPH2	0	1	0	169	406	11	62	135	1
KIR3DL1	0	0	0	252	702	35	98	247	11
BTBD8	2	0	0	628	1792	72	190	560	14
PLGRKT	0	0	0	66	200	14	21	63	5
OXER1	0	2	0	216	485	17	85	185	7
DUSP11	0	0	0	126	328	21	43	112	7
REEP5	1	0	0	101	235	8	39	87	2
OR13C9	0	0	0	128	367	13	47	109	2
EEIG1	0	0	0	204	372	9	74	150	2
ADAM10	2	0	0	296	567	13	88	149	3
PRAMEF26	0	0	0	0	0	0	0	0	0
ZNF692	0	1	0	266	603	24	88	174	6
ADAM20	1	3	0	276	795	42	93	255	11
LRRC70	1	1	0	259	690	33	81	194	6
DGKQ	1	3	0	730	1386	42	294	478	11
GGN	2	0	0	397	912	16	130	284	4
ZDHHC4	0	0	0	161	427	22	74	141	5
ANO10	0	1	0	279	681	43	94	226	6
HCRT	0	0	0	101	196	1	32	62	0
SYT7	2	0	0	373	690	15	153	216	4
KRT39	0	0	0	195	542	38	78	191	11
XAB2	0	4	0	470	938	27	186	339	6
GAS2	0	0	0	145	330	13	46	96	3
BUB1B	0	1	0	415	1073	60	129	293	11
MPC2	0	0	0	58	105	10	20	24	3
NSUN6	0	3	0	240	643	29	0	0	0
TMEM88B	1	0	0	143	277	12	50	98	3
TAF5L	0	0	0	290	524	5	118	177	1
GUCY1B1	1	1	0	241	498	15	84	127	5
OR2B3	0	0	0	115	302	9	34	98	1
AIG1	1	2	0	103	242	10	27	85	5
PLAU	0	2	0	195	436	28	0	0	0
FAM216A	0	1	0	111	314	15	40	107	5
SRXN1	0	0	0	99	193	8	31	75	2
SLC37A3	1	2	0	218	472	23	76	158	5
KRTAP12-2	0	0	0	69	161	14	27	56	4
ENSG00000285505	3	27	2	505	470	6	218	113	1
KIF3C	1	0	0	391	724	7	130	212	1
ROCK1	0	1	1	500	921	22	144	220	1
KCNT1	3	21	0	826	1254	35	346	450	8
ZNF333	0	2	0	285	669	36	97	223	10
CYB5D1	0	1	0	122	258	16	34	78	6
SPTBN5	6	14	0	2066	4563	327	687	1655	117
C8A	0	3	0	273	721	44	91	259	16
FBXO38	1	3	0	484	1034	34	140	317	9
ENSG00000111780	0	0	0	0	0	0	0	0	0
IL4I1	1	0	0	344	618	26	131	196	9
MYH7B	2	7	1	1140	2476	117	418	955	41
GOT1	3	0	0	165	376	11	0	0	0
OVOL2	0	1	0	161	312	7	63	105	1
SPACA1	0	0	0	129	310	7	41	126	1
LCMT2	1	4	0	408	1016	45	131	330	21
SEPTIN8	1	3	0	222	487	12	79	178	2
FAM78B	0	2	0	144	244	7	41	69	0
KCTD15	0	1	0	170	338	5	60	107	1
LYRM4	0	1	0	41	127	8	12	42	3
ATXN2	0	2	2	511	1104	8	180	323	1
PRPS1L1	0	0	0	144	390	15	36	143	2
LRRTM4	1	3	0	293	610	22	103	167	2
MUC19	0	0	0	0	0	0	0	0	0
ARMH3	0	1	1	291	600	19	0	0	0
PRR30	2	0	0	210	442	22	73	177	5
HSPA1A	0	0	0	183	294	7	39	54	1
DMAC2L	0	3	0	80	222	14	24	70	6
ARHGAP8	1	1	0	345	828	38	160	318	12
CNTROB	2	2	0	436	969	49	126	350	15
RNMT	0	0	0	177	489	13	44	162	3
TEX51	0	0	0	0	0	0	20	73	5
STARD13	4	1	0	555	1268	41	201	407	11
GOLGA6L9	0	0	0	180	418	24	76	163	11
HDAC7	0	2	0	540	978	10	200	297	2
CCNP	0	0	0	216	422	10	71	145	2
TPCN2	0	2	0	400	904	43	149	323	6
CARM1	1	1	0	338	409	2	150	125	0
ZNF33B	0	0	0	306	846	45	0	0	0
PNPLA5	1	1	0	242	556	28	82	188	8
EEF1AKMT4-ECE2	1	2	0	433	989	38	144	338	15
PGAP6	1	2	0	563	1090	51	237	440	14
TAF1L	2	2	0	746	1957	35	250	669	9
ENSG00000262730	0	0	0	2	6	0	2	2	0
MX1	1	0	0	311	721	42	118	256	13
RAB6C	0	0	0	101	251	10	30	73	3
GFPT2	1	1	0	349	731	29	128	248	6
TMEM199	1	0	0	124	267	9	61	92	5
ALDH1L2	1	1	0	387	917	37	134	275	10
PTGER1	0	1	0	295	551	17	100	175	6
PIP4K2C	0	1	0	200	418	10	73	138	5
RAB11A	1	2	0	103	97	8	37	20	1
SLC22A15	0	1	0	255	604	19	73	187	12
CLUH	2	3	0	936	1714	33	407	562	2
KRTAP16-1	0	1	0	251	628	30	90	238	15
OR13J1	0	0	0	164	340	12	56	111	6
ZFP41	1	1	0	113	257	12	47	95	4
BCAM	2	4	0	386	737	21	159	297	9
PADI4	0	3	0	334	763	29	131	268	5
NUFIP2	2	1	0	324	761	6	120	214	0
RNASEH2B	0	0	0	107	330	15	38	108	9
PACSIN2	0	0	0	230	500	18	95	167	3
CRYAA	1	2	0	23	40	2	0	0	0
MUSK	0	2	0	371	958	40	132	307	6
CNTNAP3B	0	0	0	53	119	7	126	292	18
OXR1	0	3	0	329	946	32	94	258	5
ATP1A1	0	3	0	476	479	8	178	120	2
TXNL4B	0	0	0	53	197	8	12	61	2
LZTS3	1	1	0	355	733	9	141	255	2
PLCH2	4	6	0	892	1834	59	343	640	19
OR2L13	0	2	0	155	371	18	50	119	3
DNALI1	1	0	0	124	280	15	45	93	5
BMI1	0	3	0	134	227	7	0	0	0
BMAL2	1	0	0	227	644	30	75	190	5
SCN8A	0	37	1	804	1018	9	270	268	2
SOWAHC	1	1	0	378	750	21	119	252	5
MAD2L1	1	0	0	92	197	4	35	54	1
RAC3	0	2	0	150	188	3	66	50	1
BRPF1	1	3	5	609	1018	6	206	319	2
ZNF34	0	0	0	230	503	20	82	160	6
SLC27A1	0	2	0	427	800	31	159	257	9
GTPBP1	0	2	0	349	620	10	117	191	1
TEX12	0	0	1	46	102	1	14	34	0
ELF5	0	1	0	125	273	18	40	84	2
FBLN2	1	2	0	650	1469	47	269	535	12
NIPSNAP1	0	1	1	158	277	18	50	71	0
SMIM22	0	1	0	63	139	10	28	57	4
SLC6A16	0	2	0	317	784	42	85	232	17
THOC5	0	0	0	294	600	13	112	168	3
MUC5AC	2	1	0	319	732	28	1136	2283	46
KIF4B	0	1	0	479	1247	83	162	450	27
SNAI2	0	0	0	125	221	0	42	66	1
TTC39B	1	2	0	314	734	34	127	266	12
NRIP3	1	0	0	117	291	13	40	83	2
AXIN2	0	2	0	517	1048	14	195	333	0
SLC39A11	0	0	0	167	400	14	64	125	4
EPN3	2	1	1	401	845	30	127	289	14
SFRP5	0	1	0	178	391	18	0	0	0
MCRIP1	0	0	0	52	101	3	20	41	1
RRAGC	0	1	0	180	324	5	65	82	3
C3orf52	0	1	0	104	240	15	26	89	6
AMPH	1	2	1	313	697	29	107	220	4
SUCLA2	0	2	0	175	467	13	62	143	5
METRN	0	1	0	224	414	14	85	163	4
NPIPB15	0	0	0	120	363	17	55	146	7
OR6C1	1	2	0	151	399	14	50	126	3
CNDP2	0	1	0	238	570	17	103	206	5
LMO1	1	0	0	76	169	3	30	55	1
CCDC57	2	2	0	530	1157	70	176	403	19
FHL3	0	1	0	126	300	15	49	108	5
DYNC1I1	0	1	0	235	542	30	78	168	3
RAP2A	1	0	0	112	104	3	33	22	0
FAM181A	1	2	1	167	324	7	70	107	2
TMEM217B	0	0	0	23	63	5	26	60	0
UBLCP1	0	0	0	109	270	13	32	70	0
RHCG	0	1	0	227	581	28	81	178	6
ONECUT3	0	1	0	399	779	18	137	219	4
CD93	4	0	0	403	861	33	138	305	15
RING1	0	2	0	212	318	7	69	116	1
TSPYL1	0	4	0	238	503	22	76	133	5
ZBTB12	0	0	0	260	370	2	67	84	1
PARD6B	1	2	0	147	360	4	60	103	1
CLDN18	0	0	0	129	269	12	44	80	5
LATS1	0	4	0	445	1005	25	139	309	4
ENSG00000284776	1	0	0	73	152	7	27	69	1
LHFPL6	0	0	0	85	212	7	35	70	0
SEMA4F	3	4	1	400	874	33	149	313	13
ZNF66	0	0	0	0	0	0	85	271	9
PRTG	1	4	0	547	1353	52	165	427	9
LEPROTL1	1	1	0	53	115	4	21	31	0
ANGPTL7	0	3	0	169	402	23	60	128	6
SLC7A10	0	2	0	300	554	14	109	189	3
POC1B-GALNT4	1	0	0	227	665	28	77	216	6
PSME3	0	0	0	120	179	8	40	49	0
C1orf216	0	1	0	107	253	15	44	87	5
ENSG00000274944	0	0	0	31	86	0	8	25	1
SULT6B1	0	5	0	138	423	24	50	135	7
OR51Q1	0	1	0	182	507	20	62	167	6
ERVV-2	1	0	0	129	368	26	38	104	2
POGK	1	5	0	273	473	11	97	161	1
TMEM71	0	0	0	132	360	19	44	118	7
SVOP	1	0	0	222	407	13	103	147	4
POFUT1	0	1	0	199	434	6	85	144	1
PCCA	0	1	0	290	864	26	97	294	14
PITPNC1	0	0	0	144	248	5	51	74	0
BICDL2	0	1	0	354	797	40	133	299	11
BLCAP	0	0	0	45	53	1	16	25	0
GASK1A	1	2	0	282	632	34	95	229	16
MTARC1	0	1	0	184	387	14	53	130	6
CPHXL	0	0	0	0	0	0	65	192	13
TRPV2	1	1	0	416	730	44	176	266	13
NT5C3B	0	1	0	134	271	20	56	105	5
RBM23	0	3	0	203	575	29	77	192	14
FBXL18	1	1	0	513	903	16	188	250	5
EPHA8	1	1	0	540	1143	34	216	471	9
EHD3	1	1	0	291	591	13	99	174	3
CFAP97D2	0	0	0	0	0	0	15	43	2
NKX2-4	1	3	0	290	574	13	124	169	3
RANBP10	3	0	0	319	612	16	103	195	4
MBD3L2B	0	0	0	0	0	0	11	35	2
GCLM	0	0	0	113	224	13	34	56	1
TANK	0	2	1	157	399	9	59	123	1
ZNF782	1	1	0	254	712	42	101	234	12
OR8U1	0	0	0	126	323	14	49	128	2
RCBTB2	0	0	0	227	572	34	86	197	10
ZNF573	1	0	0	229	695	35	77	223	13
FTCDNL1	0	0	0	0	0	0	19	51	3
AURKA	0	0	0	156	290	14	47	100	0
ATP5PB	0	0	0	104	283	10	43	107	2
C5orf63	0	0	0	37	103	10	10	39	4
NCOA1	1	1	0	574	1397	15	234	434	4
GTF2I	0	1	0	198	385	5	65	65	0
C8orf34	0	0	0	253	596	26	82	195	3
WHRN	2	4	0	511	1086	31	169	407	10
OR8J2	0	0	0	0	0	0	0	0	0
SLC2A9	1	1	0	296	627	34	107	218	9
ANGPTL5	1	2	0	137	422	25	46	118	7
N4BP2L1	0	0	1	101	231	5	35	77	1
OR4K3	0	0	0	0	0	0	0	0	0
ENSG00000290146	0	0	0	109	242	13	34	90	7
CPHXL2	0	0	0	0	0	0	57	185	9
PRDM10	0	5	1	563	1058	39	207	337	3
NDUFA11	0	1	0	77	184	8	33	64	2
ZNF566	0	0	0	142	380	22	40	132	2
PODN	0	2	0	373	636	27	137	257	7
PARVG	0	2	0	184	384	15	68	133	4
CLDN8	0	1	0	106	301	12	31	99	2
RAD51AP2	1	0	0	435	1222	71	147	406	24
KCNH7	1	3	0	558	1025	27	172	275	8
OR6C6	0	0	0	136	366	14	39	117	2
CA10	0	2	0	133	320	8	53	72	3
ZNF212	0	0	0	219	494	20	79	187	7
TAAR8	0	0	0	132	411	14	50	143	4
NR6A1	1	4	0	251	454	8	85	135	0
USP24	0	8	0	1089	2110	48	365	631	5
ZNF2	0	0	0	174	416	14	70	158	0
TMEM140	0	0	0	86	221	12	31	86	4
FOXJ2	0	0	0	240	577	16	79	186	3
ZNF10	0	0	0	220	589	23	73	170	4
C18orf63	1	1	0	249	701	30	74	207	11
CD300LB	0	0	0	86	226	12	39	63	2
CALB2	0	0	0	148	322	14	55	90	4
PUF60	1	6	4	326	336	2	126	83	1
TYW3	0	1	0	106	277	15	27	97	3
KIAA0513	2	2	0	252	554	16	80	188	5
FAF2	0	2	0	181	316	5	68	109	1
GYPE	0	0	0	27	94	8	10	39	2
PTGFRN	2	2	0	470	935	28	181	311	5
ZNF488	0	3	0	173	398	21	0	0	0
PTK7	2	2	0	492	1029	20	198	362	5
MAS1	0	1	0	147	382	18	48	129	3
NOC4L	2	5	0	421	847	14	161	327	1
NCOA6	2	2	0	890	2024	22	310	672	3
DMAC1	0	0	0	81	217	8	33	75	6
FKTN	0	1	0	164	495	35	56	157	7
CEP350	2	7	0	1145	3162	62	366	1032	13
ORC3	1	2	0	295	767	39	101	238	10
PARD3B	0	6	0	564	1468	57	190	476	16
KYAT1	0	0	0	207	444	23	70	169	3
FIBIN	0	0	0	126	263	11	30	84	1
P4HA3	0	0	0	249	612	25	81	199	12
SLC13A1	2	0	0	264	681	33	81	216	10
CD9	1	0	0	101	235	3	35	82	1
SPAG4	0	1	0	231	498	28	74	148	7
APH1A	0	2	0	121	211	5	51	52	1
TM2D2	0	0	0	111	231	16	29	84	3
PPP1R14B	0	1	0	104	176	4	37	47	0
OR10G9	1	0	0	147	354	13	52	145	7
ENSG00000290180	0	0	0	0	0	0	0	0	0
TRPC1	0	3	0	302	630	25	80	201	8
SKIC3	2	3	0	607	1598	89	197	496	13
ESYT2	0	0	0	468	988	27	151	322	6
PMP2	0	1	0	57	145	8	20	48	5
PCDHGC5	2	2	0	434	969	22	127	321	11
FAM107B	0	1	0	142	400	22	0	0	0
TGFBR1	0	3	0	197	362	12	70	111	2
ZKSCAN5	0	0	1	332	817	25	109	260	7
OR2G2	0	1	0	171	427	14	46	131	4
SAMD1	0	1	0	289	482	10	153	213	1
SHANK1	3	5	0	1386	2469	11	520	765	3
MBNL2	0	1	0	184	310	5	72	88	0
TFAP2D	2	0	0	255	460	5	89	137	1
PTPA	0	1	0	163	294	8	60	94	0
TP53BP2	0	3	0	463	1072	34	174	367	9
LILRA5	0	0	0	158	333	21	59	115	6
CASQ1	1	1	0	181	413	22	62	148	8
B3GAT1	0	0	0	216	328	9	89	97	3
SCYL1	0	1	0	437	884	31	159	298	8
PID1	0	0	0	119	232	2	34	79	1
PPP3CA	0	6	0	235	276	8	70	71	0
ENSG00000283877	0	0	0	7	19	2	4	8	1
SSBP2	0	2	0	148	307	2	46	85	0
C1R	0	2	0	118	252	4	113	194	5
GLI1	1	5	0	501	1186	36	174	378	8
ARHGAP10	0	3	0	334	849	39	115	301	14
IFNG	0	0	0	79	136	5	23	33	1
UGT3A1	0	1	0	228	596	29	79	184	9
KTN1	0	2	0	528	1396	56	180	436	5
SHISAL2B	0	0	1	65	182	10	25	61	3
ENSG00000289700	0	0	0	198	346	4	58	93	1
PGLYRP3	0	2	0	187	361	23	63	121	9
UBR1	1	5	0	670	1600	47	247	479	14
CABP5	1	0	0	81	196	7	31	78	3
REG1A	0	0	0	81	183	13	23	58	2
PLK4	0	2	0	373	977	34	102	323	6
EEF2KMT	0	0	0	208	475	23	81	161	8
AASDH	0	0	0	396	1123	55	131	381	18
SPRR4	0	0	0	33	94	7	5	26	4
CABP1	0	0	0	218	400	13	63	119	0
CACFD1	0	1	0	119	229	9	51	85	3
OAF	0	1	0	152	329	9	54	113	1
ENSG00000188897	1	0	0	872	2012	113	903	1976	95
EGR4	0	1	0	334	652	14	121	214	3
HSPA9	0	0	0	304	634	12	94	208	3
TRAPPC1	0	0	0	75	163	7	28	48	2
ALKBH2	0	1	0	133	286	16	38	96	4
ERCC8	0	1	0	163	498	21	51	154	12
HCN2	1	1	0	838	1289	24	312	381	1
NCR1	1	0	0	143	345	16	61	111	6
IGSF8	2	1	0	307	640	26	105	262	12
XCL1	0	0	0	53	130	6	14	45	1
ENTPD3	1	1	0	232	565	33	62	186	12
MTERF1	1	0	1	157	432	29	41	141	8
ZNF101	0	0	0	147	433	22	52	136	8
GLS	0	2	0	320	511	22	114	168	0
LRFN4	2	2	1	495	800	12	184	251	5
PPP3R1	0	1	0	54	52	1	12	8	0
MAPK8IP3	1	10	1	825	1375	23	348	419	3
NUTM1	1	4	0	459	1231	34	152	407	10
ACOT7	0	2	0	229	403	9	87	121	2
SLC20A2	0	2	0	348	573	17	120	166	1
FUBP3	0	1	0	255	582	5	91	173	1
CKMT1A	0	0	0	62	170	11	18	50	3
SNRPA1	0	0	0	127	217	2	43	58	0
ENSG00000268533	0	0	0	0	0	0	0	0	0
MATN4	0	1	0	320	701	26	99	239	4
SMYD4	1	1	0	364	913	49	142	319	10
NCOA4	0	1	0	248	621	32	0	0	0
ALOX15	0	2	0	356	793	46	136	255	15
H4C11	1	4	0	120	134	5	58	28	3
GRIK1	0	2	0	441	1045	42	155	326	11
OSBPL3	1	1	0	408	944	38	145	273	6
MRPS34	0	1	0	188	388	16	57	132	2
SLC22A16	0	1	0	270	690	43	90	217	19
DAPK3	2	1	0	327	590	18	126	201	6
FAM90A9	0	0	0	0	0	0	0	0	0
CHAF1B	0	3	0	242	516	6	85	159	0
PCDHB13	0	0	0	529	1075	47	190	387	12
KRTAP13-1	0	0	0	91	208	11	36	60	4
TSPO	0	1	0	99	184	17	38	73	5
AKR1C1	0	0	0	120	361	17	0	0	0
OR6N2	0	2	0	151	375	21	55	109	5
TRMT1L	1	3	0	296	700	24	85	193	3
TRIM43B	0	0	0	98	222	15	31	63	2
NPAP1	2	4	0	579	1417	22	188	482	7
CDC25A	0	1	1	240	435	8	79	117	0
CHST11	0	1	0	163	361	16	76	99	2
RUNX2	0	1	2	265	522	5	98	171	2
MAP7	0	2	0	330	868	30	123	293	12
IGF2BP1	0	2	1	288	405	1	89	126	1
SCGB2B2	2	1	0	49	90	6	9	38	3
FAM200A	0	0	1	190	521	32	69	189	10
WARS1	0	5	0	195	396	12	70	121	2
ENSG00000273171	0	3	0	69	181	8	18	81	5
MLX	0	0	0	124	260	7	41	83	2
PLA2G6	2	1	0	398	916	27	130	300	10
COMMD3-BMI1	0	3	0	217	427	15	0	0	0
USP17L28	0	0	0	0	0	0	0	0	0
CHRDL2	0	1	0	195	463	20	82	149	11
PARP2	0	3	0	236	624	29	75	213	10
MEX3B	0	5	1	465	809	12	164	233	0
DPP8	1	1	0	373	816	20	106	240	9
ISLR	2	3	0	247	465	12	95	183	3
PKP1	0	2	0	387	881	16	137	314	6
LRRC1	0	0	0	223	487	14	87	147	3
DIRAS3	0	1	0	132	235	6	45	77	3
METTL8	0	0	0	140	426	22	38	132	4
RUFY1	0	0	0	396	862	25	132	274	13
SERPINA5	0	0	0	235	576	14	93	216	6
SLC35F5	2	1	0	206	504	18	58	173	6
TMPRSS2	1	1	0	242	600	28	90	220	9
SNU13	0	0	0	69	66	0	25	18	0
SMIM15	0	0	0	26	66	8	8	22	1
METTL4	0	1	0	168	522	27	57	147	9
ENSG00000283228	0	0	0	91	182	4	36	51	2
CCDC172	0	0	0	69	260	15	0	0	0
CCDC191	1	1	0	375	937	68	112	322	26
ALDH9A1	1	1	0	233	599	25	84	188	8
EPPK1	4	15	1	1675	3310	139	729	1401	52
ERI3	0	0	0	182	276	9	53	81	3
TRIM7	0	1	0	327	668	36	128	235	7
KIF1A	0	46	0	986	1567	15	402	538	5
SHANK2	1	5	0	809	1613	19	390	701	9
MED30	0	0	0	91	177	6	26	54	2
ZDHHC18	1	2	0	203	431	11	82	134	5
HAPSTR1	0	2	0	178	248	6	62	73	0
TTC3	1	4	0	743	2073	107	272	709	35
TCIM	0	0	0	62	135	7	20	47	3
IL6ST	0	3	0	376	908	19	111	271	0
KLC2	0	0	0	313	599	17	101	205	3
ALAS1	0	0	0	279	622	14	102	209	3
NDUFB7	0	0	0	80	202	9	26	75	4
ACTL6A	0	2	0	159	276	0	46	70	0
REG1B	1	1	0	87	232	13	28	66	2
OR5G3	0	0	0	0	0	0	0	0	0
SLC7A13	1	1	0	226	612	38	79	214	15
ELAPOR1	1	2	0	467	1013	35	164	345	5
RBPJ	0	1	0	201	293	2	67	75	0
ADGRL1	3	4	1	888	1404	16	349	452	1
CRHBP	0	0	0	155	300	11	47	93	0
PABPN1	0	2	0	190	348	3	73	109	1
LUZP1	1	2	0	429	1046	23	169	361	8
ERICH6B	0	1	0	282	702	45	112	222	13
AZIN1	0	0	0	164	367	3	61	99	1
NADSYN1	0	1	0	398	784	44	165	290	15
TMEM169	1	1	0	119	308	12	36	105	5
GPR108	1	2	0	302	633	20	112	225	4
NOVA2	2	1	0	298	319	2	101	89	1
PSPH	0	1	0	74	226	9	24	64	2
ASIC3	0	7	0	313	723	36	130	254	5
TOM1L1	0	0	0	179	504	28	46	140	10
SELENOT	0	0	0	0	0	0	0	0	0
SOX21	1	1	0	242	328	2	79	88	0
FAM81B	0	0	0	184	463	30	57	138	6
IRGC	3	3	0	290	529	9	140	180	5
SYNM	0	2	0	857	2013	99	337	725	29
MAPRE3	0	1	0	97	181	2	34	53	1
OTUD7B	1	3	0	398	852	20	118	291	5
BMP10	0	1	0	189	416	11	71	129	1
TSSK3	0	1	0	131	297	12	36	97	0
SHE	1	1	0	284	582	10	97	178	2
ITPKB	1	2	1	546	1132	9	211	360	2
ASPM	6	4	1	1358	3892	205	438	1285	56
TMEM205	0	1	0	80	201	11	21	73	7
TTLL3	1	1	0	353	887	41	109	326	20
TRIM48	0	0	0	149	401	30	52	115	10
FAT4	4	7	0	2168	5566	61	731	1764	14
CTSB	1	1	0	298	715	33	138	239	8
DARS2	0	0	0	240	620	33	90	202	10
CLEC7A	0	1	0	93	271	23	35	86	6
CDCA4	0	0	0	120	288	7	54	96	2
TGFB1I1	0	0	0	223	493	15	75	154	4
SLC25A35	1	0	0	143	332	21	47	119	12
PIP5K1A	0	1	0	258	508	27	84	165	9
LRRC3C	0	0	0	153	333	18	45	119	2
RBM47	1	2	0	366	661	15	136	210	1
RNF31	0	3	0	552	1069	29	189	339	7
ACOT11	0	3	0	282	674	29	111	258	9
E2F3	1	1	0	243	459	1	71	126	0
HSP90B1	0	4	0	315	682	12	107	211	4
ATF6	2	0	0	287	726	29	88	218	10
POLD4	0	0	0	56	96	4	26	42	0
MSR1	1	0	0	219	710	32	73	251	7
COL15A1	1	7	0	687	1604	40	271	571	8
BCL7B	0	0	0	116	187	5	37	52	2
PSENEN	0	1	0	44	99	4	18	25	0
PIM1	0	1	0	192	245	3	71	83	0
TCF21	0	0	0	84	176	1	20	50	2
MYMK	0	1	0	126	245	8	53	90	1
RBP4	0	1	0	103	224	8	0	0	0
CCDC112	0	1	0	213	588	26	53	170	4
SLC28A1	1	0	1	343	778	35	133	263	8
CMTM3	1	1	0	105	219	7	42	80	0
TCN2	1	2	0	261	613	28	94	222	13
RFPL2	0	0	0	167	435	22	56	168	5
SLC43A1	0	1	0	265	556	20	97	194	2
OR8B2	0	0	0	137	359	9	57	108	3
TEDC1	2	0	0	342	692	35	117	229	11
H2BC7	0	1	0	147	230	10	72	64	4
GTF2IRD1	0	2	0	501	844	10	182	295	1
PRB1	0	0	0	107	343	24	41	122	12
SORT1	1	1	0	356	796	20	123	247	2
ERMAP	0	3	0	213	485	15	66	157	8
DPPA2	0	1	0	129	328	16	43	104	5
GAD1	0	0	0	273	465	13	103	138	0
APLP2	0	1	0	337	889	26	125	317	3
CFAP410	0	0	1	178	353	9	65	122	3
NASP	0	1	0	298	828	18	90	237	2
CEP112	0	2	0	362	1028	64	128	339	17
SPHK1	0	1	0	257	488	19	70	166	5
KLK5	1	0	1	144	354	16	52	131	0
FOXC2	1	4	0	431	799	14	133	270	0
KIR2DL4	0	0	0	191	524	26	72	187	7
FBXO21	1	2	0	302	532	14	124	141	0
OR52H1	0	0	0	137	364	9	32	125	4
CLP1	0	0	0	155	339	16	45	112	9
SQSTM1	0	0	0	278	612	26	98	217	3
BRF1	2	4	0	448	999	25	184	333	4
ECEL1	0	2	1	470	950	46	183	316	3
UBXN11	0	3	0	271	560	23	101	209	11
DUSP19	0	0	0	85	226	9	24	81	3
ZNF776	1	0	0	189	509	30	52	164	15
SGK3	0	0	0	165	407	17	48	108	2
UPK2	0	1	0	89	202	5	37	67	1
RHOBTB3	1	2	0	245	605	26	82	177	9
HAVCR2	1	1	0	132	347	8	56	103	2
ATP5MGL	0	0	0	49	128	9	18	42	3
ZNF141	0	0	0	174	524	23	45	166	7
PSMB9	0	0	0	95	221	9	35	69	5
PSTPIP1	1	3	0	250	552	28	112	174	7
CCDC80	1	1	0	472	1102	32	160	359	3
ENSG00000291315	0	0	0	1	7	1	3	16	0
TRAPPC4	1	0	0	128	230	11	45	65	1
WDR25	1	2	0	240	558	28	83	203	9
OR3A2	0	0	0	134	347	9	45	89	5
C17orf107	0	1	0	144	281	17	53	95	2
HRC	0	1	0	287	804	24	108	281	7
CEBPD	0	0	0	264	424	6	96	136	1
MAPK15	0	1	0	349	722	28	154	300	17
PSG6	0	0	0	280	742	35	121	317	17
OR9A4	0	2	0	147	353	14	58	142	3
POPDC2	1	1	0	160	380	21	51	126	7
PTPMT1	0	0	0	113	218	4	35	68	0
KLHDC7B	1	0	0	425	876	31	272	556	9
DUOXA2	0	2	0	171	451	11	50	149	4
CACNG3	1	2	0	157	219	2	55	39	0
CRYZ	0	1	0	132	392	22	34	123	9
OR5T3	0	1	0	150	397	14	46	124	7
PLIN4	3	5	0	845	1675	52	317	589	19
SSC4D	0	1	0	332	681	27	114	250	8
LRP1	8	19	0	2153	3582	20	808	1208	3
CD47	0	0	0	152	267	2	46	92	0
ZNF860	0	1	0	194	620	38	66	208	12
FAN1	1	1	1	432	1198	58	153	383	19
NEUROG3	1	0	0	155	303	14	0	0	0
NPIPB12	0	0	0	0	0	0	8	14	1
PCYT2	0	1	0	243	417	14	93	125	3
CEP135	2	1	0	390	1210	74	154	393	24
SDHAF1	0	1	0	68	170	6	19	55	1
PRODH	0	2	0	48	99	3	3	4	1
SSNA1	0	0	0	86	171	13	31	60	4
ENSG00000284691	0	0	0	0	0	0	71	103	2
MN1	1	2	7	789	1609	9	294	457	2
ENSG00000255641	0	0	0	74	221	17	34	95	4
TGM1	0	5	1	396	931	41	147	362	17
TRMT1	2	0	0	351	814	31	137	300	10
ZNF552	0	0	0	156	376	12	60	121	3
H3C15	0	0	0	2	0	0	0	0	0
CIAO2B	0	1	0	99	208	5	27	56	1
MEGF6	0	6	0	957	1996	75	415	749	33
LCE1E	0	0	0	54	152	7	22	58	3
RGL4	0	0	0	246	575	24	85	172	5
SUPT3H	1	1	0	132	367	19	47	89	6
COA1	1	1	0	68	167	11	25	47	2
ZCWPW1	1	3	0	240	589	34	82	188	10
ZBTB41	1	2	0	349	764	30	107	214	6
BRDT	0	2	0	324	939	37	123	312	6
AVPR1B	0	2	0	232	536	26	76	183	9
CELF2	1	2	0	261	320	1	0	0	0
PSMG1	1	0	0	125	305	10	45	105	4
TAGLN2	0	0	0	81	198	11	32	73	3
SCHIP1	0	1	0	78	198	6	20	51	2
TRIM66	0	4	0	578	1598	70	203	576	25
ATPSCKMT	0	1	0	93	297	15	36	103	7
UHMK1	0	1	0	209	417	12	74	112	1
CER1	0	2	0	128	399	12	50	117	2
NNMT	0	0	0	123	354	15	44	126	3
ZNF608	0	1	0	686	1564	6	260	461	2
SCRN1	1	0	0	197	426	8	68	152	4
WASHC1	0	0	0	145	352	26	26	68	9
FBXW11	1	2	0	225	329	9	65	80	3
PTGS1	1	3	0	282	603	24	108	217	11
RGS2	0	3	0	98	248	10	27	69	3
ADCY3	1	1	0	634	1157	31	238	381	4
VCPKMT	0	0	0	126	319	18	50	116	8
CD200R1L	0	0	0	115	294	12	45	86	2
WFDC5	0	2	0	67	119	7	24	42	3
ADAMTS18	0	6	0	760	1861	100	277	606	22
SLC16A5	0	0	0	241	543	19	89	213	8
NLRP11	0	1	0	530	1180	43	154	373	9
PCDHA7	1	0	0	577	1220	31	180	409	8
CALCOCO1	0	1	0	273	676	23	110	213	5
TAAR2	1	0	0	151	419	24	45	144	7
SPIDR	2	2	0	410	1089	47	153	369	17
NUDT3	2	0	0	94	144	3	29	44	0
SERAC1	0	0	0	242	609	35	72	189	9
GBF1	2	3	0	815	1694	52	0	0	0
GZF1	1	4	0	341	714	19	132	211	3
NKAIN2	0	0	0	95	191	5	28	59	1
NEU3	0	0	0	206	516	21	66	183	8
GABRA1	1	14	0	231	269	9	75	69	1
GUSB	1	1	0	348	701	40	152	215	10
ENSG00000288640	0	2	0	186	475	14	65	135	2
MAPK1IP1L	0	0	0	112	257	4	41	92	0
MT2A	0	0	0	22	60	2	10	23	0
FFAR2	0	1	0	182	381	13	56	166	6
CBS	1	1	0	68	114	4	6	12	0
ENSG00000257207	0	0	0	0	0	0	0	0	0
RPS23	0	0	0	78	69	0	21	10	0
PCDHA13	1	0	0	566	1171	49	177	407	12
TMEM170B	0	0	0	63	118	4	16	37	0
PPP2R3A	2	5	0	476	1283	44	160	421	6
SLC35A3	0	1	0	134	272	13	40	61	3
CD101	0	1	0	428	1034	59	144	332	20
VARS2	2	0	1	450	1065	55	155	337	16
GRAMD2A	1	2	0	143	362	15	40	118	2
TRIM39	0	0	0	199	277	5	64	82	0
KPNA7	0	1	0	288	596	36	105	228	11
ZNF48	0	2	0	272	650	15	96	218	3
PINX1	0	0	0	433	1082	43	143	367	8
OMG	0	2	0	170	377	5	56	107	1
C1QL4	0	0	0	143	314	8	46	88	0
ZFAT	1	5	0	597	1234	26	227	461	4
APOL1	0	0	0	184	472	31	66	161	7
SPATA48	0	1	0	185	499	22	54	167	6
OR52I2	0	2	0	146	345	11	41	135	1
GET3	0	0	0	197	286	12	77	72	1
SLC12A5	1	3	0	561	783	8	192	226	2
INHBB	0	0	0	267	466	5	104	159	0
NUP58	1	0	0	248	627	7	93	188	1
MCEMP1	0	2	0	85	176	6	34	48	4
DNAJB1	0	0	0	243	450	15	103	145	2
YY1AP1	0	1	0	316	885	54	115	283	8
ZNF250	0	2	1	229	429	14	77	123	3
PPIAL4D	0	0	0	52	142	5	1	10	0
TAS2R38	0	0	0	140	340	10	45	105	2
RPL9	0	0	0	96	167	1	30	62	0
SGPP2	1	0	1	199	444	13	96	147	3
NXPH4	0	0	0	176	375	9	45	106	1
CCDC168	0	8	1	2670	7610	390	869	2413	89
NAA15	2	5	4	317	597	6	106	148	2
STK33	2	0	0	201	577	13	65	190	6
CA14	0	0	0	176	363	25	61	127	4
PER1	1	4	0	755	1628	54	264	572	7
ZNF446	2	1	0	296	571	39	115	217	11
ENSG00000277611	0	0	0	34	71	1	9	21	1
RITA1	0	0	0	138	307	16	42	120	7
KPNA1	1	2	1	215	372	9	68	96	3
ABHD17A	0	0	0	226	374	7	87	120	3
RHPN1	2	4	0	426	873	42	155	334	9
LRRIQ4	0	1	1	260	589	19	88	186	6
ETV4	2	1	0	253	516	29	83	189	7
C8orf44-SGK3	0	0	0	165	407	17	48	108	2
CHI3L2	0	0	0	199	449	23	68	146	5
PLA2G4C	0	2	0	255	596	35	95	204	12
SLC6A17	1	3	0	360	622	11	150	221	2
BAG6	2	4	0	533	1114	11	170	359	1
DDAH1	0	1	0	159	298	15	59	81	5
TNFRSF21	0	0	1	293	686	11	130	213	3
LGR6	2	4	0	544	1030	25	175	347	5
TSTD3	0	0	0	36	93	3	11	36	0
TCERG1L	0	3	0	351	757	23	0	0	0
SPATA5L1	1	2	0	417	899	36	138	266	15
DPAGT1	0	0	0	180	327	10	61	100	4
NMUR2	0	0	0	208	492	18	65	156	4
POTEB2	0	0	0	25	49	4	0	0	0
DCAF5	0	1	1	408	796	11	138	249	6
CHD2	1	12	12	747	1259	6	279	358	1
FBXL19	1	5	0	415	568	7	137	193	0
DDX59	2	1	0	234	603	26	76	210	6
ZNF638	3	5	0	836	2224	17	282	738	2
PTRH2	0	1	0	71	153	7	25	54	1
S100PBP	0	0	0	177	445	13	72	133	3
ZNF621	0	0	0	140	470	17	46	149	11
S1PR1	0	0	0	206	297	1	66	74	0
KCNA5	0	0	0	436	874	23	144	257	8
DCAF8	0	2	1	228	404	12	83	133	2
BDP1	2	3	0	1043	2825	97	333	846	16
CEACAM4	0	2	0	155	307	15	55	111	4
ENSG00000285625	0	0	0	0	0	0	0	0	0
SMARCC1	1	4	0	468	1055	15	172	317	6
AGL	1	3	0	580	1661	72	197	534	25
SPOUT1	0	0	0	182	423	20	71	127	7
MSH6	0	6	0	762	1992	82	251	609	16
PRRT3	0	2	0	608	1267	50	192	415	8
RAB12	1	0	0	161	294	4	83	144	1
ATP6V0E1	0	0	0	38	89	3	11	20	0
FGD5	1	0	0	767	1653	4	299	649	1
CXXC4	0	1	0	248	383	2	93	94	0
WIPI2	2	5	0	288	497	14	111	140	0
TMED2	0	2	0	87	132	3	29	38	0
GBA1	0	0	0	245	507	24	84	136	4
XPOT	0	1	0	401	847	14	102	253	5
SQLE	1	1	0	235	563	10	67	155	1
STXBP5	0	2	0	493	1047	21	175	283	4
OR4D10	1	0	0	167	393	10	58	115	3
EXOC5	1	0	0	275	590	13	73	187	1
GPR87	1	0	0	169	419	18	59	127	6
TP53BP1	0	6	0	814	2036	49	267	595	5
C21orf140	0	0	0	0	0	0	0	0	0
FGL1	0	0	0	190	543	47	65	193	17
ARMT1	0	0	0	186	484	36	50	143	12
OR2A14	1	0	0	160	387	17	55	111	3
GRM1	1	2	1	637	1105	22	219	329	7
LYVE1	0	0	0	123	368	19	35	116	9
LYRM2	0	0	0	31	124	4	11	38	1
TMEM256	0	2	0	73	149	4	27	49	1
HOXC4	1	0	0	161	331	9	46	101	1
SPADH	0	0	0	68	172	7	0	0	0
ATP10B	2	5	0	650	1733	88	248	579	35
ZNF625	0	0	0	134	325	22	58	99	9
JUNB	1	0	0	220	343	2	72	82	0
SLFN13	0	0	0	367	914	56	127	327	14
PRKACB	1	2	0	159	261	8	44	74	4
ITGB3	0	3	0	352	854	31	110	281	5
ZNF443	0	0	0	231	799	35	93	279	13
ARFGAP1	0	2	0	236	457	19	107	175	5
ZAR1L	0	0	0	174	390	14	53	125	2
VASH1	0	1	0	200	436	5	72	143	1
FASTKD2	0	3	0	261	704	28	83	219	9
PLK5	0	2	0	223	469	19	99	194	13
SLC22A18	0	1	0	286	537	17	117	205	8
RBIS	0	0	0	48	114	6	11	30	1
KCNK18	0	2	0	182	414	12	0	0	0
CBY2	0	0	0	267	569	23	104	183	9
GCOM1	1	1	0	368	909	65	126	314	10
HEPACAM	0	2	0	194	465	8	73	137	1
ARL11	0	1	0	92	213	6	31	86	2
TIFA	0	1	0	67	153	8	25	52	4
CRMP1	2	3	0	436	720	9	140	214	1
KCTD14	0	1	0	131	316	17	52	100	6
KRTAP2-1	0	0	0	49	120	15	18	48	5
ZDHHC1	2	0	0	260	587	27	79	193	9
KRT82	1	2	0	268	627	28	106	236	7
OR13C4	0	1	0	144	367	19	42	128	5
SNTG2	1	2	0	270	683	30	103	226	12
C1QA	0	1	0	120	245	11	34	71	1
PAX3	0	4	1	251	503	5	83	129	0
C1QTNF3-AMACR	1	0	0	120	274	15	30	85	8
DEPDC4	0	1	0	198	519	40	64	168	12
ID2	0	0	0	110	169	2	44	48	0
C6orf163	0	0	0	109	339	21	49	111	5
DICER1	2	5	0	783	1489	28	280	443	7
TRA2B	0	3	0	148	159	3	39	38	1
DYNC1I2	0	3	0	224	529	25	69	153	6
ANKRD36B	0	0	0	347	898	29	70	281	10
NISCH	3	2	0	827	1495	34	316	498	5
NAT8L	0	2	0	261	354	4	87	112	1
UPF3A	1	1	0	263	644	33	105	218	8
BUD23	0	0	0	138	306	16	45	100	2
COX6A2	0	0	0	68	160	5	18	51	3
HOXD11	0	0	0	260	544	14	92	192	4
UNC5D	2	4	0	444	861	16	140	261	3
DCLRE1A	0	4	0	411	1069	52	0	0	0
ARL14EPL	0	2	0	75	201	16	26	80	4
GUCA1B	0	1	0	96	214	10	34	74	4
OR2S2	1	1	0	163	343	10	56	103	3
BTC	0	0	0	92	217	7	27	78	1
TMEM236	0	0	0	158	409	22	0	0	0
NUDCD3	1	0	0	186	444	15	68	121	1
SERGEF	0	0	0	226	524	29	67	166	7
H2AC14	0	0	0	148	171	13	64	40	3
FBXO40	0	0	0	306	744	41	84	280	14
C12orf29	0	0	0	138	342	23	41	94	3
LARGE2	1	1	0	402	868	29	157	324	10
MSGN1	1	0	0	107	244	3	41	77	1
CLCN3	0	2	0	318	550	14	99	148	3
ELOVL3	1	1	0	113	244	13	0	0	0
ACOT8	0	1	0	146	339	18	56	123	10
EFNA4-EFNA3	0	0	0	150	272	8	37	81	1
PLIN3	1	0	0	242	554	22	116	209	11
SLC10A2	1	4	0	187	484	25	70	170	11
MED18	0	0	0	93	209	9	33	63	3
CST5	0	1	0	73	204	15	34	71	6
GALNT10	0	1	0	292	662	29	102	194	13
GALNT3	0	1	0	244	640	35	73	209	12
OR10A2	0	0	0	155	365	12	50	125	3
ZNF235	0	1	0	255	715	41	86	202	13
NEK7	0	2	0	118	240	11	39	52	3
UGT1A5	0	1	0	258	589	18	106	234	11
ENSG00000285082	0	0	0	24	44	1	9	16	0
RBM14	1	5	0	415	726	2	155	217	0
ADAMTSL5	0	2	0	262	689	35	85	261	13
ENSG00000289025	0	0	0	0	0	0	1	2	0
TMEM200B	1	0	0	203	441	11	70	133	5
SPATA46	0	0	0	117	274	15	39	96	9
NRXN1	2	5	1	856	1638	15	312	481	6
CSTF3	0	2	0	263	345	21	68	96	5
ITGB6	2	0	1	362	961	45	120	324	16
CCDC196	0	0	0	0	0	0	34	98	3
LPAR6	1	0	0	138	354	15	42	116	2
ACOD1	0	0	0	181	529	27	56	171	5
PLEKHB1	0	1	0	136	285	10	52	112	3
ADAM18	2	1	0	317	836	55	107	272	16
RC3H2	0	2	0	492	1139	18	175	294	2
GPR89A	0	0	0	132	283	19	32	63	2
COPB2	1	2	1	328	705	9	103	196	1
RAB4B-EGLN2	0	1	1	105	218	6	50	86	2
DEFB106B	0	0	0	14	45	3	0	5	0
ME3	1	1	0	319	614	25	117	209	11
GLRB	1	0	1	203	580	19	68	168	3
CLDN25	0	1	0	106	285	13	30	96	7
OR1N2	0	1	0	143	364	13	44	113	6
DNAJC11	0	2	0	291	498	19	92	152	4
ANKRD18A	0	0	0	360	1015	51	112	353	19
UGT1A3	0	1	0	265	614	25	108	251	10
PCGF5	1	2	0	90	139	5	0	0	0
ZNF780A	0	0	0	231	653	29	76	214	13
MSX1	0	0	0	244	467	5	84	135	1
ARHGEF7	1	2	0	430	852	14	165	237	0
ITGB1BP1	1	0	0	88	202	12	33	55	4
RIMKLA	0	2	0	172	375	8	58	121	5
ENSG00000288914	0	0	0	17	35	4	1	8	2
SVOPL	0	0	0	268	611	22	101	220	4
SUMO3	0	0	0	49	72	1	23	21	2
MEI1	0	1	0	625	1376	47	202	455	20
WDSUB1	0	1	0	178	485	29	56	164	11
ERG	0	1	0	235	410	3	96	116	0
KHDRBS3	1	0	0	158	323	9	57	106	2
NEBL	0	3	0	427	1331	66	0	0	0
TUG1	0	0	0	0	0	0	51	66	0
MEP1B	0	4	0	279	707	49	84	230	24
NOC2L	1	3	0	541	1097	59	214	373	21
OR51I2	0	0	0	164	492	10	46	155	7
ACTR5	1	0	0	329	713	39	118	235	7
PPP1R27	0	1	0	95	229	8	42	84	2
CDK8	0	7	0	184	239	14	62	52	1
CFAP69	0	1	0	349	973	44	105	321	12
FOXS1	0	2	0	164	360	12	66	142	0
PHC2	0	0	0	407	818	21	151	265	4
ZRANB1	0	3	0	269	533	14	0	0	0
RAB3A	0	2	0	113	189	4	43	48	0
MEGF10	0	2	0	494	1293	52	168	427	11
UAP1	1	2	0	204	544	17	69	139	6
OPN1SW	0	1	0	162	400	15	65	158	2
MAK	1	0	0	234	626	35	79	193	10
UBXN2A	1	0	0	95	219	15	29	74	5
ADCYAP1R1	0	0	0	214	423	21	76	123	5
MAK16	1	0	0	118	268	7	38	96	1
GFUS	0	2	0	189	427	15	89	140	2
TPP1	0	0	0	247	639	26	91	218	4
HSPA1B	0	0	0	111	195	9	36	65	2
ZNF670-ZNF695	0	0	0	41	115	10	17	41	8
ESD	0	0	0	107	300	16	31	90	2
TDO2	1	0	0	177	466	34	64	146	17
NANOGP8	0	0	0	0	0	0	31	79	6
CDX2	1	0	0	204	336	4	76	97	1
ENSG00000206549	0	2	0	202	438	20	77	157	6
MTCH2	0	0	0	118	269	8	33	78	0
CHMP2B	0	0	0	77	237	14	21	66	6
TBC1D4	2	2	1	594	1382	71	207	450	17
TUFM	0	2	0	249	447	16	90	136	2
SYNE4	1	0	1	193	429	24	67	150	10
TMEM191C	0	0	0	168	339	27	43	73	5
PBX4	2	0	0	199	410	17	76	133	5
USP17L20	0	0	0	0	0	0	0	0	0
MRPS24	0	0	0	89	184	12	28	67	2
RDH12	0	0	0	166	381	11	62	122	5
GCK	2	1	0	242	357	14	90	79	1
DNMT3L	0	1	0	114	261	18	36	93	7
ERF	2	6	0	392	573	8	134	179	4
NAA80	0	0	0	139	335	9	37	137	3
ENSG00000288000	0	0	0	0	0	0	0	0	0
TNC	2	7	1	993	2466	65	396	880	20
ENSG00000283189	1	0	0	242	529	20	88	154	3
TAS1R1	0	0	0	404	932	34	145	306	9
ELP6	0	1	0	131	277	13	33	92	5
ZNF837	0	2	0	419	873	40	138	330	13
BMF	0	2	0	81	195	8	28	65	2
GPX1	0	0	0	0	0	0	0	0	0
SLC25A28	0	2	0	204	240	5	0	0	0
ARL16	0	0	0	124	264	12	51	88	2
METTL9	0	0	0	149	214	6	44	55	0
MNT	0	5	0	390	700	5	140	234	0
UGT2B10	0	0	0	238	679	38	69	235	16
PCDHGB4	0	0	0	469	1078	37	158	345	11
CCDC187	0	0	0	484	1062	57	446	916	43
NELFA	3	3	0	382	568	16	165	205	2
IFTAP	0	0	0	74	235	21	21	74	5
CYTH2	0	0	0	228	369	13	99	108	2
PLEKHN1	1	3	0	405	902	36	163	356	11
CHRNA2	4	3	0	284	619	25	113	208	10
TM9SF1	1	2	0	267	551	16	92	188	3
CDR2	0	1	0	236	480	19	89	139	8
DOCK9	5	11	0	900	1894	47	319	627	5
CLRN1	0	1	0	100	257	16	33	87	3
IFNL4	0	0	0	0	0	0	0	0	0
IL5	0	0	0	59	157	4	13	48	2
EVI5	2	0	0	321	814	35	102	248	14
TMEM38B	0	0	0	116	365	20	38	126	5
PINLYP	0	0	0	91	242	6	38	75	1
ENSG00000284461	0	0	0	109	216	7	42	63	2
RBBP6	2	4	0	760	1695	7	234	535	1
GALNT5	2	1	0	404	1095	58	140	322	21
ASB16	4	0	0	275	637	31	103	231	11
TUBB1	0	0	0	232	525	28	90	192	10
DNAJC6	0	1	0	365	967	21	143	298	0
GAPT	1	0	0	78	183	10	23	73	3
ENSG00000250264	1	0	0	368	837	29	125	270	10
WDR47	0	0	0	372	706	25	126	208	7
PPIG	0	3	0	277	682	16	107	193	4
THAP10	0	1	1	114	300	17	45	92	6
ENSG00000283205	0	0	0	0	0	0	16	32	2
CLN5	0	0	0	160	409	24	54	127	7
ZNF225	0	1	0	253	710	44	103	239	12
ENSG00000251184	0	0	0	39	101	3	12	36	1
LGALS9	0	0	0	152	364	14	64	130	4
MTARC2	0	0	0	164	372	22	54	110	7
KHDC1	1	1	0	61	191	14	19	70	3
SELENOS	0	0	0	0	0	0	0	0	0
TTLL8	1	0	0	406	915	46	169	342	14
GRIK3	2	6	0	471	867	18	185	263	2
KCNJ2	0	1	0	189	306	13	77	82	1
NUP35	0	1	0	141	361	12	44	103	5
SHMT2	0	0	0	231	500	20	92	149	7
UQCC1	0	0	0	108	327	25	31	109	6
CLK4	0	1	0	182	444	32	64	133	7
ISCA1	0	0	0	62	125	3	18	39	1
C10orf67	0	0	0	73	223	14	0	0	0
CTSL	0	0	0	121	332	19	31	106	4
GSTM5	0	0	0	96	269	8	37	95	4
ATP8B2	1	2	0	527	1000	26	199	315	6
FAIM	1	0	0	72	209	6	34	63	2
KHDC3L	0	1	0	125	286	11	46	91	3
FCN2	0	1	0	172	415	20	65	137	9
WSB2	1	2	0	174	277	8	81	88	1
KLF11	0	1	0	298	720	18	118	270	2
DLK1	0	1	0	214	467	7	81	148	0
ZNF589	0	0	0	148	400	31	47	110	10
KIF18A	1	2	0	343	986	33	109	280	6
CHST1	0	1	0	247	416	15	81	102	1
COA4	0	0	0	34	92	8	15	36	2
CAMKMT	0	0	0	156	391	21	56	123	11
TMEM92	0	0	0	85	176	4	29	56	0
RNF24	0	0	0	45	122	4	16	42	1
VPS8	1	4	0	527	1365	45	192	429	15
MYO15B	0	2	0	0	0	0	639	1443	67
ZC3H3	1	3	0	580	1183	15	225	413	6
FZD10	0	2	0	358	697	21	112	213	9
ABHD17C	1	0	0	192	249	13	80	57	3
COL19A1	0	2	0	499	1270	36	159	402	14
PBK	0	1	0	112	341	13	36	110	4
SNRPB	0	0	0	117	207	1	34	41	0
NANP	0	0	0	122	288	12	44	90	4
UEVLD	2	2	0	185	448	31	60	140	5
CALML6	0	0	0	89	222	16	37	74	4
UBXN4	0	0	0	162	453	14	59	152	5
BEND7	1	0	0	173	446	15	0	0	0
AZI2	0	1	0	152	378	15	51	116	6
TRIM15	0	0	0	248	511	25	94	180	7
BYSL	0	2	0	211	472	19	80	170	3
COPS8	0	2	0	104	213	3	28	50	2
FAM177A1	0	0	0	97	280	16	35	99	2
RTN1	2	3	1	431	906	14	152	298	2
OLIG2	0	1	0	219	390	5	89	112	1
HOXA6	0	0	0	142	331	15	34	127	4
ELMO3	0	2	0	386	847	35	157	297	10
MYL12B	0	0	0	53	116	1	23	20	1
RNF150	2	0	0	229	523	13	65	153	2
PCDHGA7	1	1	0	514	1175	41	165	377	15
CNTLN	2	3	0	699	1931	124	213	590	40
CCDC34	1	1	0	153	427	25	47	140	5
VEZT	1	0	0	318	725	29	88	228	3
RBM45	0	2	0	183	423	22	58	119	17
ENSG00000260007	0	0	0	55	120	7	25	50	2
LGSN	0	0	0	236	617	32	93	202	8
ASXL3	1	3	26	962	2361	22	336	772	1
TBC1D22A	1	1	0	290	573	24	120	193	2
MX2	0	2	0	337	749	31	132	256	11
PROM2	1	2	0	453	888	41	172	346	11
SUCO	0	0	0	442	1217	31	168	375	4
STAP1	0	0	0	125	310	12	48	105	7
EFS	0	1	0	274	688	28	112	242	4
CECR2	2	0	1	711	1602	15	265	544	5
CCDC7	2	1	0	494	1401	79	0	0	0
CPXM2	0	0	0	371	883	38	0	0	0
RFX3	0	6	0	375	629	9	134	155	0
OR1E1	0	0	0	134	331	13	41	88	4
LAMA4	1	5	0	742	1936	62	239	637	12
ADHFE1	0	5	0	211	553	16	82	173	3
CCDC97	2	2	0	199	390	19	65	138	10
GARIN1A	0	2	0	149	359	18	55	113	3
DDI1	0	1	0	191	452	22	77	165	8
ENKD1	0	2	0	184	423	17	71	169	7
FBXO47	0	0	0	153	453	22	50	162	7
PM20D2	0	0	0	223	530	18	80	177	2
RND1	0	0	0	114	229	9	32	68	1
PTPN11	0	46	0	229	400	4	85	110	0
CFAP45	0	2	1	227	637	29	82	231	16
PTPN18	0	1	0	264	599	37	99	183	7
SENP6	0	2	0	389	1114	22	133	337	1
OR13C7	0	0	0	0	0	0	0	0	0
GNA14	0	2	0	158	455	33	56	158	10
ASRGL1	1	0	0	163	364	14	57	110	5
KCMF1	0	0	0	143	300	1	40	79	0
ENO1	1	3	0	218	467	18	93	162	4
ZNF667	1	1	0	221	565	25	61	198	5
ABLIM3	0	0	0	307	711	25	108	276	5
OR5AL1	0	0	0	0	0	0	0	0	0
RAD51D	0	0	0	144	375	24	54	121	6
ZNF572	1	1	0	165	547	22	53	172	10
GFRA3	1	0	0	197	372	13	74	117	5
ZSCAN21	0	2	0	213	532	23	75	170	8
LRRC46	0	0	1	142	296	14	40	92	5
MIB1	0	2	5	426	929	174	147	215	41
SENP5	0	2	0	294	672	16	106	186	1
GADD45A	0	0	0	97	158	2	38	39	1
DGAT2	1	1	0	183	409	24	67	134	7
DMBX1	0	0	0	207	395	9	77	152	1
OIP5	0	2	0	130	300	17	40	94	8
FGFR3	5	15	0	622	964	15	270	356	2
IRAK2	1	0	0	296	723	31	120	241	10
DEPDC1B	0	2	0	223	510	29	80	165	5
KRTAP4-5	0	1	0	82	195	11	26	80	4
SBF1	2	8	1	1332	2389	43	521	852	7
ZSCAN5A	1	2	0	249	614	16	110	201	3
SLC29A3	0	2	0	265	511	18	0	0	0
GOLGA8A	0	0	0	72	182	9	9	27	1
PRR23C	0	0	0	167	324	18	56	113	2
VHLL	0	0	0	68	156	11	29	61	2
OR2A5	0	1	0	163	379	12	65	132	7
GH2	0	0	0	132	307	10	47	105	1
PIH1D2	0	0	0	108	307	20	30	89	7
GRP	0	0	0	76	198	9	19	63	1
NPHS1	2	1	0	653	1413	57	215	490	16
DNPEP	0	1	0	234	592	23	81	210	7
SLC12A4	2	2	0	571	1169	31	196	415	11
TANC1	1	5	0	861	1797	53	286	577	15
RNF144B	0	0	0	151	320	18	43	107	10
APCS	0	1	0	110	282	21	31	93	8
WNT4	0	0	0	186	358	4	78	122	1
NRDC	1	1	0	458	1019	31	143	292	8
CEP63	1	3	0	270	791	51	93	244	16
DEFB134	0	1	0	27	105	8	8	42	1
CEP43	1	0	0	193	459	18	67	149	3
CASP8AP2	0	4	1	714	2032	17	237	611	3
CCDC102A	0	3	0	326	738	23	122	265	3
MEN1	3	1	0	312	480	12	106	121	2
CTC1	0	5	0	621	1373	66	185	441	23
HERPUD1	0	1	0	153	396	15	49	115	3
ENSG00000264813	0	1	0	372	752	29	129	314	12
BORCS7-ASMT	0	1	0	63	136	9	0	0	0
SUGP2	1	4	0	458	1151	15	164	376	2
WDR87	3	5	0	1108	2691	177	356	952	79
RGS10	0	0	0	76	160	6	0	0	0
PHF3	0	4	0	795	2167	33	256	637	6
IFT81	0	5	0	233	652	41	69	193	16
IRS2	3	2	0	1154	2024	12	400	608	2
BOLA2B	0	0	0	0	0	0	0	0	0
ENSG00000284526	0	0	0	20	51	2	53	102	5
GK3	0	0	0	0	0	0	69	202	13
SMIM35	0	0	0	0	0	0	24	36	3
MYH14	2	6	0	1052	2221	63	409	797	15
AP5B1	0	1	0	637	1151	52	234	429	10
KLRG1	0	1	0	77	142	9	22	48	6
TLR2	0	1	0	305	763	26	88	250	12
F7	1	3	0	240	498	23	90	176	8
ACP7	0	1	0	215	512	32	79	180	12
ALG9	2	2	1	288	636	26	96	193	6
ZNF729	0	0	0	523	1497	68	172	461	14
CPLX1	0	1	0	85	212	5	34	75	0
ENAH	0	1	0	263	517	7	89	173	1
SERPINA3	0	1	0	238	589	24	89	192	9
VIT	0	0	0	356	1014	50	128	360	24
LMBR1	1	1	0	223	475	26	67	138	8
RPL28	0	0	0	102	206	2	42	68	0
SNRK	1	0	0	352	577	6	129	180	0
CYP4F3	0	0	0	256	686	27	93	249	9
UQCRB	0	0	0	38	124	10	16	45	5
FAM227A	0	1	1	227	665	29	81	219	9
ABRAXAS1	0	0	0	149	441	17	52	149	10
EXOSC3	0	1	0	155	363	18	50	117	2
LRP3	3	6	0	449	942	29	189	336	7
GDF9	1	0	0	190	552	22	63	161	12
F13A1	0	2	1	356	762	29	120	245	2
C1QBP	0	0	0	182	318	10	63	88	1
POLD2	0	0	0	230	446	14	85	144	6
SLC1A3	0	1	0	223	497	10	79	158	1
USP6NL	1	2	0	404	997	32	0	0	0
PCOLCE	0	1	0	220	540	20	87	158	7
IFNAR1	2	0	0	208	568	30	65	170	10
UBL4B	0	0	0	84	186	8	28	72	5
SLC16A11	0	0	0	307	574	20	96	185	3
XCL2	0	0	0	62	139	5	21	43	2
TACR3	1	0	0	229	510	25	57	165	8
PALM3	0	1	0	319	816	21	115	282	5
OCEL1	0	0	0	159	366	18	58	114	5
DZANK1	0	2	0	310	820	47	129	287	15
TENT4A	1	1	0	512	890	6	174	279	0
BRICD5	0	3	0	177	407	25	77	155	8
ECSCR	0	1	0	37	102	2	28	65	1
KLF7	0	6	0	174	220	1	61	80	0
ACBD5	1	0	0	214	512	18	0	0	0
THBS3	0	0	0	412	965	46	148	303	17
ITPR2	1	13	0	1139	2480	115	386	712	18
CD1C	0	1	1	155	421	29	56	138	11
TIMELESS	0	2	0	558	1263	78	168	461	28
H3C4	0	1	0	132	176	11	50	47	8
GPR32	0	0	0	200	417	17	75	147	6
MET	1	3	0	545	1312	33	191	348	9
KLK13	0	0	0	136	334	16	41	115	3
ATP5F1B	3	5	0	210	369	6	54	103	0
LPAR2	1	2	0	169	369	12	54	133	5
PSMC5	0	6	0	206	212	6	81	56	1
N4BP1	0	4	0	368	874	11	117	249	0
SLC35D3	0	1	0	285	489	18	77	155	2
GPER1	0	3	0	216	446	10	98	165	2
MYPOP	0	1	0	247	515	15	79	156	0
DNTT	0	2	0	232	567	30	0	0	0
MCCC2	0	0	0	229	615	35	76	188	12
WASHC2A	0	0	0	478	1259	60	0	0	0
WIZ	2	1	0	1015	2052	13	388	711	1
PCSK7	0	2	0	337	720	21	110	253	6
SLC37A4	0	3	0	200	480	28	74	162	3
CERS6	0	2	0	167	379	11	72	111	3
SLC35B2	0	1	0	275	574	17	89	199	4
ENSG00000283208	0	0	0	95	246	14	38	77	6
SAA4	0	0	0	57	159	4	18	57	0
OR4K5	0	1	0	136	376	11	63	138	6
SLC30A4	0	0	0	163	401	9	44	116	4
LGALS9C	0	0	0	129	254	17	40	81	5
CDADC1	0	3	0	197	482	20	59	124	3
CDH12	1	0	0	383	910	30	107	263	5
SGO2	3	2	0	429	1225	39	134	370	8
CHCHD5	0	0	0	50	139	8	22	55	1
CISH	1	1	0	117	254	9	41	92	4
FAM193A	2	2	0	655	1350	6	310	566	1
RPS24	0	1	0	75	114	1	0	0	0
MFSD13A	1	0	0	269	567	20	0	0	0
ACYP1	0	0	0	42	87	6	14	35	2
TUNAR	0	0	0	0	0	0	12	19	0
ENSG00000269237	0	0	0	27	75	5	15	35	4
LYPD4	0	0	0	115	271	14	32	98	4
LAMP5	0	1	0	132	371	12	53	125	7
KLF6	0	1	0	143	230	2	0	0	0
ZNF593OS	0	0	0	0	0	0	4	22	3
PPDPF	0	1	0	91	193	1	31	68	0
STX11	0	1	0	171	412	18	58	134	3
HBE1	0	0	0	86	179	6	24	68	0
ENSG00000288570	0	0	0	0	0	0	6	10	0
STX12	0	1	0	103	268	16	34	75	0
ENSG00000276087	0	0	0	55	169	12	24	58	4
KCNG3	3	1	0	323	480	7	107	116	0
MCFD2	0	0	0	70	178	4	34	67	0
PHTF1	0	2	0	280	765	56	88	248	24
CD302	0	0	0	96	270	12	27	98	1
MS4A3	0	0	0	88	262	9	26	85	2
LMF1	1	2	0	397	848	44	156	306	16
SSMEM1	0	0	0	89	216	19	27	77	10
GAL3ST3	2	3	0	331	714	23	119	243	8
SIGLEC15	2	0	0	205	464	19	69	154	5
ALG12	0	0	0	290	575	19	128	211	7
ZNF649	0	1	0	208	455	18	64	140	6
MYL7	0	1	0	83	178	8	25	77	2
TRAF3	1	2	0	270	390	3	111	122	1
C2orf80	0	0	0	91	223	10	30	79	5
SVBP	0	0	0	29	62	8	8	16	1
GKAP1	1	0	0	157	343	15	39	85	3
KCNK15	0	0	0	210	436	13	65	161	4
SLC5A8	0	1	0	310	638	23	99	209	6
ELAPOR2	0	4	0	457	1111	45	146	328	10
GFM2	1	1	0	286	827	47	85	246	12
IL11RA	0	0	0	192	449	28	59	164	9
ITFG1	3	1	1	273	591	10	91	195	3
SLC26A6	2	1	0	399	801	23	159	285	10
DOP1B	5	7	1	1119	2418	96	436	845	20
TMIE	0	0	0	74	180	9	27	71	2
GLMP	0	2	0	209	443	20	53	140	8
HSPD1	0	2	0	224	459	4	73	107	0
COMMD5	0	0	0	126	255	13	41	83	5
REXO5	0	1	0	308	695	30	99	205	9
GLI3	1	0	3	895	1911	14	351	614	1
SEMA6C	1	1	0	541	1120	27	182	402	11
EML4	1	4	0	515	1300	35	164	379	11
WWP1	1	1	0	356	770	27	106	230	2
MRPS22	0	0	0	157	440	21	45	138	4
UTP11	0	0	0	103	268	17	33	88	6
OR4K13	1	0	0	137	409	15	51	124	7
SPP2	1	0	0	98	236	12	36	99	3
KCTD8	1	1	0	278	610	13	87	195	6
MICOS10-NBL1	0	0	0	29	76	3	5	31	1
GSTA2	0	0	0	132	304	13	42	105	3
WNK2	2	7	0	1282	2438	41	550	847	8
ORM1	0	0	0	107	227	15	40	80	5
TBC1D3G	0	0	0	0	0	0	0	5	0
GAA	3	0	0	576	1224	49	206	449	14
TIMM13	0	1	0	67	141	6	21	50	0
GGCX	1	1	0	334	763	37	102	247	10
ARHGAP5	0	0	0	566	1432	18	200	405	3
NPW	1	0	0	136	249	7	43	87	1
KRTAP3-3	0	0	0	43	107	9	14	31	3
SH3GL2	0	2	0	186	405	14	63	124	2
PRR11	0	1	0	127	353	22	45	107	6
NAT9	0	1	0	100	234	14	38	83	3
PRSS55	1	0	0	270	624	40	108	207	8
ATOH1	0	0	0	234	448	4	70	152	2
ADAM32	0	1	0	308	767	35	94	268	17
LMAN1	1	3	0	229	610	25	68	182	10
TTBK1	2	2	2	741	1382	19	258	457	2
FAM90A27P	0	0	0	0	0	0	108	206	13
RPL12	0	0	0	94	145	5	36	41	2
C1RL	0	1	0	242	528	35	87	190	6
CCR6	1	0	0	185	317	14	62	94	3
ZFAND6	1	1	0	92	170	4	22	60	0
PLAGL2	0	0	0	266	465	7	85	132	1
FAM246C	0	0	0	0	0	0	0	0	0
H2BC1	0	0	0	115	197	3	52	67	2
SESN2	0	0	0	247	487	25	84	159	10
SYT10	1	2	0	235	545	20	73	176	7
GMIP	2	2	1	533	1049	27	192	333	6
CDH2	1	5	0	412	832	13	148	273	4
AKAP10	1	1	0	293	612	13	95	215	6
URAD	0	0	0	131	260	12	48	81	5
DUT	1	1	0	130	320	11	47	91	3
PRB2	0	0	0	224	782	40	66	201	14
C11orf68	0	1	0	162	403	10	72	119	2
NKX6-2	0	3	0	246	456	17	0	0	0
SPATA31A5	0	0	0	62	146	8	1	1	0
NUBPL	0	0	0	137	354	14	47	122	2
ADAMTS8	1	3	1	508	1029	37	185	386	12
LITAFD	0	0	0	0	0	0	16	41	1
TP53TG5	0	0	0	130	304	20	46	110	8
CNFN	0	1	0	66	156	6	18	51	0
BEST4	0	1	0	254	505	24	88	134	5
UBE2E2	0	0	0	91	149	4	30	33	2
SLC22A1	0	1	0	296	645	31	122	243	10
NHEJ1	0	0	0	139	321	18	47	97	4
CCDC142	0	0	0	385	848	47	133	259	10
HOXB5	0	1	0	169	351	5	34	94	2
CLGN	0	0	0	216	606	21	67	182	7
NDUFS8	0	1	0	113	237	10	42	83	3
PBX3	0	3	0	227	386	5	61	115	1
CTU2	2	2	0	471	1036	45	175	384	14
LYSMD1	0	1	0	106	260	7	29	85	2
PDLIM7	1	0	0	287	543	17	122	193	1
AQP12A	0	0	0	143	256	9	49	83	2
LSP1	0	0	0	168	404	16	62	153	4
ADGRE1	1	1	0	401	945	42	132	307	13
AGPAT4	0	1	0	186	301	13	67	94	3
CSK	0	1	0	226	280	8	86	79	1
PCP2	0	0	0	80	174	9	31	76	4
OR2T5	0	0	0	29	97	4	3	6	0
TEX48	0	0	0	54	115	7	21	40	1
IARS1	1	1	0	522	1365	60	168	414	19
PIK3C2A	1	3	0	652	1651	57	189	465	10
OAS3	1	1	0	512	1182	68	189	405	22
PIK3CA	0	15	0	374	527	16	104	129	2
ADCK2	0	2	0	302	622	27	91	209	7
CDK1	0	1	0	113	142	2	0	0	0
NR3C1	1	2	0	283	652	10	97	182	2
NELL1	0	3	0	339	912	34	124	298	8
SH3RF1	1	2	0	372	882	15	137	276	2
MBTPS1	0	4	1	620	1511	66	212	478	14
PHF23	0	1	0	235	433	7	65	128	1
ZNF844	1	1	0	227	738	38	71	248	12
ENSG00000270149	0	0	0	1	11	0	10	22	0
ARL6IP6	0	0	0	167	386	12	61	140	1
TICRR	1	7	1	903	2357	85	313	758	22
DDT	0	0	0	9	26	3	5	11	0
ANP32D	0	1	0	68	152	6	24	49	2
MANEAL	0	1	0	274	544	21	106	185	3
GUCA2B	0	0	0	64	128	5	22	45	1
COL4A4	1	3	0	738	1927	45	254	626	7
GJA5	0	2	0	186	357	22	61	87	6
POLE3	0	2	0	80	171	7	26	54	1
UTP14C	0	0	1	321	763	22	103	266	10
SAMD15	0	0	0	243	721	37	83	203	10
TOP1MT	3	2	1	344	805	45	128	289	13
FABP1	0	0	0	55	137	5	15	41	0
EMC1	1	2	0	454	1036	55	145	345	18
DRD3	0	0	0	176	414	13	60	122	3
OR5H8	0	0	0	0	0	0	0	0	0
RAX2	0	0	0	134	245	6	53	116	0
CLVS2	0	0	0	153	258	11	48	67	3
ALG6	0	3	0	201	468	17	69	159	1
MBNL1	0	0	0	171	270	6	62	67	1
IREB2	1	2	1	374	891	17	140	244	2
DAG1	1	3	0	453	953	14	161	308	1
IRF3	1	3	0	212	452	18	92	142	0
MICAL3	2	3	1	1037	2177	44	367	773	13
EPM2A	1	1	0	214	418	24	67	149	6
ACOX2	0	3	0	300	739	38	114	269	10
PRSS53	1	0	0	260	645	35	94	221	14
ZNF438	1	5	0	335	898	30	0	0	0
MITF	0	2	0	248	569	14	98	170	2
LOXHD1	1	6	0	1072	2759	107	403	992	35
PDCD7	1	2	0	319	632	30	99	231	12
NSUN4	0	1	0	161	405	14	41	136	10
KLKB1	0	1	0	268	694	39	96	224	16
SPTLC2	0	2	0	248	499	9	87	108	4
IL20RB	0	0	0	154	327	13	63	105	6
HPS6	0	1	0	473	952	50	0	0	0
RALGAPB	1	4	0	605	1294	12	190	379	0
VAV2	3	1	0	461	867	28	175	294	7
MIA-RAB4B	0	0	0	52	149	4	13	44	1
MCM2	1	1	0	445	963	26	165	339	3
TRAM2	0	0	0	181	333	5	63	117	0
FANCF	1	1	0	245	520	29	81	161	3
SHC2	0	3	0	384	828	26	155	325	11
CNNM4	0	4	0	397	741	15	140	234	4
TFAP2E	0	0	0	266	469	15	92	167	4
SPATA3	0	0	0	84	245	10	22	80	3
TMEM40	0	0	0	113	278	10	39	97	5
SLC28A2	0	0	0	277	704	32	99	218	11
ASAP1	0	0	0	509	948	17	184	248	3
MAGOH	0	1	0	48	69	1	14	19	0
CFAP99	0	3	0	468	989	65	165	378	28
RIPK4	2	3	0	439	859	20	203	308	8
ENSG00000284772	0	0	0	12	28	2	2	11	1
YWHAH	0	1	0	127	159	8	56	33	0
FBXO31	0	2	0	372	648	15	141	168	1
SHLD3	0	1	0	94	249	17	29	86	4
SGTB	0	1	0	108	271	10	28	58	0
SCG2	0	1	0	247	696	12	84	216	4
CEP83	0	0	0	260	699	49	101	219	17
RPL4	0	3	0	221	461	2	57	163	0
MC2R	0	0	0	155	351	7	68	114	1
CHCHD10	1	0	0	87	189	8	32	54	4
MARCKS	0	2	1	296	581	6	100	173	0
CCDC185	1	1	0	359	900	41	108	326	16
ANO3	0	4	0	412	860	53	129	255	11
PDIA4	0	1	0	313	751	22	112	235	7
SLC18A1	0	4	0	324	846	18	114	303	8
SNAP47	0	1	0	183	449	15	70	158	3
WIPF1	0	0	0	254	554	2	92	168	2
ING4	0	2	0	111	215	7	33	52	1
SUPT6H	1	9	1	774	1257	3	281	388	1
POFUT2	2	1	0	259	468	17	105	149	3
CHRNA1	0	1	0	225	458	20	77	144	4
NRG1	1	2	0	306	690	10	110	268	2
SNX16	0	0	0	137	333	16	37	90	4
ENSG00000273049	0	0	0	52	153	8	17	36	2
CA5A	0	0	0	198	457	25	70	170	4
ANAPC4	0	0	0	276	644	27	95	191	3
KIAA1549	3	6	0	1032	2251	41	419	808	3
PPP1R32	2	1	0	202	525	21	76	169	10
OR2Z1	1	0	0	176	423	23	66	144	5
VAPA	0	0	0	119	230	3	39	66	0
CFAP126	0	0	0	75	167	12	17	56	3
PIGC	0	0	0	118	286	17	37	88	1
VSIG8	0	0	0	269	489	24	87	157	5
LAPTM4B	0	0	0	116	284	17	43	92	3
OR5M9	0	3	0	156	418	12	49	161	3
MGRN1	1	1	0	446	943	12	181	349	5
ADSS1	0	1	0	246	571	28	94	228	5
MEIKIN	0	0	0	16	36	2	53	128	7
SMR3B	0	0	0	49	108	5	11	32	3
TMEM233	0	1	0	59	112	4	18	34	1
MAGEL2	0	1	7	747	1709	18	274	583	8
GAPDHS	1	0	0	185	478	17	59	174	6
ST6GALNAC3	0	1	0	113	341	13	43	115	5
QPCT	0	0	0	166	493	27	45	173	11
UBE2J1	0	1	0	140	276	13	46	102	2
FASTK	1	1	0	298	547	17	99	173	3
LY6G5C	0	0	0	62	131	6	19	37	4
HNF4A	1	5	0	265	429	9	108	132	2
CHST4	0	0	0	164	429	28	62	168	12
ENSG00000268173	0	12	0	443	822	22	162	267	3
LRRC32	0	0	0	400	742	16	150	276	3
DDX43	1	1	0	272	670	26	97	206	11
HSPA2	3	1	0	336	536	9	119	145	3
MVD	0	2	0	294	602	19	105	208	8
ARPC4	0	2	0	85	103	1	26	18	0
KLRG2	0	1	0	272	595	31	78	181	8
GDPD3	0	1	0	142	339	13	51	112	7
C2CD6	1	4	0	582	1633	100	185	507	22
NMRAL1	0	1	0	171	424	24	67	150	4
C1QTNF12	0	0	0	226	426	17	90	176	6
ITGA4	1	2	0	480	1040	30	165	294	7
IER3	0	0	0	81	154	5	31	35	1
BRINP1	3	4	0	390	766	4	150	269	3
GSTP1	0	0	0	121	250	14	36	89	4
METTL3	2	1	0	252	398	28	82	116	7
FOXD3	0	2	0	399	632	14	130	195	2
POM121L2	0	3	0	439	1138	38	140	345	10
RUSC2	1	2	0	684	1577	26	248	526	8
CUZD1	0	0	1	228	620	27	0	0	0
OR4K15	0	0	0	154	395	10	54	143	4
ACTN4	2	3	0	458	709	6	204	228	0
GSTT4	0	0	0	0	0	0	40	88	5
IL18BP	2	0	0	100	224	10	30	86	5
PRKCH	1	1	0	319	617	19	97	187	2
PTGR3	1	0	0	199	490	16	68	187	1
UGT3A2	0	0	0	207	546	34	73	177	10
TEN1-CDK3	0	0	0	71	139	5	25	41	2
UBE2U	1	0	0	103	302	19	39	89	8
HIP1	2	2	0	451	982	26	162	301	1
CYP1A2	0	0	0	280	622	28	90	210	8
BRSK2	5	3	0	517	759	7	205	242	1
RALA	0	4	0	87	90	4	23	25	0
FANCG	0	0	0	297	629	38	98	208	12
PIEZO1	6	12	0	2339	4755	182	1026	1713	43
DNAJB9	0	1	0	86	269	14	27	89	3
ARRDC3	0	2	0	163	365	6	42	101	1
C1orf105	0	0	0	63	191	9	19	63	2
SETD7	0	1	0	169	360	8	53	100	2
GDF10	1	0	0	300	669	18	0	0	0
CPM	0	0	0	183	409	19	59	118	3
H2AC25	0	0	0	110	167	8	30	47	1
PSMD14	2	2	0	117	130	2	37	20	0
NBEAL1	3	8	0	1020	2782	145	320	874	36
VSIG10	0	1	0	252	540	31	98	190	11
NCOR2	8	7	0	1561	2939	25	653	1117	4
ENSG00000267952	0	0	0	24	45	3	9	21	2
NXPE3	0	2	0	237	588	23	66	184	6
MBD4	0	0	0	218	587	43	76	190	15
GNAZ	0	3	0	186	234	4	75	71	0
SLC26A2	1	1	0	287	753	28	85	241	9
FAM110D	1	2	0	165	364	11	53	94	4
SLC26A3	1	4	0	348	844	28	120	252	8
MYO1B	0	2	0	461	1003	30	166	297	8
VPS18	0	3	0	483	1077	18	198	386	8
TNFRSF14	1	4	0	138	324	13	55	116	2
SFR1	0	0	0	84	287	16	0	0	0
PKLR	0	2	0	302	665	15	98	224	4
SLC6A7	0	2	0	338	753	31	111	261	5
SMURF2	0	2	0	292	539	28	107	156	3
KRT27	1	3	0	224	563	28	80	200	9
PITRM1	2	4	1	582	1350	58	0	0	0
RELB	0	4	0	387	593	3	143	191	2
RNF34	2	2	0	159	346	6	58	118	2
CHST13	0	3	0	248	530	22	84	169	5
SLC33A1	0	1	0	236	477	19	88	134	6
UBA3	1	0	0	221	445	9	68	140	3
CALCOCO2	0	0	0	161	412	19	61	121	4
BSG	2	0	0	276	542	20	123	203	8
CYP26C1	1	4	0	321	756	28	0	0	0
TRAPPC3	0	0	0	60	156	5	16	45	2
MEF2B	0	1	0	201	416	11	62	140	4
CARMIL1	2	1	1	549	1241	43	189	368	8
EPS8L1	0	4	0	473	1020	42	170	340	17
MRPL44	1	1	0	165	383	20	52	130	4
LCOR	1	3	0	573	1421	15	0	0	0
LRRC8D	1	2	0	347	597	19	103	181	1
EYS	1	2	0	1373	3818	190	442	1246	67
ARPIN	0	1	0	116	291	13	46	102	2
TBC1D3	0	0	0	0	0	0	0	0	0
FZD8	0	2	0	623	816	16	0	0	0
PRAMEF27	0	0	0	224	536	30	30	65	1
SLC5A6	0	4	0	330	664	23	102	206	6
NOBOX	3	3	0	343	832	33	86	284	12
DEFA6	0	1	0	68	183	14	31	59	3
PEPD	0	2	0	254	629	19	121	254	7
CERS3	0	0	0	171	451	24	56	137	4
MT3	1	0	0	25	63	5	13	20	2
C17orf100	0	0	0	83	170	5	23	53	2
ZIC2	0	0	0	391	541	0	145	147	0
MUC15	0	0	0	143	384	18	53	133	5
RFC1	1	1	0	445	1129	16	151	361	4
ENSG00000288721	0	0	0	95	211	12	32	61	3
CCL26	1	0	0	44	104	5	13	37	2
COX7C	0	0	0	24	55	1	9	13	0
MBD3L5	0	0	0	0	0	0	2	1	1
ITSN1	0	4	0	745	1477	42	252	404	2
RXFP1	1	0	0	285	736	35	99	227	15
FAM25C	0	0	0	30	84	6	0	0	0
HSPA8	0	0	0	428	380	5	140	83	0
CORO1C	1	0	0	182	413	12	78	106	0
KLHL38	0	1	0	307	732	35	115	252	7
CHD7	2	23	16	1300	2863	9	446	870	1
PDHB	0	1	0	146	327	2	50	95	4
FAM90A13P	0	0	0	0	0	0	1	0	0
MSS51	0	5	0	165	481	26	0	0	0
C1QC	0	2	0	140	253	8	52	87	2
FAM90A17	0	0	0	0	0	0	0	0	0
PPP4R3B	0	2	0	407	907	25	128	248	4
USP17L17	0	0	0	0	0	0	0	0	0
CEP70	0	2	0	210	601	43	77	186	17
RAB5IF	0	1	0	72	137	7	22	37	1
ILF2	0	0	0	139	261	4	58	55	0
SLC25A2	0	1	0	153	309	13	50	104	5
EFCAB3	0	1	0	166	401	23	60	126	5
NCAN	0	2	0	606	1397	33	212	482	4
CAPZB	0	0	0	119	152	1	39	37	0
GPR146	1	0	0	0	0	0	85	172	1
TAF11L6	0	0	0	0	0	0	0	0	0
ACSM3	0	0	0	205	592	36	65	202	19
C11orf52	0	0	0	53	158	12	16	51	5
GRTP1	2	1	0	176	496	26	63	171	8
NFASC	0	1	0	593	1245	24	252	412	4
FAM110A	0	0	0	202	409	8	56	134	2
CBLL1	1	5	0	223	524	3	72	137	0
PPM1J	0	3	0	285	585	30	86	210	10
ANKLE2	2	1	0	519	1123	41	194	356	14
TVP23A	1	0	0	101	254	13	36	86	5
PPIAL4A	0	0	0	82	262	8	24	92	1
TMEM232	0	2	0	293	819	55	96	246	15
PANX1	0	0	0	218	518	21	67	164	6
CSNK2A2	0	0	0	144	239	3	47	53	0
GRN	1	1	1	314	676	22	114	246	3
STXBP3	0	2	0	219	494	18	71	154	7
OR52B6	0	0	0	164	424	8	51	133	4
INKA1	0	1	0	122	313	13	38	100	3
WIPI1	0	1	0	166	423	21	66	140	4
B4GALT2	0	2	0	206	396	9	81	126	0
SLC34A2	1	0	0	382	848	31	155	274	8
PLCB1	1	4	0	503	929	26	157	251	6
AIRE	0	2	0	324	704	23	111	247	9
CCDC87	1	2	1	447	967	48	130	326	15
CYP27B1	0	1	0	290	627	18	100	189	4
IDH3B	1	0	0	177	412	17	60	117	9
PPP1CA	1	1	0	186	251	7	79	62	1
HSPB2-C11orf52	0	0	0	104	232	9	35	66	5
NBPF19	0	0	0	0	0	0	84	224	18
ELF2	0	0	0	219	508	10	69	150	0
BCL2A1	0	0	0	74	146	10	20	43	2
ZBTB46	0	2	0	385	589	6	180	236	3
CHODL	0	0	0	121	313	17	42	108	7
SH3BP1	0	1	0	392	812	23	125	274	5
DHX36	3	5	0	418	940	28	144	268	7
GFRA2	0	2	0	288	612	12	111	218	2
SMIM45	0	0	0	0	0	0	12	39	1
RNF103	0	2	0	297	662	20	100	219	3
YAP1	0	1	1	260	519	2	76	151	1
BFSP2	0	0	0	194	489	24	60	151	7
C2CD4A	0	0	0	305	629	13	109	200	6
SOWAHA	0	0	0	410	802	21	137	241	4
RARS2	0	1	0	233	615	24	72	209	10
ZW10	0	1	0	296	776	29	96	209	6
CLDN9	0	0	0	148	316	20	63	125	5
ZNF181	0	0	0	218	578	31	66	175	10
CAMTA2	1	4	0	540	1245	32	183	411	7
ARHGEF3	0	2	0	258	496	16	89	166	2
FBXO33	0	2	0	331	671	12	124	210	3
UGGT1	2	5	1	592	1468	53	200	504	14
SMIM1	0	1	0	36	94	2	17	31	0
UFC1	0	0	0	67	178	9	27	57	2
AP3S1	0	0	0	65	113	5	25	36	1
MYL5	0	0	0	110	258	12	47	103	5
ENSG00000255330	0	4	0	558	1048	33	171	304	3
PHF19	0	2	0	293	435	13	84	115	4
MYO5A	1	5	0	759	1597	48	228	481	6
SOCS7	1	2	1	372	597	10	137	184	0
HSD17B4	3	1	0	332	936	27	105	296	6
NRAP	3	1	0	802	2099	103	0	0	0
ATOH7	0	0	1	98	242	11	0	0	0
CCT3	0	1	0	235	551	12	82	174	1
ARL5A	0	0	0	68	187	9	23	61	0
COG2	0	0	0	326	737	26	105	241	0
SIAH2	1	1	0	179	260	2	57	84	0
SMLR1	0	0	0	55	113	4	23	40	1
DYNLT2	0	2	0	83	202	14	27	66	8
METTL1	0	0	0	145	339	11	57	98	2
DCAF4L1	1	0	0	226	326	4	96	115	3
KRT25	0	1	0	216	506	28	71	181	11
ODAD4	0	0	0	152	402	20	94	219	5
BTN1A1	1	1	0	221	567	27	64	159	10
RAP1A	0	0	0	70	101	3	25	25	1
ST8SIA6	2	0	0	166	415	22	0	0	0
NRGN	0	0	0	46	57	0	16	16	0
ZNF559	0	0	0	234	660	42	66	220	12
XPO4	0	2	0	441	842	25	143	226	3
INS-IGF2	0	1	0	110	210	18	49	78	4
VTI1A	0	1	0	84	245	11	0	0	0
ENSG00000273345	0	0	0	19	84	6	5	24	1
TEF	2	1	0	180	315	2	66	89	0
AAMP	0	1	0	212	396	8	68	108	2
SMPD4	0	0	0	442	919	34	169	310	11
SPNS3	1	0	0	298	605	28	127	216	4
ARHGEF35	0	0	0	159	386	35	27	46	3
CD28	0	0	0	112	206	2	34	66	0
TOMM5	0	0	0	24	53	1	5	16	0
CDKN2AIPNL	0	1	0	60	149	3	21	48	3
CHURC1	0	0	0	48	130	3	17	40	4
LYZL1	0	0	0	67	167	13	0	0	0
NHP2	0	0	0	82	179	8	26	56	2
CCDC169	0	2	0	99	239	12	32	77	3
SLC51A	0	1	0	179	345	17	65	119	4
TIGD6	1	0	0	183	522	27	49	194	7
IFI44	0	1	0	198	583	31	65	200	16
LRTM2	1	3	0	220	411	9	72	155	2
APEH	0	1	0	357	745	39	115	224	8
ATP2A1	0	3	0	515	1051	44	196	362	17
TRIM33	1	0	0	539	869	5	194	206	0
CHN1	0	2	0	196	423	16	59	134	3
MGST1	0	1	0	56	183	4	22	62	1
TUBB8	0	0	0	305	388	21	0	0	0
FKBP11	0	0	0	95	223	9	34	61	5
ISG20	1	0	0	100	227	10	39	74	4
TRIM5	0	3	0	226	579	28	78	201	10
PSG9	0	0	0	265	623	35	90	255	12
MYT1L	1	14	2	544	889	2	214	265	0
MATK	3	3	0	291	544	18	122	186	7
UCP3	0	0	0	162	382	13	73	150	5
PLEKHA1	0	2	0	154	452	21	0	0	0
GPALPP1	1	1	0	117	373	13	38	102	4
PPP2CA	1	4	1	156	87	1	56	14	0
ZFP69	1	3	0	193	501	36	58	163	9
ENSG00000286098	1	1	0	220	711	36	67	242	11
DHRS7B	0	0	0	152	319	13	53	112	5
DCP2	0	2	0	183	457	18	74	156	0
GOLGA6L22	0	0	0	185	501	40	42	155	14
DEFB105B	0	0	0	9	19	1	0	0	0
PELI2	1	4	0	217	417	9	94	131	2
HDDC3	0	0	0	105	211	13	26	69	2
AKR1C3	0	2	0	174	468	23	0	0	0
ACTG2	1	3	0	179	232	10	56	62	1
IGFLR1	0	2	0	261	517	17	84	157	7
BTBD9	1	3	0	258	578	35	107	177	12
ENSG00000258790	0	0	0	215	618	31	68	176	8
SLC14A2	1	1	0	440	1068	47	151	359	14
GRM4	2	3	0	477	878	26	180	323	6
ATP6V0D1	0	0	0	179	260	8	69	83	2
GTSE1	1	3	0	358	889	23	138	339	7
MYPN	0	1	1	564	1458	43	0	0	0
PML	0	4	0	474	934	32	166	330	3
SH3D19	0	2	0	405	1047	37	141	338	10
ENSG00000258465	0	1	0	81	222	8	41	95	5
SRPK2	2	0	0	274	599	11	99	178	2
SPAG16	0	1	0	273	815	43	101	276	13
ADRA1A	1	1	0	281	611	32	95	208	4
PJVK	1	0	0	129	349	17	43	93	8
MGAM	0	2	0	1195	3102	140	415	1103	35
PIP	0	1	0	70	169	8	21	45	0
WNT3	1	1	0	196	253	4	59	66	1
NSMCE3	0	0	0	219	440	22	66	144	1
SCGB1C1	1	0	0	47	101	3	13	35	1
ZBTB48	2	3	0	393	744	26	149	222	7
TNFSF11	0	1	0	162	311	8	53	109	3
ABHD14A	0	0	0	143	315	11	46	122	5
FAM240B	0	0	0	0	0	0	13	35	3
EID2B	0	0	0	101	226	9	35	64	3
RPL11	0	0	0	84	131	0	42	21	0
MAPK8IP1	2	4	0	408	783	15	160	257	1
ZNF189	0	0	0	221	643	24	86	236	6
OR11G2	0	2	0	139	368	10	52	121	5
BCL9	2	4	0	661	1671	16	211	554	3
SMIM32	0	0	0	0	0	0	20	39	1
TSPAN19	0	0	0	94	254	18	24	73	2
ENSG00000251569	0	1	0	195	544	19	70	176	6
C4A	0	0	0	161	326	15	32	52	0
MAP2K6	0	0	0	150	187	7	48	50	0
ZNF90	1	0	0	250	788	43	82	275	11
IL21	0	0	0	49	140	4	15	34	2
SPEGNB	0	0	0	122	319	5	40	100	2
PRF1	1	1	0	286	665	37	0	0	0
GNG14	1	0	0	0	0	0	28	40	0
DUS1L	2	3	1	282	582	28	110	203	2
TTC26	0	2	0	204	508	30	70	182	5
ELP3	0	3	0	204	544	30	73	165	11
SFXN2	0	1	0	146	352	16	0	0	0
KCNJ14	0	0	0	279	589	22	97	206	8
RBM27	1	3	0	449	946	4	145	279	1
MED25	0	1	1	462	831	33	176	264	7
ZNF816	0	0	0	257	625	33	72	218	8
OTUD1	0	1	0	390	760	9	0	0	0
PIEZO2	5	8	1	1269	2911	95	439	1019	26
PGP	1	0	0	293	367	9	106	96	1
IL17B	0	1	0	94	210	6	28	75	4
LSM1	0	0	0	53	150	6	12	40	2
STMN2	0	2	0	86	117	2	32	27	0
RAD17	1	0	0	269	654	23	88	205	5
ENSG00000267426	0	1	0	19	68	1	17	51	1
ENSG00000288671	0	0	0	0	0	0	0	0	0
ELMO2	0	1	0	293	495	17	116	153	4
KCNK6	2	0	0	186	380	15	68	143	5
AHCYL1	0	1	0	220	311	10	62	83	1
LGALS16	0	0	0	65	183	13	26	52	7
NUF2	1	1	0	154	403	24	45	121	8
FAM72A	0	0	0	24	33	2	3	6	0
NCKAP5	4	3	0	826	2210	56	271	735	12
TAS2R16	0	0	0	113	333	14	33	116	9
RACGAP1	0	2	0	221	552	12	74	160	3
DISC1	0	2	0	415	864	38	124	290	14
TPD52L1	0	0	0	86	199	6	26	70	3
STRC	0	0	0	342	812	41	62	201	19
ZGPAT	0	3	0	334	610	22	124	197	7
LRP11	0	3	0	259	504	15	98	195	5
PLA2G12B	0	0	0	90	176	12	0	0	0
NBPF8	0	0	0	0	0	0	92	261	18
OR5H14	0	0	0	152	402	18	57	139	8
FAM111B	2	0	1	279	827	56	99	277	19
ZNF626	0	0	0	178	606	32	69	182	6
ARAP2	3	4	1	719	1987	98	240	665	15
CRYBA1	0	0	0	103	218	14	42	65	4
GSX2	0	0	0	205	414	10	66	126	1
RAB39A	0	0	0	105	204	8	31	55	4
GPR162	0	3	0	358	653	15	146	210	3
SLC40A1	0	0	0	251	515	12	69	145	4
MS4A8	1	0	0	135	267	11	43	85	5
CD109	1	5	0	554	1556	79	171	509	19
ITIH3	1	3	0	394	947	34	141	318	7
KLK11	0	0	0	104	265	15	37	98	2
HSD17B14	0	1	0	149	356	15	52	119	4
RGS16	0	1	0	92	209	10	26	69	2
SERPINA10	0	1	1	192	494	16	68	157	4
NKPD1	0	2	1	528	978	51	178	332	14
HOMER2	0	3	0	180	418	14	53	119	3
EXOG	0	1	0	138	422	18	47	143	7
TSPAN32	0	0	0	176	386	19	70	154	6
ELOA	0	1	0	351	678	13	116	218	4
HES7	0	1	0	162	355	10	46	107	2
TRHDE	0	1	0	462	991	41	152	296	6
TP53TG3E	0	0	0	0	0	0	0	0	0
KLK4	0	0	0	138	291	14	43	99	4
OR5P2	0	1	0	154	469	19	45	142	4
EEF1AKMT4	0	3	0	140	311	14	44	110	5
MYLK	0	4	0	871	1929	54	333	671	13
GPR37	3	3	0	304	691	15	100	229	1
APBB3	0	0	0	224	519	25	75	160	9
LYZ	0	0	0	57	135	17	19	43	6
ID4	1	1	0	200	301	4	84	96	2
SLC34A1	1	1	0	337	755	27	122	278	10
SLC16A6	1	0	0	215	485	9	81	130	0
MORN4	0	0	0	61	156	5	0	0	0
TMEM107	0	0	0	71	157	4	25	46	1
OR7D4	0	1	0	152	338	13	57	116	4
AQP11	0	0	0	129	300	13	55	85	2
A2ML1	0	4	0	627	1496	81	215	515	28
NAT16	0	1	0	246	535	27	83	185	8
MERTK	0	2	0	427	1024	44	152	348	9
MARVELD1	0	0	1	132	228	7	0	0	0
MLLT6	1	2	0	640	1139	9	236	353	2
ZBTB32	0	0	0	260	552	19	75	159	3
ELANE	0	0	0	193	337	7	65	129	4
DEPDC1	0	0	0	284	828	47	78	228	15
RADIL	3	3	0	725	1589	61	280	638	13
CAMTA1	2	4	3	782	1534	13	303	502	1
LRRTM3	1	0	0	286	529	21	0	0	0
ACACA	1	2	0	929	1507	57	303	386	10
NECTIN4	1	1	0	252	584	17	111	179	6
ARF4	1	2	0	72	103	1	29	23	0
LCE3C	0	0	0	27	68	3	6	18	0
PTPRQ	3	2	0	876	2423	118	318	844	28
CLCN1	0	4	0	502	1138	52	155	373	14
PRRT2	0	0	0	189	425	5	55	150	0
OR5K3	1	0	0	153	458	10	58	156	5
TXNDC16	0	2	0	324	928	46	110	293	6
TBX5	0	1	0	295	543	5	110	158	1
GOLGA8G	0	0	0	0	0	0	3	2	0
PCDHA1	1	1	0	564	1136	35	199	415	7
RNF186	0	0	0	117	288	7	44	96	3
POU5F2	0	1	0	185	361	23	57	116	7
CYP4F8	0	1	0	288	632	30	110	225	11
KLHL28	0	2	0	245	480	16	84	124	4
DSCAM	1	5	0	1014	1858	31	377	578	4
MYL12A	0	0	0	58	152	2	25	35	1
AFAP1L1	1	1	0	349	809	40	123	282	10
LOXL2	1	1	0	415	945	55	164	341	13
ELOVL6	0	0	0	106	115	2	35	22	1
STEAP2	0	2	0	174	485	26	51	144	8
TECR	2	0	0	174	316	11	62	82	1
CRAT	1	0	0	320	693	31	124	247	9
TVP23C-CDRT4	0	0	0	60	151	7	24	48	4
PCOLCE2	0	2	0	181	475	29	54	154	8
MC1R	2	0	0	246	513	20	103	206	8
INTS15	2	1	0	307	615	7	109	194	0
MLST8	1	0	0	244	397	9	85	102	1
KATNIP	2	3	0	766	1764	65	291	660	20
BLVRB	1	0	0	111	252	13	45	102	8
RALGDS	0	2	0	504	954	26	205	351	3
MBD2	0	2	0	231	476	6	80	128	1
MRC2	2	3	1	769	1504	51	255	493	15
PLA2G12A	0	0	0	84	221	11	24	78	6
SLC22A6	0	2	0	274	583	22	101	201	9
OR4M2	0	0	0	12	42	2	0	1	0
RBP5	0	1	0	54	146	10	21	54	3
OR2B11	0	2	0	169	413	18	58	136	6
LCE1A	0	0	0	60	151	7	20	57	4
TTC29	2	0	0	213	529	20	78	164	7
ZNRF2	1	0	0	185	372	5	66	122	3
DIO1	0	0	0	0	0	0	0	0	0
KRTAP19-3	0	0	0	44	90	5	20	40	2
KLHDC7A	0	1	0	442	976	50	153	353	15
GREM2	1	0	0	90	188	9	39	52	1
ABCB1	2	2	0	525	1295	41	158	388	9
ELP4	1	2	0	202	505	22	66	181	7
ENSG00000259164	0	0	0	20	56	0	8	12	0
ABTB2	0	1	0	542	1126	29	193	400	9
GAL3ST1	0	3	0	289	438	9	94	131	3
NFE2L1	1	4	0	385	743	7	148	248	0
ASL	1	2	0	241	500	18	94	171	3
SEPTIN4	0	3	0	389	954	47	132	329	12
ENSG00000268400	0	0	0	17	48	1	9	20	1
DEFB116	0	0	0	50	168	7	17	57	2
ZNF772	0	0	0	141	450	27	48	132	4
ASH1L	2	8	2	1121	2736	12	347	788	1
MIF	0	0	0	83	203	7	26	70	4
ANKIB1	2	2	0	394	888	25	125	254	2
SLC24A4	1	1	0	316	707	23	118	237	4
RAD54B	1	0	0	299	894	48	88	287	15
GOLGA8T	0	0	0	0	0	0	24	57	3
RGS13	0	0	0	59	192	11	23	62	1
FXYD1	0	0	0	56	122	0	20	25	1
OR1A2	0	2	0	123	340	15	44	100	4
DEFB107B	0	0	0	4	21	1	0	2	0
PRMT3	0	0	1	214	606	15	59	192	6
CLEC3B	0	0	0	110	235	14	35	53	3
NKX6-1	0	0	0	277	467	14	105	143	2
TNFRSF11B	0	1	0	167	372	15	51	116	5
TCP11	0	0	0	203	483	18	71	163	6
TEX15	2	5	0	1263	3505	145	407	1098	43
PDIA3	0	1	0	214	530	12	68	175	1
METTL5	0	0	0	82	214	11	32	77	0
EPSTI1	0	0	0	128	361	31	41	120	13
PLCD1	0	2	0	360	815	43	137	294	17
AKAP7	0	1	0	131	362	18	39	124	3
UGT1A1	0	1	0	253	596	20	102	209	7
RRH	0	0	0	121	380	18	37	141	2
PSMD11	0	0	1	181	290	2	67	85	2
TTC14	0	2	0	313	798	42	101	236	6
ENSG00000289695	0	1	0	104	244	14	39	96	3
C10orf90	0	1	0	343	833	33	0	0	0
GPR42	0	0	0	0	0	0	20	36	0
PRMT6	0	2	0	245	481	25	92	153	7
RRM2	0	0	0	194	317	4	58	92	0
HEPN1	0	1	0	39	93	6	16	38	4
ENDOU	0	2	0	179	423	27	67	137	9
FOXL2NB	0	0	0	101	197	6	33	72	1
CCDC60	1	2	0	227	630	24	71	233	9
NEK10	2	3	0	449	1264	59	159	398	14
HMGN4	0	0	0	26	67	2	17	24	1
PCDHB8	0	0	0	442	1019	34	182	409	15
PKD1L1	3	3	2	1259	3103	134	465	1015	40
NOL3	0	0	0	134	290	14	43	100	7
CLNK	1	1	0	184	527	38	72	173	9
PIDD1	0	5	0	618	1265	45	221	483	16
MBTD1	0	0	1	268	431	11	83	102	1
NKIRAS1	1	0	0	82	176	11	31	45	3
CD164L2	0	0	0	81	200	9	30	78	3
WDR27	1	2	0	430	1043	59	158	390	15
FBXO3	0	1	0	171	391	7	58	106	4
ABCD2	0	2	0	298	636	26	102	188	8
TAF11	0	0	0	81	189	9	28	65	2
SULT1C4	0	0	0	110	345	21	40	111	5
NPM2	0	1	0	115	251	14	38	93	5
MAP3K11	2	5	0	502	960	25	200	310	7
TARBP1	1	2	0	770	1908	90	262	632	20
MSANTD1	0	0	0	175	341	7	69	136	2
CPSF3	0	1	0	249	493	31	89	110	10
TMEM129	0	0	0	227	460	26	84	183	5
GJB5	0	0	0	125	307	15	54	97	8
LCP2	0	0	0	265	629	14	75	180	1
ENSG00000260371	0	0	0	76	182	12	22	70	5
ANKRD13D	0	4	0	296	655	16	112	230	2
SYDE1	0	2	0	441	848	23	147	275	7
ACHE	1	2	0	371	517	11	135	161	4
ARHGAP19-SLIT1	0	2	1	213	550	24	0	0	0
TMEM119	0	0	0	168	345	12	76	119	1
DEFB128	0	0	0	49	111	2	15	30	0
GLO1	0	0	0	72	195	17	25	53	5
ENSG00000267477	0	0	0	0	0	0	0	0	0
ZNF285	0	0	0	242	669	33	90	231	11
TMEM237	0	1	0	150	432	27	45	127	8
ST7L	0	0	0	222	559	30	78	153	10
IL12B	0	1	0	136	322	15	39	106	8
PER3	1	0	0	633	1542	67	235	496	20
VWA3A	0	4	0	504	1170	63	176	432	12
PTAR1	1	0	1	177	367	10	56	103	2
COL24A1	2	5	0	682	1975	90	221	603	21
NCR2	0	0	0	146	294	23	60	103	9
CEMIP	1	4	0	641	1345	55	247	475	11
C19orf47	0	2	0	182	451	12	80	173	1
TRIM65	0	3	0	318	660	44	119	223	13
ENSG00000267706	0	0	0	0	0	0	0	0	0
ZNF549	0	0	0	253	658	38	81	214	11
PSPC1	0	0	0	218	443	8	68	136	0
PGAP4	0	0	0	185	403	12	68	111	3
NXF1	0	0	0	292	511	14	104	147	1
NPIPA3	0	0	0	44	126	1	0	0	0
SRSF10	0	0	0	107	190	12	40	50	3
ATAD2	0	1	0	587	1294	37	190	407	6
MAMDC2	0	1	0	295	728	45	115	238	12
DIPK2A	1	2	0	292	486	18	93	145	5
ARFRP1	0	0	0	137	215	6	63	85	2
BTBD17	1	1	0	327	545	18	103	156	8
OR5AK2	0	0	0	175	468	15	55	145	6
ENSG00000273167	2	4	0	521	1246	28	201	446	8
SMIM8	0	0	0	40	105	4	10	42	1
OR10A4	0	0	0	143	387	15	53	124	7
RNF130	1	0	0	209	445	11	72	129	0
NBPF1	0	0	0	163	468	33	112	370	26
SENP3-EIF4A1	1	1	0	243	441	4	88	151	3
THBD	0	2	0	425	758	23	141	234	3
VSIG10L	2	0	0	471	1007	42	172	336	14
OTOG	5	11	0	1547	3656	170	607	1348	48
ARHGAP11A-SCG5	0	1	0	253	603	28	82	186	11
AKT3	0	5	0	207	207	9	68	50	1
MSMB	0	0	0	38	126	3	0	0	0
SIK2	1	2	0	397	808	23	135	254	4
C3orf18	0	0	0	66	175	3	22	61	2
KRTAP10-3	0	1	0	125	294	12	61	139	2
ARHGAP11A	1	2	0	369	1074	51	113	339	18
MFHAS1	0	1	0	866	1619	37	313	547	9
TMEM258	0	1	0	40	81	2	19	28	0
BAK1	0	1	0	88	216	14	32	77	5
PEX10	0	3	0	197	452	19	70	160	5
MSH3	4	1	0	511	1289	63	154	420	23
ZNF184	0	2	0	245	607	27	83	172	2
STOML2	0	1	0	178	318	13	65	87	2
OLFM4	1	2	0	228	563	18	81	186	8
FBXO22	0	2	0	192	424	3	61	123	0
TMEM74	0	1	0	147	322	5	41	108	4
MYH10	2	6	0	824	1489	39	302	457	5
SPNS1	1	1	0	287	535	10	102	151	0
SMG9	0	0	0	254	513	39	82	177	14
H4C1	0	0	0	84	121	5	32	44	2
FKBP9	1	0	0	285	587	21	103	216	6
ATP13A5	1	0	0	465	1285	78	147	394	15
RACK1	2	2	0	169	128	2	57	32	0
GOLGA8N	0	0	0	67	191	11	11	16	1
MED26	0	0	1	344	707	6	127	267	1
NHSL1	2	3	0	744	1852	43	273	613	8
IL2RA	0	1	0	118	321	12	0	0	0
ZNF480	0	0	0	193	550	38	57	174	17
TSHR	2	2	0	333	794	30	119	252	8
MRPS25	0	0	0	99	206	7	35	52	6
ZIC1	0	3	2	282	388	5	111	99	1
PCDHGA12	1	1	0	509	1156	38	151	382	14
PSORS1C2	1	0	0	67	161	11	22	39	4
A4GNT	0	1	0	141	360	12	51	111	2
VGF	1	0	0	399	795	4	143	278	3
ENSG00000250424	0	0	0	0	0	0	0	0	0
USP13	2	1	0	367	870	31	127	255	7
CRTAP	0	2	0	238	553	25	88	168	3
SURF1	0	1	0	202	445	18	67	147	5
PATE2	0	0	0	47	130	7	19	39	3
MMD2	0	1	0	127	327	17	49	115	5
ASIC1	1	0	0	267	455	12	88	136	3
KDM6B	7	8	4	1116	1870	6	413	657	1
CCDC157	0	0	0	369	868	55	127	314	16
MRRF	0	0	0	105	293	14	35	98	4
GRHL2	0	1	0	285	564	13	96	177	3
TMEM186	0	0	0	115	289	14	45	116	3
CCNH	0	0	0	131	345	19	51	117	5
NOTCH2NLR	0	0	0	0	0	0	42	114	14
CENPN	0	1	0	157	418	16	55	130	6
COPB1	3	1	0	375	843	11	105	215	0
PHKG2	1	0	0	229	437	17	68	151	7
BABAM1	2	0	0	149	341	5	63	101	4
BMAL1	0	2	0	267	512	4	96	130	1
CCDC124	0	0	0	131	258	5	44	90	1
LRCH4	2	2	0	442	826	21	137	298	9
VLDLR	0	0	0	432	1043	43	147	323	3
KCNJ9	0	0	0	213	303	10	72	69	0
RPL18A	0	1	0	132	178	1	47	62	0
FGF5	0	2	0	151	346	19	48	112	7
KRTAP8-1	0	0	0	35	68	8	12	28	1
AP2A1	2	5	0	557	761	5	208	233	0
NUDCD1	0	1	0	248	633	32	74	204	6
VPS54	0	0	0	370	1003	25	127	303	2
CCIN	0	2	0	251	607	11	80	210	7
FCRLB	0	1	0	238	546	28	77	159	9
OR8D1	0	0	0	127	392	14	37	135	1
CMAS	0	1	0	185	386	10	69	96	4
GADD45G	0	0	0	89	139	1	27	23	1
CCR2	0	1	0	170	376	13	60	122	8
DAAM1	0	2	1	422	1015	29	142	300	10
ENSG00000285839	0	0	0	105	255	10	27	91	3
VNN1	0	0	0	226	585	26	79	189	11
MYLK3	0	0	1	375	844	34	142	313	9
KHSRP	0	5	1	502	699	3	200	178	0
GATA2	0	0	0	290	520	2	103	143	0
EMSY	0	1	0	568	1224	14	181	379	3
TRPC4AP	0	4	0	413	813	30	141	250	6
SH3TC1	1	4	0	860	1891	111	353	734	27
KAT6A	1	15	18	894	1941	4	313	607	0
FAM180B	0	0	0	114	215	16	38	75	5
OR6C4	0	0	0	161	458	20	57	155	4
UBC	0	1	0	478	347	18	159	69	1
NR2F2	1	3	0	256	271	1	93	60	0
CDH16	0	2	0	457	977	40	143	374	10
NUP42	0	1	0	164	485	29	59	160	7
HHLA2	0	0	0	163	445	26	45	144	7
EPN2	1	1	0	346	619	25	131	210	5
FBXO8	0	5	1	142	273	10	44	73	2
DEDD2	1	1	0	194	389	4	67	111	5
EXTL1	0	0	0	320	710	30	112	232	8
METAP1	0	0	0	181	365	12	46	96	0
C1orf87	0	0	0	239	636	30	75	188	13
DPYD	0	2	0	457	1232	51	153	379	20
C4orf45	0	1	0	63	208	12	27	69	2
PLSCR1	0	0	0	106	320	13	45	86	6
TSC22D4	1	1	0	238	437	7	84	158	0
CEP57L1	1	0	1	165	453	32	50	137	9
ENSG00000286905	0	1	0	159	337	17	60	121	4
PTPDC1	0	1	0	313	834	37	87	264	12
FIS1	1	0	0	85	177	2	37	64	3
TMEM104	0	1	0	301	596	11	124	219	8
P3H1	0	1	0	343	806	44	119	259	14
TPRX2	0	0	0	0	0	0	53	108	10
ZNF408	0	4	0	387	813	47	140	267	8
GDF3	0	3	0	155	421	21	54	131	7
KLHDC1	1	1	0	144	437	32	43	132	10
LDAF1	0	0	0	70	144	5	22	43	1
NUSAP1	0	1	0	185	455	15	63	167	5
ITPR3	2	9	0	1234	2552	78	472	856	23
NCAM2	0	3	1	403	835	14	122	248	6
NFKBIB	1	1	0	206	370	4	77	153	1
LGR4	1	2	1	404	943	19	138	260	3
DEFB103B	0	0	0	4	12	1	0	0	0
TOMM40	0	0	0	214	358	4	75	107	0
STXBP6	0	2	0	89	217	10	36	66	1
SMIM10L1	0	0	0	57	96	5	22	28	0
KIF20A	0	1	0	350	880	36	113	281	14
CYLD	1	0	0	375	662	14	115	189	3
NPPC	0	2	0	74	166	1	23	50	0
WFS1	3	9	1	783	1563	72	315	602	21
BRCA2	2	11	1	1236	3581	172	414	1147	41
CDC42EP4	2	2	1	200	444	12	79	153	1
NPIPA2	0	0	0	34	80	1	1	7	0
FAM20B	0	1	0	183	412	14	69	127	7
OSBPL9	0	1	0	274	585	13	97	163	3
DDO	0	2	0	178	391	27	62	133	12
GPR15LG	0	0	0	38	106	4	0	0	0
CYP27C1	2	6	0	186	372	16	86	198	2
THSD4	0	2	0	498	1213	43	185	460	7
TOMM40L	0	0	0	155	269	13	51	82	0
CD300C	0	0	0	115	267	8	39	83	2
CYBRD1	0	0	0	139	273	8	51	77	1
CCDC71	0	1	0	255	541	14	73	172	4
SLC25A32	0	1	0	157	357	11	44	105	5
CFAP144	0	0	0	62	135	12	18	47	2
SP2	2	1	0	312	557	3	116	180	0
EPHA10	0	6	0	595	1323	67	213	452	24
POLL	0	1	0	247	579	29	0	0	0
RTN4RL1	1	0	0	254	445	3	118	160	0
PACS1	2	6	0	439	775	18	154	219	2
MVK	0	2	0	182	372	19	76	133	6
ALDH3A2	0	0	0	193	511	17	68	148	2
GARIN1B	0	1	0	141	357	17	56	94	6
IL36G	0	0	0	83	182	11	22	61	3
CHERP	1	1	0	545	826	0	205	243	0
PLEKHF2	0	1	0	90	188	7	20	53	1
SENP1	0	0	0	265	559	13	80	175	1
OR56A5	0	1	0	161	345	10	46	123	3
GALNT11	1	1	0	239	625	24	99	219	6
TPBG	0	0	0	312	582	8	107	165	5
ZNF302	0	0	0	169	505	24	63	158	4
KRTAP21-1	0	0	0	30	65	3	9	33	1
PSMB1	0	0	0	118	252	3	36	81	0
WWOX	0	1	0	347	817	37	125	295	8
CYFIP2	4	4	0	540	768	15	212	208	1
ISM1	0	0	0	228	501	14	76	188	3
SSTR4	0	1	0	256	588	23	80	199	8
TAFA4	2	1	0	71	178	9	25	55	1
ULK4	1	3	0	539	1512	61	172	476	21
BLK	3	0	0	321	813	35	120	275	12
KRTAP4-12	0	0	0	93	239	8	32	97	1
MPPED2	0	2	0	147	232	5	49	64	0
SNX8	1	5	0	322	626	12	132	215	3
OR4F15	0	1	0	145	398	7	49	118	2
MECR	0	0	0	186	446	25	69	155	7
ADORA2B	0	0	0	173	399	18	56	119	5
GPSM1	0	1	0	410	885	23	165	338	5
OPTC	0	0	0	154	379	11	60	146	3
BBS12	0	1	0	270	705	39	87	237	10
OOSP2	0	1	0	65	179	6	28	69	1
CALHM2	0	0	0	180	394	16	0	0	0
NEMF	0	3	0	447	1021	49	158	321	8
FSHR	2	6	1	361	914	30	116	259	10
IQCM	0	0	0	187	577	28	65	192	16
FKRP	0	3	0	335	672	34	107	220	6
MRPL52	0	0	0	53	153	14	18	43	3
DPPA3	1	1	0	79	177	6	18	60	4
RBM44	0	2	0	374	1041	28	113	319	4
CDKL1	0	2	0	141	364	19	44	122	4
ENSG00000271741	2	0	0	261	699	24	78	246	6
LCE1B	0	1	0	59	154	13	21	60	3
GSTA1	0	0	0	124	303	18	46	124	2
DRAP1	0	1	0	136	245	7	70	74	1
CNR2	0	2	0	157	352	14	61	118	5
ADAM8	1	2	0	504	1018	42	0	0	0
TSPAN13	0	0	0	105	163	9	34	47	2
B4GALNT1	0	4	0	303	607	27	93	198	6
OS9	1	2	0	294	713	35	117	248	9
ZFPL1	0	0	1	165	351	14	58	135	4
DYRK4	1	5	0	290	677	29	105	215	5
DPEP2	0	0	0	239	570	20	75	198	8
TBC1D12	1	1	0	397	948	41	0	0	0
UQCRHL	0	0	0	44	108	7	17	39	2
IRAK4	0	1	0	146	443	26	43	140	9
AP3B2	0	5	0	528	1081	19	176	315	7
SNPH	4	3	0	291	547	11	103	193	3
STPG3	0	0	0	195	448	25	63	171	11
ANKRD2	0	0	0	165	379	22	0	0	0
ATG3	0	2	0	133	258	10	40	83	2
NIF3L1	0	1	0	163	417	21	44	151	9
JADE2	1	1	0	402	799	12	151	270	2
DDX52	0	1	0	213	645	27	66	215	12
SERPINB5	0	0	0	157	383	13	40	130	4
CCDC194	0	0	0	11	47	1	52	105	5
TRIM49	0	0	0	159	411	24	43	110	5
ARPP21	4	1	0	391	1000	36	118	286	8
APOLD1	0	1	0	188	389	19	64	115	8
ALDH6A1	0	2	0	201	503	24	55	151	5
OSTM1	0	0	0	160	348	15	66	112	4
CCDC171	1	2	1	684	1841	117	223	646	27
TBXT	0	1	0	216	492	12	82	164	4
PTBP2	0	2	0	212	365	0	65	85	0
ALDOB	0	0	0	178	500	19	67	162	2
RHEBL1	1	0	0	80	182	6	23	52	2
GSTT2	0	0	0	0	0	0	0	0	0
GSTZ1	0	0	0	99	255	19	41	95	7
PCYOX1	0	1	0	219	594	29	76	213	5
PPHLN1	0	1	0	136	388	14	38	122	5
GGTA1	0	0	0	0	0	0	13	39	2
CCR8	1	0	0	151	331	11	48	113	4
IFNAR2	0	0	0	231	559	17	85	180	3
DDHD2	0	2	0	271	665	27	79	215	11
RGPD5	0	0	0	23	43	0	0	0	0
KCNJ5	1	0	0	191	431	22	62	133	4
OR2L5	2	1	0	157	413	20	71	143	8
COL12A1	1	10	1	1353	3072	64	449	1042	13
REXO2	0	0	0	117	228	9	26	57	3
FAM124A	2	1	0	285	609	24	101	183	5
RNF215	0	2	0	214	420	22	78	143	11
ZZZ3	0	3	0	326	809	11	111	249	1
RPL26	0	0	1	70	115	1	20	27	0
AP1B1	0	1	0	498	828	23	198	270	1
SRD5A1	0	0	0	143	304	12	58	96	5
TRIM28	1	1	0	576	861	3	211	257	1
FUCA1	1	0	0	236	508	45	68	160	7
ASB15	1	0	0	244	611	31	89	195	14
RHBDD1	0	0	0	160	385	23	44	139	6
ZNF22	0	1	0	77	248	15	0	0	0
ADAD1	0	0	0	240	555	18	87	195	7
ACSS3	1	2	1	300	752	37	108	254	12
NCAPG2	0	5	1	471	1049	23	147	338	8
PDF	0	0	0	228	425	27	96	139	10
CLEC10A	0	1	0	123	264	29	48	95	10
TMIGD1	0	1	0	98	307	12	34	119	2
FMNL1	1	1	0	564	1072	14	191	343	2
PHOSPHO1	0	0	0	146	274	5	45	95	4
C18orf25	1	1	0	162	414	14	54	122	1
FNDC3B	1	1	0	523	1124	10	183	344	1
OR5T2	0	3	0	155	470	12	45	162	1
ANKRD33	0	0	0	241	506	30	88	161	9
GAMT	0	0	0	155	380	21	73	141	8
CAMK1	1	1	0	173	438	18	65	133	4
GARIN4	0	1	0	278	683	22	97	243	13
ASAH1	0	0	0	218	588	30	74	171	7
ATP23	1	0	0	90	268	20	28	83	3
MOSMO	0	1	0	89	144	5	28	51	2
AXDND1	1	2	0	380	1069	64	139	337	19
FCN3	0	1	0	120	350	15	41	119	4
EXD2	0	3	0	218	626	22	80	232	7
DDX27	0	0	0	306	747	20	90	230	7
RAP2B	0	0	1	115	138	4	43	22	1
SAPCD2	0	1	0	282	528	20	96	177	6
GOLGA8H	0	0	0	287	781	59	57	188	14
CDIP1	0	0	0	116	244	4	30	79	0
FCGBP	1	4	0	1828	3827	176	683	1430	46
SEMA3A	0	2	0	303	730	21	114	231	2
POU2F1	1	1	0	353	703	7	116	215	0
RASD1	0	0	0	144	362	11	42	96	2
TXN2	0	0	0	77	166	11	29	47	2
ZNF501	0	0	0	97	310	17	37	91	5
ZDHHC21	0	1	0	126	319	9	42	95	1
WDR48	0	1	2	256	502	13	88	118	2
CLSTN2	1	4	0	450	1049	23	178	334	5
FAM8A1	0	2	0	221	518	15	70	157	1
PRAMEF8	0	0	0	96	225	13	9	34	0
RNF180	1	0	0	239	649	25	75	231	10
CCR3	0	1	0	186	387	15	59	142	3
COPG2	0	0	0	107	277	14	138	267	8
CS	0	0	0	195	313	14	54	75	2
TAS2R20	0	0	0	125	353	16	46	110	3
HNRNPH1	0	3	0	210	276	3	85	56	0
APOB	3	9	1	1959	5045	160	670	1621	38
SF3B4	0	0	0	221	279	2	69	59	1
TREX1	0	1	0	159	384	6	75	122	3
USP35	0	3	0	659	1340	48	238	475	12
CHPT1	0	0	0	176	448	20	62	141	5
DPEP3	0	0	0	255	529	24	86	168	7
TBC1D3D	0	0	0	0	0	0	0	0	0
MAST4	2	4	1	1381	2913	80	468	906	22
NHERF4	1	0	0	242	568	20	79	189	12
HMOX1	0	0	0	137	350	15	49	117	4
ATXN7L3	0	2	1	194	286	2	77	80	1
ZNF557	0	1	0	185	445	18	70	152	4
EXOSC7	0	0	0	142	366	14	42	110	5
DCP1A	1	1	0	277	564	12	109	187	1
RPN2	0	3	0	302	634	6	97	227	1
ANKRD36	0	0	0	517	1560	75	193	590	33
ATOH8	1	0	0	233	450	5	79	158	1
OR2A7	0	0	0	88	203	7	42	85	2
PPP3CB	0	1	0	202	293	4	0	0	0
SNAPC2	2	0	0	269	555	13	91	187	5
NXPH3	0	1	0	113	270	5	32	89	0
ATG9A	0	0	0	414	788	19	159	252	2
OR2AG1	0	0	0	166	376	20	55	128	5
OR10V1	1	1	0	148	371	13	49	128	4
SRC	0	0	0	292	412	3	104	113	0
SETX	6	6	0	1173	2846	77	392	962	14
MIPOL1	1	2	0	191	495	36	71	161	7
POTEG	0	0	0	83	288	18	17	58	5
CD40	0	1	0	118	244	5	49	51	1
FAM216B	0	0	0	58	156	5	22	61	3
OXA1L	1	1	0	240	556	21	72	184	10
SLC34A3	2	3	1	423	905	30	191	349	12
SOGA1	0	9	0	870	1813	40	318	626	6
FAM221A	0	0	0	128	341	21	39	115	4
ABRA	3	1	0	170	468	22	75	144	8
ANKRD30BL	0	0	0	0	0	0	40	101	5
GRM5	0	4	0	685	1144	22	188	300	4
CERKL	1	1	0	268	649	33	82	220	12
ZPLD1	0	1	0	172	453	12	57	132	3
CUL9	2	5	0	1164	2350	53	390	795	15
MTR	5	1	0	582	1173	43	182	363	11
SEC24D	0	1	0	421	1109	34	143	319	4
SLC46A2	0	0	0	238	578	19	85	191	8
POR	1	3	0	416	833	33	180	343	12
AGBL3	1	1	0	336	908	53	108	292	21
INTS14	0	2	0	226	484	13	75	153	4
FOXB2	1	0	0	308	582	18	99	204	7
LHX3	1	0	0	256	552	20	97	190	1
ZNF609	3	5	1	632	1440	10	217	455	0
MAT1A	0	0	0	207	331	9	0	0	0
ST8SIA1	1	1	0	164	336	14	62	109	1
S1PR5	0	4	0	273	520	9	76	154	5
RAB3C	0	0	0	88	206	6	35	71	2
NIT2	1	0	0	127	292	14	43	104	6
CAGE1	1	1	0	308	788	40	100	253	12
DAOA	0	2	0	69	189	15	26	68	3
CCDC179	0	0	0	29	76	10	11	30	3
ZBTB18	1	8	6	298	372	0	121	109	0
SALL4	1	2	0	513	1089	7	197	383	0
HSPA1L	0	1	0	279	702	27	99	240	8
ZNF91	1	0	0	463	1290	54	150	424	8
MYL1	0	0	0	105	226	5	31	74	2
EIF3B	0	5	1	545	950	4	206	300	1
PDCL2	0	0	0	73	227	12	24	60	3
SMIM20	0	0	0	43	88	1	13	25	1
LST1	0	0	0	45	108	6	17	28	3
PPP4R4	0	1	0	353	801	28	111	237	8
FSTL4	0	0	0	392	842	25	156	297	10
CHRAC1	0	0	0	70	160	4	21	42	0
MYO1F	1	2	1	525	1180	28	233	423	5
USP17L25	0	0	0	0	0	0	0	0	0
CDKN2B	0	1	0	88	232	7	26	75	0
MGA	0	8	1	1254	3233	18	398	1021	4
LACRT	0	0	0	77	169	9	22	55	2
RPL10L	0	1	0	135	296	7	48	101	3
GNRH2	0	0	0	63	125	9	14	50	7
WNT3A	0	4	0	178	372	12	55	129	0
ENSG00000289503	0	0	0	0	0	0	0	0	0
FGFBP1	0	0	0	113	283	14	43	92	5
PCDHB6	0	0	0	497	1064	46	163	323	12
EXOSC2	0	0	0	119	314	15	47	95	5
CST8	0	2	0	70	176	18	23	64	4
RSPH1	1	0	0	144	335	20	53	124	8
FNDC3A	1	3	0	434	1122	10	145	317	3
TWIST2	0	0	0	102	155	2	23	28	2
TOM1L2	0	2	0	252	547	21	96	191	3
HES5	1	1	0	143	250	10	37	92	0
TRIM25	1	4	0	307	638	23	111	216	5
PRR19	1	0	0	173	424	10	67	146	4
SLC5A11	1	2	0	318	732	28	118	230	6
CHD1L	1	3	0	420	1148	68	110	378	17
TNFRSF19	1	1	0	200	458	15	71	168	2
NRXN3	1	4	0	783	1490	14	244	431	2
SMIM17	0	0	0	34	104	6	20	49	2
NOS3	0	4	2	714	1373	48	268	452	9
ALOX5	0	2	0	370	780	31	0	0	0
SMCO1	0	1	0	89	222	12	25	71	4
TSSK6	0	0	0	175	279	9	55	62	0
ZNF74	0	0	0	349	802	31	140	247	7
ABCF3	0	3	0	379	740	24	112	235	7
G3BP2	0	5	0	178	342	7	60	79	2
ERVW-1	0	0	0	0	0	0	79	175	12
MVB12A	0	0	0	146	326	12	56	117	3
ZNF675	0	0	0	187	618	32	59	203	13
FTCD	1	0	0	401	794	34	169	295	8
TMEM225	0	1	0	86	222	13	32	74	2
GEMIN4	1	3	0	537	1227	60	194	447	13
CACNB4	0	0	0	230	412	11	74	117	5
CD3G	0	0	0	72	214	12	21	54	4
ARCN1	0	0	0	208	445	1	61	142	0
MRO	0	0	0	107	293	17	48	104	6
ZFP64	0	0	1	347	681	6	126	213	4
SMAD3	0	2	0	250	278	6	77	74	0
ZNF704	0	0	0	208	361	5	67	117	2
HNRNPCL1	0	0	0	112	338	13	37	141	2
FBXL16	3	0	0	338	410	3	127	107	1
ZNF747	1	0	0	218	499	20	75	166	6
GJD3	0	0	0	220	414	16	58	149	8
CCDC85C	4	2	0	267	560	9	88	187	1
NAIP	0	0	0	96	248	11	33	68	3
SEMG1	0	1	0	207	582	42	80	175	18
SLC27A5	0	1	0	340	825	45	121	295	6
NR2C2	0	2	0	261	427	2	94	115	0
SSTR1	0	1	0	239	458	13	74	138	2
OTOS	0	0	0	46	103	8	16	43	3
PITPNM2	4	5	0	710	1243	21	269	435	2
KDF1	0	0	0	187	421	13	76	145	1
UBA6	0	4	0	381	1080	35	124	305	9
NECAB3	0	2	0	206	452	22	63	167	4
ATPAF2	1	0	0	140	296	19	53	98	3
GALM	0	1	0	185	460	24	59	135	10
CCDC74A	0	0	0	165	382	21	56	122	8
OR56B2P	0	0	0	0	0	0	32	91	5
VMO1	0	0	0	101	259	13	25	87	4
PLAAT5	0	0	0	120	316	16	47	114	3
EPS15L1	3	2	0	456	894	19	179	289	3
SLC43A3	0	0	0	233	493	18	72	175	4
VSTM2A	0	1	0	130	251	7	45	95	1
FADS2	1	2	0	198	288	7	83	63	0
ENSG00000284337	0	0	0	0	0	0	0	0	0
NPDC1	1	2	0	170	354	7	83	165	2
NPR1	0	5	0	539	974	31	197	318	14
CISD1	0	1	0	41	116	3	0	0	0
TRNT1	0	0	0	197	575	29	57	171	3
C4B	0	0	0	167	355	10	32	50	2
XPO5	1	0	0	521	991	19	180	283	2
WNT7B	0	1	0	227	375	16	95	126	2
KRTAP5-6	0	0	0	55	169	2	21	54	1
OR52E1	0	0	0	0	0	0	0	0	0
CDSN	0	1	0	248	553	14	89	171	4
CLDN3	0	0	0	128	217	7	39	70	3
ZNF57	0	2	0	223	651	49	80	214	17
OR4B1	2	1	0	178	473	19	62	165	4
LIMS2	0	0	0	175	413	17	63	158	5
TMEM174	0	1	0	118	273	11	45	92	3
AREG	0	0	0	107	266	10	46	108	1
PPP1R42	0	0	0	101	246	17	28	68	7
C9orf131	0	1	0	454	1245	56	157	401	20
RPL3	1	1	0	224	404	0	72	118	1
ENSG00000258830	0	0	0	21	49	2	9	11	0
BHLHE40	1	2	0	234	441	5	73	112	0
CENPW	0	0	0	42	87	3	12	28	3
PSMD12	0	0	2	175	429	1	61	116	0
GIPC1	1	1	0	218	416	10	78	136	2
ENSG00000291303	0	0	0	8	31	2	1	12	1
RET	3	8	1	552	1088	3	0	0	0
CFAP46	4	15	0	1460	3056	160	0	0	0
ZFP28	0	3	0	378	881	35	113	281	6
ADAMTS16	1	2	0	616	1438	51	212	504	13
AIFM3	0	3	0	288	657	29	131	237	14
RGPD2	0	0	0	125	378	15	15	17	0
TAS2R4	0	0	0	129	284	11	42	95	6
ANO2	0	3	0	467	1128	46	184	421	20
CKAP4	0	0	0	347	694	16	124	249	2
ATP6V0B	0	1	0	111	153	3	43	42	0
DHX35	0	2	0	321	784	45	117	244	16
TTC21B	2	3	0	532	1434	80	182	453	14
TSPAN2	0	0	0	110	261	11	44	94	2
EDARADD	0	0	0	86	217	8	34	63	2
OR12D1	0	0	0	0	0	0	0	0	0
C19orf53	0	2	0	67	173	5	18	49	2
ARG1	1	0	0	128	348	12	48	111	5
ZNF682	0	0	0	181	510	35	70	162	11
KRTAP5-10	0	0	0	89	242	7	22	68	1
BLOC1S5-TXNDC5	0	0	0	69	179	10	18	56	2
KCNA6	0	1	0	276	451	16	103	125	1
ARMC8	1	1	0	265	555	15	75	149	0
ANKRD27	1	0	0	497	1205	56	174	411	13
NBPF4	0	0	0	72	177	12	21	42	4
RPS28	0	0	0	49	40	0	23	9	0
ZNF483	1	6	0	299	627	10	104	165	0
TM4SF4	0	1	0	115	238	10	37	90	2
BCL2L15	0	1	0	63	176	11	17	61	2
SAP30	0	0	1	106	247	4	36	72	1
TECTB	0	0	0	146	369	16	0	0	0
NUDT2	0	0	0	70	148	11	12	47	4
RNF135	0	0	1	233	529	27	85	146	6
RAB3IL1	0	3	0	184	424	22	69	154	7
COPS4	0	1	1	174	214	3	58	56	0
OR11H4	0	0	0	159	418	17	52	128	5
MESP1	2	1	0	224	454	18	79	175	11
PRKAG3	0	0	0	242	576	14	86	203	1
TMEM108	0	0	0	249	618	7	94	212	0
TYROBP	0	0	0	67	140	6	26	41	1
PLEKHG4	0	2	0	562	1254	56	206	449	20
C3orf22	0	0	0	76	164	8	36	65	3
CCT8L2	0	0	0	249	632	36	88	218	9
NECAB1	0	1	0	141	343	18	47	122	2
GTF2H2C	0	0	0	42	110	9	6	24	2
TRIM26	1	2	0	244	381	15	97	114	2
CDKN2A	0	0	0	109	269	4	36	80	0
ENSG00000254979	0	1	0	105	219	11	32	91	3
TMEM8B	2	0	0	260	569	19	154	341	9
HOXA2	0	0	0	213	375	8	85	114	3
DNAJC7	0	0	0	189	375	10	74	109	1
ALDH1A2	1	3	0	305	512	14	103	150	2
IGFBP6	0	2	0	128	298	14	46	99	3
ENSG00000279073	0	0	0	14	38	1	18	60	3
MESD	0	0	0	119	296	8	47	102	2
CFAP57	0	1	0	503	1318	78	175	451	26
MARCHF3	0	3	0	139	239	6	49	83	0
UGT8	0	2	0	204	441	4	82	151	0
NPTX2	0	1	0	274	543	10	109	181	2
ZNF862	1	3	0	598	1320	53	211	484	21
INF2	4	9	0	813	1365	26	301	455	4
SP7	0	1	0	201	446	8	66	165	1
CASTOR1	0	0	0	170	330	1	57	95	0
GNA13	1	1	0	173	300	3	75	76	0
CSF2	1	0	0	65	129	5	21	41	0
DSEL	1	0	0	479	1254	58	164	389	16
MTCL1	2	2	0	1168	2621	59	448	969	13
RPF2	0	0	0	140	309	7	44	108	1
PYGL	3	2	0	370	937	38	120	293	15
GM2A	1	1	0	99	235	8	42	73	2
TRIM46	1	3	0	357	615	11	147	197	1
KLK2	1	1	0	139	325	13	34	96	2
GLE1	0	3	0	274	743	42	100	222	9
HEXD	1	1	0	270	537	26	107	206	7
ACBD7	0	0	0	42	110	4	0	0	0
QSER1	1	3	1	640	1665	43	226	550	7
STUM	2	1	0	80	123	2	24	35	1
PDXP	1	1	0	255	445	10	91	139	1
NLRX1	2	0	0	499	1068	49	182	398	21
GPR61	0	1	0	215	409	11	75	126	2
AKAP11	1	1	0	739	2030	19	241	605	4
CBX2	0	2	0	332	701	15	132	258	4
KLF18	0	0	0	0	0	0	147	397	8
FYB2	0	1	0	288	801	57	97	246	22
KRT6C	0	0	0	303	674	37	100	227	13
MINDY4B	0	1	0	0	0	0	65	175	7
TEAD4	1	2	0	208	454	16	86	158	6
CIROP	0	0	0	0	0	0	125	271	16
JOSD1	0	1	0	114	173	7	35	49	1
ABCC10	1	1	0	775	1583	73	271	614	19
TMEM184C	0	0	0	134	315	14	46	81	3
LSM2	0	0	0	44	69	7	13	16	1
MTERF3	0	1	0	129	426	21	32	132	6
GPHA2	1	0	0	61	135	7	16	37	4
CTSW	0	0	1	187	421	24	56	145	8
HNRNPA1L2	0	0	0	137	318	14	52	110	5
ENSG00000287908	0	0	0	0	0	0	0	0	0
DEF6	1	0	0	293	507	22	116	151	7
DNAJC16	0	0	0	323	801	46	124	274	14
SRRM4	0	1	0	331	733	11	123	258	2
CD63	0	0	0	117	259	10	48	69	0
CLVS1	1	1	0	138	329	6	48	91	2
OR8G3P	0	0	0	0	0	0	50	127	2
ENSG00000259784	0	0	0	123	170	2	56	54	0
PCNP	0	0	0	79	165	2	21	50	0
NBPF3	0	0	0	227	612	42	75	183	14
C1orf112	0	0	0	334	844	36	121	234	8
MMP24	2	3	1	315	623	17	97	210	2
SEMA5B	0	6	0	678	1361	32	241	434	7
ENSG00000289701	0	4	0	236	426	19	94	174	5
HSD3B7	1	0	0	222	391	23	78	153	6
C3orf70	0	2	0	130	311	10	51	93	3
LY6L	0	0	0	80	171	6	26	55	1
IRX1	0	0	0	368	770	15	141	243	1
CSNK1G1	0	2	0	171	377	14	62	107	2
HOXD8	1	0	0	179	468	15	67	144	2
C19orf73	0	0	0	92	205	7	22	72	0
OLIG3	0	1	0	174	387	5	69	102	0
CYP4A11	0	0	0	226	628	30	72	224	8
NRSN1	0	2	0	82	191	10	26	64	4
LY96	0	0	0	59	164	10	13	47	2
SRPRA	0	1	0	326	699	12	116	199	2
ZNF587	0	0	0	206	611	49	62	155	14
MRPL40	2	0	0	103	245	14	24	68	5
CC2D1A	1	0	0	486	1037	30	197	384	8
RAB6B	0	2	0	110	132	4	45	34	2
ZC3H12A	4	0	0	293	593	13	118	195	4
TRIM4	0	2	0	240	533	23	84	180	9
COL5A1	2	4	0	1035	1877	6	403	667	3
TTLL10	0	6	1	393	854	29	165	342	10
ALYREF	0	0	0	192	302	0	75	77	0
FAM209B	0	0	0	78	176	11	23	64	5
GPR19	0	2	0	185	412	17	60	124	6
CASP10	0	1	0	230	548	18	78	172	4
ABCA4	2	3	0	1081	2526	105	399	897	33
CYB5R2	0	1	0	165	414	21	56	142	3
MINAR1	1	2	0	428	1052	37	153	404	11
GLYATL1	1	0	0	150	358	21	43	130	10
CRY2	0	1	0	298	572	18	99	191	2
MED20	0	0	0	95	211	12	32	61	3
C20orf85	0	0	0	73	169	8	26	50	5
UQCRH	0	0	0	37	90	7	15	40	3
NUDT17	0	2	0	182	437	21	64	142	2
TMCO1	0	0	0	78	161	10	22	46	7
TMEM81	0	0	0	110	281	17	38	75	6
TERB2	0	0	0	85	230	16	43	64	8
SLC9A5	1	2	0	414	818	31	146	256	6
FRMD4A	2	3	0	611	1184	20	0	0	0
NCEH1	0	1	0	198	368	10	59	106	3
GLI2	3	4	1	897	1889	14	333	661	2
MARCHF6	0	1	1	386	677	8	128	192	2
ENSG00000257411	0	0	0	72	74	1	24	22	0
RHNO1	0	0	0	105	274	14	43	78	5
ENDOD1	0	1	0	243	603	26	86	197	12
HIGD2B	0	0	0	0	0	0	19	53	1
ZNF283	0	0	0	229	559	36	69	193	11
SMAD4	0	11	0	224	304	4	84	75	0
OR52B4	0	0	0	174	428	19	56	139	5
IFNA5	0	1	0	99	271	17	31	84	4
SERPINB13	0	1	0	175	483	14	69	144	4
TRAF1	0	1	0	196	403	16	71	135	5
C16orf74	0	0	0	55	126	3	19	37	0
AATF	0	2	0	253	606	28	80	204	9
AQP2	0	1	0	150	294	12	56	102	3
FAT1	5	11	0	2101	5312	130	817	1847	27
PYCR3	0	0	0	181	352	8	62	136	1
PTGES3L	0	1	0	57	175	8	18	57	1
MUC13	0	1	0	201	551	12	68	167	4
OR2AE1	0	1	0	144	371	16	53	131	6
DERL1	0	3	0	125	254	18	35	80	2
MUCL3	0	2	0	545	1408	36	171	433	10
DNAJA2	0	0	0	170	320	5	46	93	0
RNASEH2C	1	1	0	110	273	7	37	75	3
ENSG00000144785	0	0	0	103	247	13	38	100	3
NEPRO	0	1	0	221	596	32	71	190	8
ZCRB1	0	0	0	77	193	15	21	50	4
SERTAD1	0	1	0	117	246	5	40	88	2
BCKDHB	0	0	0	196	448	25	57	147	9
WAPL	0	3	1	467	908	1	0	0	0
MGAT3	0	0	0	342	508	16	122	158	1
KRTAP10-2	0	0	0	138	300	12	58	114	2
KIFBP	0	1	0	253	603	27	0	0	0
MNS1	0	0	0	166	594	42	50	190	12
IRX5	0	1	0	360	626	7	128	192	0
ANK2	3	7	2	1703	3818	47	556	1187	7
HIGD2A	0	1	0	66	122	3	19	31	1
ENTPD1	1	1	0	200	439	22	0	0	0
BBC3	0	0	0	130	269	3	36	74	2
MFSD14A	1	1	0	196	358	16	64	89	3
TRIM55	1	0	0	234	604	31	82	205	8
FAM90A3P	0	0	0	0	0	0	0	0	0
GRM6	0	3	0	542	1158	51	205	385	17
NUDT14	0	0	0	127	277	19	50	103	1
TIA1	0	1	0	147	366	11	39	91	2
ADAMTSL1	0	8	0	1065	2427	81	390	816	18
NSD2	0	8	5	641	1085	6	248	377	0
ZDHHC22	0	0	1	119	277	10	48	88	2
KRBOX5	0	0	0	40	129	9	15	50	3
WDR75	1	0	0	322	825	29	121	257	6
TTF1	0	2	0	353	941	49	141	309	9
PAEP	0	0	0	108	191	10	41	69	5
AGPS	0	1	0	280	526	16	92	137	1
NUTM2D	0	0	0	0	0	0	0	0	0
INO80	0	4	0	701	1295	12	242	390	1
ENSG00000264187	0	0	0	41	104	1	17	31	0
XKR7	0	1	0	366	673	7	128	223	1
SPG11	2	3	0	1105	2862	153	371	921	46
IL15RA	0	0	0	144	318	10	0	0	0
PPP3CC	0	0	0	221	536	19	69	164	6
NR2E1	0	0	0	192	265	5	54	72	2
CYP4V2	0	1	0	220	611	29	59	198	12
PEAK1	0	3	0	693	1883	51	231	615	12
PPAT	1	0	0	210	350	13	53	86	1
SNX30	0	2	0	191	508	19	68	158	3
GDE1	0	0	0	153	333	17	41	115	2
EXOC3L1	1	1	0	424	835	48	166	297	12
FAM161A	0	1	0	284	810	50	98	280	13
SYT2	0	1	0	183	348	5	60	99	1
VAX2	1	0	0	173	410	12	57	166	1
CREB1	0	1	0	135	185	1	45	40	1
DAW1	1	1	0	189	451	19	64	152	5
INPP4B	0	1	0	433	915	22	136	262	5
VDAC3	0	0	0	102	242	6	28	82	1
SYT12	0	0	0	210	474	13	87	194	5
UPK1A	0	2	0	123	322	15	45	111	4
AAR2	0	0	1	183	414	27	54	139	8
DIP2A	4	5	0	851	1592	36	342	535	10
H2AC17	0	0	0	129	193	10	39	72	2
NMNAT3	0	1	0	102	281	12	38	85	7
DUS4L	0	2	0	108	333	17	31	92	4
DNAH12	2	3	3	1209	3399	170	500	1428	59
HECTD1	4	9	1	1070	2105	38	326	607	6
KRTAP19-7	1	0	0	35	67	4	13	22	4
ANKRD13A	0	2	0	212	537	18	72	175	9
SCFD1	1	1	0	257	587	11	79	183	0
STARD3	0	1	0	225	496	19	97	190	7
ADAT3	1	2	0	314	650	14	116	237	8
CNOT6	0	0	0	222	436	13	70	129	1
RPL7A	0	0	0	168	297	0	58	90	0
ALOXE3	1	1	0	343	858	45	104	311	7
NPAS1	0	4	0	383	740	14	146	230	1
MYL3	0	0	0	80	201	2	34	67	0
SLX1B	0	0	0	21	39	4	0	0	0
XBP1	0	0	0	185	362	11	59	119	2
H2BC4	0	1	0	143	173	13	53	51	5
NFAT5	1	3	0	603	1322	21	197	373	3
RSAD1	1	0	0	246	580	30	77	209	8
HNRNPF	1	1	0	221	289	6	0	0	0
SLC35A4	0	1	1	165	375	12	58	129	2
KIFAP3	0	1	0	316	701	27	104	203	7
ATP6V1F	1	0	0	67	117	3	27	35	1
UCK2	1	0	0	130	189	3	42	42	0
RYR3	6	4	1	2321	5264	110	800	1704	14
NTNG2	0	2	0	297	540	17	104	143	0
IDE	0	5	0	438	947	32	0	0	0
BAZ2A	1	5	0	840	1828	20	271	600	4
SEPTIN5	0	4	0	203	349	10	84	100	0
CNTN5	1	4	1	514	1313	51	183	422	9
DDIAS	0	0	0	349	954	65	125	296	9
STK40	2	2	0	223	413	12	101	127	1
IQGAP1	1	5	1	739	1591	45	248	441	5
NGLY1	0	0	0	286	676	47	93	232	10
SOX5	2	11	5	336	675	4	104	178	2
ACBD3	1	1	0	257	494	17	99	159	1
CCDC148	0	1	0	229	653	48	83	200	15
DFFB	0	1	0	177	344	25	55	124	6
EPS15	0	1	0	367	933	37	121	277	5
FHL2	1	0	0	107	298	11	41	99	2
EOGT	0	3	0	241	657	28	82	217	3
CHCHD1	0	0	0	65	147	9	0	0	0
IKBKE	0	1	0	359	665	23	127	242	5
FITM1	1	0	0	146	361	12	53	135	3
KRTAP29-1	0	1	0	147	393	28	43	135	11
ZFP69B	0	1	0	220	542	25	78	167	14
PATE4	0	0	0	46	122	13	7	30	4
CENPT	1	2	0	278	638	22	108	224	5
HS3ST2	0	0	0	222	358	12	85	82	7
PI4K2B	0	4	0	195	544	28	73	164	5
FZD3	0	0	0	246	586	17	78	157	6
PRIM2	0	4	0	76	200	17	53	144	11
C17orf67	0	0	0	57	103	4	19	43	2
PURA	2	21	13	252	182	1	92	48	0
PSMD9	0	2	0	122	297	8	44	104	1
SLC35F4	1	1	0	234	496	17	78	160	2
SPRR2B	0	0	0	36	75	3	17	32	1
AP3M1	0	1	0	180	369	16	0	0	0
RPLP1	0	0	0	49	123	3	16	34	0
ECI1	0	0	0	220	451	12	85	154	8
ZNF248	0	0	0	198	553	15	0	0	0
RAB28	0	1	1	94	224	10	37	74	3
CASD1	0	2	0	311	677	21	109	191	6
NBPF20	0	0	0	19	41	3	148	389	36
PRKRA	1	0	0	110	221	5	37	88	2
SNX7	1	1	0	189	527	19	81	166	7
INTS3	0	3	1	469	700	16	159	182	2
OR4N4C	0	0	0	0	0	0	3	20	0
SGSM3	2	0	0	467	905	48	169	324	10
TDRD10	1	0	0	152	334	12	63	119	4
ZNF197	2	1	0	403	1009	41	117	300	15
GPS2	0	2	0	197	341	14	73	71	0
PPP1R16B	2	0	0	238	512	4	90	136	2
MTHFD2L	0	1	0	154	422	12	54	140	6
CDK14	0	1	0	212	453	16	85	133	3
APOC2	1	0	0	54	101	8	21	35	4
THAP8	0	1	0	160	353	17	53	123	2
AGPAT5	1	1	0	243	622	28	92	190	8
DPT	0	1	0	97	245	14	29	84	5
SH3BP2	1	2	0	325	715	15	145	238	5
ZNF485	0	1	0	178	464	20	0	0	0
VPS41	1	0	0	328	837	37	114	258	5
CAMK2G	0	9	0	284	408	13	0	0	0
PSME4	2	6	0	883	1893	43	258	533	8
ATP6V1C1	0	1	0	146	295	25	42	82	2
SMAD5	0	0	0	211	305	5	57	80	0
HOXA7	0	0	0	169	340	15	56	118	4
KRTAP5-5	0	0	0	126	255	10	33	63	2
C1orf109	0	0	0	90	222	13	19	65	5
SPEG	3	9	0	1864	3893	61	667	1259	7
SNCAIP	2	2	0	407	949	25	124	283	3
RHEB	1	2	0	79	72	1	22	14	0
MRPS31	0	0	0	162	394	14	63	155	6
MCRIP2	0	0	0	111	217	14	37	71	1
LRGUK	1	1	0	366	923	42	111	298	9
TRABD2A	0	0	0	243	589	33	83	196	9
POLR1A	3	9	0	799	1559	55	296	529	13
DHRS13	2	1	0	194	433	21	69	168	8
POU5F1	0	2	0	131	309	5	53	91	2
ALX4	1	1	1	236	488	14	85	171	3
ATRNL1	0	4	0	595	1348	51	0	0	0
CCNYL1	0	0	0	159	354	8	47	81	2
RBM20	2	2	0	607	1420	31	0	0	0
CDHR4	1	4	0	368	878	43	120	311	12
ENSG00000265690	0	0	0	0	0	0	0	0	0
CCDC85B	0	1	0	114	186	4	35	51	3
HCAR1	0	1	0	159	411	19	49	157	3
ENSG00000256514	0	0	0	37	73	5	19	30	0
HADH	0	1	0	140	333	12	48	112	2
GOT1L1	0	0	0	182	426	29	63	151	7
TM4SF5	0	1	0	97	239	10	39	72	3
LILRA1	0	0	0	274	645	33	102	253	10
OR10G3	0	0	0	133	342	8	35	109	4
RNASE3	0	0	0	70	198	12	24	82	6
CCL8	0	1	0	45	113	2	19	40	0
AGO1	0	8	0	399	509	5	138	120	0
IFRD2	1	1	0	254	490	10	112	183	2
MRPS17	0	0	0	60	134	6	21	53	2
PCDH15	1	6	0	787	2116	79	0	0	0
LUC7L3	0	0	0	179	321	4	52	82	0
NIFK	0	1	0	136	339	10	36	118	4
RUNX1T1	0	4	0	326	588	11	114	191	4
RTF2	0	1	0	135	305	9	48	92	4
IL20RA	0	1	0	263	601	26	88	149	8
KLF9	0	1	0	129	202	1	38	50	0
EFCAB12	1	1	0	243	585	32	84	231	14
JAK2	1	1	0	466	1291	42	136	338	6
LDHAL6B	0	0	0	195	539	19	72	166	8
LRRC75A	0	1	0	207	375	12	86	114	2
ENSG00000286131	0	0	0	37	78	2	10	18	1
MPP2	0	2	0	288	577	20	99	202	6
TUBAL3	0	1	0	214	528	11	0	0	0
INTS2	2	0	0	460	1065	38	127	325	6
CEACAM20	0	0	0	268	624	37	90	215	13
STAC3	0	0	0	134	382	10	50	97	5
BCLAF1	0	1	0	368	833	14	127	262	2
SLC15A2	0	2	0	302	836	44	89	262	15
ABCC5	1	3	0	676	1262	29	240	356	7
RNASE6	0	1	0	63	185	10	20	63	3
ENSG00000267561	0	1	0	104	275	8	43	95	1
ADAMTSL2	3	2	0	539	1078	29	237	369	5
PCNT	3	7	0	1757	4170	194	641	1478	61
DLX2	0	1	0	184	396	7	64	118	1
MUC5B	7	6	0	3509	7124	62	1386	2447	10
CTIF	0	1	0	320	686	10	124	240	2
RANBP3	0	0	0	293	552	7	123	182	1
ICAM5	1	1	0	539	966	21	175	267	4
SNRPA	0	0	0	148	241	7	63	63	2
KIAA0825	3	1	1	469	1311	79	155	396	18
HDLBP	2	4	0	601	1059	20	229	320	2
SPINT3	0	0	0	33	101	7	5	34	3
ZNF620	1	1	0	152	418	26	47	132	11
TESK1	0	3	0	328	712	14	121	198	4
MED17	0	1	0	250	661	28	84	209	10
FBXO28	0	2	0	158	299	3	59	81	1
MARCHF9	0	0	0	198	402	12	53	121	1
GMPR	0	0	0	160	436	19	63	150	4
KREMEN2	2	1	0	340	634	16	115	177	3
BPTF	3	7	3	1187	2624	9	416	756	3
C16orf82	0	0	0	68	193	12	26	71	2
FAM172A	0	1	0	166	440	14	66	150	7
HNMT	0	1	0	111	299	19	46	93	4
EN1	0	1	0	288	510	5	104	156	2
PRAMEF1	0	0	0	236	571	33	96	219	13
PARP4	1	1	0	744	1879	92	255	604	28
ZBTB37	0	2	0	223	491	12	63	157	1
C3orf20	1	4	0	407	955	40	139	355	11
RBM19	0	3	0	439	1080	42	164	421	12
GNB4	0	0	0	131	294	19	52	86	3
RGS7BP	0	1	0	107	259	5	36	75	1
SIGLEC6	2	0	0	207	503	22	68	168	4
TIMP2	0	0	0	122	182	3	51	65	0
DEFB4B	0	0	0	27	56	3	1	1	0
PSMG4	0	1	0	92	190	7	37	53	1
CNGB1	4	3	0	609	1510	55	220	527	25
HOXD3	0	1	0	206	505	11	72	149	1
CLDN5	0	3	0	144	210	9	55	47	1
ESRP2	0	3	0	348	778	27	120	267	7
RLF	0	1	0	777	1595	6	237	469	2
CCDC28B	0	0	0	106	210	4	36	73	0
TNFAIP8L2	0	0	0	87	194	2	32	76	1
GORASP2	0	1	0	211	448	11	77	118	0
UBE2W	0	0	0	58	76	6	21	21	2
TVP23B	0	0	0	73	172	11	28	65	4
NRTN	0	3	0	142	297	10	50	97	3
SPATA31D1	0	0	0	849	2298	77	298	791	19
FAM135A	0	4	0	558	1462	38	179	439	5
B3GNT9	0	2	0	340	570	19	109	198	2
HOXB3	0	3	0	310	601	13	108	192	1
ITIH5	1	2	1	480	1151	45	0	0	0
MPP3	0	1	0	302	602	27	108	191	10
ZNF813	0	0	0	229	690	38	91	259	13
INTS6	2	1	0	394	563	6	104	153	1
SLC35B3	0	2	0	161	386	17	57	122	6
TLE2	1	3	0	474	934	43	196	283	10
OR6K2	0	2	0	144	403	23	46	138	7
ENSG00000269741	0	0	0	123	324	14	36	106	3
OLR1	0	0	0	108	282	20	41	100	3
KNOP1	0	1	0	190	508	30	68	181	8
ATG13	0	2	1	241	549	6	81	160	1
H6PD	1	6	0	443	1003	48	167	384	17
CMC1	0	0	0	50	115	4	17	34	3
SOX12	0	1	0	241	397	4	75	108	0
ETNK2	1	0	0	179	394	15	50	130	3
MYH15	1	0	0	777	2040	124	238	697	44
CCNE2	0	2	0	143	339	10	44	95	2
ENSG00000271793	0	1	1	263	364	2	82	83	1
PPL	2	11	0	1151	2591	131	429	1027	35
SLC6A11	1	1	0	313	540	14	112	160	3
GALNT6	0	1	0	329	667	31	100	230	12
FAM83D	0	0	0	282	682	23	92	228	9
TCF7	0	1	0	249	508	13	83	162	5
RERG	0	0	0	72	236	14	29	77	5
PREP	0	2	0	322	694	22	124	179	3
GTF2H1	0	2	0	231	498	8	66	140	2
PKIG	0	0	0	35	70	0	11	32	1
IDO2	0	3	0	213	484	24	59	145	8
SUPT20H	0	1	0	302	766	35	86	250	8
CHRNA5	0	2	0	182	461	24	60	135	7
RHEX	1	1	0	70	199	8	16	60	3
C9	0	0	0	223	692	32	78	213	15
WDR7	2	2	0	596	1407	25	195	460	2
TULP2	0	3	0	255	585	24	100	199	8
MICOS10	0	0	0	37	97	3	8	37	1
PPP1R13B	0	3	0	509	1134	17	196	387	4
BBS4	0	1	0	233	597	33	82	194	5
FAM171A2	1	2	0	537	981	15	159	304	1
NUDT15	0	0	0	91	232	11	34	70	3
ZNF789	0	0	0	152	416	22	52	127	8
MYH13	1	4	0	846	2071	102	330	746	27
CSNK1G2	0	1	0	309	393	9	109	124	1
ACSF2	0	2	0	262	601	28	95	184	6
MOB4	0	1	0	82	132	1	17	39	0
SUGT1	0	0	0	128	317	6	48	98	2
PSMC3IP	0	0	0	88	238	16	39	74	4
STIM2	0	3	0	359	740	15	125	233	3
OR51S1	0	1	0	176	436	15	48	152	5
CAMP	0	1	0	89	169	6	32	64	5
SLC22A8	0	1	0	255	550	21	81	184	7
TCAF2	0	0	0	210	483	26	19	40	3
TMPRSS11F	2	1	0	170	483	26	58	137	9
LDLRAD3	0	2	0	152	415	16	61	138	2
AK1	0	0	0	105	204	4	32	53	1
SLC38A2	0	0	0	237	493	6	68	125	1
PPM1K	0	0	0	134	335	10	44	100	2
KIFC2	4	1	0	685	1258	54	258	421	8
VTI1B	0	1	0	106	271	13	28	102	6
GIMAP7	0	0	0	132	323	14	44	113	5
GNA15	0	1	0	219	453	11	83	156	1
SLC2A5	0	1	0	262	531	22	98	172	5
IPO13	0	2	2	382	725	23	124	219	2
NRG4	0	1	0	41	119	5	15	49	1
GALNTL6	0	2	0	238	594	26	96	157	6
PGAM1	0	0	0	130	280	14	0	0	0
DEFB1	1	1	0	48	154	9	17	56	2
FOXD4L6	0	0	0	139	297	12	7	10	0
PARPBP	1	1	0	226	664	28	72	228	10
GPC5	0	2	0	256	726	32	84	238	13
NBR1	0	0	0	360	949	33	100	304	9
TLX2	0	0	0	202	359	10	76	118	4
COPE	2	2	0	193	339	14	79	127	3
MACROH2A2	0	0	0	188	269	2	0	0	0
CD68	0	0	0	181	424	16	47	143	4
OVOL3	0	0	0	113	280	11	44	95	3
GALNT8	0	1	0	260	729	41	95	254	13
THBS4	0	3	0	438	1011	53	178	325	15
RPL31	0	0	0	58	100	0	14	24	0
DYNLRB1	1	0	0	42	79	2	17	31	0
ECRG4	1	0	0	73	190	8	26	68	2
DPH6	0	0	0	115	316	18	27	98	2
PLSCR5	2	0	0	132	343	17	37	115	7
MRPS5	0	1	0	183	528	25	75	167	3
CADM2	0	2	0	194	349	6	62	86	0
TH	1	0	0	314	640	17	124	250	4
AOX1	1	2	0	554	1497	76	207	495	24
PIERCE2	0	0	0	47	148	6	12	41	1
LUC7L	0	2	0	174	368	22	66	121	4
PITPNM3	1	3	0	543	991	19	200	339	1
NMT2	0	2	0	198	488	20	0	0	0
DGUOK	0	2	0	143	321	21	47	102	3
DNAI7	0	4	0	298	735	51	100	222	9
CD70	0	0	0	108	215	10	34	75	2
SRRM5	1	0	0	271	845	47	96	280	13
SEC61A2	1	2	0	200	289	15	0	0	0
TAL1	0	0	0	207	450	3	62	140	3
OR10C1	0	0	0	170	393	9	54	105	2
TLCD4	0	0	0	86	220	7	38	73	1
TNFRSF11A	1	2	0	284	688	17	105	242	7
DOCK6	0	4	0	1053	2331	83	425	885	22
ZMPSTE24	0	1	0	177	458	22	53	143	6
ENSG00000283536	0	0	0	0	0	0	27	63	1
TAPBP	1	1	0	215	450	17	76	130	5
DEFB106A	0	0	0	20	65	4	0	1	0
ETNK1	1	0	0	158	285	4	41	86	1
CPNE8	0	0	1	240	501	12	74	151	5
CNOT2	0	0	0	216	310	1	79	80	0
EVX2	0	2	0	356	656	12	127	195	3
ELOVL2	1	2	0	127	301	18	46	112	7
PHLDA2	1	1	0	96	200	4	35	62	0
SERPINA2	0	0	0	0	0	0	43	119	6
TRAFD1	0	3	0	209	545	14	69	178	5
RFC3	1	1	0	141	402	17	45	124	1
UBFD1	0	1	0	182	330	7	71	106	0
CD300H	0	0	0	73	176	11	39	68	6
PIP4P1	0	0	0	136	242	4	50	88	1
ATCAY	1	1	0	205	429	11	77	134	0
MBD3L2	0	0	0	0	0	0	15	39	1
SMOC2	0	3	0	240	518	17	89	199	5
HLA-DMA	0	0	0	127	220	7	40	63	0
ESR1	1	2	0	295	536	10	89	168	1
CTDNEP1	0	1	0	131	172	4	41	42	0
ZNF470	0	0	0	268	879	52	91	280	16
MIS18A	0	0	0	121	250	6	51	84	0
NAA11	1	1	0	117	280	14	32	82	4
ZKSCAN2	0	3	0	413	1035	40	127	356	9
PRICKLE2	0	1	1	431	868	18	146	272	1
MRPL17	0	0	0	91	249	6	39	80	1
WRAP53	0	0	0	281	595	26	97	199	6
CYP2A13	0	0	0	262	683	15	88	246	9
CHRM2	0	0	0	195	378	4	71	102	1
TIGD3	0	0	0	251	516	24	74	156	10
DUSP10	1	1	0	236	490	13	85	154	2
NEUROD2	0	2	1	241	334	3	78	99	0
TRMT9B	0	2	0	269	923	42	111	302	9
GNAT1	2	1	0	197	393	20	75	117	9
SECTM1	0	0	0	123	250	7	54	86	1
UQCR11	0	0	0	26	72	5	13	32	1
ARID3C	0	2	0	196	489	16	71	149	8
B3GAT3	0	0	0	169	372	13	52	131	3
ACOT1	0	0	0	164	392	13	35	66	5
GLIPR1	0	1	0	108	306	32	39	109	15
ZDBF2	2	3	2	811	2359	58	273	755	17
EIF2AK4	1	3	1	679	1478	69	231	491	18
TACR1	0	1	0	197	441	19	65	139	5
BAX	0	0	0	112	232	15	41	71	0
SRF	0	0	0	278	401	4	103	120	0
SRFBP1	0	0	0	202	560	27	59	188	11
ZNF202	1	0	0	264	562	18	93	183	2
PCK1	2	2	0	336	790	25	123	278	7
CCDC127	2	0	0	110	280	17	39	61	4
CRISPLD1	1	1	0	199	558	27	63	192	8
DYRK1A	0	14	24	333	582	2	125	158	0
ZSWIM7	0	0	0	57	173	11	24	49	4
TMEM245	1	2	0	463	999	41	191	313	14
LTA	0	1	0	91	168	3	30	49	1
PTDSS2	1	3	0	298	478	28	93	143	5
BLOC1S1	0	1	0	78	196	10	28	71	1
CAMK2D	0	5	0	207	413	13	57	103	4
RHOV	0	0	0	126	233	1	45	70	1
MED8	1	0	1	103	233	17	22	73	6
RAB3GAP2	1	4	0	538	1362	49	178	439	4
CYP4X1	0	1	0	209	492	26	75	194	6
CXCR6	0	1	0	162	288	20	47	100	6
GRID1	0	2	0	519	1031	14	0	0	0
CCT2	0	2	1	262	522	5	77	170	1
LSM4	1	0	0	84	124	8	23	43	3
PTGIR	3	0	0	255	487	19	92	190	6
CDK18	0	3	1	228	575	15	75	192	4
SYNPO	0	4	0	526	1054	15	186	369	3
CELA1	0	1	0	140	276	14	43	93	2
HRH3	0	1	0	273	411	13	108	133	4
FHIP2A	1	2	0	324	708	18	0	0	0
GNAQ	0	0	0	167	183	5	53	42	1
LIPJ	0	2	0	133	370	21	0	0	0
SLC6A3	1	2	0	359	597	13	144	175	2
SLC16A12	0	1	0	211	503	18	0	0	0
ATP8B4	1	2	1	473	1375	70	152	431	21
ARNT2	0	2	0	343	719	15	133	221	3
ACOX1	0	1	0	258	576	24	104	176	5
ZNF750	0	3	0	364	856	11	142	285	3
PSMB6	0	0	0	129	264	3	49	69	0
HTR1E	0	0	0	152	375	9	58	112	2
GPR153	2	2	0	414	854	27	163	282	5
GTPBP8	0	0	0	152	369	13	49	115	4
GTF2H5	0	0	0	29	91	3	13	30	1
FBXO5	0	1	0	199	449	5	73	134	0
ISCU	0	0	0	97	197	5	34	65	3
GRAP	0	0	0	81	132	6	22	50	0
MBOAT1	0	2	0	215	543	37	73	173	12
SPDYE4	0	0	0	119	256	21	36	103	6
INCENP	1	1	0	461	1022	17	185	386	1
NFS1	1	0	0	210	461	10	52	157	3
ANKRD34A	1	0	0	286	410	6	90	137	0
ECHDC3	0	0	0	129	282	10	0	0	0
YWHAQ	0	0	0	131	173	6	37	51	0
LSM8	0	0	0	51	85	6	16	17	4
GNL2	0	1	0	280	756	28	96	269	12
SPDYE12	0	0	0	0	0	0	9	28	2
EIF4EBP3	0	0	0	48	125	9	17	47	3
CNN3	0	0	0	108	255	7	43	58	3
TENM2	3	8	0	1288	2812	29	491	951	5
C1orf210	0	0	0	56	132	7	16	61	5
ERV3-1	0	0	0	0	0	0	98	251	20
PDS5A	0	5	0	542	930	12	188	225	0
GMPS	0	1	0	244	591	8	71	176	1
DLX6	0	0	0	177	335	1	75	97	0
SERTM1	0	0	0	50	90	0	17	24	0
DSC3	0	3	0	408	1148	56	141	377	16
GSAP	1	2	0	374	911	41	121	272	10
DDX50	1	1	0	262	664	40	0	0	0
LHX2	0	1	2	265	415	6	104	102	0
CNTNAP4	2	1	0	662	1768	55	232	568	10
OR2W3	0	1	0	189	416	8	68	136	3
NAF1	1	0	0	264	579	19	79	209	2
OPCML	0	0	0	157	333	7	53	105	1
REXO4	0	0	0	189	489	25	63	176	9
TTC39C	0	1	0	251	525	17	74	162	4
PTCHD3	0	0	0	0	0	0	0	0	0
SUGP1	0	1	0	302	689	27	119	226	3
NCKAP5L	1	2	0	682	1483	32	217	534	3
TMEM98	0	0	1	103	217	8	34	68	2
SOS2	0	2	0	535	1188	36	174	360	5
ZMYM6	3	1	0	447	1233	53	134	418	14
HOXB9	0	0	0	145	340	8	47	107	5
PPP1R15A	0	0	0	298	766	41	106	312	15
CD180	0	0	0	264	735	29	110	223	12
GAL	0	0	0	82	162	5	36	61	2
TSC1	0	4	2	470	1038	13	157	340	1
PGK2	1	0	1	192	545	21	58	164	6
SLC22A17	1	0	0	314	572	13	125	211	0
ISCA2	0	1	0	99	188	12	32	43	5
DSG1	0	6	0	445	1224	23	157	360	6
FAM3B	0	0	0	88	265	15	33	89	4
DSN1	0	0	0	134	350	17	37	118	8
TOPAZ1	1	2	0	683	1743	46	200	532	4
H3C10	1	1	0	114	156	10	43	43	1
EIF4A3	0	2	0	190	212	0	68	54	0
CHI3L1	1	0	0	181	456	15	76	162	7
CAV1	0	0	0	78	181	4	27	58	2
CKM	0	0	0	202	450	18	77	161	1
RIMBP3C	0	0	0	38	84	3	0	0	0
IL24	0	0	0	95	199	18	25	58	2
EIF2B3	0	0	0	161	416	12	50	133	3
LPCAT2	0	0	0	259	549	30	82	155	11
ENSG00000268107	0	0	0	36	69	2	15	32	1
PRRT4	1	2	0	559	1144	40	191	371	11
RMDN1	0	0	0	143	369	27	45	130	8
PRSS1	0	0	0	137	361	14	36	115	5
OR4A8	0	0	0	0	0	0	0	0	0
KRT7	0	0	0	254	568	26	81	215	2
TTC9C	0	1	0	85	229	11	30	88	3
EAPP	1	0	0	108	332	19	32	121	4
CHGA	1	1	0	219	529	19	94	186	4
SFXN3	0	0	0	151	352	15	0	0	0
MBLAC2	1	1	0	142	316	18	53	109	6
MEF2D	0	4	0	291	457	4	114	147	1
ATP5MC2	0	0	0	63	127	5	27	39	3
ANKRD35	1	4	0	476	1117	64	176	388	29
UACA	0	0	1	535	1374	84	181	454	30
LSM10	0	0	0	56	133	7	18	49	1
NDFIP2	1	1	0	200	411	13	58	128	1
POLR2F	0	0	0	55	126	6	21	45	2
IL16	1	0	0	630	1426	41	239	484	10
ZNF77	0	1	0	258	619	45	98	234	9
ENSG00000289791	0	2	0	106	233	11	46	110	8
OR7E24	1	2	0	139	349	14	37	108	3
LCK	0	1	0	256	407	8	79	109	1
MAN2A1	2	4	0	527	1297	46	186	405	14
PLEKHA4	0	2	0	443	997	41	148	336	10
ZFP1	2	0	0	231	545	30	96	161	6
HIBADH	0	1	0	153	379	11	47	115	8
COPS9	0	1	0	34	66	5	12	13	1
NATD1	0	0	0	83	148	4	29	48	2
DUSP13	0	0	0	147	384	29	0	0	0
FGGY	0	1	0	244	605	33	87	216	9
KCTD2	0	1	0	178	306	13	66	95	1
MMS19	0	5	0	511	1029	28	0	0	0
ZNF468	0	0	0	222	596	37	85	211	13
CD300LD	0	0	0	104	204	14	30	67	2
FTMT	0	0	0	166	378	12	54	127	2
NFRKB	1	2	1	635	1462	41	249	441	5
DOK3	1	1	0	240	556	14	96	217	6
NR1D2	0	2	0	248	680	16	88	193	2
PRDX5	0	1	0	115	238	13	44	83	5
ARHGEF19	1	2	0	420	933	44	132	336	16
COX7A1	0	0	0	44	90	8	18	30	3
PREB	2	1	0	205	423	15	73	152	3
PCDHB11	0	0	0	546	1102	50	228	405	13
VWA1	1	1	0	336	736	16	122	265	4
DTNBP1	0	0	0	168	416	21	52	138	6
UBE2L3	0	1	0	59	52	0	25	7	0
TATDN2	0	6	0	355	891	30	92	277	6
LRRC75B	0	0	0	191	375	26	58	149	9
ZNF24	0	0	1	140	274	11	49	86	0
DDX18	0	1	0	307	737	15	82	242	1
CPN2	1	1	0	308	552	24	120	220	7
GNPTAB	1	1	0	506	1279	55	162	373	15
PPM1L	0	0	1	180	301	8	55	76	1
HELLS	0	0	0	330	624	13	0	0	0
ERP44	1	0	0	145	300	11	48	95	1
FAM43A	1	0	0	284	511	16	86	153	2
CRB3	0	1	0	72	140	0	18	51	1
MAGI1	0	5	1	804	1701	32	278	528	10
CDH10	1	1	0	323	793	18	118	199	3
DESI2	0	1	0	85	153	7	26	39	2
SLC29A1	1	1	1	211	452	10	75	161	0
ZNG1F	0	0	0	61	150	9	15	57	2
THUMPD3	0	4	0	182	593	32	49	182	11
PTGR1	0	0	0	137	339	12	41	101	3
GUCY2C	1	2	0	426	1076	55	134	308	24
NOL4	2	3	2	261	575	7	91	163	2
SF3A2	1	1	0	355	543	4	112	144	1
APBA3	0	1	0	348	776	23	142	288	8
S100A12	0	0	0	50	108	6	20	31	2
PDIK1L	1	0	0	129	211	7	36	49	3
TAF11L2	0	0	0	0	0	0	41	105	4
SECISBP2	1	1	0	386	980	54	139	308	16
AGXT	0	1	0	243	496	16	98	188	3
GABRB3	0	13	0	247	282	7	89	78	0
TDP2	0	2	0	170	437	24	70	120	6
CRYGS	0	0	0	68	201	13	18	71	3
CCL24	0	0	0	60	132	7	20	49	1
DAD1	0	0	0	54	117	5	16	35	3
ZNF528	0	0	0	246	790	53	91	265	16
TBC1D10C	0	0	0	256	516	31	96	179	10
XRN1	0	1	0	617	1526	38	186	461	6
LEO1	0	2	0	242	572	24	85	176	3
P2RX2	1	0	0	277	630	29	95	190	9
BCL2L2	0	0	0	81	176	5	31	60	1
BIRC3	0	0	0	223	580	14	74	173	4
SRRM2	4	7	5	1877	4617	7	709	1685	5
PHF1	0	0	0	253	477	13	74	155	4
CEBPA	1	1	0	290	459	5	86	146	1
CCZ1B	0	0	0	161	366	23	43	87	3
IL17REL	0	0	0	249	478	25	130	235	11
SDCBP	0	3	0	119	312	7	40	93	2
MECOM	2	1	0	523	1208	1	185	377	2
TAAR6	0	1	0	178	456	22	63	160	6
METTL13	0	2	0	334	759	40	122	259	8
HGF	0	2	0	298	709	24	96	212	10
MS4A6A	1	0	0	100	268	16	36	96	4
PLA2G4E	0	1	0	419	891	55	176	314	16
HAPLN3	0	1	0	202	484	27	91	183	11
PMIS2	0	0	0	0	0	0	19	64	3
DEFB126	0	0	0	48	122	9	20	41	2
CILK1	0	1	0	254	621	36	98	184	11
KHK	0	2	0	169	372	12	75	123	5
FAM110B	0	1	0	213	390	3	59	103	0
TCHHL1	0	0	0	346	938	54	108	292	10
PCSK1	0	1	0	338	757	34	103	207	4
LDHB	1	0	0	125	310	15	33	88	1
CIDEB	0	2	0	100	275	15	36	93	9
NKAIN1	0	0	0	112	173	9	39	52	1
FOXD4L4	0	0	0	142	313	9	56	110	4
ENSG00000273259	0	0	0	0	0	0	0	0	0
IARS2	0	1	1	415	1046	52	138	337	6
GDNF	0	1	0	118	237	5	40	69	0
OR5V1	0	0	0	129	353	10	42	114	4
STK38	0	3	0	188	394	14	48	113	2
HCG22	0	0	0	0	0	0	30	77	3
H2AZ1	0	1	0	78	32	1	27	2	0
HMX2	0	0	0	189	396	11	0	0	0
LVRN	2	2	0	481	1292	65	162	400	18
PRR9	0	0	0	41	130	19	10	42	9
POLG	1	8	0	692	1593	71	244	514	14
KRTAP22-1	0	0	0	20	42	4	4	12	1
PDLIM4	0	1	1	188	413	9	47	120	0
TAB2	0	4	6	290	619	1	95	172	0
C10orf120	0	0	0	136	414	21	0	0	0
DNAJC1	1	0	0	253	622	40	0	0	0
LRP6	2	5	0	699	1454	36	218	465	7
ANP32A	0	1	1	111	156	2	41	29	0
RHAG	1	0	0	191	478	11	64	124	3
KIAA1614	1	2	0	632	1430	62	215	455	19
SDK2	3	6	0	1198	2315	53	468	821	11
TMEM74B	0	1	0	125	309	11	56	119	4
SS18L2	0	0	0	44	104	3	12	21	1
TSPAN16	0	0	0	121	253	7	46	96	3
VWA7	2	1	0	409	984	38	146	333	13
UGT1A4	0	1	0	271	653	19	107	262	11
LINC02218	0	0	0	0	0	0	40	86	3
PNRC1	0	1	0	190	429	3	77	130	0
P2RX3	0	1	0	180	424	18	63	135	5
ACP5	1	1	0	139	338	21	57	121	7
CD1B	0	0	0	184	463	40	55	153	8
TMOD2	0	0	0	134	358	12	44	122	5
LONP2	2	0	0	378	786	41	115	220	12
HBG1	0	0	0	37	99	6	9	22	2
ZCCHC10	0	0	0	68	175	5	25	61	1
ZNF706	0	0	0	29	33	0	7	5	0
EIF2B2	0	1	0	165	348	15	66	99	4
CLEC12B	0	0	0	108	322	16	35	97	5
ILF3	2	0	0	566	902	4	215	250	2
MRPS6	0	0	0	58	139	4	23	58	3
TBL3	0	2	0	540	1091	35	221	402	8
H4C8	0	3	1	112	213	15	49	57	5
TIMM10	0	0	0	39	95	7	14	23	2
ZNF335	3	4	1	730	1660	42	289	581	9
SLC9A2	1	1	0	398	787	35	136	229	9
CFAP97	0	0	1	220	606	30	73	230	4
HMGA1	0	0	0	55	95	3	23	22	0
CEP170B	1	6	0	912	1975	31	373	699	6
THAP3	0	0	0	141	285	12	50	103	4
NDUFA13	0	0	0	88	220	13	36	88	4
ITGB8	0	1	0	330	745	15	108	237	3
SSH1	1	4	0	544	1110	35	199	375	5
PTK6	0	2	0	255	550	32	97	215	14
PSMD7	1	0	0	180	301	8	53	76	2
TAFA3	1	1	0	81	160	5	16	49	2
LEFTY1	0	0	0	205	423	29	69	159	5
H1-1	2	1	0	200	469	25	86	178	4
H2BC9	0	2	0	130	201	8	52	88	6
ZSCAN26	0	1	0	160	461	34	56	139	12
OAS1	0	0	0	167	465	17	57	170	9
TMA16	0	0	0	68	204	10	29	75	9
ZEB2	0	5	9	512	863	1	174	235	0
CSRNP3	1	2	0	253	543	14	73	159	2
C1QL3	0	0	0	196	254	3	0	0	0
ARRB1	0	2	0	206	357	11	81	121	3
HTR3B	0	1	0	192	525	27	70	155	7
ZNF140	0	1	1	217	472	31	72	145	9
TBC1D17	1	2	0	454	894	38	151	319	9
HSPBP1	1	3	0	167	384	20	65	151	2
KARS1	1	6	0	313	776	32	104	267	5
UCN2	0	0	0	47	114	2	16	52	2
RCVRN	0	0	0	100	223	13	37	68	7
SOX14	0	0	0	161	242	7	49	69	2
RGL2	0	1	0	332	803	29	100	245	2
ARHGAP23	0	4	0	869	1828	29	316	641	9
CLK1	0	1	0	194	526	28	74	163	4
PARVB	0	2	0	182	464	18	69	165	7
CXCL17	0	0	0	49	111	8	18	27	1
CEBPB	1	1	1	280	445	3	100	132	0
RARG	0	0	1	224	323	9	76	93	3
TEFM	0	0	0	148	400	21	39	124	6
TLL2	1	0	0	479	1215	63	0	0	0
B3GNT7	1	2	0	220	436	11	86	148	4
LAMTOR4	0	0	0	65	109	4	22	37	4
BOD1	0	0	0	103	179	8	24	57	4
SLC24A1	0	2	0	438	1063	44	157	359	10
OR1E2	0	0	0	150	375	13	44	129	5
PCDHB14	0	0	0	488	1075	37	184	365	10
DCAF16	0	0	0	100	244	15	35	75	5
MFSD6	0	2	0	297	717	19	126	217	2
ZNF534	0	0	0	269	748	51	85	223	16
NT5C3A	0	0	0	148	363	10	51	121	2
RNASE10	0	1	0	96	255	14	29	73	3
THNSL2	0	0	0	244	473	20	89	177	6
SLC18A2	1	0	0	213	513	16	0	0	0
LRP10	0	1	0	338	791	28	123	275	10
CYP21A2	0	0	0	239	496	26	81	201	9
SUB1	0	0	0	46	84	1	17	22	0
NUPR2	0	0	0	59	152	9	22	56	2
BLM	0	4	0	538	1425	58	185	422	15
PTCH2	0	0	0	551	1255	50	218	470	17
GAP43	1	0	0	97	269	0	44	92	1
SPATA24	0	0	0	82	222	12	37	64	5
FOLR3	0	1	0	115	295	18	43	105	4
CALY	0	1	0	126	256	12	0	0	0
LIMS3	0	0	0	0	0	0	0	0	0
CTNNBIP1	0	0	0	53	86	2	19	32	2
TAS2R10	0	0	0	143	358	13	45	104	2
COQ10B	0	1	0	121	273	8	30	74	3
TBATA	0	1	0	180	427	22	0	0	0
NSUN5	0	0	0	288	557	28	85	203	12
NFIL3	0	0	0	184	404	10	74	116	1
LITAF	1	0	0	94	194	6	30	59	0
TEN1	0	0	0	71	139	5	25	41	2
LRP4	1	6	0	846	1808	49	322	590	5
INSL5	0	0	0	67	162	9	19	50	6
ALG2	0	0	1	253	529	27	86	176	7
PALM2AKAP2	0	3	0	492	1210	30	185	433	8
AMIGO2	0	0	0	225	532	15	80	179	0
NIN	4	3	1	869	2263	108	278	711	19
SEC14L5	1	3	0	513	1104	59	186	387	24
ENSG00000272897	0	0	0	0	0	0	0	0	0
RPS14	0	0	0	72	74	0	30	19	0
BAIAP3	1	4	0	790	1620	81	316	598	23
NOCT	0	0	0	222	437	13	75	136	5
AMDHD1	0	2	0	197	500	20	67	167	3
MAP4K2	2	0	0	463	846	31	166	273	7
ATF2	0	5	0	209	399	11	70	114	1
NAPEPLD	0	0	0	144	374	20	55	132	1
CTRL	0	0	0	148	284	22	53	121	8
CPA2	0	2	0	179	472	22	57	145	8
ZNF384	1	3	0	304	537	11	103	166	1
TRPM2	4	3	0	882	1834	99	366	712	23
ALG3	0	2	0	249	487	18	91	174	8
H1-8	0	2	0	186	416	10	74	128	3
CHRND	0	0	0	227	581	18	91	199	9
CAPN13	1	1	0	345	816	47	111	246	15
SPRR2D	0	0	0	36	81	6	16	21	2
ENSG00000289281	0	0	0	0	0	0	57	104	2
PRAMEF5	0	0	0	120	302	15	12	32	5
SMCHD1	3	4	0	770	1697	39	234	486	5
GRM7	1	3	0	485	942	21	168	287	9
CBY3	0	1	0	161	380	19	63	120	5
CEP44	0	2	0	147	399	18	41	113	5
PCBD2	0	0	0	65	148	9	16	50	5
CANT1	1	2	0	230	447	29	94	169	6
HDGFL2	0	1	0	465	908	10	197	321	3
COX16	0	0	0	45	102	7	16	36	3
KRTAP27-1	0	0	0	90	251	12	28	93	1
CRADD	0	2	0	123	214	12	42	83	1
MTHFSD	0	3	0	212	596	25	83	214	10
MOV10L1	1	4	1	575	1295	41	206	428	12
STC2	1	1	0	163	303	8	53	107	1
TRPS1	2	1	1	578	1194	10	185	377	2
TSSC4	1	0	0	203	481	18	72	185	6
RTEL1-TNFRSF6B	2	3	0	484	889	22	184	283	2
F5	1	4	0	896	2296	98	290	655	34
ZNF385D	0	2	0	208	431	7	70	132	2
NIPA1	0	0	0	228	347	4	87	89	1
DNAH3	2	4	1	1893	4480	221	654	1499	75
DUOX2	0	1	0	803	1922	105	277	707	39
B3GAT2	0	0	0	204	415	24	72	133	6
IGHMBP2	2	3	0	512	1144	42	204	406	16
ENSG00000289360	0	0	0	8	28	4	2	6	0
C15orf61	0	0	0	98	235	8	42	68	5
ARHGEF38	0	0	0	343	872	45	115	269	15
NIPA2	0	0	0	188	413	8	61	127	3
AKR1B15	0	0	0	127	390	20	61	158	14
NDUFS7	2	0	0	142	231	6	65	85	0
AHR	0	1	0	374	928	27	108	259	3
TTC9	0	0	0	149	268	14	45	100	3
WNT10A	0	3	0	242	559	33	83	205	7
MEST	1	0	0	140	269	8	38	69	3
OR12D3	0	0	0	133	314	10	49	102	2
TET1	4	4	0	885	1996	24	0	0	0
KRT6A	0	0	0	292	719	16	123	239	2
SKA1	1	0	0	83	251	9	27	66	5
ZC3H14	0	2	0	320	752	15	107	204	3
ACSM4	1	1	1	223	563	36	73	199	13
ZNF565	1	0	0	173	501	28	56	157	11
PLEKHF1	0	1	0	154	379	10	70	125	5
RMI1	0	0	0	233	643	29	76	198	9
KLHL26	1	2	0	416	798	29	176	292	7
MGAT2	0	1	0	223	487	18	65	145	1
GSTA3	0	0	0	117	279	15	39	89	3
CA1	0	0	0	103	299	16	33	97	5
SERPINB4	0	0	0	188	560	29	77	201	8
RHOU	0	1	0	149	260	6	51	80	1
OTUB2	0	1	0	120	244	10	42	94	6
SAMD11	0	3	1	634	1274	46	338	567	15
KDM2B	1	9	0	709	1180	22	241	375	3
PSMA4	0	0	0	89	166	5	31	30	0
AGPAT3	1	2	0	192	288	8	80	78	1
CLTC	3	12	6	599	726	3	179	153	0
ENSG00000284626	0	1	0	142	312	22	46	105	8
ITLN2	0	1	0	158	365	14	64	135	3
CLEC9A	0	0	0	113	244	18	39	79	5
HID1	0	2	0	414	782	27	145	256	6
KLHL30	1	2	0	315	712	35	152	291	15
ZNF563	0	0	0	158	508	29	57	179	8
HTR5A	1	0	0	227	475	22	82	164	4
DOCK3	5	2	1	845	1785	36	290	547	2
NGEF	2	2	0	359	672	20	147	198	4
POLR1H	0	0	0	49	90	3	16	27	0
SLC46A1	0	0	0	214	477	13	74	147	4
RPS6KA4	0	2	0	504	780	16	177	241	5
CXCL9	0	0	0	45	109	10	12	38	4
CARD16	0	0	0	50	119	5	21	40	0
ENSG00000284773	0	0	0	36	55	1	18	18	0
TAS1R2	1	2	0	431	1038	45	184	378	18
TEPP	0	0	0	94	245	18	35	100	6
GIGYF1	1	5	3	743	1352	53	271	476	3
RPTN	0	1	0	287	815	82	94	266	23
TNFRSF1B	0	1	0	228	484	11	95	185	3
FBLN1	1	4	0	381	754	13	157	270	4
PSMD13	0	0	0	189	385	5	59	120	1
ZC3H11A	0	4	0	305	739	10	104	225	1
RBBP4	0	4	0	173	119	0	56	19	1
DCAF6	0	2	0	366	883	29	120	244	6
CCM2	0	1	0	217	425	7	97	149	2
SDE2	0	1	0	224	517	21	78	165	5
SLC36A3	0	0	0	213	518	22	75	187	8
SLC36A2	0	0	0	232	563	20	77	191	11
OPRM1	0	1	0	191	490	22	65	158	8
SOX7	0	1	0	308	640	12	99	202	1
MAP1LC3A	0	1	0	67	114	5	19	39	1
TRABD2B	0	0	0	239	456	10	109	186	2
DNAJC19	0	1	0	36	121	7	15	31	1
GPR157	1	1	0	204	430	15	58	159	4
TBX21	1	1	0	288	527	7	113	192	1
PPFIA3	1	5	0	624	916	11	197	242	4
ZRANB3	2	1	1	355	1142	63	124	387	21
LSM11	0	2	0	198	423	12	72	128	3
SLC37A1	0	3	0	251	547	18	113	185	9
ZIM3	0	1	0	184	542	30	60	176	9
ADARB1	0	3	0	311	576	6	118	155	1
SMDT1	0	1	0	78	148	1	28	51	0
ZNF703	0	2	0	412	728	7	146	221	2
PDCD5	0	2	1	52	145	5	12	52	2
FAM237A	0	0	0	87	204	17	28	69	5
SPRR3	0	0	0	83	227	9	23	65	2
CD1D	0	0	0	188	388	24	57	132	4
VDR	1	2	1	214	404	9	75	165	3
COL5A2	2	6	0	610	1517	6	182	435	1
SLC19A3	0	0	0	217	552	19	60	191	7
FGF7	0	0	0	68	154	6	22	24	0
RNF40	2	5	0	514	952	23	185	313	7
FOXD4	0	0	0	295	714	35	119	267	8
IQANK1	0	0	0	93	206	19	153	283	15
ENSG00000266953	0	0	0	0	0	0	0	0	0
ZNF347	1	0	0	323	911	74	98	321	23
RNF4	0	0	0	82	180	1	30	56	0
SLC52A3	1	0	0	266	492	19	101	150	6
GATM	1	2	0	174	394	18	62	98	4
SIM2	0	1	0	386	851	16	136	298	2
DGKG	1	1	0	361	908	33	136	318	10
DGLUCY	0	2	0	300	715	32	123	264	7
ST18	1	1	0	446	1190	24	157	407	4
MTUS1	2	7	0	715	2030	66	235	703	20
ISY1	0	0	0	93	253	5	38	79	0
PABIR1	0	0	0	154	273	4	60	75	0
DIS3L	0	3	0	400	1117	62	135	390	15
KDM5A	1	2	1	752	1563	26	249	419	4
KRTAP2-3	0	0	0	61	133	4	24	47	1
WDFY1	0	0	0	200	478	12	62	148	5
FAM90A19	0	0	0	0	0	0	0	0	0
PIP4K2A	0	0	0	192	413	5	0	0	0
SCD5	0	0	0	166	351	13	67	110	6
CHFR	0	2	0	371	743	34	141	251	5
YBX3	1	0	0	209	515	18	77	188	5
ARHGEF40	2	4	1	724	1605	53	257	562	20
TMEM62	2	1	0	259	624	20	76	202	7
SLC4A11	2	4	0	529	1000	30	215	351	8
CSNKA2IP	0	0	0	251	663	42	102	302	18
CMKLR1	0	2	0	177	407	7	60	136	4
IQCK	0	0	0	119	333	13	49	103	4
CA8	0	1	0	124	259	10	39	68	1
NAA35	1	1	0	265	540	8	105	146	0
ARVCF	2	3	0	580	1301	30	231	528	6
SLC2A8	1	1	0	306	614	28	89	223	7
OR2T2	0	0	0	150	323	9	36	115	1
SMCP	0	0	0	46	129	16	17	35	6
C3orf84	0	0	0	98	216	15	26	71	3
EFCAB8	1	1	0	512	1187	56	206	495	23
CCDC43	0	0	0	88	237	16	23	81	1
ACP3	0	1	0	162	454	25	59	139	8
PRR22	1	0	0	307	577	12	120	217	7
AMOTL2	0	2	0	407	910	28	133	316	4
PWWP2B	2	2	0	431	755	13	0	0	0
MYO1E	1	2	0	572	1257	36	205	422	7
CARD8	0	2	0	251	549	29	79	203	7
ATP6V0E2	0	0	0	59	86	2	31	29	0
CTBP2	2	7	0	588	1138	28	0	0	0
CCDC50	0	1	0	219	494	25	74	154	8
PLEKHA2	0	1	0	186	413	17	75	118	4
STC1	0	2	0	109	201	6	34	64	3
NRF1	3	2	0	225	258	1	82	72	0
RNF223	0	0	0	157	342	10	65	135	7
C2CD4D	1	1	0	256	529	13	87	172	4
CDYL	0	0	0	266	437	8	104	133	1
DDX39A	0	1	0	245	311	5	94	89	2
ENSG00000270249	0	0	0	0	0	0	0	0	0
GJD2	0	1	0	160	255	13	52	75	2
EPPIN-WFDC6	0	0	0	64	191	12	24	60	4
TESK2	0	1	0	234	575	33	78	204	14
TMEM168	0	2	0	269	698	28	95	211	4
NUDT5	0	0	0	92	217	6	0	0	0
FBXL15	1	0	0	216	323	9	0	0	0
PIAS3	1	4	0	317	659	12	81	223	1
LCE2C	0	1	0	59	190	9	20	63	3
KCTD7	0	0	0	161	295	10	60	96	2
KBTBD4	0	0	0	271	549	25	77	168	2
SELENOP	0	0	0	0	0	0	0	0	0
ENSG00000271949	0	1	0	18	40	4	9	15	1
RWDD3	0	0	0	100	264	20	33	84	2
ALDH3A1	0	1	0	263	542	28	103	204	9
CCDC198	0	0	0	122	327	9	31	94	3
CHRNB1	0	1	0	243	584	20	70	180	6
ENSG00000256029	0	0	0	28	80	7	10	21	1
RAB35	0	0	0	88	120	4	41	33	1
S100A8	0	0	0	41	89	3	17	24	1
H4C5	1	7	0	146	157	15	64	43	6
APOBEC3F	0	0	0	185	462	27	79	164	8
C19orf18	0	0	0	104	252	15	36	76	2
CASP2	1	0	0	192	515	22	81	151	0
DCDC2B	0	0	1	172	398	22	45	133	6
INS	0	1	0	78	84	6	27	28	1
HLF	0	1	0	154	275	2	48	81	0
PLRG1	0	0	0	191	423	11	56	106	2
PARP16	1	2	0	156	387	15	61	122	11
AMER2	2	3	0	456	911	7	144	293	1
SPAG1	1	1	0	339	938	36	112	285	14
AGAP9	0	0	0	167	399	27	0	0	0
POU2AF3	0	0	0	137	288	8	46	89	1
SKA3	1	1	0	141	389	15	57	136	2
RIPOR1	0	3	0	584	1281	30	219	440	6
TBC1D3F	0	0	0	167	427	24	8	25	0
GOLGA6L4	0	0	0	125	279	16	1	12	2
ENSG00000255339	0	1	0	77	208	8	0	0	0
SPTBN1	2	14	0	1276	2133	21	441	655	0
NUCKS1	0	0	1	91	186	0	32	42	0
ZNF777	1	1	0	525	775	2	175	242	1
BST1	1	0	0	171	407	20	48	135	8
APOA1	1	0	0	154	316	12	57	102	2
KCNS1	1	1	0	273	648	22	100	176	1
SVEP1	2	8	0	1608	3718	89	554	1236	12
TAF12	0	0	0	69	113	2	27	35	0
PRCC	0	1	0	259	511	3	78	180	0
CYP2C8	0	1	0	230	593	33	0	0	0
MYO1C	1	2	1	640	1378	50	264	480	10
GSTCD	0	0	0	265	675	34	85	207	6
MTMR7	0	2	0	380	974	37	129	346	10
TBRG4	0	1	0	322	637	23	103	224	9
THSD7A	3	4	1	870	2139	72	291	697	7
OSBPL5	1	1	0	512	1054	33	189	374	11
CD300LF	2	1	0	127	305	23	54	111	3
MRPL58	0	2	0	92	236	7	36	83	2
CYP2A7	0	0	0	281	697	22	114	270	8
MEF2C	1	14	4	189	227	0	70	52	1
RSC1A1	1	1	0	219	642	27	68	222	8
ZAN	1	5	0	1314	3135	151	474	1078	42
DNAH5	3	12	0	2021	5152	259	676	1710	67
EXOC4	0	1	0	437	1070	39	141	322	9
HRURF	0	0	0	0	0	0	13	13	0
SOCS4	1	0	0	174	436	24	61	143	10
SYT15	1	0	0	157	294	12	0	0	0
KATNB1	2	1	0	325	678	12	146	231	3
CDC42EP1	1	1	0	201	527	13	92	205	5
CAPSL	0	1	0	95	262	11	28	90	5
ZDHHC13	1	0	0	238	671	43	88	192	10
BLID	0	1	0	45	137	5	19	48	2
MPZL1	1	1	0	120	268	8	34	88	2
TRIP4	0	0	0	261	622	32	85	197	11
CCDC12	0	0	0	71	180	11	28	52	2
SCAND3	1	1	0	419	1116	55	131	338	17
APBA1	0	0	0	489	968	38	198	291	4
BTBD2	4	1	0	426	692	8	185	223	2
PSORS1C1	0	0	0	58	134	5	14	47	3
SAP25	0	0	0	207	393	25	55	135	7
PPP1R12B	1	1	0	402	1035	42	135	306	17
CDKL2	2	2	0	225	611	28	75	212	15
KRT16	0	0	0	223	591	21	95	216	8
ZNF300	2	0	0	226	628	36	68	184	8
EFNA2	0	0	0	168	258	12	45	61	5
LENG1	0	1	0	179	373	24	58	157	11
MMRN2	1	2	0	521	1165	46	0	0	0
SYS1-DBNDD2	0	0	0	51	72	1	22	18	2
RPL41	0	0	0	10	15	1	4	2	0
MUC12	0	4	0	2265	5961	208	666	1796	73
INSYN1	0	3	0	151	320	6	68	107	0
RASGEF1C	1	0	0	239	488	10	85	147	4
KRTAP7-1	0	0	0	42	91	2	13	30	1
DMRTC2	0	0	0	167	396	0	61	130	0
TULP3	0	2	0	168	515	18	74	172	3
ICAM4	1	0	0	143	303	13	42	88	2
CORT	0	0	0	65	143	5	30	60	3
TRAM1L1	1	1	0	172	432	18	52	122	1
MB21D2	0	1	0	227	515	9	68	168	1
NUP85	1	5	1	321	683	13	109	224	4
ROPN1B	0	0	0	93	208	9	23	62	6
NOS2	1	1	0	559	1166	45	209	406	13
MAB21L3	0	3	1	165	426	22	62	151	6
KRTAP1-3	0	1	0	76	176	13	28	65	5
ATP5F1A	0	3	0	260	462	10	93	137	3
OCM2	0	0	0	47	128	5	19	34	2
DXO	1	1	0	202	451	25	58	136	5
HSDL2	0	1	0	141	414	14	57	125	2
NYAP2	2	4	0	350	778	10	129	274	3
SLC49A4	0	1	0	224	442	21	83	147	5
FAM83C	0	1	0	400	886	37	144	349	8
ATP5IF1	0	0	0	50	148	7	11	42	3
KCNK10	1	0	0	294	547	15	116	170	4
FOXD4L1	0	0	0	203	474	17	63	137	4
ARC	0	1	0	251	387	10	98	101	2
CACNA1A	5	44	2	1379	2330	32	530	783	1
LACTB2	0	1	0	116	296	16	36	110	1
NPC2	0	0	0	69	157	9	26	44	4
STARD4	0	0	0	75	215	17	23	69	6
NPIPB5	0	0	0	153	366	14	15	59	6
SLC25A33	1	1	0	149	290	9	54	88	3
ZNF517	1	2	0	356	711	38	138	249	15
ZNF214	0	0	0	205	650	51	80	215	10
ENSG00000251012	0	0	0	31	82	1	11	19	0
UBE2N	0	1	0	66	60	1	24	10	1
NBPF6	0	0	0	81	233	7	16	59	4
MRPL45	0	0	0	133	357	12	33	106	6
GSTM2	0	0	0	100	236	14	32	84	4
ABHD10	0	1	0	148	314	19	42	122	10
CLDN16	1	0	0	123	283	8	35	75	1
AKAP5	0	0	0	141	380	9	32	118	3
CWC25	0	0	0	163	424	20	53	140	5
TP53I11	0	0	0	89	162	8	43	57	2
C5orf22	0	2	0	145	456	26	46	141	3
PCNX4	0	2	0	511	1366	72	148	444	26
ANKS3	2	3	0	453	971	36	174	362	7
OR1R1P	0	0	0	0	0	0	87	160	6
RGS18	0	0	0	91	252	14	27	89	4
MYCN	0	3	1	322	571	1	112	178	0
ZNF529	0	1	0	199	559	39	63	181	10
C19orf33	0	0	0	58	131	5	26	35	0
SPATA31C1	0	0	0	574	1408	47	186	473	11
DPP9	0	4	0	507	912	26	223	300	5
TAF11L14	0	0	0	0	0	0	44	142	3
ITGAE	0	3	1	594	1373	52	204	466	8
LTA4H	0	2	0	242	551	23	77	150	2
NOL10	0	0	0	306	695	33	101	210	6
ACKR2	0	0	0	180	398	23	55	126	3
CCNJL	0	2	0	238	476	22	80	166	4
SERF2	0	0	0	28	45	2	14	9	0
DENND1B	0	0	0	330	787	26	110	258	3
MNAT1	0	1	0	110	286	21	38	89	8
SCG3	0	0	0	178	516	19	65	147	5
MBD3L1	0	1	0	84	221	18	27	65	6
BZW2	0	0	0	202	358	10	66	100	2
FLCN	2	2	0	307	601	18	108	225	3
ABHD14B	0	0	0	96	214	11	31	69	4
CCL17	0	0	0	42	94	5	14	28	2
ZNF669	0	0	0	133	409	29	51	148	6
MYO1D	0	0	1	425	1081	47	145	343	5
XPC	0	1	0	430	1054	45	133	348	10
PSMD4	0	1	0	147	287	2	42	80	0
TRAPPC2B	0	0	0	0	0	0	18	49	3
PLEKHS1	1	0	0	180	488	42	0	0	0
PGS1	0	3	0	337	616	30	128	201	5
RNF148	1	0	0	152	424	24	52	146	7
OTULINL	0	0	0	166	433	22	52	130	5
CCN3	0	1	0	183	439	18	54	142	3
KRTAP2-2	0	0	0	56	147	10	10	28	2
MED13	0	8	1	877	2079	4	313	616	0
TBC1D26	0	0	0	104	239	13	76	140	15
GRB7	0	1	0	278	569	20	100	229	8
CCNO	1	1	0	227	478	18	67	164	6
TRIM73	0	0	0	63	142	8	3	7	1
UBAP2L	0	3	2	488	786	3	158	239	0
MRPL19	0	2	0	122	338	16	45	118	6
CCAR2	0	4	0	574	1048	13	191	329	3
CEPT1	0	0	0	166	296	7	49	93	1
FSIP1	0	0	0	219	654	37	69	207	3
ATP5F1E	0	0	0	21	61	5	10	19	2
SERINC4	0	1	0	278	645	25	86	202	7
GHSR	0	2	0	201	456	14	66	147	6
ADAM11	2	1	0	364	710	18	128	229	4
WNT1	0	0	0	191	425	16	51	131	3
GTF2H3	1	1	0	126	319	17	47	101	4
CCN1	1	1	0	178	391	11	59	127	3
TRIB2	1	2	0	181	289	4	54	86	1
CACNA1B	0	7	0	1256	2316	39	465	729	11
PRMT5	1	2	0	276	479	14	70	139	3
SPEF1	0	0	0	125	276	17	25	92	3
KCNAB3	0	0	0	198	497	31	68	161	13
FUCA2	0	2	0	203	500	41	58	175	11
OR10J1	0	1	0	182	441	13	61	142	7
OR14A2	0	0	0	0	0	0	34	120	1
PFDN6	0	0	0	62	99	3	19	31	0
BTLA	0	1	0	121	261	11	43	62	3
POMK	0	0	0	171	381	17	68	130	8
NPY4R	0	1	0	87	176	10	0	0	0
HTATIP2	0	1	0	98	275	16	31	88	6
GCNT2	0	0	0	208	534	24	80	181	8
IFITM1	0	0	0	80	134	0	30	42	2
LGALS3BP	0	4	0	308	644	33	108	221	15
SHISA3	0	0	0	131	296	9	43	91	5
NDRG1	2	0	0	215	480	17	90	168	5
FEZ1	0	0	0	163	376	9	54	106	2
FNDC4	1	0	0	121	226	7	45	68	1
AMFR	0	0	0	305	638	21	108	207	6
KIF27	0	0	0	525	1414	100	168	468	35
AP2A2	2	3	0	536	839	13	209	272	2
C8orf48	0	0	0	180	540	26	62	179	14
RNF138	0	0	0	104	185	3	31	49	0
H1-4	1	5	0	297	623	5	150	255	1
SEZ6L2	2	5	0	505	971	24	189	349	3
PFDN1	0	0	0	52	120	3	20	34	1
HMHB1	0	0	0	24	54	5	5	16	1
C11orf91	1	0	0	130	237	8	43	87	3
RBM6	1	3	0	418	1039	15	121	344	0
SIKE1	1	0	0	88	201	7	33	73	1
RASGRF2	1	3	1	482	1030	36	181	323	7
CARD6	0	1	0	401	1078	71	135	344	17
MST1	0	0	0	408	854	41	146	332	11
BAALC	0	0	0	83	194	10	28	69	3
RCOR2	0	1	0	279	534	7	98	171	2
WDR90	2	7	0	1208	2410	115	497	906	31
ACKR3	1	0	0	212	376	4	76	128	2
TFPI	0	0	0	108	260	10	34	65	3
TAS1R3	0	5	0	652	1284	57	268	512	16
TMEM244	0	0	0	46	139	6	14	37	4
HDHD5	0	0	0	257	571	23	96	190	9
UXS1	0	0	0	207	384	13	81	116	1
EIF3G	0	1	0	204	280	1	72	96	0
WDR45B	0	2	0	147	301	7	56	85	5
CCDC159	0	0	0	133	317	28	48	119	7
APOBR	0	1	0	525	1235	52	215	447	15
SPG21	0	0	0	134	307	10	43	82	3
CYP2R1	0	1	0	232	570	37	67	165	14
PPIL3	0	0	0	64	174	5	20	51	1
SMARCAD1	1	1	0	370	729	7	114	211	1
ESRRB	0	1	0	237	467	13	105	141	3
APOF	0	0	0	141	343	25	49	123	7
HAUS1	0	1	0	112	307	17	38	94	8
ZSWIM8	1	7	1	905	1438	10	0	0	0
DEFB132	0	0	0	54	102	9	21	42	1
IL4	1	0	0	75	162	7	30	50	1
PNPLA7	3	7	0	805	1632	73	312	631	16
PES1	1	4	0	267	640	18	100	223	4
HRAS	0	7	0	154	178	6	60	56	5
CELA3A	0	0	0	143	336	20	48	120	7
OR14J1	1	1	0	116	326	18	41	99	3
NR1H4	0	0	0	195	422	20	61	144	1
RELCH	1	5	0	481	993	20	140	277	5
ATP6V1G1	1	0	0	64	120	7	21	39	2
CXCR1	2	1	0	166	418	8	56	157	3
SETD4	1	2	0	180	440	33	71	140	12
SETMAR	0	0	0	337	847	49	118	293	13
MRPS27	1	0	0	189	423	31	67	124	8
TGFBR3L	0	0	0	214	448	9	75	147	1
GINS3	1	0	0	100	249	11	36	73	2
COQ8A	1	6	0	348	840	29	124	319	8
ZBTB8OS	0	1	0	66	160	6	23	48	3
RBM28	0	0	1	284	795	39	88	275	14
ZBTB47	1	8	0	398	749	12	153	248	2
ACR	1	1	0	236	496	16	80	152	6
CES4A	1	1	0	237	627	30	94	189	8
PTTG1	0	0	0	83	201	6	24	63	0
GSR	0	3	0	259	655	24	85	210	9
DNAJC5B	0	0	0	87	207	13	28	76	3
CSTPP1	0	0	0	173	374	21	55	110	8
R3HDM4	0	1	0	192	404	14	66	146	2
TMEM97	0	0	0	81	194	8	32	66	3
DEFB118	1	0	0	63	155	10	21	57	1
AICDA	0	0	0	107	225	8	32	61	3
CCDC126	0	0	0	54	164	2	20	50	1
CYRIA	0	0	0	137	201	9	40	64	1
VHL	0	1	0	154	307	9	64	82	3
SLC10A6	1	0	0	163	416	24	60	141	6
C11orf97	0	0	0	64	166	9	23	61	4
ZNF827	0	3	1	477	978	2	171	319	0
PRICKLE1	1	3	0	343	787	19	112	226	0
VPS39	0	2	0	358	722	28	127	226	7
SORBS2	1	4	0	623	1547	36	205	495	9
ZMAT5	1	0	0	77	172	17	27	70	7
ATOX1	0	0	0	22	74	3	8	21	1
NTSR1	1	0	0	268	646	21	104	225	4
LDB3	0	1	0	376	859	22	0	0	0
ENSG00000290315	0	4	6	566	949	22	197	239	5
TRIAP1	0	0	0	35	94	4	14	28	1
CEP85	1	6	0	300	831	43	113	279	13
ELMO1	0	5	0	327	582	16	120	182	5
OR8G1	0	0	0	121	341	14	47	117	1
SDF2	0	0	0	96	210	8	27	66	1
RAE1	0	1	0	177	269	5	63	66	0
SNAPIN	0	0	0	89	187	9	34	53	2
DMTN	0	0	0	218	420	10	75	150	1
ROBO3	1	3	1	714	1666	43	257	529	10
DDA1	0	0	0	52	89	2	24	35	0
CCDC9	1	4	0	308	794	22	111	273	6
XPR1	0	3	0	299	525	15	93	142	2
ESCO2	1	1	0	220	608	25	78	183	2
DEDD	0	2	0	153	240	4	53	81	0
RIPK3	1	1	0	243	596	25	83	192	10
IGDCC3	0	1	0	444	959	29	157	329	10
ZNF398	1	0	0	238	626	24	86	220	2
TTC5	0	0	0	178	464	23	49	122	11
CD2BP2	0	2	0	223	437	13	72	143	8
CTNNA3	0	4	0	415	1140	34	0	0	0
OR1A1	0	0	0	134	373	10	46	141	3
ZNF100	0	0	0	221	643	39	68	220	14
TMEM126B	0	0	0	94	276	11	27	80	1
CTR9	0	6	1	482	847	29	178	235	5
BCAT1	1	1	0	167	397	27	47	126	6
RGP1	0	1	1	180	398	19	52	153	9
HEXIM1	0	0	0	226	358	3	75	121	2
MAP2K7	2	2	0	280	356	3	128	108	0
CYP19A1	0	1	0	216	534	18	85	168	5
PPP6C	0	1	0	131	188	7	48	33	0
NOL6	1	4	0	554	1208	26	216	445	7
SAP30L	1	0	0	92	188	10	27	57	3
GRK3	0	0	0	270	600	23	82	172	7
NAGK	0	2	0	177	423	14	67	164	7
ALKBH8	0	2	0	253	717	29	92	211	4
ZNF512	0	2	0	232	450	15	76	120	1
PRRC2B	1	5	1	1146	2630	46	429	888	7
OR8B3	0	0	0	124	331	8	44	109	1
GRK5	1	2	0	278	529	14	0	0	0
HAND1	0	1	0	133	273	9	51	81	0
PUS1	0	1	0	282	580	15	118	192	3
TLE6	0	1	0	361	782	35	135	259	13
TRMT61B	1	3	0	212	587	40	77	166	8
NFAM1	2	0	0	154	279	9	51	114	3
DUXB	0	0	0	0	0	0	53	139	11
ROMO1	0	0	0	40	77	2	13	22	0
TRAPPC5	0	1	0	139	208	4	47	65	0
HPCAL4	0	0	0	71	178	12	15	54	2
TLX3	2	0	0	216	324	7	66	100	3
LORICRIN	0	1	0	219	477	18	59	151	5
STOML1	0	1	1	201	415	15	73	135	6
DENND4C	0	3	0	881	2329	67	292	762	16
PIFO	0	2	0	85	202	13	25	60	3
SLMAP	1	1	0	334	716	16	115	238	2
LRFN1	0	1	0	464	825	11	146	238	3
MAP7D1	1	2	0	467	1051	10	161	355	0
RASL10B	0	0	0	111	219	2	41	73	2
CST6	0	0	0	96	173	9	30	51	3
ZSWIM4	0	3	0	634	1207	30	250	424	8
KRT85	1	1	0	284	648	19	94	217	3
CUL7	3	2	0	761	1749	65	281	596	25
CPLANE2	1	0	0	128	304	15	45	109	3
RIOX1	0	1	0	364	762	26	125	193	2
MRPL28	1	0	0	207	395	24	85	135	10
RTCB	0	1	1	245	498	17	70	141	3
GJB2	0	0	0	131	266	30	41	113	9
GHRL	0	1	0	66	175	10	16	65	3
TTI2	0	1	0	244	545	21	89	174	5
NAMPT	0	2	0	195	304	6	62	74	2
OR2T11	0	1	0	163	367	14	59	117	3
ZNF318	0	7	0	1029	2577	47	349	826	4
ALKBH1	0	1	0	179	437	20	49	158	7
CPE	0	2	0	212	487	11	75	138	2
CCN4	0	0	0	178	444	22	69	157	8
KRTAP9-2	0	0	0	74	212	14	33	71	3
RNF222	0	0	0	135	273	11	50	104	6
PRR23E	0	0	0	119	290	21	52	127	5
DNAJB5	0	1	1	197	324	6	58	84	3
LIN7A	0	0	0	113	233	12	33	72	3
CRYL1	0	0	0	138	384	24	59	117	6
AAMDC	0	1	0	55	117	10	16	35	6
FANCA	2	5	0	1015	2479	117	390	883	25
HIPK3	1	3	0	483	1207	34	167	380	5
IGLL1	0	0	0	127	276	17	39	97	4
MTMR12	0	2	0	294	640	26	104	184	5
GYG1	1	0	0	146	460	36	51	136	8
SERPINB6	0	1	0	162	413	18	58	132	7
RNASEK	0	0	0	41	95	2	14	24	0
ZNF274	2	0	0	271	623	32	99	213	6
HTR3C	0	3	1	201	537	15	72	191	6
C20orf96	0	0	0	171	447	27	53	136	10
RNF7	0	0	0	54	81	4	22	24	1
SLC2A2	2	0	0	218	538	16	62	158	4
AKR7A2	0	0	0	225	480	18	90	197	4
IL33	0	0	0	129	378	16	39	115	2
ZCCHC8	0	1	0	266	647	11	103	217	2
SCN4B	1	0	0	106	249	5	43	66	1
WDR73	0	0	0	173	458	25	58	165	14
CMIP	1	7	0	520	756	3	218	200	0
DEFB121	0	0	0	39	90	6	10	31	2
CALHM5	0	1	0	131	336	16	45	110	7
NOL7	0	1	0	147	355	23	51	108	8
RGPD8	0	0	0	306	854	39	36	118	5
PPP1R3D	0	2	0	242	477	20	83	168	3
AKAP8L	0	0	0	337	763	23	141	247	7
GOLGA1	1	0	0	307	790	30	105	229	3
CCKAR	0	0	0	231	540	13	80	187	4
HPR	0	0	0	174	438	25	79	173	9
PLAG1	1	2	0	219	425	5	67	111	0
TMPO	0	0	0	215	507	12	73	134	1
IL32	0	0	0	107	284	24	45	101	8
VSX2	1	0	0	219	445	13	75	165	2
FRG2B	0	0	0	69	183	11	0	0	0
OR1C1	0	0	0	145	360	7	62	130	2
C17orf97	1	1	0	279	535	16	100	187	6
LMTK3	1	2	0	935	1659	12	316	489	2
TMPPE	0	2	0	223	472	15	77	156	4
YIPF4	0	0	0	104	254	7	25	89	1
PNPLA6	0	1	0	796	1288	54	285	382	7
IFI44L	0	3	0	202	590	21	66	196	3
TRPT1	0	0	0	131	272	5	54	94	3
ACP2	1	0	0	222	449	23	71	167	5
ST6GAL1	0	0	0	168	420	13	51	119	3
KHDRBS1	0	1	0	243	443	2	93	117	1
GEN1	2	0	0	358	994	55	114	294	15
PFKP	2	7	0	548	1067	51	0	0	0
PRSS22	0	1	0	197	403	22	47	120	4
APPBP2	0	0	0	208	384	9	68	118	0
FNIP1	0	0	0	430	1104	28	137	319	6
GGTLC1	0	0	0	127	285	10	43	108	6
OGDH	0	2	0	468	791	20	195	217	4
POTEF	0	0	0	417	1018	44	121	287	5
KLHDC10	0	2	0	194	323	9	64	80	2
C8orf89	0	0	0	59	168	8	13	52	4
SERPING1	0	1	0	225	447	2	80	145	0
SLCO4C1	0	1	0	300	790	31	88	240	8
MYCBP2	3	14	1	1884	3891	58	601	1055	4
ANGPTL4	1	1	0	230	496	26	69	181	12
PPP4R2	0	0	0	168	441	12	57	140	2
XRCC5	0	0	0	269	530	5	86	155	0
CCDC15	0	1	0	335	1020	63	96	330	21
RASL11B	0	1	0	150	257	11	61	77	4
MAU2	0	0	0	377	403	1	148	105	1
PAXIP1	2	2	0	417	829	12	158	273	5
COX15	1	2	0	174	434	25	0	0	0
SUZ12	0	1	0	261	500	7	79	139	3
SOD2	0	0	0	114	211	4	40	64	0
TRRAP	2	21	0	1863	2778	11	768	804	1
C12orf71	0	0	0	116	304	16	41	101	2
ZC3HC1	0	3	0	205	487	27	75	159	11
MIGA2	1	1	0	334	601	22	140	244	8
VPS33A	0	0	0	294	564	15	91	184	3
TMEM91	0	1	0	85	183	10	34	72	4
FER1L6	0	5	0	766	1969	101	267	665	34
C1orf53	0	0	0	101	238	13	30	79	5
NDUFA8	0	0	0	76	185	11	29	75	0
KCTD12	0	1	0	244	421	11	96	119	0
SEPTIN11	1	1	0	163	334	15	42	94	1
TBX6	0	3	0	229	510	10	95	183	4
PPAN-P2RY11	1	1	0	552	1175	45	235	455	9
TRIM39-RPP21	1	0	0	221	370	15	75	122	3
RPIA	1	2	0	154	352	17	71	116	5
ZNF326	0	0	0	193	539	18	71	185	3
MRPL55	0	2	0	65	145	7	21	63	3
ZC3HAV1	2	2	0	358	830	26	127	270	4
OR7D2	0	0	0	148	354	15	51	121	4
GABRP	1	1	0	189	511	26	71	164	9
DUSP5	0	0	0	252	539	18	0	0	0
DISP2	1	3	0	770	1583	48	230	540	7
LRG1	0	1	0	202	406	15	70	156	5
TMEM191B	0	0	0	127	281	22	21	52	1
GPN2	0	3	0	197	383	19	72	111	5
ZFTA	0	0	0	503	922	18	194	289	5
MUC22	0	0	0	767	1926	16	242	600	4
SLC5A10	1	4	0	336	668	31	128	260	9
CARMIL3	1	2	0	666	1394	39	229	488	8
PEX11B	0	1	0	121	304	14	25	100	6
STAG1	1	7	0	547	864	2	156	200	1
ADAMTS6	0	5	0	436	911	12	145	259	1
ESAM	0	0	0	188	438	17	64	160	3
OR4N2	0	0	0	135	360	6	50	150	2
PRR14	0	3	0	300	671	17	100	224	5
PCTP	0	0	0	110	249	17	41	80	7
MED10	1	0	0	68	122	9	18	41	2
ARMH1	1	3	0	214	515	24	73	151	8
ENSG00000288683	1	0	0	166	374	13	47	111	1
IGSF11	1	3	0	215	412	9	64	128	4
C6orf15	0	0	0	137	367	20	56	115	4
SHPRH	1	3	1	676	1574	56	223	489	18
ADA	1	0	0	181	382	11	77	149	2
HSD3B1	0	5	0	221	496	27	83	173	10
CRABP2	0	0	0	61	138	5	28	49	2
WDR72	2	1	0	463	1297	70	147	392	18
RTP3	0	0	0	101	241	15	29	84	3
STING1	0	1	0	200	355	15	75	129	4
SRSF3	2	1	0	93	52	1	25	12	0
PRKCSH	1	2	0	323	608	16	124	190	1
MGME1	1	1	0	124	356	38	40	123	7
SMC6	1	1	0	410	991	47	141	287	10
VN1R5	0	0	0	0	0	0	0	0	0
MTHFD1	0	0	0	402	892	26	135	275	6
OXCT2	0	0	0	222	523	12	51	114	2
SURF2	0	1	0	170	380	25	53	145	10
OR8U3	0	0	0	173	394	14	51	120	6
LCE6A	0	0	0	32	105	6	10	28	0
ADAL	0	0	0	133	341	18	49	121	8
KDR	0	3	1	598	1354	24	205	444	5
SMARCAL1	0	2	0	437	978	31	153	284	8
KIAA2013	0	0	0	392	682	21	162	195	7
ERVFRD-1	0	0	0	200	532	31	74	184	12
CLEC3A	0	1	0	112	323	21	45	129	6
DNAJC8	0	1	0	95	198	11	36	58	1
FUT4	0	0	0	371	813	41	136	234	13
MRNIP	0	0	0	202	437	40	76	139	9
SEPTIN14	0	0	0	162	441	32	45	139	9
CFL1	0	0	0	118	62	0	47	13	0
OXNAD1	0	0	0	137	347	13	45	126	3
ITGA5	0	5	0	479	1025	25	157	320	7
EP300	4	25	15	1275	2519	14	431	757	1
TET2	1	2	1	770	2172	255	283	671	67
CCL15	0	0	0	52	118	5	19	35	3
FAM83E	0	2	0	309	593	31	129	237	13
TEX43	0	0	0	61	152	4	17	46	3
TMEM234	0	0	0	78	140	15	23	38	2
DZIP3	1	2	0	419	1232	56	131	389	12
NANOS1	0	2	0	243	483	7	0	0	0
CD163L1	0	2	0	570	1478	90	193	461	27
NIM1K	1	1	0	208	522	25	69	169	10
POU6F2	0	1	0	348	708	20	138	267	6
OCA2	2	2	0	431	996	33	141	379	11
TPP2	0	2	0	493	944	13	190	307	2
SCAF4	1	7	1	538	1143	18	186	362	1
RGMB	0	0	0	216	478	10	87	153	2
LRATD1	0	3	0	191	315	10	70	101	2
OCIAD2	1	1	0	60	148	10	19	52	1
SLC16A9	1	0	0	219	547	14	0	0	0
CDH6	0	0	0	355	698	20	130	191	6
ENSG00000285920	0	1	0	185	455	15	63	167	5
AVL9	0	2	0	276	660	27	92	204	6
SPACA3	0	1	0	113	257	10	33	84	2
LCE2A	0	0	0	57	140	7	22	61	3
EIF5AL1	0	0	0	63	136	4	0	0	0
KLHL35	0	1	0	425	958	33	151	344	10
TNFSF14	0	0	0	115	269	11	29	93	4
DAPL1	1	0	0	48	143	8	14	40	2
HIP1R	0	3	1	666	1303	51	252	472	7
CIAO2A	0	0	0	75	184	7	25	58	5
MYOM2	3	3	0	947	2581	128	402	910	50
CD33	0	1	0	179	405	17	59	142	5
SH3RF3	0	4	0	491	982	11	205	350	2
DNAJC5	2	0	0	127	149	1	50	50	0
RWDD2A	0	2	0	98	289	16	23	84	5
SUSD4	0	5	0	224	523	21	88	170	4
EIF5B	0	3	0	436	943	22	134	318	3
TTL	0	1	0	166	363	9	55	97	1
HHIP	0	3	0	312	737	10	113	224	1
UPK3BL1	0	0	0	17	45	2	6	5	0
RPL19	0	4	0	89	160	0	32	34	0
EHD2	1	0	0	321	614	19	131	206	3
CDK5RAP1	0	1	0	253	646	26	80	201	10
APP	0	1	0	347	783	16	141	243	2
NGB	1	0	0	79	180	7	33	61	3
DHH	0	0	0	259	390	13	92	103	3
GALT	0	1	0	147	357	23	50	112	6
SLA	0	3	0	142	292	13	45	86	2
ENPP7	1	0	0	248	568	23	102	232	10
GLYATL2	0	0	0	133	370	27	38	118	5
JPH1	0	1	0	357	731	14	122	218	1
CXCR5	0	0	0	202	308	6	87	104	1
ABHD12B	0	2	0	163	415	17	60	149	9
ANKS4B	0	0	0	180	440	17	53	121	7
TACC2	1	6	1	1375	3204	95	0	0	0
CMA1	0	1	0	140	374	16	49	133	3
INMT-MINDY4	0	1	0	75	165	13	29	61	4
ZNF385C	1	1	1	218	471	12	87	214	6
ENAM	0	2	0	456	1362	45	141	409	15
CRYBG3	2	4	0	1161	3399	110	366	1044	31
NKAIN3	0	0	0	99	222	11	27	67	1
LCN8	1	0	0	86	173	5	30	68	3
NINL	3	3	0	730	1640	94	272	611	32
ZNF891	0	2	0	193	553	28	64	171	9
BRINP3	2	1	0	389	875	16	119	274	1
CCNG1	0	0	0	105	297	10	35	82	1
PPP1R3C	0	2	0	115	312	17	0	0	0
DCUN1D1	0	0	0	81	158	1	24	33	1
CFAP157	0	2	0	227	549	25	103	188	5
PTPN5	2	1	0	284	567	18	112	184	3
RUSF1	0	2	0	280	618	31	96	224	10
ZNF564	0	1	0	226	592	31	66	197	13
EN2	0	0	0	235	487	7	94	138	1
TGIF2	0	1	0	131	219	4	38	48	0
RNF217	0	1	0	306	682	23	95	210	4
ZNF277	2	2	0	174	457	25	62	142	6
ADCK5	1	4	0	407	655	16	160	229	5
MUC4	2	6	0	3839	9474	191	1247	2902	46
EXOC1	0	1	0	337	777	30	107	235	11
FGF10	0	0	0	111	166	3	30	49	1
ZFAND1	1	0	0	114	352	21	39	119	6
MCUB	0	0	0	132	361	27	45	116	7
SYNC	1	1	0	205	547	24	68	186	10
FAM131A	0	1	0	197	348	12	72	112	5
GP5	0	1	0	353	717	28	112	216	4
MPDZ	1	8	0	1046	2962	106	386	1010	35
RARRES1	0	0	0	162	366	24	58	142	7
MAN1B1	2	4	0	438	909	40	163	320	10
FAM13C	0	0	0	234	519	17	0	0	0
RCAN2	1	0	0	101	250	6	37	59	0
VENTX	0	0	0	155	353	16	0	0	0
SLITRK1	0	2	0	390	698	5	123	218	2
DUOXA1	0	0	0	151	348	19	53	119	5
MON1B	0	2	0	363	702	25	122	216	4
ZNF207	0	3	0	206	425	9	63	125	2
PRKCZ	0	1	1	324	521	6	133	183	2
SUFU	0	2	0	234	404	3	0	0	0
C6orf62	0	0	0	111	189	10	30	50	1
UVSSA	0	2	0	433	1007	37	161	416	15
LY6K	0	0	0	85	198	13	28	62	1
GTF3A	1	1	0	184	424	24	52	162	3
C4orf3	0	0	0	31	80	5	7	27	0
BMERB1	0	0	0	114	223	4	38	69	1
ZNF765	0	0	0	209	574	37	79	192	14
ZNF524	0	0	0	176	336	10	64	98	1
TBC1D9	1	2	0	582	1135	34	207	356	5
CD79A	0	0	0	109	213	13	53	70	2
ESYT1	0	5	0	487	1114	57	152	395	15
PEX26	1	0	0	169	370	13	49	122	2
NMRK2	1	3	0	130	304	18	55	101	7
CEP128	0	3	1	444	1161	75	152	418	18
TMEM207	0	3	0	75	195	10	21	63	3
TTC30B	0	0	0	324	721	33	104	270	10
OR9A1P	0	0	0	0	0	0	0	0	0
ZNF814	0	0	0	310	985	61	125	335	26
PPP1R21	2	1	0	377	1105	46	137	353	17
IQCB1	0	1	0	240	615	40	67	197	10
GNRH1	0	0	0	51	106	7	15	36	2
CAPRIN2	0	0	0	451	1057	49	145	308	7
COBLL1	1	2	0	456	1278	37	150	434	5
ARL15	0	0	1	93	199	10	23	73	3
SLC26A5	0	1	0	317	732	23	88	233	4
DPP7	1	2	0	381	822	42	141	315	14
FOLR1	0	0	0	116	251	12	30	68	3
ATF1	0	0	0	99	229	9	38	68	1
IGSF9	2	2	0	601	1382	50	200	463	17
GLS2	1	1	0	228	536	20	80	169	6
CCL11	0	0	0	59	114	4	24	39	1
TMUB2	0	1	0	167	344	12	62	128	6
FDXR	0	0	0	242	571	21	96	195	8
NR2F1	0	26	0	277	275	1	80	63	1
PELP1	2	3	0	591	1259	22	203	426	0
MMP27	0	0	0	236	636	31	79	215	11
PLSCR3	0	1	0	155	334	9	53	106	2
NDUFAF8	1	0	0	52	122	2	23	39	2
KIRREL1	2	2	0	375	764	11	160	248	4
YWHAB	0	0	0	94	136	1	35	39	0
SLC25A19	1	2	0	158	331	10	48	106	4
ZNF136	0	1	0	196	542	31	56	174	11
OR10J4	0	0	0	0	0	0	0	0	0
ZNF732	0	1	0	214	668	39	67	229	11
DAB2	1	4	0	323	807	14	114	242	1
MS4A15	0	1	0	123	308	8	52	112	6
MMP7	1	1	0	138	304	18	54	109	6
SERPINA11	1	0	0	232	492	20	88	139	7
MPPED1	2	0	0	188	295	12	67	82	1
HEATR6	0	2	0	503	1347	69	171	413	27
LY6G5B	1	1	0	100	219	20	35	79	8
IDI2	0	2	0	121	279	13	0	0	0
ANKFN1	1	3	0	515	1314	50	195	419	17
DHDH	1	1	0	184	427	20	73	161	4
CHST9	0	0	0	161	489	28	54	144	6
THG1L	0	1	0	131	343	19	49	114	8
KRT40	0	1	0	219	526	32	81	191	11
ZNF69	0	0	0	214	681	30	73	226	13
IBA57	0	0	0	286	570	18	93	172	5
CHTOP	0	0	0	111	246	9	43	68	2
OSCP1	0	2	0	163	366	16	50	123	7
PAX5	0	0	0	218	332	2	70	113	0
BMT2	0	0	0	172	340	11	52	108	2
HMGB1	0	0	0	98	96	0	44	26	0
H2BC26	0	1	0	107	196	8	48	76	1
TRARG1	0	0	1	114	237	8	57	79	2
CLDN17	0	0	0	117	286	14	38	88	3
SLC30A3	0	2	0	195	379	13	78	131	1
ITGB2	2	4	0	438	846	38	193	298	10
AOAH	0	2	0	256	618	32	86	197	10
ZNF805	0	2	0	297	597	21	108	185	4
ASH2L	0	2	1	264	536	18	89	165	4
TMEM220	0	0	0	85	194	10	34	59	3
ACADL	0	1	0	154	452	33	50	137	8
MMP19	0	3	0	230	520	41	84	209	14
HRH2	0	0	0	170	247	7	78	93	1
FXYD4	0	0	0	47	101	1	0	0	0
NT5DC2	0	0	0	323	698	25	118	257	4
ZNF835	0	0	0	296	704	45	107	218	16
DOHH	0	3	0	209	431	17	89	151	5
TBX15	0	0	0	281	627	13	94	191	2
OR52I1	0	0	0	145	349	10	51	124	2
TM7SF2	0	0	0	251	499	27	70	168	7
RRAS2	0	4	0	89	165	5	24	37	1
SLX1A	0	0	0	38	116	3	0	5	0
ENSG00000267173	0	0	0	61	153	6	17	45	1
PPP1CB	0	15	0	148	110	2	47	21	1
CRYGA	0	1	0	91	258	16	26	107	3
KLHDC8A	1	1	0	180	401	17	65	139	7
STAMBPL1	0	2	0	158	468	21	0	0	0
APBA2	0	1	0	404	745	18	172	256	2
OTUB1	0	1	0	152	258	5	63	62	0
FAM90A26	0	0	0	0	0	0	12	19	0
U2SURP	1	4	0	385	654	3	140	172	1
NTM	0	0	0	187	333	7	69	104	0
KIAA1143	0	0	0	68	167	7	22	62	2
TNRC6B	0	5	6	819	1823	32	282	561	7
RPS6KA5	0	1	0	336	725	13	119	203	2
NUP54	0	1	0	211	438	16	57	125	0
P2RX5-TAX1BP3	0	0	0	232	535	24	105	177	6
RASSF4	0	1	0	155	353	21	0	0	0
FOXB1	0	1	0	198	389	7	72	108	0
KCTD5	0	2	1	159	234	8	45	77	0
RMND5A	0	2	0	168	276	8	58	67	0
PTPRCAP	0	1	0	135	237	7	59	90	2
EMILIN3	1	2	0	413	858	32	149	324	9
ZFAND5	0	0	0	80	158	3	24	46	0
FRG1	0	0	0	92	263	10	28	99	3
UBE2J2	1	0	0	143	211	2	63	64	0
MCMBP	1	0	0	262	611	16	0	0	0
PYCARD	0	0	0	98	241	11	47	71	4
H1-0	0	0	0	127	204	4	45	56	1
TRAK2	0	2	0	377	970	51	96	289	14
UBE2E1	1	1	0	88	115	2	18	29	0
FCGR2C	0	0	0	0	0	0	0	0	0
EFCAB2	0	0	0	52	184	11	16	66	6
FOXL2	0	3	0	301	478	2	102	119	0
CTSS	0	1	0	116	234	11	38	67	3
MFF	1	3	0	102	344	12	30	96	1
NSMCE2	0	0	0	79	252	18	31	80	0
FIGN	0	3	1	409	789	9	150	235	2
BTNL9	0	1	0	335	731	33	111	235	9
NUDT19	0	0	0	303	680	27	131	237	7
GGT1	0	0	0	300	558	12	100	202	2
MKNK2	0	2	0	295	628	35	119	204	6
PGA3	0	0	0	84	123	5	10	16	0
KLHL17	1	6	0	601	1044	29	276	378	13
GGPS1	0	1	0	119	256	16	39	70	2
KLRC3	0	0	0	76	248	21	27	86	5
ATP6V0A4	1	0	0	349	839	37	114	248	12
PLBD1	0	1	0	266	614	36	92	194	10
MRPS10	0	2	0	96	234	8	30	73	6
UBE2D4	0	0	0	57	136	5	21	37	1
SLC2A14	2	0	0	212	438	8	76	159	8
POU4F1	0	1	0	284	385	1	118	137	0
TLR6	0	0	0	328	787	34	93	240	11
USP6	0	0	0	601	1459	81	211	525	35
GPR179	3	9	1	1067	2470	131	375	822	40
LIPI	1	0	0	191	537	32	56	175	5
RUNDC1	2	1	0	342	670	18	118	215	3
COX7A2L	0	1	0	62	163	12	18	53	6
CCL13	0	0	0	47	115	3	16	29	3
SOCS2	0	0	0	108	195	4	35	50	0
PEBP1	0	0	0	109	196	12	33	61	3
MCTS2	0	0	0	0	0	0	27	59	2
OTUD6B	0	1	1	116	308	17	28	113	4
KBTBD3	2	1	1	219	599	35	78	165	14
PROZ	1	1	0	187	439	41	72	178	17
PHF12	1	5	3	443	875	6	170	299	2
ENSG00000285528	0	0	0	25	83	2	9	24	1
SLU7	0	4	1	199	459	34	66	110	6
ASIP	1	0	0	67	142	7	25	57	0
KIF6	0	2	0	320	809	51	99	268	22
ARHGEF4	4	3	0	1009	2326	77	369	790	19
SLC35G2	2	2	0	157	378	15	37	117	6
ZNF793	0	1	0	161	413	26	53	149	10
CASS4	1	4	0	380	825	19	138	289	1
PIGU	0	0	0	211	434	11	78	137	2
OR51B4	1	0	0	148	364	8	51	129	6
ENSG00000291316	2	2	0	162	216	5	105	81	1
PUM2	1	4	0	433	978	33	126	271	4
SDF4	0	1	0	219	414	14	88	141	6
H3C11	1	1	0	137	180	14	44	36	3
LY6G6F	0	0	0	113	304	17	36	101	4
ENSG00000285880	0	1	0	211	425	27	63	133	3
SRP54	0	4	0	161	302	3	56	70	0
TPH1	0	0	0	145	431	28	57	141	8
GRK1	1	2	0	290	574	28	127	241	10
RPS29	0	1	0	34	61	0	11	21	0
NPFFR1	1	3	0	259	548	16	0	0	0
ZNF143	0	0	0	274	580	16	119	149	2
RELT	0	4	0	206	483	20	84	188	7
TNFRSF13C	1	0	0	143	234	2	50	64	0
CD200R1	0	2	0	160	331	15	49	105	4
MAP3K1	2	4	1	681	1584	26	234	481	1
DNMT3A	1	27	5	387	753	94	148	306	56
OR4S2	0	0	0	128	360	11	37	122	2
EXOC3	0	0	1	387	749	15	141	252	1
IGFBP4	0	0	0	150	295	5	56	100	3
SBDS	0	0	0	101	271	9	40	75	4
PIGQ	2	0	0	405	734	30	155	235	12
CDCA8	1	0	0	109	278	9	37	84	1
TMEM19	0	1	0	145	365	18	62	117	3
MUC2	4	4	0	823	1651	66	320	578	13
GNL1	0	1	0	276	543	16	103	170	2
BDKRB1	0	2	0	182	369	18	73	145	8
LRRC40	0	0	1	252	612	39	82	186	15
CDS2	0	1	0	208	346	16	72	85	2
NRXN2	3	6	0	992	1736	17	349	548	4
C20orf144	0	0	0	121	271	13	51	109	6
ADAMTS3	0	2	1	495	1329	43	172	437	10
TRIB1	1	1	0	236	454	7	76	143	3
HLA-DQB2	0	0	0	118	280	16	36	90	3
CELA3B	0	0	0	147	353	17	55	131	3
RC3H1	2	3	1	442	987	33	132	296	9
IFNA2	1	0	0	84	239	9	26	76	4
CHEK2	0	0	0	200	626	48	76	231	13
ANXA5	0	0	0	128	322	23	37	99	5
MCRS1	0	2	0	244	413	9	83	135	3
ENSG00000269242	0	0	0	0	0	0	0	0	0
ASPRV1	0	2	0	129	279	10	69	97	2
ERVMER34-1	1	0	0	31	56	5	79	197	13
SNX27	0	4	0	268	482	18	83	145	3
EFCAB9	0	0	0	77	200	11	35	75	3
FCN1	0	1	0	171	416	24	51	153	7
TMEM208	1	0	0	100	177	10	32	64	4
SLC25A26	0	0	0	143	353	16	42	120	8
IL10	0	1	0	92	149	5	30	47	2
SLC12A7	7	4	0	709	1260	46	295	475	7
ACCS	1	0	0	223	556	19	55	184	6
SPATA31D4	0	0	0	95	258	11	8	37	0
ENSG00000258461	0	0	0	49	160	7	15	55	5
ADAMTS13	2	6	0	685	1542	57	231	513	17
UGT2B15	0	0	0	246	645	42	84	212	13
LEAP2	0	0	0	40	87	4	11	34	2
FAM229A	0	0	0	88	178	3	26	66	0
MKNK1	0	0	0	166	390	19	63	141	8
TGOLN2	1	0	0	208	507	13	58	185	2
SLC41A3	0	1	0	239	511	26	78	173	5
MS4A4E	0	0	0	26	76	2	58	151	2
TCF24	0	0	0	116	233	5	48	77	2
MATN1	0	1	0	248	564	23	79	191	7
ZNF697	2	2	0	397	889	24	148	256	2
RPS18	1	1	0	75	93	0	22	18	0
IFNA7	0	0	0	107	290	15	42	85	3
DUSP26	1	2	0	108	213	8	33	80	2
ACER3	0	1	0	113	217	17	29	57	4
C1GALT1C1L	0	0	0	153	433	26	44	134	8
ENSG00000275674	0	0	0	0	0	0	0	0	0
RCC1L	0	1	0	263	569	26	99	199	3
KAT5	0	3	0	364	445	11	132	130	4
PATE3	0	1	0	34	117	5	13	38	2
ANKRD11	5	17	24	1825	3455	9	759	1147	0
SCRT2	0	0	0	249	406	8	96	97	1
UNC5CL	2	1	0	256	527	30	99	196	10
PLCXD3	1	0	0	161	387	14	57	116	5
REEP3	0	0	0	99	232	10	0	0	0
CHRM4	2	1	0	265	344	2	108	132	1
KIF1B	1	2	0	722	1559	36	228	452	5
ENSG00000269590	0	0	0	99	223	13	37	76	5
TAS2R8	0	0	0	122	365	9	46	128	4
ZNF691	0	0	0	150	338	11	50	115	3
RFTN1	0	1	0	245	625	26	105	230	12
AHDC1	3	3	11	945	1708	0	383	592	1
CLDN1	0	0	0	93	235	9	31	82	3
TLNRD1	1	1	0	321	511	7	117	144	2
CSTB	0	0	0	61	124	8	21	43	3
XPNPEP3	0	1	0	200	574	30	65	181	10
PSMA8	0	0	0	96	262	17	32	86	4
NUP205	3	5	0	860	2031	41	303	609	2
INPP5A	2	1	0	204	383	9	0	0	0
AMT	1	0	0	195	478	16	75	159	3
DOK2	0	1	0	257	606	20	89	222	10
LIN52	0	1	0	35	101	2	10	30	0
DELE1	1	0	0	257	579	37	98	194	9
ETHE1	1	0	0	137	277	4	45	86	3
BLZF1	0	0	0	133	414	28	32	108	4
CEMP1	0	1	0	145	364	22	48	120	9
M1AP	0	1	0	231	501	29	85	166	7
SCYGR4	0	0	0	0	0	0	18	42	1
NPY2R	0	2	0	205	405	18	77	112	3
PPP2R5D	1	19	0	271	393	7	85	120	0
DYNLT5	0	0	0	81	207	7	30	52	3
OBSL1	7	6	0	1091	2453	108	415	908	35
APBB1	1	1	0	355	656	14	128	250	2
ZDHHC20	0	1	0	143	363	17	56	100	4
OR11H7	0	0	0	0	0	0	0	0	0
LTBP2	2	1	0	936	2073	73	357	752	6
IL4R	0	1	0	401	916	28	128	315	7
PI4K2A	1	0	0	238	438	8	0	0	0
TSEN2	2	4	0	215	577	30	65	223	8
PCDHGA11	1	1	0	495	1057	38	163	349	14
ASAP3	2	3	1	458	901	30	148	320	7
MLF2	0	1	0	109	261	7	32	79	1
TM4SF1	0	0	0	106	235	9	44	74	3
FARS2	1	2	0	224	486	20	84	157	8
OR5A1	0	0	0	155	361	18	40	103	2
UBE2M	0	1	0	103	107	1	38	28	1
SMIM33	0	0	0	0	0	0	20	55	0
APBB2	0	1	0	351	719	24	130	211	3
SLC35B1	0	0	0	147	296	9	57	105	0
MBIP	0	1	0	153	339	19	55	108	8
KDELR1	0	1	0	121	142	9	47	27	0
MAN2B1	1	5	0	532	1187	53	189	412	15
ENSG00000267110	0	0	0	0	0	0	0	0	0
MTERF4	0	1	0	158	387	17	58	132	5
EDNRA	0	1	0	155	291	7	55	76	1
TOP2B	2	4	1	623	1323	17	176	371	5
ZNF641	0	0	0	160	434	18	52	129	4
GJB3	1	0	0	122	324	20	51	125	7
ENSG00000288894	0	5	0	119	127	5	42	29	1
MSLN	2	2	0	429	904	41	167	336	22
CTSA	0	1	0	224	518	20	78	146	8
SOD1	0	1	0	80	129	2	31	25	0
STAC	0	0	0	191	440	14	64	140	4
FHOD1	0	1	2	586	1345	39	192	467	14
DRD1	0	0	0	218	347	3	78	111	0
PGM2L1	0	2	0	231	530	23	83	148	1
CMTM2	0	1	0	117	274	9	33	86	3
HOXA4	0	0	0	213	468	21	77	180	4
ENSG00000256950	0	1	0	55	123	3	15	41	0
DAPK2	0	0	0	169	402	17	69	149	4
TCF20	1	9	9	933	2147	1	343	686	2
ENPP2	1	1	0	364	865	20	130	267	4
RAB3GAP1	0	3	0	348	989	54	101	295	12
ZNF165	1	2	0	154	442	30	58	127	12
SLURP2	0	0	0	58	106	3	22	34	0
FDX1	1	0	0	111	255	5	33	73	1
IVD	2	0	0	211	460	15	74	154	4
SCGB1A1	0	0	0	39	108	6	18	25	2
PKNOX2	1	1	0	240	445	12	83	151	1
CLDN11	0	1	0	115	159	0	37	49	0
MTX2	0	0	0	114	304	18	33	91	5
GK5	0	0	0	206	428	21	71	119	4
PPID	0	0	0	166	427	25	55	130	8
MOGS	2	3	0	445	932	46	139	340	12
ZG16B	1	0	0	81	215	6	24	70	2
PPIE	0	0	0	138	306	6	60	82	2
PPP6R1	0	3	0	528	1084	7	190	363	1
RP1	2	8	1	831	2413	99	264	722	22
GSC2	0	0	0	161	310	12	62	130	1
SLC66A1	0	0	0	162	326	9	61	123	4
TAMM41	0	0	0	151	378	25	47	124	4
GJA8	0	4	0	274	572	21	104	192	4
SLC4A8	1	4	0	447	799	21	135	222	6
RLN1	0	0	0	109	307	17	34	90	7
CALU	0	1	0	121	259	9	36	86	3
TNFRSF10B	0	1	0	206	543	16	75	175	5
WDR86	1	2	0	247	476	22	106	180	11
RNASE13	1	0	0	56	202	12	22	58	3
ADAMTS1	0	1	0	507	1105	22	156	359	4
IQCA1	2	2	1	318	887	35	111	288	9
PDGFB	0	0	0	154	290	5	54	112	2
YPEL3	0	0	0	84	132	3	22	37	1
EGF	2	3	0	479	1235	62	153	373	26
BORCS6	0	0	0	248	462	12	79	149	4
DCC	0	2	0	693	1641	27	233	551	6
KCNA10	1	2	0	265	640	21	91	216	3
MOB3A	0	2	0	122	282	7	50	117	2
ENSG00000283809	0	0	0	13	16	0	1	0	0
PPP1R12A	2	1	3	413	836	3	140	240	1
TSPOAP1	3	5	0	898	1961	50	321	710	11
ACBD6	0	1	0	108	327	18	46	97	7
MRPL15	0	0	0	133	317	14	47	103	4
IGSF23	0	0	0	89	196	6	37	62	1
DCBLD2	1	1	0	345	830	31	128	237	1
CARNMT1	0	2	0	174	372	19	56	111	3
ZFP37	0	1	0	232	626	35	80	201	15
SLC35G1	0	0	0	183	402	14	0	0	0
SMAD1	0	1	0	191	378	6	57	107	0
USP17L15	0	0	0	0	0	0	1	1	0
MAST3	3	12	0	739	1288	24	283	480	4
WDR70	0	1	0	267	577	23	85	193	3
GABPB1	0	0	0	142	233	4	34	63	0
CBARP	1	2	0	584	1079	15	222	396	3
CCDC200	0	0	0	0	0	0	19	43	9
NT5DC1	0	0	0	205	498	19	66	157	3
VPS50	1	2	0	357	798	31	112	237	10
ENKUR	0	0	0	107	292	7	0	0	0
ENSG00000284209	0	0	0	0	0	0	0	0	0
SFN	0	0	0	113	264	12	29	82	0
ISL2	2	2	0	240	408	6	79	119	3
LRWD1	0	3	0	469	857	45	180	316	10
KANK3	3	2	0	572	1110	49	180	386	16
KCNJ4	1	4	0	252	264	4	101	81	0
ARID5A	0	2	0	323	617	9	111	201	1
SPEM1	0	0	0	157	372	17	55	127	4
SYNE2	5	14	0	2807	7375	237	935	2338	39
COL21A1	2	0	0	447	1029	65	156	330	23
PGLYRP1	0	0	0	86	231	17	23	82	4
NEK5	0	1	0	313	876	65	100	294	26
PSMA6	0	1	0	95	162	1	27	25	0
TTC19	0	0	0	220	435	27	61	157	6
ERVV-1	0	0	0	98	230	17	36	84	1
LINC02210-CRHR1	0	0	0	96	202	11	39	74	1
QSOX1	0	1	0	396	874	29	125	319	12
DOCK5	0	4	0	817	1939	75	289	655	18
SSH3	0	1	0	291	712	39	112	266	14
THAP7	0	1	0	205	394	13	68	134	0
CPA4	0	0	0	200	473	25	72	162	9
USP43	1	0	0	561	1075	32	196	377	6
NMNAT2	0	0	0	141	240	3	56	66	1
LTV1	0	0	0	165	472	15	68	162	7
CNNM1	0	1	0	534	950	17	0	0	0
IDO1	0	1	0	163	485	18	56	162	3
PLD6	1	0	0	147	304	11	54	92	3
CPA1	1	1	0	211	436	19	73	176	5
GOLGA6L26	0	0	0	21	46	4	9	30	3
OR4D2	0	1	0	155	364	14	51	122	5
IRF6	0	0	0	193	328	4	57	90	0
CHST10	0	0	0	163	391	19	57	130	5
MAPK10	0	1	0	196	341	4	66	81	1
QRICH2	3	3	1	834	2135	97	282	749	31
CDC45	1	0	0	275	609	15	86	207	5
SYPL2	0	0	0	142	308	14	57	108	2
FKBP2	0	0	0	86	140	8	18	45	2
GOLGA8J	0	0	0	200	565	28	25	76	5
GPR37L1	0	0	0	235	527	25	94	178	4
SCGB1C2	0	0	0	0	0	0	13	26	1
CIC	1	6	3	990	1836	7	628	938	0
C6	0	0	0	407	1110	77	141	378	15
OR13A1	1	0	0	203	489	22	0	0	0
HELZ2	9	5	0	1555	3214	102	658	1266	20
MARK4	1	5	0	403	707	7	144	254	2
OGG1	2	0	0	203	437	30	74	148	11
CTSC	0	0	0	217	548	25	68	205	8
ZSWIM3	0	3	0	291	668	30	94	229	9
PC	1	4	0	607	1163	23	244	356	3
DBNDD1	0	1	0	99	196	6	48	68	2
MRI1	0	1	0	207	481	10	61	167	1
INPP5K	1	3	0	237	505	23	90	181	9
MAP6D1	0	0	0	124	279	13	41	78	5
ERVK3-1	0	0	0	0	0	0	25	43	2
POTED	0	0	0	129	383	25	6	20	0
ALPK2	2	6	0	885	2141	93	309	727	29
ZNF569	0	0	0	248	585	36	79	174	7
UCHL1	0	0	0	126	223	3	35	50	1
ZNF670	0	0	0	142	413	16	42	152	7
C14orf93	0	1	0	225	540	16	75	162	8
PTPN21	0	3	1	684	1491	67	223	486	16
ASB14	0	1	0	259	717	37	95	237	13
TSNAXIP1	0	1	0	320	769	49	113	302	20
NCBP2	0	0	0	95	128	10	39	24	3
OR14L1P	0	0	0	0	0	0	48	131	3
MCUR1	0	2	0	219	454	22	71	156	11
ILK	0	3	0	219	490	21	70	146	5
ADGRD1	0	2	0	457	955	33	177	336	5
NDUFV2	0	0	0	94	319	9	39	105	4
PECR	1	2	0	130	353	15	47	119	6
OLFM1	1	4	0	224	337	5	100	86	1
ZNF334	0	2	0	260	725	34	88	234	13
CEP89	0	6	0	331	840	56	123	289	24
UBQLN1	0	2	0	278	512	5	87	141	0
GOLGA8Q	0	0	0	0	0	0	7	24	1
SLC39A14	2	0	0	249	402	9	81	130	3
SLC2A7	0	1	0	303	617	19	129	251	10
PRRT1B	0	0	0	0	0	0	56	110	2
PCDHB2	0	0	0	433	919	41	150	348	11
CBLC	1	0	0	245	558	28	89	181	8
ZNF211	0	0	0	244	630	30	74	194	7
ITPK1	1	1	0	239	448	8	98	164	6
STX18	1	0	0	163	405	17	43	114	3
AMH	1	1	0	488	941	28	189	318	16
OR10A7	0	0	0	146	404	16	47	145	4
BIN3	1	0	0	151	328	20	53	136	6
PMCH	0	0	0	64	181	7	18	53	2
CABLES1	0	0	1	409	745	16	143	249	3
CRABP1	0	0	0	77	161	4	24	47	2
IQCJ-SCHIP1	0	2	0	231	547	9	72	174	4
SPTLC1	0	1	0	198	452	27	65	139	7
OR10G7	0	0	0	162	336	8	62	134	5
CHD9NB	0	0	0	0	0	0	10	20	2
MTREX	0	1	0	395	821	39	124	234	8
SETD5	0	7	15	700	1400	19	202	441	0
ABI1	0	0	0	184	394	6	0	0	0
BAG4	1	0	0	207	530	15	77	163	3
PRRG2	0	4	0	110	242	11	32	75	7
ASPHD1	0	0	0	204	421	13	73	128	5
NUFIP1	1	0	1	221	601	27	76	201	11
DHX30	0	7	0	633	774	1	245	244	1
TMEM41A	0	0	0	132	277	19	55	86	4
C4orf33	1	1	0	68	200	14	22	63	5
HUS1	0	1	0	114	318	15	41	101	3
OR51B5	0	0	0	176	431	18	69	136	5
UTP3	1	1	1	212	474	13	51	138	5
CNOT1	2	9	2	977	1457	6	316	388	0
ADNP2	1	4	1	581	1273	17	223	412	6
RNF144A	0	1	0	146	296	11	52	88	3
TRPM4	3	3	0	717	1505	62	238	541	19
ZNF865	0	2	1	796	1217	9	259	393	2
SELENOM	0	0	0	0	0	0	0	0	0
AUH	0	0	0	161	378	17	48	132	4
EMC9	0	1	0	89	230	10	23	74	3
HOXB4	0	0	0	178	343	12	64	72	0
ECH1	0	2	0	170	413	13	58	147	4
SLCO6A1	1	1	0	301	805	41	82	272	11
GBGT1	0	2	0	171	407	16	53	149	8
TSPYL6	0	1	0	231	618	18	90	196	4
FAM91A1	2	1	0	329	716	20	83	218	4
RPF1	0	0	0	143	377	18	45	148	7
OR4C3	0	0	0	187	463	12	55	138	3
B3GALT1	0	0	0	137	284	10	41	66	2
HMGCS1	0	0	0	200	315	4	46	79	1
ENSG00000256206	0	0	0	60	110	1	25	32	0
FHL5	1	0	0	113	301	22	38	101	11
RPRD1B	0	1	0	152	204	6	55	66	1
RUFY2	0	2	0	249	512	22	0	0	0
ANXA7	0	0	0	193	528	33	0	0	0
ENSG00000288593	0	0	0	6	8	1	8	18	1
SF1	2	4	0	372	579	0	135	145	1
FOXQ1	0	0	0	369	692	15	122	228	0
ZNF484	0	1	0	274	781	46	87	221	8
OR52E2	0	0	0	141	462	14	43	158	3
PRIMA1	0	0	0	95	197	3	28	60	1
NPFFR2	0	1	0	171	492	24	57	147	7
ZKSCAN1	0	0	0	249	479	12	81	150	1
SOX11	0	19	1	362	462	1	122	124	0
XYLT2	0	4	0	476	799	25	170	275	4
BPNT2	0	0	1	201	450	7	70	138	1
SMIM27	0	0	0	7	23	2	9	21	0
ENSG00000205236	0	0	0	17	46	2	6	5	0
TIMM23B	0	0	0	68	166	11	0	0	0
MORN1	1	1	0	298	671	42	118	263	15
SMAP1	0	1	0	198	491	9	77	152	1
LRBA	3	6	1	1193	3084	98	382	961	20
CTSD	0	0	0	256	458	9	108	131	1
ATAD3A	0	0	0	349	728	29	133	281	8
NOM1	0	2	1	492	1157	37	143	380	7
FRAT2	0	0	0	210	358	9	0	0	0
MITD1	0	1	0	95	259	17	29	78	7
PCLO	2	8	1	2263	5762	42	705	1804	8
MPZL2	0	1	0	87	272	16	27	103	7
PPARGC1A	1	2	1	354	843	19	122	259	3
RSPH6A	0	1	0	405	862	45	170	341	13
SPPL2A	0	0	0	201	557	20	68	160	1
SNF8	0	2	0	121	260	14	47	79	2
MAP3K3	0	1	0	266	573	3	91	185	0
ITGAV	0	0	0	433	1096	39	147	308	9
PCNX1	1	3	0	1015	2428	45	306	740	9
FBXW10B	0	0	0	260	688	25	93	262	12
STMN1	0	0	0	56	87	4	17	21	0
ENSG00000285868	0	1	0	108	259	17	53	82	3
PER2	2	4	0	699	1412	32	251	443	8
ARHGAP18	1	1	0	282	639	40	82	211	12
UBE2B	0	1	0	63	79	7	29	19	1
ENSG00000268133	0	0	0	43	107	4	9	50	0
BMP8A	0	0	0	204	428	21	57	113	2
FAM117B	1	0	0	333	662	10	111	191	1
OR1S2	0	0	0	170	419	16	69	129	4
KIRREL2	0	3	0	409	843	36	145	272	17
YPEL4	0	0	0	61	111	2	23	35	0
DTX3	0	0	0	177	316	5	59	83	1
OR7G3	0	0	0	141	354	7	44	118	5
SLC17A9	0	3	0	245	480	20	93	167	3
WDFY4	2	5	0	1590	3557	98	0	0	0
PDXDC1	0	4	0	354	815	23	150	315	12
ATP6V1H	1	4	0	197	457	25	73	154	5
TMEM235	0	3	0	134	285	10	45	98	4
URGCP-MRPS24	0	0	0	44	108	5	16	25	3
TINAGL1	0	1	1	225	497	21	63	186	6
ZKSCAN8	1	1	0	214	544	26	67	171	14
NUTM2A	0	0	0	241	501	32	0	0	0
UNC5C	0	1	0	475	968	22	162	333	2
AMY1B	0	0	0	15	45	3	0	1	0
GUCA2A	0	1	0	61	160	10	26	55	2
SMIM12	0	1	0	49	111	6	15	43	1
ASPDH	0	0	0	170	376	15	59	122	4
POU5F1B	0	0	0	198	445	27	70	151	6
ENSG00000285749	0	0	0	80	173	12	34	56	2
CLTCL1	0	4	0	727	1736	95	265	581	33
NSMCE4A	0	2	0	147	414	15	0	0	0
PPAN	0	0	0	298	659	20	116	251	3
OSGIN1	0	0	0	353	732	30	123	267	8
TRPA1	0	1	0	459	1197	63	152	378	19
ZNF121	0	0	0	145	325	6	60	100	1
MLLT1	2	2	0	323	481	2	125	146	0
MRPL48	0	0	0	97	209	6	26	56	2
TDRP	0	1	0	133	338	16	45	108	6
ENSG00000288645	0	0	0	56	125	3	19	56	0
CYP2S1	0	1	0	280	534	19	100	187	6
CADM4	0	1	0	204	390	8	63	99	0
PCSK5	3	4	1	820	1948	84	295	634	20
USP37	1	1	0	381	845	15	122	264	2
OR5B17	0	0	0	133	424	10	39	141	3
ATP5MG	0	0	0	45	111	3	20	38	2
GGNBP2	0	4	1	295	576	3	83	142	0
TARM1	0	0	0	131	303	17	52	97	9
CNBD1	1	0	0	179	584	26	58	169	12
CD3E	0	0	0	79	205	8	25	76	1
TIMM23B-AGAP6	0	0	0	68	166	11	0	0	0
CPQ	0	1	0	172	516	26	58	170	10
C6orf118	0	1	0	238	584	35	96	201	21
SRSF6	0	0	0	222	401	16	66	121	2
SNX10	0	0	0	67	192	21	22	55	5
SRMS	0	3	0	289	597	30	123	242	10
SURF4	1	2	0	135	200	3	54	65	0
VPS13C	0	8	0	1536	4427	192	495	1402	52
PPP1R14D	0	0	0	62	180	8	27	51	1
GNE	0	2	0	264	564	25	69	171	9
POP7	0	1	0	78	158	7	26	49	1
KLRC4	0	1	0	44	162	6	19	43	2
AMZ2	0	0	0	151	393	17	40	127	9
C16orf96	1	2	0	558	1520	67	207	538	23
TRIM67	0	3	0	469	903	21	182	292	3
FEZ2	0	1	0	245	611	29	80	197	7
MEF2A	0	0	0	236	497	16	79	152	2
TMEM254	0	1	0	61	142	9	0	0	0
DBF4	0	1	0	233	628	19	77	193	2
GARS1	3	1	1	325	803	23	120	225	2
AUNIP	0	2	0	112	362	30	39	121	11
ARRB2	2	1	0	208	329	6	77	90	3
AKIP1	0	0	0	98	260	10	30	90	1
TYRO3	1	2	0	359	755	34	140	279	5
CATSPERZ	0	0	0	124	225	12	31	82	3
SPATA32	0	0	0	151	402	25	63	111	5
UFL1	0	4	0	323	869	37	112	266	16
NAT8	0	0	0	123	326	18	40	115	5
WRAP73	0	0	0	268	546	27	100	183	4
ANTXR2	0	5	0	229	573	18	73	178	5
ANKRD6	3	2	0	328	764	37	117	282	12
CHUK	0	1	0	266	623	13	0	0	0
PARP6	0	3	0	285	479	11	75	124	2
ATP2C2	1	3	0	810	1839	79	314	697	29
SLC38A8	0	0	0	447	902	39	178	331	13
H4C6	0	0	0	121	210	11	37	68	1
TAC3	0	0	0	54	117	3	20	44	1
CNIH4	0	0	0	65	152	6	22	45	2
ZFYVE1	2	0	0	320	644	18	129	204	3
ZNF836	0	0	0	340	893	40	103	292	20
CDC7	0	0	0	197	556	26	54	185	6
PIGR	0	0	0	390	826	19	129	279	2
CNNM3	0	2	0	511	1006	35	192	316	9
TAB1	2	2	0	279	566	11	122	180	3
PKIB	0	0	0	27	82	4	12	25	4
ATAD3B	0	0	0	463	1020	52	189	372	16
DQX1	1	1	0	284	768	44	89	234	18
CPAMD8	0	3	0	998	2271	96	375	753	25
PRND	0	1	0	93	209	11	30	78	1
ARHGAP15	1	1	0	196	538	20	66	161	8
SEMA6B	1	4	1	612	1136	12	240	373	3
COLGALT2	1	0	0	298	697	29	98	218	6
COG4	0	4	0	421	1003	30	136	326	8
C12orf50	0	2	0	170	460	20	55	136	11
EXOSC10	0	1	0	406	947	52	140	324	15
TMUB1	0	0	0	138	274	10	45	96	1
CCDC54	1	2	0	133	357	19	37	123	4
ISL1	1	1	0	195	309	2	48	89	1
TBC1D31	0	0	0	374	1067	60	91	371	21
RBM11	0	0	0	123	320	17	43	101	5
CD274	0	3	0	148	307	5	51	66	0
ENSG00000289690	1	0	0	135	185	2	54	47	1
ENSG00000284931	0	0	0	43	91	5	16	43	2
TINF2	0	1	0	218	440	17	69	150	5
OR10G4	0	2	0	152	351	10	63	139	5
SLC5A2	0	1	0	448	925	37	152	321	11
PUS10	0	0	0	236	573	32	73	206	10
SALL2	0	1	0	487	1148	32	175	352	10
ZFYVE28	4	6	0	556	1163	28	247	418	5
MEOX2	1	0	0	171	411	12	51	140	3
SCT	0	0	0	109	224	12	40	84	2
EHD4	0	0	0	275	572	24	105	220	8
CCNA1	0	2	0	180	418	10	70	112	2
LPCAT3	1	0	0	211	410	10	59	107	0
DHX38	3	3	0	600	1261	51	233	384	9
TFF1	0	0	0	44	116	0	20	34	0
FUS	1	0	0	282	502	1	110	171	0
INAVA	0	1	0	314	705	16	121	246	4
DUSP22	0	2	0	95	190	3	60	112	4
BICDL1	0	1	0	361	682	16	134	219	6
USP48	2	2	0	403	747	14	132	221	1
PRLR	1	0	0	246	618	17	96	190	2
EPHA7	0	4	0	447	897	15	128	255	6
PTPRE	0	3	0	334	716	23	0	0	0
MAP2K1	0	13	0	184	259	7	62	78	1
AXL	0	2	0	435	922	26	137	315	6
PCBP1	1	0	0	267	229	0	97	55	0
ENSG00000285446	0	0	0	119	214	6	33	66	0
VPS37A	0	1	0	203	566	10	71	184	3
KCNK4	0	5	0	226	437	16	93	163	3
SLC35E3	0	2	0	138	335	14	45	103	5
EIF6	1	1	0	126	234	6	46	65	2
DONSON	1	0	1	265	700	29	94	214	9
DBNL	1	1	0	179	421	15	63	153	4
SPINK13	0	0	0	41	107	6	9	29	1
ZNF44	0	2	0	204	661	38	58	229	13
PLXND1	0	11	2	1131	1950	30	423	667	2
NQO2	0	1	0	103	254	15	47	78	3
TMED4	0	1	0	118	281	8	41	83	1
OR10AC1	0	0	0	0	0	0	0	0	0
CLDN4	0	0	0	133	239	8	58	84	4
TEX50	0	0	0	57	155	4	17	49	0
CNTNAP2	3	1	0	648	1567	58	237	494	12
ENSG00000272741	0	1	0	53	100	5	18	30	0
RND3	0	0	0	121	203	6	40	65	0
GUCA1A	0	0	0	90	236	11	19	61	3
BTBD7	0	0	0	509	1106	31	148	395	8
STK31	0	2	0	431	1074	35	148	309	12
HOXA9	0	3	0	193	394	14	70	138	3
ENSG00000285991	0	0	0	100	282	19	23	94	2
OR10AG1	0	0	0	142	420	30	48	118	3
ZNF548	0	0	0	212	540	23	75	173	4
DNAJC10	1	0	0	297	901	51	94	293	11
ENSG00000283563	0	0	0	67	208	14	26	73	2
CFAP58	2	3	0	347	977	52	0	0	0
LHB	0	0	0	82	181	2	33	64	3
MME	0	0	1	309	788	49	104	267	12
MAMDC4	1	2	0	712	1576	95	305	568	27
SFTPA1	0	0	0	108	246	13	0	0	0
RAPGEF4	0	1	0	412	965	33	144	292	7
DNAJA3	0	0	0	293	686	17	97	255	0
ENSG00000272104	0	0	1	19	43	4	6	16	0
GNS	0	1	0	258	540	23	77	152	2
ENSG00000255730	1	1	0	227	494	29	83	190	12
C1orf35	0	0	0	175	330	12	51	94	3
TCIRG1	3	2	0	466	990	39	190	378	12
LBP	0	1	0	232	549	16	92	190	9
MTIF3	0	0	0	111	286	16	38	87	5
SIX4	0	0	0	383	788	24	124	226	1
SPOCK2	2	0	0	193	437	19	0	0	0
NPIPB11	0	0	0	551	1420	55	78	269	9
NECAB2	2	6	0	353	817	34	131	298	10
C1orf56	1	0	0	176	368	11	55	98	4
LZTFL1	0	0	0	99	232	14	33	61	4
SLC22A12	0	2	0	301	629	32	115	216	4
DNAJC13	1	3	1	891	2128	35	259	674	6
FRS2	1	2	0	218	506	7	66	146	2
ANKRD13B	0	4	0	334	601	16	112	185	4
OR10K1	1	0	0	170	390	9	51	125	0
TMEM39B	1	1	0	284	502	8	104	171	2
ZNF160	0	0	0	288	774	31	103	243	9
CCL14	0	0	0	58	95	6	14	33	1
C1orf122	0	0	0	69	147	8	27	53	3
SLC30A7	1	0	0	145	422	17	56	129	4
INSL6	0	0	0	154	379	20	51	132	5
DNAI1	1	0	0	302	798	35	101	275	10
CIAO3	0	0	0	277	616	29	121	218	11
DMBT1	2	3	0	1033	2330	119	0	0	0
PTP4A3	0	0	0	103	227	4	36	79	0
PLD5	0	2	0	249	490	28	84	136	7
FADD	0	1	0	136	257	4	55	92	0
RBM33	1	6	0	602	1233	9	226	422	0
DCUN1D4	0	0	0	129	259	4	37	66	2
BMPR1A	1	2	0	215	426	7	0	0	0
OAT	0	1	0	164	428	21	0	0	0
MAPK8IP2	1	3	0	602	1037	6	240	330	0
RTKN	1	1	0	282	643	22	90	220	5
ZP3	2	0	0	232	471	19	74	146	3
TBC1D2	1	1	0	446	983	52	159	350	12
ZC3H8	0	1	0	101	243	11	37	77	0
FAM25A	0	0	0	38	103	1	0	0	0
DGKI	3	0	0	482	1009	11	174	320	1
CRISP2	1	0	1	121	290	16	30	93	4
NRBP2	1	0	0	307	592	22	118	180	5
FGF8	0	1	0	141	270	4	0	0	0
ARL2BP	0	0	0	54	139	6	22	47	1
OSR1	1	1	0	150	241	0	41	82	0
WDFY2	1	0	0	171	441	16	67	133	1
ALPI	1	0	0	318	622	33	112	236	12
RPL15	0	0	0	108	205	0	35	38	0
GTF2E1	1	0	0	198	440	12	59	142	2
ENSG00000289282	0	0	0	72	105	5	26	40	0
COASY	1	2	0	283	698	22	94	239	7
PITX3	1	0	0	197	324	4	0	0	0
TRIM58	0	0	0	282	607	44	103	213	16
ZNF354B	0	0	0	277	596	34	68	185	13
BLTP3A	0	1	0	550	1387	47	191	460	18
ARHGAP12	2	1	0	332	860	36	0	0	0
BRI3	0	0	0	93	160	5	30	51	0
MACIR	0	0	0	86	212	4	40	58	2
H2BC17	0	0	0	98	157	9	34	54	4
SEMA3D	0	3	0	310	830	42	109	255	10
NLRP12	2	1	0	623	1380	75	210	466	24
CAPS	1	1	0	115	271	13	41	115	4
UBQLNL	0	2	0	198	548	28	78	196	10
C2CD2L	1	3	0	328	742	11	121	253	1
ENSG00000288636	0	0	0	43	154	8	12	45	3
RAD51AP1	0	0	0	121	347	6	48	119	4
AEBP2	0	1	0	295	505	1	102	132	0
TMEM17	0	0	0	95	255	7	34	75	1
IGDCC4	1	2	0	676	1420	45	233	446	6
GEMIN5	1	2	0	653	1708	79	223	541	18
FCHSD1	1	0	0	303	751	57	103	283	19
IGLON5	0	0	0	224	417	12	67	111	5
IGFBP5	0	1	0	147	309	6	48	96	0
CPEB3	1	1	0	381	677	8	0	0	0
HLA-E	0	1	0	167	317	16	47	80	0
WDR20	0	1	0	286	517	3	98	166	1
FBXO41	2	2	0	528	944	19	198	309	6
TYW1B	0	0	0	274	671	52	122	265	21
TMEM151A	0	1	0	349	635	11	111	198	3
TOR3A	0	1	0	218	486	27	89	183	7
EFNB2	2	0	0	159	258	2	62	88	0
EDDM3A	0	0	0	63	186	15	22	47	7
KRT74	1	2	0	290	654	33	95	246	11
MTRES1	0	0	0	99	257	11	28	85	3
LYPLAL1	0	0	0	107	322	17	39	121	11
NMBR	0	0	1	209	544	12	72	187	2
POLG2	0	0	0	226	536	31	80	168	11
ITM2B	0	1	0	121	307	7	36	88	1
OR1L1	0	1	0	120	338	8	47	105	4
GATA6	0	1	0	419	732	7	130	208	2
SNX3	0	0	0	82	113	4	35	31	1
ENSG00000285947	0	0	0	0	0	0	0	0	0
FCHO1	1	2	0	496	985	18	186	358	2
RAP1GDS1	0	1	0	213	593	16	73	154	3
SRP14	0	0	0	74	113	1	18	34	1
ZKSCAN8P1	0	0	0	0	0	0	27	88	4
RGCC	0	0	0	72	171	6	25	43	1
C1orf232	0	0	0	46	89	8	46	86	4
CLEC19A	0	0	0	92	208	11	16	55	7
HNRNPM	2	1	1	368	712	3	127	213	0
PDE3B	0	3	0	575	1286	44	181	460	8
PCDHB7	0	0	0	539	1123	36	196	400	14
MUS81	0	1	0	304	649	29	91	239	10
LIPN	1	0	0	168	505	27	0	0	0
SYS1	0	0	0	96	128	4	31	33	3
POU2AF1	0	1	0	155	258	5	74	76	0
MOS	1	2	0	185	409	8	66	127	4
UGT1A7	0	1	0	266	602	24	108	227	9
CST9	0	0	0	67	220	14	28	69	3
SLC30A9	1	2	0	230	505	22	86	150	1
HGD	0	2	0	203	537	22	64	184	1
ACAP2	1	1	0	275	646	22	92	194	4
PRAMEF7	0	0	0	88	201	14	7	12	3
GYPC	0	1	0	69	212	4	35	78	1
PCCB	0	3	0	275	724	19	87	240	7
MTNR1A	1	0	0	184	399	21	78	162	5
ZCCHC9	0	0	0	91	284	8	34	90	2
RNF133	0	1	0	153	449	21	55	142	5
SPTLC3	0	0	0	225	557	19	67	195	9
MYL4	0	0	0	83	236	6	27	79	1
ZNF616	1	2	0	314	821	45	94	266	13
ZNF217	1	4	0	526	1085	7	188	370	0
ATP5MK	0	1	0	28	60	2	0	0	0
RNF175	0	0	1	157	362	19	56	123	9
TMEM179B	0	0	0	141	290	14	50	118	2
STK35	0	3	0	345	569	10	123	171	4
PCIF1	1	1	0	378	637	4	139	194	1
MMP11	1	2	0	252	567	21	95	223	5
TAF11L8	0	0	0	0	0	0	0	0	0
DEPDC5	1	3	0	694	1509	39	270	474	11
NFYB	0	1	0	69	138	4	26	26	1
AIF1	0	0	0	50	143	8	15	36	1
FOXL1	0	0	0	262	556	9	84	145	1
FBL	0	2	0	152	323	5	56	99	0
SCLY	0	2	0	222	545	21	94	229	7
ASAH2B	0	0	0	22	54	5	0	0	0
C10orf88	1	1	0	198	484	18	0	0	0
FBXO4	0	1	0	190	408	23	56	130	5
RPRM	1	0	0	77	139	4	26	43	0
HEXA	1	4	0	234	602	35	71	186	8
CEBPZ	0	2	0	482	1339	56	150	439	3
MALRD1	0	2	0	1050	2989	160	0	0	0
LY75	2	7	0	631	1719	128	201	569	36
SNURF	0	0	0	32	77	1	15	27	0
CRYZL1	0	1	0	123	315	19	44	99	3
TTF2	2	6	0	450	1221	68	154	405	21
RBPMS2	0	0	0	118	243	3	48	81	0
DPY19L1	0	0	0	238	559	21	128	235	7
TPT1	0	1	0	93	144	3	32	40	0
KHNYN	0	0	0	317	740	27	108	222	8
DMXL2	2	8	0	1200	2879	57	361	869	7
NDNF	0	1	0	223	579	16	75	169	1
MYL6	0	0	0	74	162	5	26	44	2
ANGPTL8	0	0	0	85	215	16	38	65	4
RNF115	1	0	0	125	364	16	30	106	3
RAMP3	1	0	0	91	195	8	32	61	2
ENSG00000259522	0	0	0	0	0	0	0	0	0
SCP2	0	1	0	221	518	21	71	151	5
SLC39A12	0	5	0	332	837	38	0	0	0
ZYG11B	0	0	0	308	494	18	105	122	2
ZDHHC23	1	0	0	205	410	20	71	147	5
FFAR3	0	0	0	155	326	8	64	126	2
LASP1	0	3	0	127	223	1	51	76	1
LEMD2	0	2	0	280	592	18	102	186	1
SYK	1	0	0	288	479	16	109	135	5
H1-2	2	6	0	281	666	13	129	294	4
OPTN	0	1	0	250	573	28	0	0	0
NAV3	4	3	0	1059	2501	38	342	785	8
DLEU7	0	3	0	111	287	14	26	94	5
CYP26B1	0	2	0	292	508	6	106	189	1
KRT15	2	1	0	215	537	30	82	189	10
KDM3A	2	5	0	563	1255	33	195	367	1
ABCB6	0	1	0	461	987	57	196	361	17
ANKRD20A1	0	0	0	143	450	25	19	47	1
SIN3A	2	4	7	573	955	6	199	253	2
POLD3	0	0	0	172	471	7	54	139	3
GREB1	4	3	0	1096	2053	52	427	740	15
PDPN	0	0	0	84	194	4	23	67	1
PIAS2	1	4	1	266	547	9	78	173	1
ZSWIM1	1	1	0	213	467	28	76	163	12
ZNF577	0	1	0	194	525	23	63	174	6
UBA7	0	1	0	451	978	53	149	350	14
NEURL3	0	0	0	151	303	14	49	108	2
TERF1	0	0	0	180	478	14	70	145	3
TAS2R60	0	0	0	130	337	16	56	115	7
ME1	0	2	0	246	695	34	90	207	8
CDH17	1	0	0	371	951	40	131	289	13
TNFSF18	0	1	0	70	190	9	28	64	3
MRPL21	0	0	0	103	245	12	36	74	7
OR2L8	0	0	0	149	363	15	55	130	3
PRPF4B	0	0	0	381	794	9	129	211	1
ABHD4	1	1	0	148	359	23	59	127	9
DDX28	0	0	0	349	725	37	111	235	9
AIF1L	0	0	0	60	163	5	24	57	2
NUMA1	2	7	0	994	2358	40	316	781	3
CREG1	0	0	0	141	286	10	57	89	4
SPECC1	0	2	0	489	1189	38	184	421	7
OR3A3	0	0	0	128	318	7	34	83	4
C8orf88	0	0	0	47	109	1	24	46	1
RNF11	0	0	0	62	125	0	19	30	0
TM9SF4	0	6	0	287	473	12	118	150	2
CD24	0	0	0	0	0	0	16	18	0
ENSG00000284779	0	0	0	72	177	14	33	63	4
SLC25A48	0	0	0	146	378	14	56	137	4
PFN4	0	1	0	54	121	5	22	51	2
KIF5C	1	5	0	382	667	8	155	178	3
CACNB2	1	1	0	337	882	22	0	0	0
CDH13	0	5	0	515	980	16	186	325	2
CGB3	0	0	0	78	150	3	8	12	1
OGFOD2	2	0	1	191	390	17	79	203	7
ENSG00000286022	1	0	0	359	839	32	145	304	11
STON1	0	3	0	326	1023	61	119	350	19
ZCCHC4	2	0	0	201	547	24	66	199	7
THBS2	1	5	0	612	1147	27	259	410	4
TMEM39A	0	0	0	189	405	16	63	118	3
MYL6B	2	0	0	91	219	9	40	72	3
P4HB	1	0	0	309	557	13	126	177	1
SWI5	0	0	0	63	154	6	14	59	2
FOS	1	0	0	201	368	3	70	100	1
ITGA11	1	1	0	607	1277	34	241	450	7
ENOPH1	0	0	0	108	239	11	45	59	2
DDX46	0	5	0	411	552	15	144	136	3
OR6C76	1	1	0	138	334	12	47	94	4
ZNF722	0	0	0	0	0	0	36	136	8
ARID3B	1	1	0	235	536	14	86	183	2
RPRD1A	0	1	0	144	239	8	50	64	1
CRLF1	0	1	0	266	528	14	97	179	5
SPRR5	0	0	0	0	0	0	19	45	4
RASSF5	1	2	0	244	495	15	80	149	6
ENSG00000285837	0	2	0	179	444	23	0	0	0
MYL11	1	1	1	88	189	1	21	64	2
VPREB3	0	0	0	60	152	8	23	60	4
TP53INP1	0	1	0	85	251	11	21	90	3
CHPF	0	1	0	430	875	27	154	294	8
CLDN23	0	1	0	256	495	29	90	176	6
WDR93	1	0	0	279	677	38	90	264	12
HIPK2	0	1	0	592	1133	19	177	372	5
ZNF280D	1	0	0	381	999	17	127	324	2
KREMEN1	0	1	0	202	513	19	70	172	1
GMPR2	0	0	0	145	382	17	49	111	7
UFD1	0	0	0	138	200	5	50	55	2
SRD5A3	0	0	0	150	339	18	56	101	5
KAT2A	1	3	0	463	767	19	156	214	4
EIF3K	0	0	0	103	219	12	33	83	5
RALB	0	0	0	84	142	7	32	43	3
SELENOH	0	0	0	0	0	0	0	0	0
ANKRD13C	0	0	0	236	469	14	66	149	4
FHIP2B	2	1	0	477	943	43	180	336	9
TATDN1	0	2	0	111	342	22	30	114	5
NFYA	0	1	0	151	207	12	38	62	2
FKBP3	0	0	0	87	271	10	28	71	2
TMIGD3	0	2	0	146	370	13	46	140	8
ENSG00000269026	1	0	0	67	140	10	19	50	4
FAM187A	0	1	0	204	445	26	80	160	11
WNK4	1	4	0	584	1427	42	228	473	13
IFIT1B	0	1	0	194	508	23	0	0	0
PHF10	0	0	0	235	501	30	82	131	5
CTCFL	0	1	0	333	743	27	136	246	3
TES	0	0	0	174	439	23	54	148	8
LRRC27	0	4	0	243	629	38	0	0	0
PIWIL3	0	4	0	356	953	68	129	345	28
DNAJA1	1	2	1	173	313	15	58	90	2
RHOD	0	3	0	115	256	4	42	79	3
VPS13A	0	6	1	1179	3123	133	388	990	31
AQP8	0	2	0	126	255	8	61	91	2
C5orf47	0	0	0	110	236	12	37	99	7
RNASEH2A	0	1	0	149	365	16	57	133	2
ARHGAP1	0	2	0	205	404	8	85	131	1
MT1M	0	0	0	31	93	6	10	37	2
NBPF15	0	0	0	70	200	12	130	377	38
COTL1	0	0	0	100	213	9	50	70	0
SLC7A11	1	3	0	220	546	21	89	157	6
DEFB135	0	0	0	43	104	7	22	43	2
ERBB4	1	3	0	583	1298	22	200	410	4
ZAR1	1	1	0	296	614	28	116	218	7
POU3F2	1	2	0	325	413	1	112	117	0
EEF1AKMT3	0	0	0	113	231	10	40	76	3
POLR1D	0	1	0	58	146	2	19	42	1
CDRT4	0	0	0	61	153	5	23	62	1
CYRIB	0	1	0	121	155	2	40	38	1
NT5DC3	1	2	0	239	547	26	82	165	6
ALDH1A3	0	3	0	277	433	17	119	145	5
THEM6	0	1	0	145	318	8	51	94	2
NOXO1	0	2	0	279	600	27	102	212	7
ACSS2	0	3	0	288	693	29	80	243	11
TRAK1	2	2	0	494	1070	24	190	332	5
KLF17	0	0	0	175	434	20	64	165	9
GARNL3	4	4	0	409	881	30	160	283	8
RPP38	0	0	0	147	340	12	0	0	0
AP1AR	0	0	0	127	326	16	41	94	4
CLEC18C	0	0	0	81	167	9	11	24	1
RND2	0	2	0	95	265	8	30	95	7
ACTB	0	0	0	305	56	2	136	20	0
SPOCK3	1	0	0	203	494	12	63	147	4
ACSF3	0	1	0	375	827	55	130	293	18
ZNF383	0	0	0	162	463	30	54	131	9
ODF2L	0	1	0	232	673	38	80	210	12
ERLIN2	0	0	0	146	239	10	52	74	1
ATP6V1E1	0	1	0	80	187	5	21	54	1
SLC35E4	2	0	0	201	371	13	65	124	4
PRR13	0	1	0	62	187	2	19	55	2
NME5	0	0	0	74	209	8	19	69	4
SMIM29	0	0	0	62	121	4	19	44	0
GUCY1A2	1	0	1	373	733	24	112	190	4
SCG5	0	1	0	96	203	13	28	65	5
SERPINB10	0	0	0	186	488	20	52	153	7
SPO11	1	0	0	172	375	15	61	101	5
SMIM14	0	0	0	31	76	0	8	20	0
SVIL	3	5	0	960	2370	59	0	0	0
ZNF785	0	1	0	218	533	33	66	175	13
DAO	0	0	0	155	381	27	49	136	8
HDAC3	1	3	0	200	260	13	66	62	3
SERPINB11	1	3	0	185	509	17	57	158	6
DLST	0	1	0	210	517	4	67	176	0
RBMS3	2	3	0	208	469	13	67	123	1
KLHL10	1	0	0	264	431	9	102	135	2
DPP4	1	1	0	306	815	49	105	250	9
PRRG4	0	1	0	95	177	7	23	50	1
FAM151B	0	1	0	102	289	13	30	107	7
DENND5B	0	2	0	527	1062	9	169	309	1
RAB8A	0	0	0	99	147	2	42	43	2
KLHL14	0	2	0	319	583	11	120	181	4
ZFP36	0	0	0	165	337	7	66	106	0
CSTL1	0	0	0	65	145	12	23	50	4
PROSER3	0	3	0	276	634	30	133	299	11
ENSG00000256825	0	0	0	153	309	11	64	114	3
PRDX2	0	0	0	101	187	6	50	77	1
RUNDC3B	0	1	0	192	466	13	62	142	4
CAV2	0	0	0	80	222	5	24	64	2
ZMYND10	0	3	0	173	429	21	64	141	6
RASAL3	1	2	1	538	1189	48	175	410	14
CITED4	0	0	0	174	327	8	51	95	3
TRMO	0	1	0	215	533	23	61	172	6
ZNF550	0	1	0	196	483	31	71	144	14
RAB22A	0	0	0	88	168	6	30	47	1
LRRN1	0	0	1	330	777	25	116	237	2
TFB2M	1	2	0	173	450	28	53	148	11
WDCP	0	1	0	290	728	18	95	205	4
FNDC8	0	0	0	153	368	14	60	127	5
ST8SIA4	0	1	0	173	319	15	54	78	3
APBB1IP	1	1	0	371	714	10	0	0	0
SLC7A2	0	0	0	365	939	37	135	306	9
HMGN1	0	0	0	66	144	7	22	61	2
ACTR3	0	0	0	176	242	5	64	51	0
SPINT4	0	0	0	36	112	6	10	38	0
MAPK6	0	0	0	333	783	25	105	216	3
CRIP3	0	0	0	102	255	7	38	74	1
LEFTY2	0	0	0	243	426	18	83	160	1
C8orf82	0	0	0	194	388	16	70	118	5
DMRT1	0	2	0	259	576	1	97	175	0
PPTC7	0	0	0	170	220	3	58	51	1
ENSG00000260092	0	0	0	0	0	0	0	0	0
TXLNA	0	1	0	253	549	10	78	163	0
GALNT18	0	4	0	324	672	25	130	222	7
ZNF16	0	1	0	283	734	32	95	227	5
OR51E2	0	0	0	162	412	15	48	155	5
ENSG00000267618	0	0	0	110	279	17	33	82	6
ARHGAP29	0	3	0	456	1185	24	148	365	3
NBEA	0	6	1	1203	2326	11	390	646	6
EML5	1	3	0	734	1853	65	258	553	16
CPSF7	0	4	0	192	420	0	65	133	0
KRTAP13-2	0	0	0	94	224	14	32	77	4
PRICKLE4	1	2	0	207	449	30	63	130	8
UBTD1	1	1	0	116	272	11	0	0	0
PRAME	0	0	0	257	582	28	90	202	9
CRYBB2	0	0	0	93	202	12	34	67	1
PSMA7	1	1	0	140	205	4	53	60	0
PSMC6	0	0	0	162	227	5	49	41	0
AMY2B	0	0	0	185	646	39	76	242	12
OR51F1	0	0	0	141	444	9	48	138	1
SNX11	0	1	0	104	278	15	30	99	5
TFAP2A	0	3	0	257	394	4	90	97	1
VPS36	0	1	0	139	317	14	43	95	4
FEM1A	0	0	0	440	755	29	128	208	9
LACTBL1	1	0	0	382	756	26	131	259	7
OR52N4	0	1	0	139	413	14	51	146	4
PLCD4	0	3	0	289	794	32	96	261	11
BANK1	1	2	0	317	916	41	104	289	15
PCSK9	1	1	0	362	819	29	140	306	7
ENG	0	1	0	326	703	4	121	256	1
JPT1	0	0	0	65	145	1	24	43	0
FIGNL1	0	3	0	272	710	25	87	259	7
CEACAM3	0	1	0	137	278	12	44	96	4
HEMK1	1	0	0	163	342	21	54	116	10
CNMD	0	0	0	151	387	12	44	127	7
IFT52	0	0	0	179	417	15	56	145	3
PPP1R3G	0	0	0	260	561	29	94	193	8
NPIPB9	0	0	0	37	97	10	9	7	0
ENSG00000269755	0	0	0	19	54	5	11	16	0
C5orf24	0	0	0	71	154	3	19	60	0
LIN7C	0	0	0	100	192	6	30	49	3
ENSG00000285589	0	0	0	100	212	6	37	79	2
ENSG00000286143	0	0	0	0	0	0	0	0	0
STX16	1	1	0	137	338	11	52	119	0
SRGAP2B	0	0	0	47	114	11	19	48	5
SSBP3	0	3	0	198	336	1	89	87	0
IL36RN	1	0	0	82	193	15	34	61	4
EIF2B5	1	1	1	318	732	16	104	225	3
RASGEF1A	1	0	0	244	395	7	0	0	0
DEFA4	0	0	0	71	196	11	32	77	3
CHP2	0	0	0	98	280	12	45	107	1
KRT24	0	0	0	228	600	25	83	218	9
KLRC4-KLRK1	0	0	0	0	0	0	0	0	0
GOLGA8M	0	0	0	247	701	41	74	180	16
KPNB1	1	0	0	383	381	3	139	69	0
TICAM1	1	1	0	387	779	20	136	280	4
UFSP2	0	0	0	175	490	26	54	165	3
CCDC88B	2	3	1	796	1698	88	292	622	17
TNPO2	1	6	0	471	475	3	174	125	0
NCCRP1	0	1	0	164	360	21	61	117	5
PKD2	0	1	0	458	1063	34	170	355	15
OR2V2	1	0	0	159	374	8	47	130	5
NPPA	1	0	0	87	210	4	37	65	2
PTGES3	0	1	0	64	145	3	24	32	1
GATA5	1	2	0	282	554	17	107	184	5
NCAPD3	1	7	0	798	1815	47	285	605	14
KRTAP20-3	0	0	0	20	56	3	3	17	2
ZNF816-ZNF321P	0	0	0	98	250	6	30	84	2
FMN2	1	3	1	1005	2218	37	304	575	8
ACTBL2	0	0	0	162	465	26	48	169	13
TMEM267	0	0	0	93	240	15	26	79	7
IQCF1	0	2	0	62	250	14	20	78	3
TAMALIN	0	1	0	282	527	8	92	161	1
EMC6	0	0	0	93	96	1	35	27	0
APOH	1	0	0	146	410	19	58	147	5
OTOP2	1	3	0	282	691	31	99	238	10
PLEKHO2	0	0	0	230	502	17	76	173	5
ENSG00000239395	0	0	0	0	0	0	3	17	0
GFI1B	0	3	0	173	381	8	69	137	5
KRBOX1	0	1	0	51	136	8	17	46	2
FNTB	0	1	0	213	368	22	76	125	2
WDR37	0	12	0	261	439	10	0	0	0
GLIPR2	1	1	0	75	187	10	28	58	1
GPR176	1	1	0	250	555	19	87	171	8
TOP3A	1	1	0	460	1014	47	149	332	16
CARD10	1	4	0	559	1118	39	213	396	9
PHF21A	0	2	2	278	546	5	80	156	0
C6orf120	0	0	0	159	294	8	50	100	4
URGCP	1	2	0	402	799	12	171	275	1
POLK	0	0	0	342	874	49	119	266	8
TLR10	1	2	0	280	852	41	85	280	15
A3GALT2	0	0	0	244	522	26	82	160	12
SPRYD3	0	3	0	193	377	15	64	101	2
DDX19B	0	2	0	202	395	10	69	121	2
TMX1	0	1	0	131	330	15	51	125	5
ENSG00000267179	0	0	0	150	452	24	51	169	9
INHBE	0	1	0	182	366	15	69	104	6
ZFP90	0	0	0	290	665	32	98	210	7
NAA20	0	0	0	64	157	9	31	40	4
CCN6	1	0	0	123	340	20	29	108	4
MRPL10	0	1	0	130	313	6	40	122	3
FMO2	0	2	1	209	573	29	63	185	10
GRIK5	2	4	0	571	959	27	202	285	3
GLIS2	1	2	0	334	617	5	117	234	3
PF4	1	0	0	60	124	8	16	44	6
ADGRF3	0	0	0	492	1062	57	166	371	13
ITPRIPL1	1	1	0	217	583	28	80	195	10
TOR4A	1	1	0	329	537	7	126	176	1
RALGPS2	1	2	0	222	513	16	73	157	4
REV1	2	5	0	513	1227	25	156	379	1
MEX3A	1	0	0	344	522	3	101	147	0
VSTM5	0	0	0	92	220	15	31	72	4
LCN2	0	1	0	94	210	14	35	77	8
FASTKD5	0	2	0	341	823	36	109	258	11
SHISA5	0	1	0	112	257	10	53	98	4
QRSL1	0	1	0	212	512	29	71	149	8
TAS2R30	0	0	0	127	402	14	45	140	4
OR4N4	0	0	0	54	166	4	1	6	0
SEMA4A	0	2	0	357	860	27	121	278	5
BTG4	0	0	0	110	239	11	26	85	2
PLEKHH3	1	2	0	447	1019	31	162	304	7
ZNF232	0	0	0	181	485	30	55	153	4
KIAA0319	0	2	0	473	1162	51	175	404	10
TMEM203	0	0	0	83	105	3	27	27	1
PREX1	2	4	0	821	1484	16	283	454	5
ENSG00000283761	0	2	0	279	539	28	88	136	5
POU3F3	0	4	2	404	491	1	139	153	2
PLPP1	1	1	0	138	304	12	42	79	1
MLLT3	1	2	0	260	516	3	103	152	0
DHX37	1	2	1	599	1143	25	235	438	5
BMS1	0	0	0	529	1399	34	0	0	0
G6PC2	1	1	0	156	433	25	67	118	8
TRIM34	0	1	0	162	456	23	61	159	7
MYRF	1	5	0	608	1035	5	218	358	0
ENSG00000258691	0	0	0	16	51	1	9	31	2
ARMC2	0	1	0	371	852	26	130	281	9
APC	2	10	0	1175	3210	63	352	947	7
UNC13A	1	9	0	888	1273	26	310	396	6
PNKD	0	1	0	183	478	16	62	162	4
FKBP5	1	0	0	183	411	7	63	118	2
CNTN2	2	6	0	500	990	30	171	309	8
RCN1	0	0	0	162	381	12	46	124	4
R3HCC1L	0	1	0	301	899	38	0	0	0
RSRC2	0	0	0	192	354	4	53	88	2
CNGB3	2	0	1	332	960	51	93	324	14
SMIM41	0	0	0	0	0	0	22	51	1
DCLRE1C	1	2	0	329	855	45	0	0	0
EFCAB7	1	1	0	203	596	37	65	166	15
ANAPC16	0	1	0	47	106	1	0	0	0
IQGAP3	1	8	1	728	1699	91	242	615	20
LIMA1	0	0	0	296	774	35	96	215	14
CCDC154	1	4	0	433	858	47	172	356	11
RIN2	0	2	0	436	1006	19	151	354	4
TPR	1	3	0	987	2140	13	300	645	1
IFIT5	0	0	0	171	481	24	0	0	0
PPIP5K1	0	1	0	190	444	22	46	126	3
AP4E1	0	6	0	488	1208	33	167	381	9
AMBP	1	0	0	165	415	18	68	152	10
UMOD	3	1	0	371	721	51	122	241	15
DDI2	0	2	0	183	266	1	68	83	0
LRPAP1	0	4	0	255	527	23	92	184	4
THAP5	0	0	0	140	433	26	38	134	5
BRD7	0	2	0	277	663	8	87	226	0
ZNF568	0	0	0	225	605	43	68	191	17
FBXW12	2	0	0	172	468	26	57	155	6
ILVBL	2	1	1	345	707	23	119	261	8
ENSG00000268465	0	0	0	60	97	4	21	29	0
MYOG	0	0	0	118	260	4	44	87	1
RPS6KA2	0	3	1	403	761	18	142	219	5
ENSG00000284895	0	0	0	11	19	4	1	14	1
LDLRAP1	0	1	0	146	368	14	64	121	6
CCDC89	0	1	0	191	419	23	56	132	4
OTP	0	0	0	230	386	4	63	104	1
SYNRG	1	4	0	488	1304	31	172	385	3
UNC119	0	1	0	127	268	9	43	103	4
TPTEP2-CSNK1E	0	5	0	226	346	7	98	90	2
ZBTB4	1	1	0	534	1012	13	205	334	1
AFF4	2	3	0	472	981	6	164	328	0
TLE5	0	1	0	130	137	3	53	30	1
QPCTL	0	1	0	207	449	19	87	163	2
B4GALNT4	1	4	0	768	1443	38	282	482	9
STAB1	0	8	1	1418	2878	118	516	1071	40
HSPE1-MOB4	0	0	0	85	134	1	23	36	0
IL31RA	2	4	0	317	762	50	116	260	16
CYTH3	0	0	0	249	374	7	92	97	0
KCNB2	2	0	0	418	806	19	178	232	2
GZMM	0	1	0	163	353	17	67	129	5
FAM20C	0	1	0	382	798	30	141	258	4
NCF4	0	1	0	186	412	12	72	132	5
CR1	0	1	0	734	1886	60	226	542	16
TEKT4	0	0	0	339	738	32	142	285	10
PUSL1	4	1	0	281	545	18	93	200	3
RBM8A	0	0	0	69	130	3	23	30	0
SKP1	0	0	0	53	70	0	20	6	0
CCL22	1	0	0	46	114	6	23	39	0
TRMT5	0	0	0	181	517	24	53	160	6
TUSC3	0	3	0	209	485	33	77	136	9
DOLK	0	0	0	280	542	20	93	172	3
OR2T10	0	0	0	106	329	15	25	113	7
CCDC71L	1	0	0	210	370	6	78	132	1
ZDHHC14	0	2	0	278	478	6	111	160	1
BICD2	2	9	1	468	807	12	199	284	2
TBC1D10B	1	1	0	495	926	17	160	308	5
CLK2	2	1	0	238	473	12	63	177	0
PCDHB5	0	0	0	505	1092	36	211	345	17
SCAF1	2	2	0	975	1709	7	349	583	3
CBR1	0	0	1	148	337	13	58	118	2
RASA4	0	0	0	104	190	6	17	37	1
CD320	0	0	0	176	344	7	66	139	3
TNFSF4	0	0	0	83	153	4	22	48	0
IGSF3	0	0	0	593	1203	31	240	418	7
SPC25	1	1	0	96	221	11	31	65	2
AQP10	0	1	0	167	271	8	50	75	3
UBL5	0	0	0	29	49	3	17	9	0
CPEB4	0	1	0	314	549	5	90	157	0
CAPNS2	0	3	0	97	244	13	28	82	5
PBRM1	1	1	0	669	1359	14	183	403	2
UPP2	2	0	0	118	343	11	36	126	4
TRANK1	2	8	0	1296	3074	132	461	978	37
NRSN2	0	1	0	102	239	10	47	85	5
ACSBG1	3	1	0	336	753	20	137	256	7
ZIC5	1	3	0	471	944	16	154	317	7
ISG20L2	1	0	0	143	343	15	44	119	3
USP17L23	0	0	0	0	0	0	0	0	0
DENND2A	1	1	0	451	981	29	166	350	5
REEP1	0	0	0	115	261	9	47	79	3
TLX1	0	0	0	210	375	2	0	0	0
SPDYE10	0	0	0	8	15	2	0	0	0
MAPK4	0	0	0	348	686	23	133	252	2
FAM120B	1	2	0	394	975	55	136	326	14
C4orf19	0	0	0	115	306	8	45	90	3
PPP1R37	1	1	0	458	851	16	186	288	5
DOK7	2	3	0	448	904	31	162	345	3
CD276	1	2	0	281	590	18	112	236	5
PRAMEF15	0	0	0	220	578	27	80	215	8
PAXBP1	2	3	1	388	872	20	118	231	4
PLD2	1	2	0	498	1102	51	177	397	18
ATP1B2	0	0	0	142	313	10	39	104	5
KRT17	0	0	0	241	505	15	83	203	4
AURKB	0	1	0	163	347	10	55	130	4
CFAP77	1	1	0	138	368	16	52	134	6
PHETA2	1	0	0	134	290	24	42	96	9
ZCCHC3	0	0	0	217	425	6	117	168	3
HNRNPA1	0	2	0	197	253	2	66	76	0
SPATA31A7	0	0	0	223	579	30	8	7	0
PGLS	0	1	0	193	381	14	69	111	5
GIMAP1-GIMAP5	0	1	0	264	548	24	91	191	8
RGS12	0	5	0	783	1698	46	289	596	7
EIF5A	1	5	0	78	29	0	27	9	0
ZBED2	0	0	0	99	275	18	38	100	5
MPV17L2	0	1	0	122	258	14	33	76	5
GALNT17	2	0	1	287	547	11	102	171	1
DEFB136	0	0	0	50	129	7	21	42	1
IQSEC1	0	10	1	667	1248	26	269	447	3
PAOX	1	2	0	336	671	26	0	0	0
TLCD3A	0	0	0	132	320	12	51	122	6
LRRC15	1	1	0	281	713	33	107	264	16
C13orf46	0	0	0	0	0	0	34	93	2
KRTAP4-6	0	0	0	106	235	9	34	74	4
PRR12	3	4	2	1427	2513	0	564	840	0
SMIM43	0	0	0	0	0	0	11	19	0
NDUFA6	0	1	0	61	181	6	27	75	2
PHB1	0	3	0	141	184	9	57	63	2
ENSG00000284686	0	0	0	0	0	0	0	0	0
GMCL2	0	0	0	0	0	0	71	163	4
VIRMA	1	5	0	747	1694	51	229	473	14
KLHDC9	2	1	0	170	388	17	50	117	3
DIRAS1	1	1	0	115	178	3	50	50	1
IFFO1	1	2	0	323	667	21	125	202	3
NFE2	0	0	0	193	369	12	55	115	2
POTEB3	0	0	0	102	317	18	11	33	2
SMARCA5	1	3	0	447	550	5	128	138	3
PI15	0	1	0	130	274	14	43	89	3
NENF	0	1	0	100	200	3	34	62	2
ZNF740	0	3	0	79	166	3	28	43	0
MAP1LC3B	1	0	0	79	155	9	22	63	3
PLEKHA5	1	0	1	531	1310	18	178	405	6
ENSG00000289694	0	4	0	83	68	3	26	12	1
KRTAP19-2	1	1	0	23	68	7	5	17	2
USP7	0	8	1	556	660	1	203	158	0
KIF18B	0	0	0	426	893	19	145	316	4
TNFRSF10D	0	2	0	179	456	14	64	151	6
PDS5B	1	3	0	565	1042	11	188	270	6
RFPL4AL1	0	0	0	100	226	12	28	85	7
LAT	1	0	0	112	243	6	46	74	1
CTXN1	0	1	0	67	88	5	27	18	0
PDK1	1	0	1	210	467	22	67	146	12
GSTA4	0	0	0	108	226	7	34	67	4
JHY	1	0	0	337	869	55	118	269	10
CDC42SE1	0	1	0	27	76	3	9	25	1
ENSG00000243696	0	0	0	29	101	5	19	43	2
TMEM89	0	0	0	78	190	4	36	79	0
CRYM	0	1	0	154	340	9	45	97	2
ARL5B	1	0	0	84	155	4	0	0	0
CD58	0	1	0	97	253	7	36	67	0
LAPTM4A	0	0	0	101	273	10	34	80	2
EIF2A	0	1	0	212	569	32	65	176	10
HR	3	0	0	615	1402	52	229	479	10
DHRS4	0	0	0	154	392	9	52	155	3
ENSG00000267059	0	0	0	26	72	5	13	32	1
UBTF	1	6	1	404	416	1	168	111	0
ERAL1	0	2	0	201	465	33	52	165	9
C11orf16	0	2	0	211	548	26	74	179	10
PICK1	0	2	0	208	380	13	81	110	5
APLNR	0	2	0	205	431	13	88	150	2
PGD	0	0	0	217	493	10	93	162	1
C1orf159	1	0	0	141	254	1	51	96	1
FIBP	0	2	0	196	406	14	75	120	2
ATN1	2	9	0	648	1378	18	214	420	0
TNRC6C	0	3	0	850	1966	17	320	645	1
ILDR1	0	5	0	280	688	37	84	258	8
RPS5	1	2	0	107	120	0	40	31	0
FIP1L1	0	0	0	266	509	12	96	132	2
TUBB4B	0	3	0	403	161	5	189	32	0
GUCD1	0	0	0	120	252	10	39	86	4
ENSG00000249967	1	0	0	190	395	11	0	0	0
GOLT1B	0	0	0	58	146	0	19	33	0
XRN2	0	2	0	348	867	19	120	253	5
SCYGR5	0	0	0	0	0	0	19	48	1
RAB10	0	0	0	88	104	1	29	20	0
MARS2	0	0	0	324	663	32	101	211	10
NDUFS4	0	1	0	98	221	13	28	83	2
EID1	0	1	0	101	248	7	33	87	0
SLC6A19	3	1	0	370	745	43	157	289	16
CALN1	0	0	0	150	283	12	57	94	5
MPL	0	5	1	264	620	42	75	220	11
OR6B1	0	1	0	141	371	22	54	108	5
ENSG00000284956	0	0	0	6	23	0	2	7	0
FAM174B	0	0	0	136	252	5	55	95	1
RNF213	3	13	0	2474	5367	212	947	1813	44
CENPQ	0	1	0	98	270	15	25	85	2
PROK2	0	0	0	52	150	6	22	57	0
NIPSNAP3B	0	1	0	107	265	14	44	94	3
IZUMO1	0	2	0	145	349	24	36	108	5
SLC47A1	0	0	0	283	636	29	112	220	9
SATB2	1	32	15	390	407	2	121	120	0
SGCA	0	0	0	194	445	11	68	152	4
RETREG1	0	0	0	221	530	28	78	188	6
TTLL5	1	3	0	517	1398	60	187	512	23
LRRC8B	0	0	0	353	658	21	126	179	4
TMCC1	0	2	0	255	446	8	80	101	3
PGLYRP2	0	1	0	296	642	31	86	200	8
IKZF2	1	2	0	225	517	9	80	143	1
RAB43	0	3	0	116	234	7	41	47	3
EFNA1	0	0	0	81	193	5	26	67	1
EML6	2	6	2	1201	2920	89	420	875	22
TRAF3IP2	0	0	0	230	505	22	82	140	8
IFNL2	0	0	0	91	229	6	30	80	5
LAMC2	0	3	0	491	1339	53	160	464	10
WTAP	0	0	0	188	275	7	60	82	1
CTF1	0	0	0	165	286	11	58	98	5
UBA52	0	0	0	60	86	0	15	30	0
FLG	0	1	0	2661	7725	536	951	2810	207
SEMA4C	0	4	0	429	762	12	155	257	1
CST11	0	0	0	66	158	10	22	56	1
TPH2	1	0	0	227	447	14	68	120	5
PFDN2	0	2	0	82	165	4	25	64	2
CHCHD3	0	0	0	104	246	14	40	84	3
BCL2	0	0	0	116	194	0	51	61	0
HLTF	2	0	0	344	1027	77	111	317	12
CNGA1	0	0	0	242	707	45	96	219	13
MAVS	0	4	0	270	588	18	79	211	4
LGR5	2	3	0	403	984	24	156	313	8
SLURP1	0	0	0	61	102	3	24	38	1
ATL1	1	6	0	217	403	14	65	123	2
MAP4K3	1	4	0	442	995	37	132	236	8
CYP27A1	0	0	0	276	642	22	95	217	10
TRIM56	0	1	0	449	855	18	171	304	6
MYH9	4	6	1	988	1650	20	382	559	5
TUBB4A	0	2	0	271	272	9	102	47	1
BMP6	1	1	0	314	687	5	127	254	0
ABCC1	2	5	0	895	1700	45	340	550	10
HOXC13	0	1	0	232	428	9	67	134	0
ERG28	0	1	0	52	107	7	15	37	3
FAM24A	0	0	0	46	108	2	0	0	0
KRTAP5-2	0	0	0	82	222	4	28	69	0
PRDM14	1	0	0	261	537	11	80	146	4
VAT1	1	0	0	181	384	13	70	138	6
TNFSF8	0	1	1	102	225	4	33	66	1
LMNTD2	0	2	0	505	1074	41	186	376	15
NPIPA8	0	0	0	52	113	12	0	2	0
ZNF587B	0	0	0	278	727	51	93	251	17
CXXC5	0	0	0	157	319	1	69	103	0
HOXB8	0	0	0	155	269	14	60	56	2
H3C8	0	1	0	133	220	14	43	55	5
DEFB104B	0	0	0	8	30	1	6	5	0
FAM187B	0	1	0	183	406	32	66	145	12
RAB27B	0	0	0	100	235	3	40	80	1
SEC61B	0	0	0	56	98	5	21	34	0
H3Y1	0	0	0	0	0	0	25	77	3
ELP1	1	5	0	576	1495	67	200	521	17
POLR3A	0	4	1	616	1277	64	0	0	0
ACTL8	1	0	0	209	364	11	101	147	2
ENSG00000292259	0	0	0	0	0	0	12	25	0
LCA5L	0	0	0	216	663	36	80	208	4
SELENOI	0	0	0	0	0	0	0	0	0
NEFM	1	0	0	433	1011	23	146	332	2
ZNF99	0	0	0	315	1016	62	114	316	21
MTSS1	1	0	0	350	728	9	114	242	3
DTNA	0	1	0	329	712	20	102	240	3
U2AF1	1	2	0	49	29	0	7	2	0
SLC17A4	0	2	0	208	504	29	67	178	12
ZNF33A	0	0	0	317	894	43	0	0	0
ZNF133	0	2	0	282	582	24	93	181	7
ZBTB21	4	0	0	526	1117	19	175	359	2
CLMP	0	1	0	172	375	20	60	123	3
HJV	0	2	0	216	524	24	56	166	5
ZC2HC1B	0	0	0	71	251	12	23	91	6
OTULIN	0	0	0	141	299	9	61	76	0
SF3B5	0	0	0	49	60	7	9	16	1
CADPS2	1	3	0	548	1269	38	171	415	6
SGCG	0	2	0	126	335	14	41	123	0
SEMA4B	1	3	0	463	951	33	176	325	8
TP53TG3C	0	0	0	0	0	0	0	0	0
TMEM130	2	1	0	237	466	25	86	168	6
DECR2	2	1	0	215	427	16	85	176	5
ISM2	0	0	0	304	647	44	97	225	13
TXNL1	0	0	0	109	263	9	32	63	2
BCAS1	0	0	0	296	685	23	108	216	4
NSUN7	0	2	0	270	716	38	84	251	12
CPEB1	0	1	0	236	505	4	86	151	2
POLD1	3	5	0	695	1183	37	276	436	6
UBE4A	0	0	0	405	976	27	130	302	6
GCM2	0	3	0	240	500	20	80	156	4
ACAT2	0	1	0	157	448	13	50	127	5
PFKFB4	0	0	0	219	467	15	85	157	6
MCOLN2	0	0	0	237	610	24	74	202	7
ENSG00000284684	0	0	0	4	13	0	7	16	0
CACNA1G	1	13	0	1247	2141	26	467	710	7
ENSG00000274322	0	0	0	42	73	3	22	39	3
MROH2A	1	4	0	850	1919	87	304	674	23
GCM1	0	0	1	180	383	3	64	111	1
OOEP	0	1	0	93	198	12	22	63	2
TMEM9B	0	0	0	100	189	5	35	61	1
DNAH6	2	8	1	1629	4217	200	517	1371	70
THAP4	1	2	0	331	585	11	111	211	1
UPF1	4	10	0	635	709	4	254	174	0
MFN2	1	7	0	308	681	21	107	221	1
RNF103-CHMP3	0	1	0	87	208	9	35	79	1
ZNF195	0	1	0	224	548	30	76	171	2
SUCLG1	0	1	0	165	398	13	57	144	1
CBL	0	9	0	405	963	27	124	286	6
SMTN	3	3	0	441	1083	34	152	406	10
TM4SF19	0	0	0	108	190	10	31	68	2
GJE1	0	0	0	0	0	0	25	81	1
PCDHB1	2	1	0	371	837	44	130	243	10
PRMT1	0	2	0	233	250	4	90	75	0
GPR63	0	0	0	167	438	13	64	134	4
CYP2E1	0	0	0	247	504	13	0	0	0
OR5W2	0	1	0	164	396	13	51	133	5
INTS5	1	3	1	558	1072	27	179	331	0
SLC22A24	0	2	0	310	747	30	88	248	9
FAM178B	0	1	0	352	757	42	119	259	13
ACTR10	1	1	0	171	438	16	71	135	7
TBC1D3K	0	0	0	36	76	1	2	2	1
TBX2	0	1	0	505	902	11	173	278	2
ADAMDEC1	0	0	0	183	537	25	62	154	14
MAPK14	1	0	0	141	193	6	44	49	1
SCAMP3	0	1	0	185	391	17	53	131	7
SLC16A8	2	0	0	393	751	17	124	219	3
GOSR1	0	1	0	102	278	10	35	81	2
HPS4	0	2	0	351	794	29	148	264	4
SLC25A3	0	0	0	161	371	10	56	130	2
MAP3K21	0	0	0	553	1164	41	171	371	14
PLB1	2	3	1	739	1708	88	247	561	40
RAD21	0	3	1	276	477	3	98	121	1
GPR182	0	1	0	226	485	16	74	161	7
DERPC	0	0	0	22	54	1	79	213	1
LRRC37B	0	0	0	341	805	26	115	281	8
KRT26	0	0	0	211	535	32	63	193	12
CHAMP1	0	1	6	361	912	2	106	286	0
TFF2	0	0	0	69	144	9	24	55	2
TP53TG3B	0	0	0	0	0	0	0	0	0
P2RX1	0	0	0	223	411	16	73	167	7
DPCD	0	0	0	92	204	9	0	0	0
PYCR2	0	1	0	186	373	9	65	113	5
WIPF2	0	0	0	179	559	13	82	173	2
GPA33	0	1	0	170	394	21	77	140	3
ANKRD66	0	0	0	83	229	9	31	78	4
ALS2CL	0	0	0	488	1052	59	193	379	15
KCNE4	0	1	0	110	211	6	35	67	0
MASP1	0	2	0	355	798	38	109	252	17
GIT1	0	3	0	411	672	8	150	202	1
C11orf96	0	0	0	84	147	7	29	37	0
AP4M1	0	2	1	286	598	28	116	215	13
FEZF2	1	2	0	308	434	0	109	111	0
BOLA2	0	0	0	0	0	0	0	0	0
PRPF18	0	3	0	134	240	17	0	0	0
COX8A	0	1	0	42	74	3	12	29	0
MON1A	0	0	0	270	564	22	91	199	2
SCOC	0	0	0	23	55	0	6	8	0
ENSG00000273047	0	0	0	0	0	0	0	0	0
PRKCE	0	9	0	382	547	10	133	154	0
KATNAL1	1	1	0	181	436	15	46	133	3
FBXO10	2	1	0	431	951	33	155	317	4
HSD17B8	0	1	0	145	286	9	44	94	4
ZNF254	0	0	0	296	930	71	118	338	21
GPIHBP1	1	0	0	106	222	14	41	81	3
TEP1	1	3	0	1264	2745	124	432	988	31
TRIO	2	27	1	1713	2910	31	624	894	5
OR4D5	0	1	0	157	368	10	52	129	2
PCLAF	0	0	0	43	119	7	12	29	1
EPB41L3	0	2	1	575	1152	27	216	369	6
PRMT7	2	2	1	361	811	44	139	265	7
GALC	2	3	0	337	785	45	107	259	15
XRCC2	0	1	0	95	300	20	33	90	4
GPR89B	0	0	0	111	322	12	22	64	2
KCNV1	1	0	0	257	301	7	98	76	0
EPHA2	1	1	0	511	1043	25	204	364	7
FMOD	0	1	0	203	417	8	76	154	3
TMOD1	0	1	0	168	337	7	54	98	2
SMAGP	0	1	0	46	102	2	11	37	0
NDUFC2	0	1	0	62	148	0	22	53	0
PDAP1	0	0	0	87	188	6	38	45	2
ENSG00000203546	0	0	0	28	77	5	4	25	2
FRMD5	0	5	0	280	525	9	95	165	0
ZNF12	0	1	0	288	649	22	99	192	1
SCP2D1	0	0	0	56	178	6	18	58	1
ZNF251	0	1	0	275	718	36	98	229	12
GJC1	0	1	0	169	287	10	63	79	0
CCKBR	0	0	0	264	622	21	79	200	6
KRTAP9-3	1	0	0	98	241	11	29	89	2
SPDYE3	0	0	0	202	515	30	34	105	3
KRCC1	0	0	0	94	256	15	38	81	4
TMX4	0	0	0	163	367	13	59	131	2
ENSG00000285444	0	0	0	0	0	0	9	15	0
TEX261	0	0	0	89	188	11	24	46	2
ENSG00000256500	1	2	0	340	622	15	118	199	4
BRIX1	0	2	0	140	403	3	55	139	1
AOC1	2	2	0	367	869	46	140	309	12
ERICH4	0	0	0	60	153	8	19	51	2
KRT2	1	2	0	308	823	21	108	251	4
H3C12	0	0	0	100	171	9	34	35	1
RAB44	1	3	0	484	1119	46	202	394	19
PARP11	0	0	0	141	328	20	51	97	4
CRKL	0	0	0	171	256	4	56	59	0
MAP3K9	1	5	0	538	1187	30	193	412	5
GTF2IRD2B	0	0	0	153	353	13	54	94	1
DDB1	2	6	0	545	734	7	193	217	1
SIVA1	0	0	0	131	226	10	44	82	2
SRBD1	2	4	0	485	1254	41	177	430	17
PYGO1	0	1	0	169	482	5	55	155	1
NKX2-2	2	1	0	198	327	6	63	117	1
DNTTIP1	0	0	0	123	266	11	39	94	2
BMPR2	0	3	1	401	951	38	98	266	4
PTPN2	0	0	0	155	375	15	48	118	0
HELB	0	3	0	454	1107	65	139	357	17
PCNX2	0	3	0	963	2314	88	367	777	25
LINGO3	0	2	1	410	728	13	152	215	1
P4HA2	0	2	0	245	502	31	98	191	10
ACVR1B	0	1	0	247	361	14	82	92	4
PDE4A	0	0	0	430	875	18	163	317	1
CEP162	0	3	0	521	1543	87	173	461	18
GATA4	1	1	1	370	608	6	133	227	4
BPIFA2	0	0	0	133	269	12	46	92	3
C1orf100	0	0	0	69	168	12	27	56	9
TMED9	0	0	0	140	238	13	52	84	2
TNXB	0	4	1	2096	4415	121	795	1508	27
OR13C3	0	0	0	133	395	16	48	118	5
TSPAN8	0	1	0	96	257	14	38	87	2
SLC39A4	2	2	0	479	877	22	191	315	4
ANO8	3	3	0	747	1480	44	254	493	8
ATXN10	2	2	0	219	552	15	79	178	6
SLC17A3	0	1	0	198	576	29	75	184	11
CHRD	2	3	0	526	1006	26	187	344	11
ARAP3	0	5	0	746	1582	42	241	583	15
MTERF2	0	0	0	143	381	26	44	114	7
NPY5R	0	1	0	167	445	15	44	120	3
ENSG00000284057	0	1	0	299	844	36	92	249	13
SUPT4H1	0	0	0	55	108	8	12	24	2
CNGA4	0	0	0	260	664	27	91	217	10
SELENOV	0	0	0	0	0	0	0	0	0
SCARB1	0	1	1	239	493	24	95	148	5
COLEC11	0	0	0	151	306	7	56	101	0
DLD	0	0	0	198	507	18	53	158	6
IRGQ	1	1	0	381	754	30	135	215	3
ENSG00000256349	1	3	0	281	685	26	103	255	8
ZWINT	1	1	1	126	333	23	0	0	0
VWA8	1	2	0	821	2077	124	278	717	43
SEC22B	0	0	0	17	27	2	36	62	3
ATE1	0	0	0	238	545	23	0	0	0
SPRR1A	0	0	0	48	94	9	14	37	3
PTPRJ	1	4	1	580	1533	62	190	474	10
CRELD2	1	0	0	205	431	16	76	168	4
BTN3A2	0	0	0	129	305	18	47	108	5
C12orf42	0	0	0	179	448	15	67	155	2
TNFRSF1A	1	1	0	240	424	2	81	133	0
POM121	0	0	1	676	1531	29	231	478	7
MSX2	0	0	0	176	307	5	60	104	0
ZNF665	0	0	0	228	748	51	94	241	16
PRDM16	4	5	0	762	1452	6	335	529	0
USP17L21	0	0	0	0	0	0	0	0	0
DMRT3	0	2	0	339	748	27	140	240	7
KLF15	0	0	0	229	454	7	85	147	2
B3GALNT1	0	0	0	138	340	13	48	104	4
PAK4	1	5	0	362	732	32	141	283	8
ACSM6	0	0	0	172	484	24	0	0	0
LRRC53	0	1	0	0	0	0	184	488	31
MOBP	0	0	1	89	220	6	36	68	2
KCNIP1	0	0	0	100	200	8	33	51	2
GIMAP4	0	0	0	141	400	20	48	123	8
RWDD1	0	0	0	82	181	5	25	58	3
RHOBTB2	0	14	0	357	696	24	161	219	6
AKR1C8	0	0	0	0	0	0	0	0	0
SLCO1B3	1	0	0	306	850	51	108	300	14
FCAR	0	0	0	133	371	19	44	132	7
NLRP3	0	3	0	520	918	33	189	256	7
ZFR	1	3	0	446	775	16	147	208	1
ACER2	0	0	0	148	358	18	47	118	2
ADRM1	0	3	0	263	440	4	97	146	0
CTDP1	4	2	0	595	1186	30	252	416	11
CGB7	0	0	0	97	212	8	23	67	1
SOX2	0	2	1	189	283	3	68	71	1
IPP	0	3	0	225	592	33	71	193	12
NTMT2	0	0	0	113	325	17	34	117	4
ZC3HAV1L	0	0	0	154	345	15	59	114	0
NR2E3	0	0	0	237	513	16	75	179	5
CEP104	0	7	0	372	974	39	129	341	10
HYAL1	0	0	0	202	452	25	80	179	5
HAND2	1	1	0	168	256	0	60	69	0
GXYLT1	1	1	0	216	537	24	77	147	3
GPX6	0	0	0	0	0	0	0	0	0
CARHSP1	0	1	0	145	318	5	52	110	1
TMEM101	1	0	0	144	277	11	51	83	3
GPR142	0	0	0	190	432	19	75	169	7
C4orf50	2	0	0	500	1207	66	302	674	32
CNTD1	1	0	0	146	338	10	40	95	2
FAM118A	0	2	0	169	415	15	86	125	3
MARCOL	0	0	0	0	0	0	46	104	8
MYL9	1	0	0	85	188	5	40	64	1
OR4D1	0	0	0	137	316	13	42	107	3
USP8	1	4	1	400	961	13	124	302	1
TIMP3	0	3	0	98	154	5	35	35	0
ITGB1	0	3	0	304	625	15	0	0	0
GANC	2	0	0	367	1066	47	117	326	20
CRLF3	0	2	0	223	510	22	77	115	4
TPST2	0	0	0	217	416	13	86	137	2
CSNK2B	0	6	1	94	113	2	40	15	1
ADISSP	1	1	0	103	176	4	34	52	1
MAX	0	2	0	73	108	3	25	33	0
CPA5	0	3	0	189	492	22	82	165	5
RABGGTA	1	2	0	307	614	31	101	222	6
SNAP91	0	1	1	363	884	7	112	255	2
TRIM68	2	0	0	216	619	41	76	205	10
SPP1	0	0	0	133	322	19	39	103	6
ZNF581	0	1	0	107	256	12	39	78	1
OR52W1	0	0	0	148	377	14	46	109	3
CELSR3	4	8	1	1727	3331	39	604	1073	9
FES	0	3	0	443	866	39	149	279	12
NOTUM	0	3	0	360	629	25	139	187	6
MRPL20	0	0	0	105	235	11	40	81	4
XRCC1	0	2	1	254	737	28	99	247	14
FABP9	0	2	0	59	165	6	19	49	1
C1QL1	1	2	0	159	308	11	49	96	3
DCTN4	1	2	0	197	476	14	82	148	3
CASR	2	4	0	527	895	26	204	276	5
NEU4	1	3	0	298	650	11	138	299	6
FAM166A	0	2	0	212	527	22	74	186	6
SETDB2	0	0	0	243	644	31	80	176	6
NEK9	0	3	0	427	925	43	133	272	12
PNPO	0	1	0	100	274	16	33	81	3
NAT14	0	2	0	156	303	10	53	103	1
ELAVL4	0	1	0	157	226	0	53	70	0
ADGRL2	3	2	0	588	1428	25	181	427	3
CEACAM21	1	1	0	156	348	34	48	115	10
PAIP1	0	0	0	255	512	17	80	166	2
LRRC7	2	3	0	670	1259	7	240	386	0
FNBP4	1	3	0	430	1029	22	144	288	3
GDI2	0	0	0	193	401	9	0	0	0
REPIN1	0	0	0	381	752	23	124	237	3
BTN2A2	0	0	0	219	559	29	87	186	8
RRP9	0	3	0	246	489	10	87	191	3
ZNF526	0	1	0	336	751	24	118	260	5
KCNMB1	0	0	0	101	227	16	44	80	5
SSR1	0	0	0	101	266	4	38	74	1
FMO1	0	1	0	240	624	28	59	208	10
PLAAT4	0	2	0	80	155	9	33	59	5
FBXO42	1	3	0	298	665	15	110	205	3
STX7	0	0	0	112	262	16	33	67	5
NSMF	0	0	0	340	616	17	136	185	3
FUBP1	0	1	0	250	521	2	100	132	3
CFC1	0	0	0	43	88	3	10	35	2
CFAP210	0	2	1	189	542	46	55	187	12
LCE1D	0	0	0	66	148	9	20	44	4
CYP1B1	1	0	0	350	809	23	117	267	8
GPC1	2	2	0	368	714	21	156	282	2
ADIPOQ	0	0	0	118	306	19	43	102	4
IFFO2	0	1	0	310	551	7	118	170	1
ZP4	1	1	0	274	735	44	101	244	14
MYO1G	0	3	0	473	1058	31	181	390	9
XPNPEP1	0	3	1	310	613	19	0	0	0
SPI1	0	1	0	167	223	3	53	55	0
MARVELD3	1	0	0	218	546	30	79	188	4
SEC62	1	1	0	143	283	6	45	81	2
NUP43	0	1	0	155	419	25	44	126	5
ALKAL1	0	1	0	78	163	9	22	47	2
ZNF562	0	0	0	171	458	26	65	138	3
ENSG00000283321	0	1	0	347	859	25	101	247	4
MTF1	1	0	0	326	606	13	106	180	1
NOD1	1	2	0	489	1131	44	197	382	11
IL1R1	1	0	0	239	454	13	84	120	2
PDPR	0	1	0	386	862	35	174	394	10
ZNF527	0	0	0	197	577	37	63	196	9
FERMT2	0	1	0	272	619	12	86	164	0
OSBPL1A	2	1	0	363	911	43	126	271	10
FRRS1L	1	0	0	159	360	14	56	126	2
CLPSL1	0	0	0	60	135	13	29	50	3
ATF6B	1	4	0	332	721	25	99	200	7
BAHD1	1	5	0	375	851	9	126	284	3
PLEKHG2	0	3	0	710	1574	60	238	574	12
SLC44A3	1	1	0	273	631	47	106	218	17
JAG1	1	3	1	533	1020	4	227	319	1
CDC34	0	0	0	182	267	10	78	78	3
C1QTNF9B	0	0	0	119	292	20	47	111	7
ETV3L	0	2	0	185	421	26	82	151	5
SVIP	0	1	0	38	90	2	10	33	1
KRT12	0	0	0	234	552	23	74	170	10
WTIP	0	1	1	304	628	12	99	184	4
TRIM49B	0	0	0	215	517	32	84	179	12
OSBP2	2	2	0	499	1006	37	169	346	8
KRT83	0	1	0	274	618	22	114	219	6
CFAP119	1	3	1	170	395	15	60	120	3
COL6A2	3	6	0	728	1459	51	350	565	8
RUBCNL	0	1	0	288	657	44	93	234	11
ZSCAN23	0	2	0	129	339	26	40	131	8
MCM8	0	3	0	335	874	38	111	293	12
CASZ1	1	5	1	1021	1960	19	416	713	3
GML	0	1	0	69	186	9	18	63	0
CD248	1	3	0	396	821	25	148	282	3
KAT2B	1	1	0	420	793	25	132	226	7
LHX4	0	0	0	178	414	7	65	142	1
TMEM63C	3	5	0	362	744	9	153	240	1
DFFA	1	0	0	153	339	15	47	110	7
ENOX1	0	3	0	260	561	27	88	163	5
ENSG00000286070	0	0	0	58	71	0	12	15	0
CDH8	1	2	0	358	778	12	128	220	5
TSR3	0	3	0	215	466	27	66	177	1
MANBAL	0	0	0	54	104	0	17	36	0
CYB5B	0	0	0	74	152	6	26	49	0
ZNF256	0	1	0	250	622	37	74	211	12
MIURF	0	0	0	0	0	0	8	40	5
BPNT1	0	2	0	124	313	19	46	85	4
NEFL	0	2	0	320	599	24	96	186	5
SH2D5	0	0	0	222	465	19	87	162	4
CFAP206	0	1	0	248	622	33	87	189	13
KIF21A	2	5	0	656	1590	62	184	458	13
LRRC37A3	0	0	0	389	963	26	144	330	9
NODAL	0	1	0	159	357	12	0	0	0
PRDM9	0	0	0	347	948	60	122	324	29
HOXA3	1	0	0	276	624	9	92	203	0
SUDS3	0	0	0	160	279	6	45	76	1
H4C3	0	4	0	124	177	12	64	58	6
JAM3	0	0	0	182	407	15	53	142	1
RIPPLY3	0	0	0	108	257	16	36	84	5
DEFA3	0	0	0	34	76	2	7	9	0
CLDN19	0	1	0	111	234	9	39	77	3
SLC22A14	0	1	0	274	641	34	107	228	17
POLH	0	1	0	283	738	38	98	240	10
ANAPC15	1	0	0	55	96	7	10	35	3
ZNF875	0	1	0	282	685	53	99	239	12
RHOA	0	0	0	100	41	1	35	9	0
SUOX	1	1	0	214	565	24	74	200	7
WWTR1	0	0	0	222	389	2	66	136	0
HNRNPA1L3	0	0	0	0	0	0	41	131	6
FBXW9	0	0	0	282	574	28	89	175	6
NUTM2E	0	0	0	0	0	0	0	0	0
DEPTOR	0	0	0	180	466	17	60	178	6
CSNK2A1	0	20	0	135	195	9	44	55	3
EBLN2	0	1	0	123	366	21	49	120	7
IL10RB	1	0	1	142	303	13	50	86	3
FAM237B	0	0	0	0	0	0	17	53	4
ZYX	0	2	0	307	678	21	107	238	8
ENPP1	0	0	0	378	926	31	156	285	7
SEPTIN10	0	1	0	189	634	34	61	230	9
ELF1	0	0	0	249	554	19	79	191	2
SOS1	2	11	0	531	1161	14	163	317	2
RLBP1	1	0	0	170	382	19	49	114	5
KLK10	0	0	1	160	352	22	57	113	9
ARID5B	0	2	0	531	1059	9	0	0	0
MAPK11	0	2	0	224	395	18	74	94	2
ZNF385A	0	1	0	186	364	6	66	105	2
UGT1A6	0	1	0	223	560	22	83	204	10
INSL4	0	1	0	82	220	9	31	70	2
H3C1	2	1	0	167	332	13	89	116	5
SCGB2A2	0	1	0	43	103	7	16	35	1
WDR31	0	1	0	158	387	21	65	115	13
IL17RC	0	3	1	431	860	40	160	278	11
FDPS	0	0	0	161	398	11	59	139	3
VPS52	0	2	1	320	665	37	105	198	9
CNOT6L	1	1	0	225	294	4	84	100	0
ZDHHC17	0	2	0	236	563	19	74	150	1
SERPINF1	2	0	0	258	506	14	91	191	5
PDE1C	1	2	0	303	716	32	96	242	5
MARCHF11	0	0	0	234	479	16	80	145	1
YIF1A	1	0	0	161	334	14	54	120	4
XYLB	2	0	0	229	613	27	91	216	10
OR2T33	0	0	0	134	342	12	50	138	5
ABCC6	0	4	0	784	1689	77	285	592	24
PLA2G4D	1	1	0	433	948	37	147	341	10
FA2H	1	0	0	226	468	21	79	148	3
ZC3H15	0	1	0	146	357	3	44	92	1
ENSG00000281938	1	0	0	304	642	24	120	210	7
CCN2	0	0	0	184	426	7	55	105	4
CDON	1	6	0	544	1405	51	185	445	10
OR5B21	0	0	0	136	377	11	51	123	3
ENSG00000285558	0	0	0	13	24	1	4	9	0
SPDYE6	0	0	0	45	156	14	2	13	0
PIK3R3	1	0	0	165	570	40	53	161	11
MFSD8	0	1	0	211	499	26	76	165	8
FAM181B	1	1	0	322	662	11	118	215	3
GOLM2	0	0	1	172	462	16	46	119	6
ANXA11	0	1	0	226	636	21	0	0	0
CASKIN2	3	10	0	665	1399	23	261	507	0
NEU1	1	0	0	181	402	20	61	143	5
IL36B	0	1	0	57	203	12	15	62	1
PCDHA6	1	0	0	640	1337	50	233	444	14
ENSG00000257184	0	2	0	62	141	5	21	47	2
HYCC2	0	2	0	229	523	19	75	159	3
BCL7A	1	0	0	101	201	6	45	83	0
PLSCR2	0	0	1	101	227	10	25	67	3
C17orf99	2	1	0	145	295	15	49	108	3
TECRL	1	0	0	165	462	30	51	138	8
MYBPC2	5	1	1	613	1373	62	225	513	26
AGO2	1	5	0	434	455	4	175	100	0
RHOF	0	0	0	128	255	16	45	95	5
NINJ1	0	1	0	99	153	2	40	74	0
FKBPL	0	1	0	138	350	26	30	103	7
STRIT1	0	0	0	0	0	0	9	14	0
LRRTM2	0	1	0	214	445	14	68	127	2
PRR15	0	0	0	79	185	9	28	75	2
CEP126	1	0	0	452	1130	48	149	336	16
MARF1	1	3	1	889	1658	8	272	517	1
NCOA5	0	2	0	266	633	15	84	224	1
C12orf75	0	0	0	36	88	0	10	33	0
CHD5	4	7	0	1033	1673	35	400	514	7
ENSG00000285283	0	0	0	101	243	9	42	96	3
RPS9	1	1	0	126	155	1	46	40	0
BAIAP2	1	3	0	367	552	9	164	167	3
ALG8	1	2	0	240	531	27	83	169	7
GLTPD2	1	0	0	203	435	16	75	124	10
KCTD1	0	2	0	512	864	15	171	229	2
LRRIQ3	1	1	0	248	773	65	75	231	23
GBP5	0	2	0	252	653	38	84	213	12
SLFN12L	0	1	0	258	678	36	88	197	14
TSPAN5	0	1	0	106	187	8	38	48	0
VIL1	0	0	0	374	893	51	135	308	12
PCYT1A	0	1	0	162	359	14	66	115	6
ADAM23	1	2	0	379	809	15	124	260	4
RNF43	0	3	0	313	710	24	103	244	4
TRAPPC2L	0	0	0	98	215	11	44	76	2
TOB1	0	1	0	148	287	1	51	88	0
ZC3H18	1	4	0	571	1171	4	245	427	1
PAQR7	0	1	0	178	322	19	59	109	4
ZFTRAF1	2	2	0	96	102	4	130	111	0
SIPA1L2	2	3	0	820	1786	27	316	600	3
RELL1	0	0	0	141	288	1	51	97	1
TUBB	0	0	0	207	61	1	69	11	0
CUL3	1	2	2	343	432	11	109	88	0
SLC25A38	2	2	0	98	323	14	39	114	6
TRIML2	0	1	0	173	491	23	62	154	9
TRPC3	1	2	0	420	884	32	140	224	7
WASF1	0	2	0	201	428	4	70	136	0
LYNX1-SLURP2	0	0	0	62	149	3	23	52	0
C10orf95	0	1	0	177	400	22	0	0	0
CRELD1	1	0	0	207	472	24	73	143	7
SLC8A1	1	3	0	508	959	15	177	308	3
TDRD9	3	2	0	598	1453	60	220	472	20
ATP5F1D	0	1	0	119	249	7	38	81	1
ZNF222	0	0	0	159	460	36	52	156	9
HOOK3	2	2	0	262	550	15	82	165	3
PAFAH2	1	2	0	186	449	25	62	184	6
DPYS	2	1	0	224	610	27	92	229	9
EPB41L4B	0	1	0	435	981	14	139	330	3
ENSG00000288626	0	0	0	13	26	1	13	23	3
STRIP2	1	0	0	381	818	47	130	289	14
RAP1B	0	2	0	92	92	1	30	26	1
VPS26B	0	0	0	185	318	9	74	80	1
FLT1	0	4	1	556	1261	19	186	378	5
EXOC3L2	0	2	0	230	511	10	158	342	2
CDC37L1	0	0	0	168	417	15	35	125	2
ENSG00000288716	0	0	0	0	0	0	6	15	0
OBP2A	0	0	0	101	192	10	29	72	4
C7orf50	0	0	0	122	258	15	53	98	5
SOX9	0	4	1	337	549	0	119	167	0
GPRC5B	0	1	1	232	401	12	101	154	3
ENSG00000282936	0	0	0	0	0	0	233	496	8
DDX60	1	5	0	673	1779	79	224	472	30
RFX6	0	3	0	397	916	26	136	264	6
GRB10	0	1	0	292	533	14	97	165	4
ANKRD7	0	0	0	93	245	19	42	75	4
KBTBD11	1	2	0	722	1314	28	281	447	8
OR51A7	0	0	0	137	398	20	43	140	9
HEATR1	1	4	0	909	2233	35	289	703	7
KDM4E	0	1	0	251	586	29	88	196	15
ADCY6	1	3	0	563	1155	34	217	378	3
STK4	1	1	1	188	430	20	61	154	8
CNGA3	3	2	0	354	817	30	121	289	13
KLK8	0	2	0	126	281	12	44	97	3
OR2B2	0	1	0	143	345	15	40	110	6
SYNJ2BP-COX16	0	0	0	73	153	8	29	59	4
GBP3	0	2	0	230	604	43	80	202	17
SBSPON	0	0	1	141	337	21	46	117	8
AFP	1	1	1	246	645	27	76	184	7
ZNF419	0	0	0	222	602	31	87	211	11
PTGES	0	0	0	89	161	2	47	58	0
BECN2	0	0	0	236	495	28	81	179	4
MT1A	0	0	0	26	66	2	7	14	1
TMEM45A	0	2	0	113	275	8	52	89	4
ANKHD1-EIF4EBP3	2	7	0	1019	2114	18	325	621	4
CAPN9	0	1	0	324	803	36	121	267	11
GALNT1	0	0	0	197	420	9	85	112	4
METTL15	0	1	0	187	482	29	63	165	9
DDX11	0	0	0	413	976	42	151	361	17
PLOD3	0	4	0	451	907	39	146	316	9
TNNI2	0	3	0	109	192	4	53	69	2
FAM163A	0	0	0	92	210	4	33	57	0
INTS13	1	3	0	270	572	26	82	150	6
EVI2A	1	0	0	78	251	9	35	82	6
EBI3	0	0	0	142	281	17	50	112	3
LCLAT1	0	0	0	151	365	18	50	114	4
ENSG00000249209	1	0	0	112	265	13	38	82	2
SP8	1	1	0	398	635	9	136	170	2
OR7A10	0	1	0	158	333	18	50	109	4
ACCSL	1	2	0	261	603	26	85	222	11
RFT1	0	0	0	264	566	31	84	176	8
CROCC2	0	1	0	674	1444	75	348	875	46
KLHL40	1	3	0	367	805	32	131	267	6
NEUROD6	0	1	0	170	295	4	46	94	0
MAD2L2	0	0	0	97	171	7	42	51	1
OR14I1	0	0	0	0	0	0	57	91	6
GPM6A	0	1	0	125	241	2	45	59	2
CYB561	0	0	0	151	290	11	51	85	1
ANKZF1	0	1	0	326	852	56	112	314	29
COL20A1	1	3	0	779	1730	70	321	626	28
FNDC11	2	1	0	192	386	21	83	153	5
SYCP2	1	4	0	572	1555	10	179	491	0
SPDL1	0	0	0	250	648	45	89	209	15
HIVEP1	4	7	0	1197	2892	39	428	917	4
RBSN	0	1	0	285	756	45	102	270	15
VWDE	2	9	0	753	2084	119	235	712	33
IGFBP1	1	0	0	149	305	20	45	85	7
TSPAN12	0	2	0	107	289	9	34	92	1
PLPP5	1	0	0	142	310	15	48	99	3
ENSG00000257341	0	0	0	51	122	6	21	45	1
OSTN	0	0	0	63	150	8	21	49	1
UNC45B	1	3	0	450	1103	36	154	380	10
BCL6B	0	1	0	262	558	16	102	175	2
SLC30A8	1	0	0	153	412	13	49	139	4
ENSG00000262526	0	0	0	6	30	2	2	8	0
OR13C8	0	1	0	143	359	13	46	108	3
SCCPDH	0	0	0	188	419	11	65	142	1
DERA	1	2	0	131	381	12	45	130	1
MESP2	1	2	0	273	593	32	108	180	5
EPC1	0	2	1	350	684	6	0	0	0
DUXA	0	0	0	85	230	14	25	82	6
CDC23	0	4	0	268	485	15	87	135	6
ITPRID1	0	1	0	489	1229	81	154	384	12
FOXE3	0	0	0	247	480	12	88	144	4
GLDN	1	2	0	316	713	28	95	207	6
GMCL1	0	0	0	222	537	28	71	177	8
SULT1C3	0	0	0	67	231	11	36	117	3
ASTL	0	2	1	223	495	18	81	193	4
C1orf131	1	2	0	110	326	17	43	121	1
RIPK2	0	1	0	201	471	12	68	127	0
SEC14L1	2	3	0	379	652	27	135	201	1
ZC3H12D	0	0	0	322	674	24	103	209	6
SOHLH1	2	2	0	261	569	15	115	213	4
INTS4	0	0	0	391	964	39	100	301	12
OLFML1	0	0	0	172	504	30	55	135	7
NDFIP1	0	1	0	94	170	5	29	42	0
CYP2A6	0	0	0	260	642	15	97	237	4
CDK2	1	0	0	120	178	6	40	50	0
CHST15	0	0	0	275	595	20	0	0	0
TMEM72	2	0	0	145	289	5	0	0	0
SLC15A3	1	1	0	319	668	25	120	231	4
TENT2	0	2	0	193	491	24	64	164	7
ZNF169	1	0	0	273	649	34	92	217	11
ZNF177	0	1	0	203	563	32	73	185	12
SEMA3B	1	0	0	424	831	27	133	278	7
PRM1	0	0	0	33	78	4	15	35	1
RAB32	0	0	0	110	272	16	30	84	4
TRMT6	0	0	0	206	531	16	73	166	3
ZNF629	2	0	0	509	729	4	157	232	0
LIPA	2	1	0	173	438	20	0	0	0
ACTN2	0	4	0	404	891	31	148	317	7
MRPS9	3	1	0	160	409	24	39	119	9
TUBA3E	0	0	0	198	489	21	83	194	7
SERPINB7	0	0	0	154	481	17	59	176	5
STIL	0	1	0	465	1274	27	166	441	4
PABPC4L	1	0	0	160	414	25	49	144	10
CCDC3	0	0	0	180	414	25	0	0	0
ZNF530	0	0	0	208	569	30	77	190	12
ENSG00000285713	0	1	0	48	95	5	13	21	1
KRTAP21-2	0	0	0	35	91	8	11	15	0
SCO2	1	1	0	188	411	21	76	146	6
PPP1R2	0	1	0	79	222	10	27	61	2
CFAP221	2	3	0	311	981	41	112	340	12
MSMO1	0	0	0	89	265	14	20	73	8
LAMA1	7	14	1	1479	3434	127	556	1163	31
UBE2G1	0	0	1	76	77	0	22	13	0
MOCOS	0	0	0	456	988	54	135	344	13
CTCF	1	17	1	356	466	3	123	117	1
DDRGK1	0	0	0	158	370	22	39	132	9
MFAP3L	1	0	0	207	364	8	75	111	1
FBXO25	0	0	0	201	512	31	78	160	7
SYN2	0	1	0	192	435	5	127	222	5
OR8D4	0	0	0	131	342	15	43	110	1
CST7	0	0	0	75	170	10	23	54	5
MIX23	0	0	0	65	137	11	28	41	2
YAE1	0	0	0	90	237	19	26	88	3
TEX101	0	0	0	106	244	5	29	87	5
S100Z	0	0	0	40	117	8	20	34	2
PIK3IP1	0	2	0	155	302	13	57	96	4
TRIM8	1	5	2	343	494	7	0	0	0
MOB1A	0	0	0	77	161	6	33	34	1
ATM	3	6	2	1182	3100	183	408	941	50
IL21R	0	1	0	271	558	13	92	178	2
RPS6KB1	0	0	0	194	294	11	71	62	2
KLF16	0	1	0	255	346	6	80	97	1
UBE2QL1	0	0	0	96	104	2	24	23	0
ALG11	0	1	0	183	527	18	60	173	6
SULT1A3	0	0	0	36	79	3	8	17	1
PRX	2	5	0	741	1660	41	276	635	17
CTNND1	1	3	2	394	947	5	124	329	1
PCSK6	2	2	1	522	1141	32	182	412	8
ITGA3	0	3	1	508	1005	35	188	353	11
CDK20	0	0	0	210	466	22	83	169	6
SPTAN1	2	25	2	1102	1898	27	394	555	5
SYT6	0	1	0	217	464	12	74	206	4
ATP11A	2	3	0	620	1207	33	227	422	8
NEB	4	16	1	2983	8186	267	1054	2678	48
ADAMTS5	2	2	0	493	1073	33	184	384	10
RPS3	1	0	0	119	124	1	40	22	1
ANKH	0	3	0	263	420	6	90	120	2
GLT1D1	1	0	0	173	421	23	59	124	8
CRTC1	1	1	1	414	588	5	175	192	1
HLA-DOA	0	0	0	119	301	12	46	102	4
ODF3	0	0	0	129	326	7	51	120	3
PSMA5	0	0	0	92	110	0	31	18	0
PAX8	0	3	0	267	501	8	92	175	0
MYT1	1	4	0	520	1045	9	210	342	4
STK11	2	2	0	315	424	4	122	149	0
METTL21C	1	2	0	123	293	21	41	85	5
PIK3CG	3	0	0	558	1152	41	197	356	10
MROH2B	0	3	0	727	1771	91	229	614	28
C11orf24	1	0	0	208	512	13	87	168	0
FAM90A15P	0	0	0	0	0	0	0	0	0
TRIM63	1	0	0	154	394	24	65	155	4
UBE3B	2	2	0	447	1090	38	165	354	11
EIF4H	0	0	0	117	186	4	38	49	1
ZNF516	1	3	0	810	1529	7	331	547	1
TRAP1	0	3	0	487	1180	54	181	416	16
DHX58	1	3	0	319	728	33	105	250	11
CCL21	0	0	0	67	144	7	19	44	5
WNT5A	0	2	0	205	382	4	75	110	0
CTAGE6	0	0	0	100	293	21	16	39	3
SYT3	0	2	0	315	543	10	120	174	2
MUSTN1	0	0	0	33	104	9	19	41	2
TOR1B	0	0	0	154	348	10	43	113	6
ENSG00000249240	0	0	0	105	236	15	34	80	5
HROB	0	2	0	288	669	22	104	206	5
CAND1	0	1	0	513	830	3	150	206	2
KCNG4	0	1	0	344	818	31	152	309	12
ZNF263	1	1	1	313	803	34	106	241	10
AVPR1A	0	0	0	224	527	27	74	165	6
DNAH8	2	7	0	1884	4814	187	595	1569	53
GSN	0	0	0	359	785	29	124	284	3
TAF8	1	1	0	175	419	21	68	140	5
CLEC6A	0	0	0	85	225	15	24	65	6
FXYD2	0	0	0	42	73	2	15	28	0
ABCA8	1	8	1	653	1774	99	231	584	37
PVR	0	2	0	208	439	24	67	156	13
POU2F2	1	4	0	326	572	7	110	181	0
SIX1	1	0	0	176	316	7	72	67	0
ANKRD18B	0	0	0	399	1112	64	133	393	23
DHTKD1	1	3	0	450	1172	49	0	0	0
ZNF487	0	0	0	0	0	0	0	0	0
JUP	1	4	0	407	812	16	149	330	2
XRCC3	1	1	0	211	389	14	80	152	6
ZNF264	0	0	0	281	729	34	95	229	8
PLD4	1	2	0	254	634	28	85	217	15
THYN1	0	0	0	103	244	15	33	87	7
ZKSCAN7	0	1	0	298	769	37	107	256	14
NSD3	2	4	1	481	1052	15	171	283	2
DYM	0	1	0	327	769	45	107	245	13
PNMA8A	1	3	0	165	414	11	73	173	3
NFE2L3	0	0	0	454	1188	62	152	360	12
NRG3	0	0	0	406	855	20	0	0	0
FAM219B	0	1	0	124	267	6	34	103	2
EIPR1	0	1	0	208	378	12	61	111	7
AK5	1	2	0	247	488	13	87	150	3
CHST8	0	1	0	245	565	14	81	178	3
CLEC1A	0	0	0	119	372	27	39	106	4
PRKAG2	0	2	0	281	487	13	103	163	3
CCDC116	0	1	0	275	727	28	102	263	12
FBXO34	0	0	0	330	790	25	105	232	3
PSMD2	0	3	0	399	774	5	150	212	0
CARS1	1	3	0	426	922	26	137	298	5
PZP	1	1	0	605	1577	78	199	520	28
HPN	0	1	0	230	425	12	79	135	0
AK8	0	6	0	232	481	20	86	182	7
MYL2	0	0	0	78	165	4	31	56	3
OR6A2	0	1	0	153	399	12	45	126	2
HABP4	0	3	0	214	516	16	65	160	8
IVL	0	0	0	272	777	62	116	253	15
SPATA20	0	1	0	419	944	40	149	337	9
GCGR	0	2	0	268	538	23	118	213	7
MRPL35	0	0	1	87	226	12	32	60	6
FAM162B	1	0	0	80	240	8	27	82	4
LMNTD1	0	1	0	161	457	33	48	125	10
ABHD15	1	1	0	293	610	20	86	211	9
SHFL	0	1	0	152	248	9	52	78	1
IGIP	0	0	0	19	58	4	6	20	0
MEX3D	2	0	0	657	1052	10	268	332	3
SRP19	0	0	0	62	174	5	21	59	0
ENSG00000290149	1	1	0	69	157	12	19	38	3
MDFIC2	0	0	0	0	0	0	36	82	3
MGAT4A	0	1	0	201	436	21	70	142	5
CD7	1	1	0	139	280	10	52	113	2
SCYGR7	0	0	0	0	0	0	20	53	5
TMEM150C	0	2	0	103	216	5	36	70	0
NDUFAF6	1	2	0	165	392	21	51	156	8
ORC6	0	1	0	146	302	12	51	97	2
JAG2	3	2	0	795	1377	35	340	488	2
HSPE1	0	1	0	43	74	0	15	17	0
ERCC4	1	4	0	444	1135	56	143	372	14
RNF216	1	2	0	482	1291	46	154	392	4
LETM2	0	0	0	209	514	31	64	157	10
HRNR	0	0	0	1442	3821	239	391	1180	70
KPRP	0	2	0	291	765	59	96	251	18
COL22A1	3	4	0	928	2064	65	297	698	19
PHF11	0	2	0	130	359	19	40	114	7
CLCN2	0	1	0	480	971	34	155	349	11
STARD6	0	1	0	79	240	12	26	70	2
ENSG00000269469	0	0	0	0	0	0	0	0	0
BRD4	2	7	0	762	1252	7	324	446	1
LRRC56	0	1	0	376	714	27	134	278	8
SNX32	1	0	0	255	553	23	88	200	9
WDR41	1	0	1	200	503	35	57	149	9
RIF1	2	4	0	1069	2716	26	377	867	2
MELTF	0	1	0	436	945	43	178	376	10
RPL37	0	0	0	51	88	1	22	30	0
KCNK1	0	0	0	193	351	14	70	124	3
ADAM28	0	0	0	315	916	42	105	321	11
PSTK	0	2	0	173	409	23	0	0	0
ASB1	2	0	0	190	375	11	79	133	4
C11orf80	1	1	0	235	586	23	78	194	6
JPH3	3	4	0	643	1172	6	227	429	2
ABCC4	0	4	0	613	1280	70	207	413	10
UNC13D	2	2	0	558	1229	53	224	453	14
SLC1A5	1	1	0	317	590	19	117	180	3
SENP3	1	1	0	278	523	5	93	160	0
CCNI2	0	1	0	199	416	11	58	127	5
CIART	0	1	0	170	413	12	48	107	2
SH3GLB1	1	1	0	124	314	7	43	81	0
CDCA5	0	1	0	118	286	5	42	79	0
ADM2	0	0	0	109	203	9	36	85	4
GMNN	0	1	0	72	200	7	22	49	1
LYST	2	5	1	1519	3607	124	477	1193	26
A1CF	0	0	0	255	596	25	0	0	0
CHIT1	0	1	0	226	530	34	86	193	7
GMEB2	0	3	0	333	526	3	127	164	0
SPSB3	2	0	0	285	490	12	107	170	1
ENSG00000236543	0	0	0	0	0	0	38	80	3
KRIT1	0	1	0	287	761	21	83	204	5
TRIM23	0	1	1	218	467	23	80	118	4
MARCO	0	1	0	276	661	32	99	203	6
RIMS2	0	4	0	680	1757	62	214	583	14
BCHE	0	2	1	259	784	40	83	250	20
CH25H	0	1	0	178	314	14	0	0	0
SS18L1	1	3	0	232	400	15	103	126	4
C21orf91	1	0	0	132	311	28	37	84	2
CFI	0	1	0	255	648	37	87	212	8
RBM4B	0	0	0	169	383	19	79	140	5
SLC6A13	0	2	0	300	664	38	100	227	5
IGHV3OR16-17	0	0	0	0	0	0	15	57	2
DMKN	0	2	0	221	552	28	74	188	12
PTP4A2	0	0	0	64	113	0	16	26	1
GTF2F1	1	4	0	272	593	21	130	219	4
PPP2R5B	0	1	0	250	426	12	65	141	2
ZNF680	0	0	0	168	560	28	54	141	8
ENSG00000285655	0	0	0	33	94	1	11	31	0
HCK	0	1	0	259	547	24	70	171	5
ZNF442	0	0	0	205	652	33	67	218	14
ENSG00000259753	0	0	0	0	0	0	0	0	0
RORA	1	5	0	260	458	3	86	135	1
IBSP	0	0	1	131	316	21	52	118	6
ATP6V1C2	0	1	0	224	446	19	68	152	7
CXCL11	0	0	0	38	94	3	12	36	1
OR2A25	0	2	0	154	349	8	49	119	2
DESI1	0	2	0	94	156	9	32	45	1
LUC7L2	0	3	1	146	277	16	50	101	2
LETMD1	0	1	0	170	414	23	48	125	7
PPIAL4G	0	0	0	77	230	8	17	48	4
METTL23	0	1	0	92	267	14	37	82	4
PLIN2	0	2	0	195	586	29	66	195	5
PCID2	0	0	0	182	394	18	62	124	4
RNF212B	0	0	0	97	279	18	33	90	6
CFAP52	1	0	0	251	672	24	87	254	12
TMPRSS4	0	0	0	213	487	23	68	167	7
INO80C	0	1	0	102	244	8	37	79	3
OR5H2	0	1	0	135	365	15	43	122	3
ZNF852	0	2	1	194	566	35	80	219	13
TUBA3C	2	1	0	275	428	10	103	159	5
FAM114A2	0	1	0	232	544	27	73	182	7
DAB2IP	2	2	1	707	1236	14	266	459	5
ENSG00000213204	0	1	0	248	622	33	87	189	13
CFAP92	1	0	0	457	1120	57	170	415	17
AFG3L2	0	6	0	379	704	31	117	213	7
TYMS	1	0	0	165	251	9	62	81	1
MAP3K14	2	1	0	412	711	12	154	233	0
KDM3B	3	9	0	774	1274	5	269	363	0
OR4C13	0	0	0	187	536	24	65	180	10
LGALS13	0	0	0	70	168	10	19	60	3
ITPKC	0	1	0	322	780	28	115	271	9
CEP164	2	4	0	636	1532	91	239	511	24
USP4	0	3	1	395	978	40	135	336	6
GRAMD4	1	1	0	335	530	8	139	169	0
ENSG00000257524	0	1	0	138	285	9	64	131	2
MSI1	0	5	0	210	268	4	76	95	0
DLGAP1	1	2	1	508	953	13	199	301	2
SPINK2	0	0	0	66	141	3	27	46	0
SAMSN1	0	2	0	178	443	19	49	136	4
SLC4A3	4	3	0	636	1170	23	242	420	7
ENSG00000259900	0	0	0	0	0	0	0	0	0
RIMS4	0	0	0	133	177	4	47	53	0
KIF19	1	6	0	501	1263	59	185	491	14
FABP7	0	0	0	47	143	4	23	53	2
NR5A2	0	1	0	227	463	13	81	142	7
OR5K2	0	0	0	138	392	11	43	137	3
PPIL6	0	0	0	128	365	21	42	120	6
KLRF2	2	0	0	86	268	19	34	79	6
CATSPERE	1	1	0	366	957	43	101	312	8
MRPL30	0	0	0	64	174	9	13	51	2
TRPC7	0	5	0	410	882	31	159	278	8
GFRAL	1	0	0	161	456	21	46	140	7
JCAD	0	1	0	645	1585	39	0	0	0
RIN3	1	2	0	533	1147	28	200	402	8
SLC6A4	1	1	0	281	533	15	102	160	4
PTAFR	0	0	0	148	299	9	58	98	2
VPS35L	2	4	0	411	1003	34	148	358	10
ATP6V0D2	0	1	0	160	442	21	58	133	7
GSTM1	0	0	0	77	187	7	11	34	1
STX8	0	0	1	104	282	13	27	96	5
SIGLEC9	1	0	0	226	524	22	76	176	8
BHLHE23	0	1	0	194	361	16	58	107	3
N6AMT1	0	0	0	119	293	15	30	110	3
TRAPPC11	1	2	1	482	1177	48	160	335	13
ANKRD39	1	0	0	98	240	11	36	95	4
ZFHX4	2	5	4	1713	3919	34	578	1253	4
HDAC9	1	2	0	500	1044	19	171	304	4
OR2L3	0	1	1	130	364	15	47	135	9
H3-3B	0	0	0	142	40	3	63	7	0
C2orf15	0	0	0	28	88	5	10	21	1
HMG20A	0	2	0	149	340	12	52	97	4
SLC35F1	0	0	0	191	350	10	62	98	1
NSF	0	0	0	139	266	9	45	65	1
HLA-B	0	0	0	308	716	35	41	91	7
TMEM87A	0	0	0	221	532	22	84	161	4
FNDC7	1	3	0	293	796	36	97	278	11
MIDEAS	2	5	0	525	1077	26	198	375	5
SLC43A2	0	0	0	319	571	20	139	194	4
TLR4	1	0	0	333	850	43	111	267	12
CEACAM18	0	1	0	175	443	20	51	138	8
RAPGEF3	0	3	1	410	1002	41	162	360	15
CCNJ	0	0	0	170	331	11	0	0	0
ACAD8	0	1	0	196	477	19	68	148	7
SIRT7	0	2	0	288	518	20	107	148	6
OR2T8	1	1	0	115	296	8	34	73	2
DCDC2C	0	1	0	194	461	23	77	137	2
TRIM62	0	0	0	244	469	33	88	153	10
FEV	0	1	0	185	295	9	51	80	1
CISD2	0	0	0	49	98	1	16	27	1
FBXL13	1	0	0	298	907	54	117	299	16
THOC1	0	1	0	251	507	19	79	141	4
DUS4L-BCAP29	1	2	0	217	639	29	74	210	5
WFDC1	0	0	0	165	372	21	61	119	9
PPP6R3	1	3	2	370	858	18	119	250	3
EPYC	0	0	0	132	364	10	42	133	5
SLAMF9	0	1	0	136	329	20	45	101	5
SPDEF	0	1	0	189	345	6	82	122	2
PROP1	2	0	0	106	262	9	39	105	5
MVB12B	0	2	0	120	257	9	60	88	2
NCBP1	0	1	0	291	578	6	107	155	1
SAMD12	1	1	0	87	242	16	31	73	5
MINK1	0	4	0	781	1294	19	278	404	6
CEACAM19	0	0	0	139	300	11	51	102	3
MS4A12	0	0	0	107	306	11	35	115	5
TEX29	0	1	0	75	174	6	31	65	2
DYNLL1	0	0	0	45	47	6	11	5	0
TRIP6	2	1	0	243	586	22	100	203	9
CDC73	1	2	0	218	331	11	90	79	1
NUAK2	0	1	0	296	673	18	100	227	5
TCOF1	0	3	0	742	1589	9	262	514	2
GOLM1	0	0	1	173	464	14	70	151	4
LDHD	1	1	0	315	691	31	127	238	5
MTLN	0	0	0	0	0	0	14	36	0
UGT2A1	0	1	0	196	572	50	78	225	9
DHFR	0	0	0	78	154	13	19	39	3
PSTPIP2	0	2	0	127	292	14	40	88	4
RNF157	1	1	0	320	758	29	128	254	6
WWC1	1	2	1	509	1094	38	200	369	3
ZNF441	0	0	0	252	659	19	87	180	6
PKNOX1	0	0	0	208	385	12	86	131	0
PRSS48	0	1	0	139	334	22	41	117	11
RASL10A	0	0	0	156	286	7	49	71	2
ARHGAP44	0	2	0	438	738	20	152	232	4
POLR2B	2	3	0	412	555	51	117	131	9
IL17RD	0	2	0	402	909	45	129	338	13
CDK5	0	1	0	141	165	10	57	47	0
ZNHIT6	0	1	0	176	490	30	59	166	10
ENSG00000285566	0	0	0	0	0	0	20	69	2
TMEM87B	0	3	0	232	573	36	79	194	10
KMT5A	0	0	0	167	333	4	46	114	1
TC2N	0	1	0	187	498	31	57	154	9
USP18	0	0	0	153	332	11	43	86	1
FIGNL2	0	0	0	552	1010	27	193	294	7
IFIH1	0	8	0	403	1226	77	140	381	25
NFE2L2	1	8	0	228	539	11	94	146	2
SNAP25	0	6	1	77	116	2	21	38	1
SLC20A1	1	0	0	278	634	15	97	187	3
CCL4L2	0	0	0	37	71	5	22	37	3
ERCC6L2	0	2	0	632	1554	58	203	504	16
ZNF71	0	1	0	315	681	33	107	216	13
NREP	0	0	0	35	92	1	12	30	0
ENSG00000285976	0	0	0	0	0	0	6	8	0
ENSG00000276418	0	1	0	99	237	10	44	72	2
BHLHE22	0	1	0	319	532	0	113	153	1
OXSR1	1	2	0	237	392	11	66	121	1
PAAF1	0	1	0	190	393	21	58	130	6
ABCG8	0	3	0	418	997	45	145	350	11
GID8	0	0	0	101	180	1	42	48	0
TRIT1	0	0	0	192	543	22	68	159	2
SIX6	0	0	0	114	273	14	45	75	2
SLC13A5	0	0	0	317	585	12	114	183	3
DGKE	1	3	0	288	596	25	106	174	12
ATP9B	0	1	0	583	1357	61	238	457	14
CREBBP	1	51	4	1414	2285	5	524	680	2
BCO2	1	2	0	237	629	33	71	197	14
CAT	0	2	0	223	627	26	89	206	8
ZNF559-ZNF177	0	0	0	132	376	22	46	123	5
SNX19	0	0	0	510	1200	48	162	402	12
ACTR6	0	1	0	128	317	21	43	90	7
TMEM250	0	0	0	120	216	8	47	67	2
ZNRF4	0	2	0	263	492	13	109	214	3
VPS16	0	2	0	403	843	27	136	304	8
ZNF467	0	1	0	360	883	41	111	275	12
MRPL42	0	1	0	65	173	6	22	63	1
GPATCH2L	0	0	0	204	465	18	76	131	6
DSTYK	1	4	0	403	915	28	135	292	2
OR2M2	0	0	0	155	478	13	50	174	2
KRTAP4-3	0	1	0	86	197	9	32	69	2
CCNA2	0	0	0	199	344	1	54	87	0
ABL2	3	4	0	511	1139	35	183	369	8
DR1	0	1	1	81	118	4	22	26	0
KAT6B	6	5	12	806	1843	8	0	0	0
BLMH	1	2	0	185	431	18	66	139	6
GLIPR1L1	0	0	0	91	282	14	35	74	3
ENSG00000290317	0	1	0	51	136	8	17	46	2
PLPP4	0	2	0	140	267	8	0	0	0
SNRNP35	0	2	0	94	257	16	50	87	7
RTEL1	2	7	1	916	1818	48	352	632	9
CD74	0	1	0	142	303	6	55	90	0
ENSG00000256861	0	0	0	260	504	15	77	164	2
TRAF5	0	0	0	216	509	24	63	183	9
FMC1-LUC7L2	0	3	1	172	367	17	56	133	2
CYP4F22	0	1	0	236	571	25	80	206	5
ENSG00000261915	0	0	0	0	0	0	0	0	0
ENSG00000285053	0	1	0	226	544	28	88	181	8
OR2M5	0	1	0	160	383	10	61	146	5
ZNF717	0	0	0	372	1107	57	141	416	28
APOA4	0	1	0	222	518	24	89	189	7
SLC35E1	0	1	0	275	425	9	98	125	2
RHCE	0	0	0	194	384	12	65	143	3
SRD5A2	0	0	0	144	336	14	38	116	5
C2	1	1	0	312	740	36	96	236	8
TCHH	0	0	0	1100	2744	193	335	897	52
TMCO3	0	1	0	356	752	30	148	271	10
HLA-C	0	0	0	399	968	72	30	95	5
PPEF2	1	1	0	355	871	54	123	292	19
FBLIM1	1	0	0	185	445	18	80	155	4
SZT2	1	10	1	1621	3500	141	565	1190	27
LCE4A	0	0	0	44	103	7	8	36	3
SLAIN2	0	0	0	277	683	19	87	226	1
TACSTD2	0	2	0	205	453	16	61	162	4
TRIP12	3	8	6	866	1544	0	282	452	0
OR4P4	1	0	0	129	385	15	34	119	4
ENSG00000291239	0	0	0	202	645	45	56	207	19
PKP2	1	0	1	400	923	42	133	325	11
SYT14	0	0	0	239	521	15	76	141	1
NCAPG	0	1	0	361	971	37	113	292	8
FAM184A	0	0	0	408	1143	66	136	351	20
SIRPG	1	1	0	207	498	22	67	179	10
OR4F3	0	0	0	0	2	0	0	0	0
ECE2	1	0	0	363	864	31	127	289	11
RFX8	0	1	0	198	510	26	60	167	8
CGA	0	0	0	59	96	2	21	28	0
CDC25C	0	1	0	204	515	26	63	168	8
DBP	0	2	0	229	430	7	78	136	1
ENSG00000272822	0	2	0	50	41	3	29	38	1
MAP4K4	0	7	1	589	990	29	212	288	5
NRM	0	0	0	126	220	15	29	82	3
TSG101	2	2	0	192	338	7	70	95	3
TCTN1	0	1	0	246	564	23	90	183	9
ZMYM5	0	1	0	236	699	32	76	227	7
VN1R2	1	0	0	167	399	25	47	124	7
SPRR2E	0	0	0	32	68	4	12	25	3
FAM205C	0	0	0	0	0	0	27	61	7
BCAR1	0	4	0	581	1248	21	238	466	2
PPARA	0	1	0	236	413	9	89	131	3
FTL	0	0	0	86	227	12	36	61	4
RCAN1	0	2	0	138	249	6	53	81	0
ENSG00000270099	0	0	0	0	0	0	0	0	0
THRA	0	2	0	177	268	6	70	54	2
OPRD1	0	0	0	222	441	14	75	150	3
GTPBP2	0	1	0	313	466	16	113	122	5
INAFM2	0	0	0	142	240	8	53	75	2
FOXD1	0	0	0	401	674	5	147	203	4
CORO7	1	2	0	574	1163	44	235	439	15
ARL5C	0	1	0	75	201	7	31	68	2
SMIM24	0	0	0	75	157	8	28	59	1
RNASE12	0	0	0	54	157	9	24	41	4
FOXN4	2	1	0	286	516	9	105	173	0
CERT1	0	6	0	265	468	12	81	95	1
TARP	0	0	0	25	91	6	7	33	1
NFYC	0	0	0	140	271	17	53	62	4
UIMC1	0	3	0	267	748	20	78	216	6
RBMS1	1	1	1	169	354	6	75	104	2
ARPC2	0	0	0	126	221	4	38	51	0
CTLA4	0	0	0	100	178	1	29	46	1
TMEM184A	0	2	0	266	515	27	109	191	5
ZNF518A	0	2	0	634	1669	30	0	0	0
MRAP	1	2	0	86	206	8	40	68	2
MRPL14	0	0	0	80	177	6	24	67	1
PALLD	0	3	1	440	1204	36	169	390	11
MPZ	0	3	0	113	221	11	41	69	0
STATH	0	0	0	28	83	4	10	31	1
CDKL3	0	0	0	196	606	33	63	175	13
EPB41L5	0	5	0	286	783	25	109	243	2
PDLIM1	1	2	0	148	351	13	0	0	0
CSNK1A1L	0	2	1	146	367	18	49	130	7
PRELID1	1	1	0	99	200	7	35	65	2
WDR5B	0	2	0	136	347	17	32	117	4
NETO2	0	1	0	203	514	20	66	137	3
NLRP7	0	2	0	583	1204	49	234	421	12
HAS3	0	3	0	315	503	23	125	150	2
THEMIS2	0	1	0	292	621	22	118	189	5
SLC45A3	0	2	0	276	593	15	100	187	5
ANKRD36C	0	0	0	654	1880	50	257	632	13
HIVEP3	2	4	0	1176	2560	31	436	879	9
TSEN54	1	1	0	309	732	36	110	239	9
MYBPC3	1	5	0	655	1443	38	281	541	12
KANK1	3	8	0	826	2216	73	287	755	15
ECE1	1	2	0	372	739	16	151	234	2
EPS8L2	1	2	0	510	1060	37	198	350	12
KRT77	1	1	0	311	700	31	127	264	13
BFAR	0	1	0	218	504	36	61	162	7
SLC3A2	1	2	1	259	545	20	98	166	1
SLC7A6	0	0	0	247	474	12	82	143	1
EMC7	0	1	0	100	201	2	30	51	1
ACAA1	0	0	0	205	481	19	82	166	11
GNG5	0	0	0	25	61	1	9	28	0
USP44	0	0	1	265	713	50	90	240	18
SLC15A1	0	3	0	317	807	39	138	281	10
FOXC1	1	4	0	501	825	10	184	264	0
POLDIP2	0	2	0	166	369	23	64	88	7
NAA50	0	0	0	59	114	2	16	23	0
SOCS5	0	0	0	276	596	35	74	175	5
MFGE8	1	0	0	211	462	23	83	180	5
GDF1	0	0	0	308	567	21	109	163	7
BLVRA	0	0	0	112	261	11	42	104	2
SLC2A6	0	3	0	339	595	18	133	220	6
PHF5A	0	2	0	53	21	0	14	6	0
DHRS9	0	0	0	116	381	9	35	137	3
ZNF746	0	2	0	403	731	9	147	245	2
SERINC1	1	0	0	193	478	21	65	138	4
LTB4R	0	0	0	206	410	13	67	129	5
EMCN	0	0	0	92	277	12	25	84	3
CCDC181	0	0	0	186	514	33	59	152	12
ANKS1A	1	3	0	525	1031	21	197	351	5
LIPH	1	0	0	195	500	18	74	163	6
SLC27A3	0	2	0	407	998	38	149	326	13
SLC25A22	0	1	0	223	346	12	91	108	2
LINC02203	0	0	0	0	0	0	3	20	0
RAD23A	0	0	0	205	356	13	80	121	1
PRKACA	0	1	0	168	231	1	71	65	0
ZNF304	0	0	0	267	626	21	84	182	7
DHRS7C	0	0	0	161	370	15	55	126	7
RGS21	1	0	0	51	179	9	15	57	3
MRM1	1	3	0	172	424	18	51	147	6
SUPT5H	1	1	0	519	833	15	181	219	3
RTP2	1	0	0	136	349	17	46	118	4
KCNS3	1	2	0	215	474	16	85	175	4
POLR1C	0	0	0	163	454	13	66	143	6
TCTE1	0	1	0	228	576	29	80	188	9
ARPC5L	0	0	0	74	134	2	28	39	0
ROPN1L	0	0	0	121	238	14	39	92	5
ENSG00000267881	1	0	0	39	72	3	11	16	1
LCE3E	0	0	0	43	133	8	11	38	4
KBTBD2	2	2	0	270	500	13	79	144	2
TSGA13	2	1	0	117	307	18	33	113	10
RPS6	0	0	0	162	252	0	60	82	2
SEC24C	1	1	0	482	1071	16	0	0	0
HTT	2	7	0	1561	3094	57	584	920	8
MAFG	0	1	0	109	136	2	40	49	0
SCARF1	0	1	0	471	992	50	170	371	11
PSMB5	0	1	0	129	254	1	48	72	1
SEMA3E	1	1	0	341	829	30	116	260	5
NOXRED1	0	0	0	148	361	15	43	119	0
HSD17B13	0	0	0	126	346	14	45	115	4
VKORC1L1	0	0	0	101	120	5	36	39	0
MAP3K20	1	1	0	302	730	23	97	243	4
SPATA7	1	1	0	239	628	36	72	220	12
KCTD13	0	0	0	194	312	11	85	125	2
CD226	0	0	0	143	384	20	51	129	3
KLK6	0	0	0	112	241	9	36	91	4
ACTR8	0	0	1	252	616	45	93	185	15
DNAI2	0	2	0	278	610	34	99	236	10
EXOC6	1	2	0	303	765	32	0	0	0
GSS	0	1	0	210	456	20	68	146	6
TNNC2	0	2	0	70	152	5	23	42	0
UNG	0	0	0	170	348	18	67	114	2
HNRNPD	1	2	0	165	283	1	46	76	0
OR5AU1	0	0	0	138	396	15	44	133	4
KRTAP9-9	0	0	0	90	182	12	40	56	4
ZNF227	0	0	0	311	794	49	112	266	15
CDC42SE2	0	0	0	35	71	2	14	22	0
LIPE	5	3	0	541	1189	65	192	435	14
NR2F6	1	3	0	281	460	9	119	139	0
H2AX	0	1	0	111	101	2	39	23	1
HLA-DMB	0	0	0	129	237	9	48	66	4
CAPS2	1	1	0	211	596	44	72	208	16
SPATS1	0	0	0	133	290	11	44	91	1
ZNF606	0	3	0	301	804	19	106	234	3
FGF18	1	1	0	113	171	2	39	57	0
PALS2	0	1	0	235	534	20	68	145	4
DTHD1	0	1	0	338	997	59	109	316	15
GPR137	1	0	1	213	411	10	71	117	0
PRAMEF12	0	0	0	278	590	26	101	191	6
ATP9A	3	2	0	527	896	37	226	266	6
PADI3	0	0	0	362	791	27	117	293	6
SUCLG2	0	0	0	207	573	19	63	188	6
FCGR3B	0	0	0	109	267	10	35	85	1
LYPD6	0	0	0	74	175	10	29	60	7
ADH6	0	0	0	162	404	12	36	125	4
SP140L	0	0	0	228	586	32	84	211	9
HUS1B	0	0	0	191	436	12	68	138	5
TSPAN18	0	1	0	129	240	8	52	83	5
PLCZ1	0	0	0	235	670	24	75	207	10
SETD6	0	4	0	300	648	38	105	199	10
H4C12	1	2	0	117	159	8	49	41	4
CDH15	2	1	0	593	1251	50	210	430	21
C1orf74	0	1	0	127	257	16	29	82	3
NR1I2	1	1	0	212	559	20	88	195	9
EIF4E2	0	0	0	104	220	5	38	68	1
UQCC2	0	0	0	58	131	11	24	45	3
DLGAP2	1	4	0	801	1653	9	342	608	2
CSMD2	3	9	0	1764	3553	60	652	1127	8
GPRC5C	0	0	1	240	526	21	95	193	3
SIGLEC5	0	0	0	238	599	26	78	175	6
PCDHGC3	0	0	0	462	995	22	159	290	4
PLEKHA3	0	2	0	99	270	11	28	74	4
CASP8	1	0	0	183	426	15	67	107	3
OR11A1	0	2	0	148	343	9	43	102	4
ABCA7	5	8	0	1363	3054	139	498	1078	50
TGIF1	0	1	0	126	266	3	40	82	0
RBM43	0	0	0	145	321	21	41	103	5
BLOC1S5	0	0	0	82	240	15	22	69	4
SPACDR	1	0	0	91	203	10	25	84	5
KCTD4	0	0	0	109	248	10	35	71	2
CAPN5	0	5	1	308	717	33	130	286	10
AGA	0	2	0	133	394	15	47	128	4
LRRFIP1	0	0	0	287	697	20	114	239	4
NUCB2	0	0	0	126	395	25	35	123	4
CDT1	1	2	0	427	888	28	156	344	13
RAP1GAP	3	0	0	340	655	11	148	207	3
CD55	1	0	0	177	395	18	57	124	2
ABT1	0	0	0	153	409	11	53	129	3
COX7A2	0	0	0	36	90	4	8	34	0
CHTF18	6	9	0	871	1770	80	404	686	23
ENSG00000290318	0	0	0	82	46	1	33	9	0
LRRC37A	0	0	0	46	93	3	29	59	1
PIWIL2	1	4	0	468	1202	42	145	361	14
ZDHHC8	1	0	0	477	835	16	178	314	5
F13B	0	1	0	279	692	31	100	209	6
MISP	5	3	0	416	1003	33	162	386	8
CYP4F11	0	0	0	293	738	35	88	268	11
CRB2	0	6	0	828	1619	50	321	594	16
ZNF138	1	0	0	127	365	27	42	121	12
LAMTOR1	0	1	0	74	147	3	30	53	1
RAC2	0	0	0	102	126	0	45	30	0
DSG2	0	3	0	451	1170	30	156	359	7
LEF1	0	2	0	161	334	4	51	114	0
OR1S1	0	0	0	170	435	20	59	149	6
C15orf62	0	1	0	94	193	13	29	73	5
TXNL4A	0	1	0	80	56	7	37	14	1
EDIL3	0	1	0	204	512	28	56	140	8
ENSG00000248993	0	0	0	91	150	4	35	36	2
TCAF2C	0	0	0	0	0	0	0	0	0
COQ6	0	1	0	195	531	25	72	161	9
P2RY11	1	1	0	290	596	27	130	232	8
TJP3	0	3	0	507	1178	47	176	502	18
PCDHGA5	0	0	0	525	1175	35	183	427	11
RTF1	1	2	0	312	419	8	106	138	1
ENSG00000248710	1	3	0	358	934	45	99	275	13
LEPROT	0	0	0	51	121	2	16	46	1
PCDHB15	0	0	0	468	976	43	184	332	13
LRIT1	0	1	0	330	805	38	0	0	0
CACNA2D3	2	1	0	562	1121	30	169	326	4
NHERF1	1	1	0	205	465	13	65	181	4
TRIM49D2	0	0	0	19	56	1	0	0	0
NPHP1	0	2	0	254	708	37	74	217	12
OR10A5	0	0	0	154	381	13	66	124	3
UTP4	1	3	0	334	772	21	113	230	3
TMEM190	0	0	0	108	214	9	51	74	1
PLA2G3	0	1	0	257	625	38	92	241	12
ATP6V1A	0	13	0	247	395	11	79	116	2
ATG4C	0	0	0	162	520	32	57	179	11
TSNARE1	1	1	0	289	671	32	98	253	18
ALKBH4	0	3	0	166	394	16	77	142	3
ZPBP	0	0	0	162	373	15	64	135	5
RBM26	0	3	0	448	905	11	119	233	1
C8orf90	0	0	0	0	0	0	55	96	6
POMT1	0	1	0	358	743	57	129	273	17
BCL2L10	0	0	0	156	302	16	50	87	12
ZNF226	0	0	0	313	936	58	95	313	25
DPY30	0	0	0	34	86	2	11	23	1
SIRPD	0	0	0	103	283	9	33	77	5
UBE2F	0	1	0	71	119	1	23	30	0
TSNAX	0	0	0	110	226	8	42	63	1
ZSCAN32	0	1	0	321	884	57	115	287	12
PTPN4	1	1	0	327	788	26	80	239	9
MICU1	0	0	2	175	444	18	0	0	0
TCF3	2	2	0	482	955	22	217	376	3
ODAD1	0	1	0	336	833	30	151	307	13
NFKBIZ	0	3	0	342	749	11	110	222	1
VGLL4	0	1	0	191	374	5	75	127	0
HAUS4	0	0	0	155	352	16	42	112	3
LINGO1	1	4	0	363	535	3	155	171	2
LRRFIP2	0	3	2	299	798	49	85	256	19
MED24	1	3	0	507	953	41	191	319	12
KRTAP12-3	0	0	0	63	114	11	21	44	4
GGTLC2	0	0	0	122	261	11	47	90	1
FAM90A24P	0	0	0	0	0	0	23	59	1
AMD1	0	1	0	109	236	7	44	71	0
GTF3C2	0	4	0	438	841	10	135	232	2
DSC1	0	1	0	390	1071	50	137	309	18
AKNA	0	6	2	693	1597	43	242	573	11
ADAP2	1	3	0	166	410	26	69	117	8
MARCHF1	0	1	0	244	554	27	70	165	9
KIF25	0	0	0	206	457	22	81	162	8
USP16	1	2	0	296	867	41	93	278	8
XDH	2	4	0	642	1636	64	222	546	18
SLC41A1	1	1	0	238	466	9	88	153	2
CXCL6	0	1	0	77	176	3	34	51	1
SUMO1	0	0	0	33	48	1	16	14	0
RPL26L1	0	1	0	68	172	9	23	57	3
ANKRA2	0	0	0	115	308	17	37	78	7
HSPA4L	0	3	0	296	825	23	111	235	7
POTEI	0	0	0	326	863	40	28	80	4
SNTN	0	0	0	62	198	5	14	52	2
AOC3	0	2	0	411	879	44	150	310	18
POTEH	0	0	0	154	435	22	46	160	6
INHBA	0	5	0	234	346	2	74	95	0
SLC16A14	1	1	0	224	510	15	92	150	3
ZNF146	0	2	0	100	169	4	35	50	1
TBK1	0	1	1	235	587	17	71	183	1
LDAH	0	1	0	111	337	19	30	103	6
BBS10	0	0	1	294	801	35	93	234	10
TSC22D1	1	3	0	542	1327	8	191	391	0
HLA-DRB1	0	0	0	95	225	12	38	93	7
SLC25A17	0	1	0	122	295	16	34	105	2
HNRNPLL	1	2	0	265	483	10	89	124	2
ENSG00000280148	0	0	0	43	151	8	15	55	2
HNRNPK	0	5	1	225	255	2	74	57	0
OR8H3	0	0	0	161	428	9	58	145	7
C9orf24	0	1	0	128	340	14	42	106	4
CCNF	0	2	1	434	858	29	164	303	4
PAH	0	1	0	187	525	26	62	208	10
SAMHD1	1	4	2	251	618	41	74	186	19
PRR23B	0	0	0	167	391	14	62	122	4
ATP10D	1	3	1	586	1465	64	197	488	23
SNAP29	0	2	0	125	368	13	37	113	3
ENC1	2	4	0	270	474	20	87	108	3
SDHC	0	1	0	78	175	4	19	63	4
SLCO4A1	0	1	0	447	845	36	174	293	12
MARS1	1	0	0	385	922	49	130	315	14
ZNF19	0	0	0	174	528	19	62	155	6
ERLIN1	0	2	0	150	291	5	0	0	0
SBF2	2	7	1	748	1893	64	245	564	9
FAM83A	0	0	0	247	565	13	83	178	4
DENND11	1	2	0	222	479	24	76	173	4
SAV1	0	0	0	179	443	20	49	141	6
ELOA2	0	0	0	480	1192	57	156	447	19
SAGSIN1	0	0	0	2	11	0	27	28	0
CD37	1	0	0	146	328	16	54	90	2
RNF168	0	1	0	276	669	42	81	205	15
BSCL2	0	1	0	245	481	18	85	160	8
ZNF106	1	4	0	787	1946	44	234	634	12
EVPL	3	2	0	1117	2418	120	459	885	37
DZIP1L	1	5	0	353	859	51	117	313	15
GABRR1	0	1	0	199	570	37	73	168	11
ANKRD65	1	0	0	310	589	29	112	225	5
SLC38A9	0	0	0	195	539	18	65	151	4
ATP2B4	2	4	1	505	1085	21	167	374	5
RAB40C	0	0	0	194	271	3	76	74	0
TMEM175	2	1	0	328	630	24	152	225	5
FAM120AOS	1	1	0	149	283	10	39	96	3
GPR25	1	0	0	254	443	18	80	126	3
ENSG00000284732	0	3	0	192	493	16	74	216	7
POLR2K	0	0	0	20	46	3	5	14	1
SKAP1	0	0	0	133	375	21	47	112	2
ZNF507	2	2	0	430	975	24	170	350	5
METTL14	0	1	0	172	296	20	55	87	5
MARCKSL1	0	0	0	124	274	4	41	72	1
OSGEP	1	0	0	159	386	20	54	112	7
CDKN2D	0	0	0	83	192	2	28	60	0
NXT1	0	0	0	58	93	3	19	36	0
HNRNPAB	0	1	0	203	397	15	78	104	2
OR10H5	0	0	0	169	371	8	63	131	3
INSIG1	0	1	0	153	247	6	48	74	1
RNF185	1	1	0	92	164	3	23	68	2
MOGAT3	0	0	0	186	428	19	71	156	7
SLC10A5	0	0	0	175	477	15	60	152	2
DYNC2I2	0	3	0	339	690	28	129	256	9
TAF9	0	0	1	112	278	8	43	80	6
SHISA7	0	0	0	366	651	5	104	204	1
SLC12A6	1	3	2	498	949	36	170	268	7
DCTN5	0	0	0	76	154	8	27	43	4
FOXK2	2	3	0	468	881	14	164	278	2
AIMP2	0	0	0	194	498	15	83	186	2
C2orf42	1	3	0	238	557	34	86	181	6
CEP57	0	0	1	222	519	23	76	185	9
KCNMB3	0	0	0	104	260	23	27	89	5
PRSS12	2	3	1	431	1068	67	145	344	24
S100A14	0	0	0	54	103	4	13	41	0
GBP6	1	0	0	254	687	38	95	218	14
EPAS1	1	3	0	501	1079	10	189	324	1
SLC25A4	0	2	0	144	254	8	51	60	3
VWA5A	0	1	0	313	885	37	108	291	16
CRH	1	0	0	153	275	4	52	73	1
NPIPB13	0	0	0	0	0	0	0	0	0
CTU1	1	0	0	315	564	13	104	185	1
C3orf62	0	1	0	132	270	14	42	97	5
ADARB2	1	3	0	537	976	7	0	0	0
LHFPL7	0	0	0	64	124	2	41	79	1
MYO7B	3	4	0	1126	2454	115	425	871	34
SCN9A	0	3	0	815	2216	83	277	693	22
NLK	0	2	0	231	351	3	64	103	1
SMN2	0	0	0	7	16	0	3	1	0
KRT6B	0	0	0	297	688	21	111	253	6
KLC1	1	1	0	278	498	16	91	168	3
FOXM1	0	1	0	370	814	13	122	248	1
EEA1	1	8	0	513	1246	46	165	370	10
ENSG00000272410	0	6	0	298	749	26	75	240	6
RGPD1	0	0	0	150	406	25	5	21	3
IGSF22	2	2	0	548	1359	68	190	464	24
TALDO1	1	2	0	208	440	12	74	160	3
OR9H1P	0	0	0	0	0	0	0	0	0
DCLK1	1	2	0	339	500	10	119	137	2
HACD2	0	0	0	104	241	9	35	74	0
RAB4B	0	1	1	105	218	6	50	86	2
GPR151	0	1	0	184	492	29	53	150	14
WBP1	0	0	0	135	362	21	47	129	4
KLK1	0	1	0	138	298	15	42	104	3
HORMAD1	0	1	0	129	288	8	43	83	3
RNF122	0	0	0	71	142	8	28	51	1
SLC17A6	0	1	0	285	546	18	93	135	3
POLI	2	2	0	319	888	49	114	273	14
NBN	1	3	0	309	840	51	91	249	11
TNFSF13	0	1	0	104	235	13	41	80	2
KRTAP2-4	0	0	0	64	150	9	22	62	7
CDK5RAP2	0	5	0	831	2045	88	261	674	26
NPRL2	0	0	0	156	357	13	46	97	2
TMEM242	0	1	0	61	184	5	18	49	4
UST	1	1	0	183	397	14	68	131	1
INHA	1	1	0	205	380	6	75	145	4
MFAP4	0	0	0	140	237	16	52	84	1
C16orf54	1	0	0	132	253	11	47	84	5
CEL	0	0	0	422	928	21	135	252	6
VDAC1	0	0	0	135	215	2	53	66	1
CEMIP2	3	1	0	571	1520	59	197	463	14
DDX20	2	3	0	344	942	41	103	283	11
GLYCTK	1	2	0	311	607	22	108	227	6
HMGCS2	0	3	0	255	584	24	88	181	7
ARHGAP31	0	1	0	651	1435	24	196	462	7
SLC9B1	0	0	0	175	468	27	70	153	5
PLA2G2F	1	1	0	105	273	11	30	98	2
PKD2L2	0	1	0	238	569	34	71	187	9
NEK6	1	0	0	161	291	13	72	75	2
CUTC	0	1	0	117	295	10	0	0	0
C1QTNF4	0	1	0	289	558	11	87	170	3
MIA2	2	2	1	568	1568	49	192	499	16
ACSL6	1	0	0	326	677	26	125	218	6
IFNA1	0	0	0	67	178	7	22	53	0
MMP8	1	1	0	209	591	37	76	191	22
CMTM5	1	1	0	112	275	18	38	96	4
SLCO1C1	0	0	0	295	814	52	89	256	11
ABAT	1	4	0	301	605	21	100	209	3
CARTPT	0	0	0	59	142	6	21	30	1
ACSM2A	0	0	0	265	781	47	108	288	19
LGALS14	0	0	0	63	177	11	23	58	3
NXPH2	0	1	0	135	280	4	41	88	1
SALL1	0	0	0	683	1417	9	251	462	1
RTN2	0	0	0	299	598	22	100	198	2
BEST1	0	1	0	266	629	36	80	206	11
CHST5	2	1	0	301	590	18	105	207	8
CCDC103	0	0	0	103	254	14	39	77	6
TRAIP	1	0	0	194	447	20	51	152	6
ZHX1-C8orf76	0	0	0	123	296	19	40	87	7
GAD2	0	0	0	277	553	11	0	0	0
CEP55	0	0	0	179	438	36	0	0	0
ERBB3	1	2	0	557	1303	46	201	441	8
ANKHD1	2	7	0	973	2019	14	304	590	2
TMEM106B	0	2	0	130	291	9	42	71	0
GNAI1	0	11	0	167	298	8	60	70	1
ENSG00000290230	0	0	0	167	361	14	62	113	5
OR1L8	0	1	0	139	331	12	51	101	4
C19orf81	0	1	0	107	280	9	34	96	3
AP2M1	0	2	0	191	170	2	61	40	0
GC	1	2	0	212	516	26	67	129	5
ADGRE3	0	1	0	291	677	45	92	214	11
NOMO1	0	0	0	457	930	34	126	246	10
OLA1	1	3	0	148	337	7	48	88	1
NDUFC1	0	0	0	50	103	9	14	42	4
MFSD6L	0	1	0	295	651	37	93	211	12
CPD	0	0	0	596	1302	27	175	381	6
UTS2R	0	1	0	280	516	20	104	199	11
MRPL24	0	2	0	89	252	11	34	99	5
ISYNA1	0	2	0	373	634	22	153	210	3
EYA3	0	1	0	191	475	13	61	137	3
NUP188	1	3	0	820	1806	52	281	603	10
COMMD8	0	0	0	70	231	18	28	59	3
PSKH2	0	1	0	176	490	24	52	134	10
VIPAS39	0	2	0	172	464	26	58	170	11
SMIM6	0	0	0	29	63	4	7	22	1
PDGFD	0	2	0	179	398	13	49	122	6
TIMM29	0	2	0	188	361	16	66	133	5
ENDOV	0	0	0	174	396	17	65	142	9
SPOPL	0	1	0	143	416	13	45	123	4
GAST	0	0	0	47	116	11	16	39	4
OAZ3	0	1	0	94	251	22	26	96	7
FOXR1	0	2	0	122	337	12	33	114	6
C8orf74	1	0	0	237	492	29	81	166	6
SWSAP1	1	2	0	156	352	17	44	94	5
DOCK7	1	5	1	819	1892	66	264	595	11
ASAH2	0	0	0	299	863	40	0	0	0
IL17RA	0	4	0	532	1176	37	193	389	7
MLLT11	0	0	0	41	76	3	11	21	0
FBXL7	1	0	0	307	556	11	110	190	1
IGFN1	3	11	0	1685	4563	196	627	1549	65
LIMD1	1	0	0	313	773	16	104	285	2
ZBTB1	1	1	1	220	531	10	72	155	4
TMEM11	0	1	0	117	138	1	43	44	1
APOE	0	0	0	205	417	21	81	154	5
LIN7B	0	0	0	144	296	9	53	86	0
FKBP15	3	4	0	511	1213	65	162	378	18
HDGF	0	1	0	123	202	2	50	81	0
FTH1	0	1	0	89	174	7	35	35	3
CPNE9	0	3	0	248	559	21	91	152	8
FBP2	0	1	0	166	405	16	73	140	6
LYPD3	0	3	0	178	421	17	57	146	3
H2BC18	0	0	0	120	121	8	58	45	5
KIR3DL2	0	0	0	251	737	26	112	244	11
DKK1	0	0	0	113	324	8	0	0	0
TRPM5	1	4	0	721	1488	62	275	575	25
PEMT	0	1	0	134	283	7	65	93	1
TNS2	0	0	0	724	1541	34	253	562	3
GIMAP8	2	2	0	312	745	27	106	249	7
DLAT	1	0	0	248	694	20	93	210	4
APOBEC3B	0	0	0	163	425	27	58	147	6
PRKAB1	1	1	0	136	251	9	36	89	3
PTBP1	2	5	0	474	651	1	191	194	0
PLAUR	0	1	0	134	375	11	39	114	0
MMP9	0	3	0	406	890	40	134	274	8
SIT1	0	0	0	107	205	9	38	80	2
ENSG00000291313	0	0	0	26	83	0	13	50	0
TSC2	0	10	2	1302	2160	16	533	765	2
ENSG00000173867	0	4	0	301	673	18	102	196	1
CCRL2	0	1	0	164	410	22	55	125	6
PTTG1IP	0	1	0	89	232	7	35	84	0
WIPF3	1	1	0	298	690	11	87	232	5
KCTD10	0	0	0	152	234	11	64	66	1
PPP1R1C	0	1	0	42	133	10	10	41	1
ENSG00000198211	3	1	0	534	739	26	226	278	10
FGF23	0	1	0	120	284	7	52	90	2
LRRC63	0	1	0	210	587	23	65	188	9
HDAC1	1	0	0	226	334	19	77	83	1
EFHB	0	0	0	339	976	54	96	314	20
MACF1	4	7	0	3050	7128	136	994	2225	28
C1D	0	0	0	61	157	7	20	53	1
RNLS	0	0	0	137	362	27	0	0	0
VPREB1	0	1	0	78	177	10	38	57	2
PTMS	0	0	0	59	72	2	26	22	1
KCNC1	0	7	0	346	407	4	118	111	2
FAM89A	0	1	0	142	241	18	53	83	3
MPV17L	1	0	0	120	283	14	45	91	3
GPR83	1	1	0	224	591	21	85	211	5
PIP5KL1	0	0	0	243	485	20	77	149	6
EVI5L	0	2	0	472	680	17	171	193	2
UBE2R2	0	0	0	101	97	1	43	19	0
RD3	0	1	0	113	254	10	34	75	4
ITPRIPL2	0	0	1	329	643	18	102	204	8
TMEM276	0	0	0	153	281	10	57	93	3
LRRC49	0	4	0	263	689	25	81	218	5
BTRC	0	3	0	255	563	31	0	0	0
POU4F3	0	0	0	221	414	6	76	122	1
FBXO11	0	15	0	478	719	4	143	156	0
VIP	0	2	0	73	201	8	16	63	4
ATP6V0A2	0	0	0	392	859	43	129	279	13
ZFAND2A	1	1	0	87	187	11	30	70	0
CFDP1	0	0	0	160	392	19	44	108	1
HYCC1	0	2	0	232	541	21	83	148	1
KLHL29	1	3	0	492	853	23	178	296	0
HSPB1	0	0	0	155	348	15	53	106	6
UPK3B	0	0	0	140	308	16	72	117	4
VSIR	0	1	0	174	311	6	0	0	0
RPS25	0	0	0	69	86	0	16	17	0
EXOSC8	1	0	0	98	277	11	27	91	6
SMCO4	0	0	0	37	65	5	15	25	1
TBC1D3I	0	0	0	87	178	17	7	15	1
ENSG00000266997	0	0	0	78	164	3	24	54	1
EYA2	0	1	0	243	571	9	98	190	3
BRWD1	0	10	3	887	2102	47	290	586	6
ENSG00000204003	1	0	0	80	182	12	36	53	5
FREY1	0	0	0	69	132	5	22	50	2
ARID1A	2	12	4	1290	2336	1	462	745	1
CLIC3	0	0	0	158	351	7	42	98	2
UNC93A	0	0	0	253	545	35	101	216	10
TKFC	0	2	0	294	696	20	85	242	5
CALML5	0	0	0	100	208	5	0	0	0
BHLHA15	0	2	0	124	255	7	44	101	1
FAM163B	0	0	0	105	222	6	50	93	1
RTP1	1	0	0	157	335	17	59	107	4
EFCC1	2	1	0	385	810	34	129	275	10
PRELP	0	0	0	207	387	15	65	142	8
DEFB4A	0	0	0	15	29	1	2	3	0
AK3	0	2	0	151	379	20	53	127	6
FAM53B	0	1	0	207	438	7	0	0	0
GPX2	0	0	0	0	0	0	0	0	0
JUND	0	2	0	334	511	5	123	153	0
PAPSS1	0	1	0	255	651	31	85	174	8
KRT80	0	1	0	213	501	15	82	204	5
MFSD4B	0	1	0	194	561	22	69	184	8
VASN	1	0	1	427	831	16	181	323	2
CLCA1	0	4	0	385	994	48	138	315	15
PCDHGA8	1	0	0	491	1151	44	166	394	10
NPTX1	0	2	0	244	423	5	80	124	2
SPATA16	1	2	0	207	585	32	52	189	8
DKK3	0	1	0	187	365	17	71	111	8
SF3B2	2	6	0	412	714	7	158	215	2
DDX25	0	2	0	194	552	40	79	185	15
DDOST	1	0	0	240	510	11	87	172	3
STMN3	0	0	0	128	242	12	49	66	2
GAB2	1	3	0	319	812	13	100	254	5
TREM2	0	3	0	120	236	8	37	73	7
DUSP3	0	0	0	91	193	8	37	64	0
RGR	0	2	0	181	345	18	0	0	0
CEP72	1	1	0	368	805	50	143	313	7
EIF3E	2	0	0	189	317	19	66	83	5
UGDH	0	1	0	185	437	10	51	120	3
AKAP9	2	8	0	1397	3886	183	425	1227	37
CLEC12A	0	0	0	115	306	14	37	110	4
AARS1	0	2	0	498	1119	40	171	364	16
L3HYPDH	2	0	0	204	501	19	56	159	4
PIM3	1	0	0	324	439	7	137	134	0
CYGB	0	1	0	92	193	6	41	58	0
PYURF	0	0	0	56	142	8	21	48	2
FPR1	0	0	0	183	388	14	73	124	6
ZDHHC7	0	0	0	162	368	12	59	114	3
SPRED1	1	3	0	159	436	10	51	130	5
CTSO	0	0	0	146	401	22	48	113	8
GPANK1	1	0	0	169	426	21	46	125	5
GLOD4	1	2	0	138	381	18	55	119	5
C20orf202	0	0	0	40	121	9	18	44	5
E2F2	0	1	0	221	424	9	84	154	3
FAM86B1	0	0	0	113	293	17	11	34	2
TMEM53	1	1	0	125	296	5	46	110	0
UQCC6	0	0	0	29	88	3	8	24	3
ZNF728	0	0	0	216	641	35	61	220	12
TMEM161A	0	1	0	263	528	24	91	184	11
ADRA2B	0	0	0	239	531	28	81	182	4
AQP7B	0	0	0	0	0	0	94	218	9
TAAR5	0	1	0	171	467	28	56	153	8
EFCAB5	1	4	0	565	1512	78	181	489	20
VCPIP1	3	3	0	503	971	6	186	262	2
ILDR2	0	0	0	353	747	15	117	239	4
HTD2	0	0	0	0	0	0	21	60	1
MICOS13	0	0	0	63	157	9	23	56	4
PSG4	0	0	0	268	731	38	102	251	14
EPHB4	1	7	0	532	1018	31	222	363	6
PTPRA	1	1	0	314	670	12	138	211	0
SFT2D1	1	0	0	78	156	11	18	53	1
HMGN3	0	0	0	53	121	1	22	46	0
KXD1	0	0	0	85	187	3	36	61	0
TRAPPC8	0	3	0	592	1447	39	223	421	6
TBX18	1	3	0	335	752	9	105	225	1
ZGRF1	3	1	0	824	2112	138	267	630	31
DNAJC21	0	1	0	203	573	32	83	200	5
ENSG00000273217	1	3	0	696	1681	37	229	492	10
FLII	0	4	0	740	1560	53	279	543	12
DSE	0	0	0	387	812	36	117	264	5
PHLDB3	1	2	1	365	825	44	114	303	21
DEF8	0	0	0	298	546	20	116	174	8
PFAS	2	3	0	666	1553	59	267	527	16
CFTR	2	4	0	608	1793	107	191	649	31
GNLY	0	0	0	75	157	9	21	65	4
DNAH11	2	3	0	2362	6338	259	794	2067	78
PEF1	1	1	0	136	324	14	52	115	5
SC5D	0	1	0	109	299	13	31	94	3
LHX1	2	1	0	240	427	6	79	112	2
OR2AT4	0	1	0	130	341	10	40	127	3
RBM15B	1	2	0	610	1082	11	202	306	2
KRTAP1-5	0	1	0	91	221	8	33	78	4
SPACA4	0	1	0	59	114	2	28	44	0
ZNF343	0	0	0	231	593	40	66	189	24
KANK2	1	1	0	485	1050	25	217	406	2
EPPIN	0	0	0	48	128	8	15	41	2
PTGFR	0	1	0	151	351	8	42	117	1
GHRH	0	0	0	48	109	7	18	27	1
NPL	1	1	0	129	303	8	33	89	2
SOX10	0	2	3	251	391	2	90	114	0
SCAF8	1	1	0	542	1327	11	179	391	3
CES3	1	0	0	266	615	31	92	210	13
NUB1	1	0	1	231	594	24	90	186	3
AKAIN1	1	0	0	30	97	4	10	31	0
PPY	0	0	0	65	102	1	23	32	1
ATP8A1	1	5	0	497	977	50	164	297	6
GPR155	0	3	0	322	784	48	105	250	14
PERCC1	0	0	0	0	0	0	81	157	6
NDC1	0	2	0	291	670	12	98	215	1
RUBCN	1	3	0	463	1051	35	147	312	8
SUPT7L	0	0	0	156	436	10	53	138	1
HERC6	1	0	0	402	1024	54	134	328	16
ZNF778	2	1	0	456	1186	67	171	405	25
TMEM215	0	1	0	114	254	12	40	83	2
HOXD1	1	0	0	230	496	11	73	150	4
CMTR1	1	2	0	373	631	13	123	196	5
WASF3	0	0	1	245	512	11	106	178	2
ADCY2	0	6	0	501	778	15	178	231	1
ABCD3	1	2	0	260	575	28	84	172	5
ART1	0	0	0	189	448	14	57	175	6
LAMP1	0	0	0	236	499	6	87	178	0
GINS1	0	0	0	96	219	18	19	65	4
RAB42	0	0	0	107	270	20	40	96	6
OR5B12	0	1	0	157	413	9	46	129	3
TMTC4	2	0	0	367	803	38	132	298	6
KRTAP10-4	0	0	0	173	414	29	56	152	8
NOP10	0	0	0	29	75	4	6	23	2
NIP7	1	0	0	103	227	5	30	65	1
ADGRE5	2	2	0	457	923	31	150	322	7
EDN1	0	0	0	79	228	5	22	70	1
MAPKAP1	0	1	0	225	418	12	71	105	1
DNAH17	5	12	0	2837	5778	231	1145	2132	64
LDLRAD2	0	0	0	165	346	13	54	116	2
RRP1	1	0	0	240	567	17	82	187	4
LARS2	2	2	0	358	884	38	127	298	15
SUPT16H	0	5	0	456	622	17	143	146	2
LLCFC1	0	0	0	59	156	12	22	40	3
NDN	0	0	0	214	424	7	78	140	2
NANOS2	0	0	0	88	170	3	37	57	1
RSPO2	1	1	0	114	262	11	29	82	2
ABLIM2	0	4	0	353	745	22	150	303	4
BNIP2	0	0	0	147	396	14	56	107	2
REEP2	1	2	0	118	222	6	45	74	1
CALML3	0	0	0	82	188	7	0	0	0
ATF7IP2	0	2	0	285	885	20	99	270	3
PLXNA4	2	5	0	1023	1617	23	395	537	2
TPM2	0	2	0	129	161	11	46	40	1
CDH18	0	2	1	341	860	17	113	274	2
TBP	0	0	0	131	193	9	68	58	4
SCTR	2	1	0	206	501	28	70	160	11
DDX54	1	1	0	444	1040	44	190	403	11
ESRP1	0	2	0	299	642	22	89	193	1
ENSG00000288725	1	1	0	154	391	14	52	140	10
RANBP2	0	0	0	1192	3090	47	398	1061	9
SLC2A4	1	1	0	263	499	17	93	182	1
BTBD10	0	0	0	168	379	20	55	107	5
COL5A3	2	6	0	922	2172	52	321	695	15
ENSG00000269035	0	1	0	116	285	10	55	102	4
MARK2	1	5	1	386	548	7	116	163	1
PARD3	2	2	0	552	1564	49	0	0	0
KICS2	0	2	0	200	429	16	56	125	3
STX2	0	0	0	120	318	10	37	105	3
DACT2	0	4	0	449	991	32	167	377	13
CXCL12	0	0	0	55	96	2	0	0	0
CALCA	1	0	0	81	179	5	23	65	1
TMOD4	0	0	0	138	354	21	39	129	4
ENSG00000131152	0	0	0	0	0	0	0	0	0
HDAC10	0	2	0	433	869	26	165	286	9
LIPF	1	0	0	147	385	19	0	0	0
MYOM3	1	3	0	752	1712	82	267	633	24
ZSCAN12	2	0	0	176	589	40	66	193	6
SHC3	0	1	0	312	634	16	103	191	4
EIF3A	0	4	0	583	1249	10	0	0	0
GTF2A1L	1	1	0	202	664	30	79	226	6
RGS9BP	0	0	0	179	342	11	59	96	5
C7orf57	0	1	0	131	322	18	49	105	5
CCDC40	1	3	0	577	1348	57	200	462	23
SLC9A8	2	2	0	283	532	18	92	182	4
TMEM79	0	3	0	208	481	25	80	190	6
MTURN	0	0	0	73	117	3	20	36	0
HMGN2	0	1	0	43	98	0	15	30	0
DCK	0	1	0	107	246	11	42	70	4
WDFY3	5	6	2	1529	2811	40	486	818	5
CACNA1I	5	10	0	1330	2129	36	500	709	6
ERFE	0	0	0	211	423	12	108	179	4
IRAK3	0	1	0	241	670	44	66	230	12
PGGT1B	0	0	0	177	384	21	55	107	2
SV2A	0	3	0	345	677	17	131	227	2
OR14A16	0	0	0	130	309	15	50	105	5
RBPJL	1	3	0	279	621	25	99	190	6
SREBF2	0	6	0	586	1195	30	195	424	3
NAT1	0	1	0	136	391	24	48	118	10
MATN2	0	1	0	405	934	29	153	300	11
CBLN1	0	1	0	85	154	2	27	41	0
KIRREL3	0	1	0	392	789	11	161	264	3
NKTR	1	4	0	595	1480	51	176	452	12
LCA5	1	1	0	288	763	30	92	253	9
ULK2	0	1	0	433	1006	34	162	342	8
EXOC1L	0	0	0	0	0	0	22	58	4
ZNF451	0	0	1	347	978	66	124	279	11
TCTN3	0	3	0	264	645	37	0	0	0
USB1	0	0	0	114	296	6	54	114	2
RGS4	0	1	0	89	216	8	27	80	2
API5	0	0	0	229	368	10	76	91	0
BCCIP	1	0	0	138	363	11	0	0	0
PPM1D	0	1	9	285	523	34	82	163	19
ZNF92	0	0	0	212	646	25	66	186	6
SH3BGRL3	0	0	0	50	104	3	11	31	3
SEH1L	0	0	0	167	372	8	63	108	2
NME2	0	1	0	71	161	6	21	49	2
OVGP1	0	1	0	261	747	29	101	250	5
JCHAIN	0	0	0	50	157	2	16	52	1
FABP5	0	0	0	55	151	4	15	45	1
DDX47	0	0	0	192	504	27	71	185	10
ENSG00000188223	0	0	0	23	50	3	12	7	0
CCDC33	0	2	0	372	869	46	121	290	13
MEIS2	2	7	0	232	412	6	82	109	0
H4C4	0	0	0	135	234	10	65	78	2
GRID2IP	3	4	0	813	1683	45	305	571	10
KLK7	0	0	0	138	319	12	44	117	1
GOLGA6L24	0	0	0	0	0	0	5	23	1
OR7A17	0	0	0	161	360	15	42	132	1
ALB	1	2	0	245	614	17	90	194	4
SPINT2	0	1	0	135	267	5	52	68	1
GCKR	3	1	0	279	709	35	102	258	15
TOX2	2	3	0	303	585	10	111	189	1
CWC22	1	0	0	327	902	26	94	280	6
TTPAL	0	1	1	157	345	18	55	103	4
CAPN1	2	3	0	360	769	26	127	266	3
ENSG00000259316	0	0	0	46	132	8	16	36	1
NUBP2	0	2	0	198	373	11	81	153	6
TNKS	3	3	0	800	1611	36	291	445	4
GGA1	1	2	0	334	674	11	129	228	2
F12	0	0	0	369	722	29	107	215	13
C2orf72	0	1	0	216	440	15	84	146	7
TMEM14A	0	0	0	41	106	2	11	27	1
ZKSCAN3	0	1	0	206	485	34	71	155	8
GSPT1	1	2	0	323	564	4	88	146	0
ZNF708	0	0	0	188	556	32	56	183	8
DAPP1	0	1	0	108	224	11	38	57	2
CTDSP2	1	2	0	130	245	2	44	77	1
ILKAP	0	0	0	180	321	5	68	109	0
CLDN15	0	1	0	142	219	5	39	73	1
PPFIA2	0	6	0	572	1080	18	180	320	1
IGSF10	2	5	0	1097	3008	168	353	973	46
SNRPF	0	0	0	27	40	1	7	8	0
FSBP	0	2	0	102	251	18	40	75	4
C22orf15	0	1	0	66	179	5	25	61	2
BTBD6	0	0	0	421	720	19	147	228	9
ATP1B3	1	0	0	117	218	4	44	60	0
GTF3C4	0	2	0	372	767	10	137	203	1
STIMATE	0	1	0	156	270	5	61	84	2
GNGT2	0	1	0	28	60	3	14	20	0
FXYD3	0	0	0	50	98	5	19	33	2
MYO16	0	7	0	946	2162	50	330	670	10
RHOJ	0	0	0	90	202	4	25	69	1
BTG1	0	0	0	102	132	2	38	46	1
ENSG00000285329	0	0	0	46	125	6	18	48	1
TMEM86A	0	0	0	107	223	8	45	76	2
MAEL	0	1	0	172	471	18	45	146	5
DNAJC5G	0	0	0	80	224	13	25	61	5
SULT2A1	0	1	0	121	293	23	40	104	7
DEFA1B	0	0	0	0	0	0	0	0	0
KNTC1	0	3	0	923	2276	120	299	701	29
IFNL1	0	1	0	100	238	9	41	78	3
SH3GLB2	0	3	0	217	362	14	77	123	3
EMC8	0	1	0	151	280	8	58	76	0
CSNK1D	0	1	0	270	378	11	97	99	3
OR2T12	0	0	0	151	394	20	55	152	2
DRD2	0	4	0	219	372	5	100	124	0
KRTAP9-4	0	0	0	76	186	7	25	74	3
MRPL43	0	0	0	104	212	11	0	0	0
DKKL1	1	0	0	123	277	9	45	104	3
STAT1	0	5	0	338	292	15	130	74	2
OTX2	1	2	1	140	272	3	42	71	0
ZBTB22	0	3	0	330	631	10	119	189	1
TXNDC2	0	1	0	197	509	22	65	155	9
ACIN1	2	4	0	538	1303	5	201	402	3
RUVBL2	0	2	0	260	425	3	95	152	0
ENSG00000272442	0	0	0	0	0	0	0	0	0
CREBRF	0	0	0	244	490	2	85	139	1
OR10D3	0	0	0	0	0	0	48	135	4
PIPOX	1	0	0	176	426	30	72	154	10
FAM217B	0	0	0	161	423	21	61	151	5
ODAM	0	0	0	129	332	27	45	118	8
RXFP3	0	1	0	302	638	27	110	197	10
FARSA	3	0	0	292	558	21	104	172	5
PRKAR1B	1	8	0	248	404	11	91	129	0
PBX2	0	0	0	194	428	8	57	135	1
RBP3	2	1	0	762	1572	45	0	0	0
EMP1	0	0	0	79	151	2	26	64	2
DENND2D	0	3	0	214	479	15	77	148	2
FAM90A5P	0	0	0	0	0	0	0	1	0
RNF151	0	0	0	156	340	12	59	113	2
RBM24	1	0	0	140	244	6	50	57	3
GUCY1A1	1	0	0	306	750	31	99	248	10
IFNA16	0	0	0	124	310	16	48	117	5
APPL2	1	3	0	285	668	33	99	224	13
UGT1A10	0	1	0	291	645	32	107	259	13
OPN3	0	1	0	215	437	26	71	132	6
PRKCI	0	1	0	222	459	20	82	128	4
ZNF239	1	0	0	174	501	27	0	0	0
RAB29	0	1	0	97	186	10	24	66	4
ENSG00000286190	0	0	0	84	190	5	29	66	2
CDV3	0	0	0	131	308	11	44	92	1
TM6SF1	1	1	0	163	353	22	46	101	2
KIF1C	0	2	0	604	1213	38	221	437	10
THOC6	0	1	0	180	419	22	62	133	6
ZNF584	0	0	0	182	443	19	66	150	5
RNF149	1	3	0	198	466	14	74	144	3
C21orf58	1	1	0	171	394	20	63	130	9
ABRACL	0	0	0	31	105	2	14	34	2
GBP7	0	1	0	294	674	39	105	211	9
MRPS11	0	1	0	111	262	12	38	94	5
MYCT1	1	1	0	91	307	15	31	98	6
KRTAP4-2	0	0	0	56	155	7	27	55	4
VIM	1	0	0	253	524	10	0	0	0
C11orf98	0	0	0	65	135	5	19	59	2
FOSL2	0	1	0	164	296	1	57	84	1
C9orf43	0	0	0	203	493	33	69	169	9
KIAA0930	1	3	0	250	407	13	97	143	1
TRMT10A	0	1	0	117	331	22	42	92	4
HSPB9	0	0	0	90	196	6	39	76	1
GGCT	1	0	0	75	202	15	23	63	5
SUV39H2	1	0	0	158	258	2	0	0	0
USP17L7	0	0	0	0	0	0	137	399	27
LRRC47	1	1	0	395	644	21	139	218	3
IMPDH2	0	3	0	268	435	17	82	117	4
PCDH8	0	0	0	712	1352	25	239	426	9
ZNF653	1	0	0	367	742	16	148	218	1
KCNK12	1	1	0	307	382	2	106	90	2
KHDC4	0	0	0	274	612	8	95	157	2
TRERF1	3	4	0	575	1176	27	206	388	3
FUT1	0	1	1	181	447	21	59	144	9
EIF3L	1	1	0	270	469	18	91	149	1
FAF1	0	2	0	244	614	13	89	151	0
TAF11L7	0	0	0	0	0	0	0	0	0
FAM204A	0	0	0	87	232	13	0	0	0
ZNF354C	1	0	0	186	562	27	55	192	6
LPP	1	3	0	319	822	23	101	275	9
FAM81A	1	1	0	164	326	10	51	96	4
INA	0	0	0	299	576	27	0	0	0
MCM7	0	2	0	465	1005	60	182	325	15
TRNP1	0	0	0	174	367	12	57	99	3
OR10H1	0	2	0	171	384	9	71	130	2
FTO	0	0	0	215	518	20	74	173	8
FBXO43	0	1	0	282	671	19	81	222	5
CTAGE4	0	0	0	86	247	11	7	14	0
SELPLG	0	0	1	183	453	15	66	150	2
LRRC74B	0	1	0	0	0	0	71	155	7
PKD2L1	1	1	0	391	903	56	0	0	0
TAFA2	0	0	0	64	134	6	17	39	1
ZNF114	0	1	0	152	431	25	48	140	7
ZNF20	0	1	0	168	479	23	60	173	4
PDIA5	0	3	0	250	570	21	93	188	5
HES4	0	0	0	206	391	10	67	122	1
POP4	0	0	0	95	271	12	49	93	3
RAB26	0	0	0	199	384	12	84	134	5
LTN1	1	4	0	693	1609	44	227	473	8
STAU2	0	2	0	216	564	16	76	189	2
WASHC3	0	0	0	80	201	10	24	63	2
PRSS3	0	0	0	86	238	9	28	97	1
COL1A1	1	8	1	761	1274	12	275	434	2
NOXA1	1	3	0	263	551	22	101	213	12
ISX	0	0	0	117	309	18	44	112	7
MBD5	2	2	4	725	1743	13	219	544	0
NXPE2	0	0	0	225	643	29	73	189	11
ANKRD52	2	3	1	517	749	3	187	224	0
GIPR	0	2	0	252	623	42	95	183	18
FGF14	1	1	1	132	210	2	50	63	0
COPS3	0	1	0	169	301	5	75	80	0
CST2	0	0	0	92	237	11	48	93	4
SH3RF2	1	1	0	376	852	32	142	281	12
TUBA3FP	0	0	0	0	0	0	18	34	2
RPH3A	2	4	0	301	735	29	103	267	1
TTC32	0	0	0	75	183	10	24	66	0
CLDN12	0	0	0	120	208	8	47	61	4
ADRB3	0	1	0	292	598	29	83	187	7
FAM76B	1	1	0	165	319	11	54	93	1
TMEM14C	0	0	0	43	134	4	12	58	2
PLA2R1	1	2	1	560	1564	99	207	490	29
FAM180A	0	0	0	94	201	8	37	85	2
ZNF684	0	1	0	121	376	14	38	122	8
DAXX	1	2	0	341	742	21	112	206	5
CCBE1	1	1	0	246	511	17	89	179	3
GRHPR	0	1	0	171	371	15	67	116	5
MTFR1L	1	3	0	133	283	7	47	90	0
NOTCH2	3	8	3	1097	2234	20	370	685	2
PLEK	0	2	0	162	380	17	55	126	3
AARSD1	0	1	0	174	457	27	70	155	5
KRTAP25-1	0	1	0	45	126	7	13	39	5
PRAMEF33	0	0	0	0	0	0	18	55	0
RPL24	0	0	0	80	128	0	29	26	0
ADPGK	1	1	0	238	550	19	85	165	6
APMAP	1	0	0	214	479	22	78	162	8
ICMT	0	0	0	158	252	6	66	69	2
GLCE	1	2	0	230	533	19	75	158	0
GAR1	0	0	0	71	218	3	26	64	1
SRCAP	5	7	10	1696	3322	15	567	1151	6
OR2AJ1	0	1	0	0	0	0	37	116	5
CUEDC2	0	1	0	114	270	6	0	0	0
MCM3AP	3	4	0	971	2288	80	323	753	12
EOMES	0	2	0	408	847	11	136	244	2
PCDHA9	1	0	0	577	1260	46	224	440	18
HSF2	1	2	0	217	495	10	75	129	2
RBFOX3	0	1	0	235	366	6	99	119	0
ABCG5	0	2	0	351	840	39	133	298	17
SEC22C	0	0	0	129	333	23	39	104	8
ENSG00000289258	0	1	0	467	1024	39	0	0	0
THEGL	0	3	0	199	492	28	69	165	8
DIS3L2	0	3	0	413	946	28	158	330	7
CLEC4F	0	0	0	251	688	32	81	210	11
GCA	1	0	0	98	245	14	29	78	4
TACC3	1	3	0	463	1067	23	194	360	5
BTF3L4	0	0	0	54	95	1	14	21	1
TPM3	0	1	0	112	172	5	45	33	0
HMBS	1	0	0	192	394	8	63	124	2
DLX3	1	1	0	150	299	8	42	91	2
KDSR	0	0	0	153	354	11	46	79	4
CDK11A	0	0	0	351	798	45	114	279	14
BCAS4	0	0	0	93	201	4	30	82	1
CTDSPL2	0	0	0	182	323	0	55	88	0
ZNF445	1	1	0	413	921	20	135	286	8
SLC44A1	0	3	0	251	647	17	90	210	2
TAF1B	1	1	0	247	573	32	72	192	11
PHF7	0	1	0	156	363	16	57	99	2
ATMIN	0	1	0	474	1099	20	158	342	0
CKS1B	0	0	0	28	61	3	8	18	0
TTI1	0	1	0	480	1056	49	161	357	16
SLAMF6	0	1	0	160	318	11	52	101	3
COMMD1	0	0	0	103	260	9	26	75	3
MPO	0	2	0	396	902	35	137	308	12
GABARAP	0	0	0	57	96	6	17	17	0
KIF9	0	0	0	340	856	32	124	299	7
RTL1	2	9	1	678	1545	55	259	545	13
SLCO2A1	0	3	0	317	673	33	108	224	6
PPIA	0	0	0	59	97	0	18	18	0
BCAP29	0	1	0	102	283	14	42	99	1
WNT7A	0	2	0	159	380	11	82	126	0
DNAJC18	2	1	0	135	316	18	38	117	6
NDUFB9	0	1	0	77	193	21	29	76	6
FAM234A	2	0	0	336	735	24	142	292	10
XAF1	0	1	0	109	365	18	49	114	5
AP3D1	2	5	0	753	1352	10	277	440	5
C19orf12	0	0	0	87	143	3	37	49	1
ENSG00000285245	0	2	0	512	1021	29	210	357	6
ENSG00000267314	0	1	0	38	107	2	11	40	0
SLC39A8	0	4	1	199	459	5	67	137	1
BRD3OS	0	0	0	0	0	0	19	31	1
ANKRD55	1	0	0	253	692	34	87	228	11
CBLN3	0	0	0	120	235	14	48	70	5
ZNF845	0	1	0	370	1006	56	109	324	21
COMMD9	0	0	0	110	197	6	36	68	0
ARMC1	1	0	0	120	241	11	43	86	1
NCR3LG1	1	0	0	123	308	19	75	134	10
MUC3A	1	5	0	533	1389	31	548	1507	28
TMEM51	1	1	0	127	271	9	49	99	0
RDH10	1	2	0	170	249	8	53	58	0
MINPP1	0	1	1	263	564	15	0	0	0
ENSG00000268361	0	0	0	0	0	0	0	0	0
TMEM121B	1	1	0	447	785	9	171	229	3
TSNAX-DISC1	0	0	0	83	177	7	32	60	1
KRTAP19-1	0	0	0	47	112	9	22	48	2
NAALAD2	1	3	0	255	841	42	80	249	17
OR10G6	0	0	0	0	0	0	49	113	5
SPIN1	0	1	0	98	124	1	35	30	0
ENSG00000284762	1	2	0	329	608	8	116	162	3
SH3YL1	0	0	0	149	369	26	42	133	6
SLC1A1	0	3	0	303	669	16	110	216	3
LARS1	0	2	1	456	1208	53	159	346	8
PIK3C3	0	2	0	390	776	43	118	224	10
MCM6	0	3	0	335	815	25	109	254	0
SRARP	0	0	0	88	216	7	35	76	3
TMEM35B	0	0	0	85	168	8	29	45	1
DDN	0	1	0	424	835	17	124	261	4
NME6	0	0	0	70	210	12	30	67	8
NKAIN4	0	0	0	108	271	9	33	89	4
PLA2G10	0	0	0	21	50	5	10	13	3
SF3B1	0	7	0	525	525	6	162	131	0
HAMP	0	0	0	47	105	5	16	30	2
ENSG00000100101	0	0	0	122	240	7	40	88	5
ZPR1	1	0	0	198	495	18	74	153	7
MOV10	1	1	0	464	917	28	153	299	2
MMP28	1	2	0	296	616	41	108	236	14
IFI16	0	0	0	299	855	35	104	246	7
CELF1	0	0	0	226	375	3	66	97	1
ZNF362	1	3	0	239	330	4	93	106	0
NPIPA7	0	0	0	33	80	6	0	1	0
PRSS54	0	0	0	186	422	17	67	125	7
ZMAT2	0	1	0	80	102	2	25	29	0
RAB31	0	1	0	77	175	11	29	59	1
PPP4C	0	2	0	173	176	5	58	32	0
TBCA	0	0	0	43	95	5	15	40	0
PROC	1	5	0	212	467	16	79	164	7
TOMM20	0	1	0	67	113	9	17	26	1
NPIPA1	0	0	0	66	169	4	19	56	1
ATP2B2	2	11	0	647	939	6	281	270	1
SRGAP2	0	1	0	3	6	0	130	205	1
B3GALT6	0	1	0	327	557	19	127	193	4
TMEM270	0	0	0	124	291	24	36	112	10
AASS	0	0	0	390	984	48	137	310	14
ENSG00000285585	0	4	0	321	897	45	98	316	10
HEPACAM2	0	2	0	181	486	28	69	157	6
DCTN3	0	0	0	70	206	13	25	67	3
CACUL1	1	1	0	193	420	7	0	0	0
WNT10B	0	3	0	195	469	22	62	143	5
KRTAP12-4	0	0	0	56	139	9	19	35	3
FBXW10	0	0	0	372	943	53	143	307	24
CX3CL1	1	2	0	239	445	10	112	139	0
TRAPPC6B	0	0	0	83	177	14	29	56	3
CNRIP1	0	0	0	81	206	9	36	61	2
F3	0	0	0	136	292	14	45	97	1
OR5AC2	2	1	0	171	422	15	54	140	6
ENSG00000283128	0	0	0	46	113	6	23	53	3
PRMT9	0	3	0	332	902	47	98	291	10
FADS3	1	2	0	240	387	17	78	116	2
FAHD2B	0	0	0	122	294	17	41	88	3
NSL1	0	1	0	117	316	11	44	89	4
CKAP2	0	1	0	305	747	32	97	236	6
SREK1	0	2	0	261	546	5	95	184	1
OR8J3	0	0	0	154	398	13	51	121	4
EXOC3L4	1	4	0	465	978	45	174	332	10
SMIM42	0	0	0	0	0	0	7	21	0
GPATCH3	0	2	0	296	625	20	94	221	5
UBTD2	1	0	0	88	226	3	37	63	0
EEF1E1	0	0	0	69	176	7	20	50	1
CLDND2	0	0	0	105	222	14	29	60	2
NDUFS2	0	1	0	193	428	22	69	150	5
FAM90A20P	0	0	0	0	0	0	184	469	21
SLC17A2	0	1	0	207	463	20	68	135	6
LRMDA	0	0	0	133	269	10	0	0	0
SFTPC	0	2	0	111	204	11	43	68	5
GNG3	0	0	0	25	67	3	10	12	0
TELO2	2	4	0	551	1104	38	196	412	9
TSPAN10	0	0	0	227	467	15	81	160	8
TMEM179	0	0	0	116	230	8	47	86	0
ENSG00000283663	0	0	0	86	189	7	31	52	3
MSMP	0	0	0	62	156	6	21	60	2
CSKMT	0	0	0	133	282	17	46	98	5
OR4Q3	0	0	0	174	434	19	81	178	6
GFOD2	0	1	1	186	448	13	67	162	3
ENSG00000285000	0	0	0	225	604	27	94	198	7
PSKH1	0	1	0	197	363	15	74	145	5
PKP3	1	3	1	609	1257	51	232	447	13
ENSG00000267552	0	0	0	49	131	8	16	44	3
PCDHA12	1	1	0	527	1193	33	189	414	8
STIM1	0	3	0	321	669	16	123	246	2
CYB5D2	1	0	0	157	364	18	64	125	2
C12orf57	0	1	0	103	225	10	41	84	3
KAT7	1	0	1	256	397	3	88	102	1
PUM1	2	4	1	505	940	6	198	241	1
PHLDA3	0	1	0	103	179	9	33	62	3
SMYD3	0	0	0	216	476	24	69	171	5
IP6K2	1	0	0	210	335	9	62	100	1
PAQR5	0	0	0	123	356	12	47	122	4
LMBRD1	0	0	0	218	585	28	65	197	7
POC1B	0	2	0	177	480	20	62	166	11
SRRD	1	0	0	171	411	21	48	143	4
BACH2	0	5	0	419	778	5	124	224	1
DBX1	1	0	0	229	478	10	70	127	2
TDRD1	0	3	0	483	1158	15	0	0	0
NCSTN	1	2	0	313	671	16	93	224	0
TMEM272	0	0	0	0	0	0	39	85	3
ENSG00000258466	0	0	0	0	0	0	0	0	0
AGTRAP	0	1	0	73	178	7	32	66	3
ATP5MJ	0	0	0	23	63	1	9	17	1
SEC24B	1	2	0	548	1345	28	198	394	1
AQP4	0	1	0	127	386	10	46	120	2
VAMP1	0	0	0	37	101	10	16	32	1
SIRT2	1	1	0	151	434	13	61	142	3
CCER2	0	0	0	132	283	18	49	127	8
NDUFA7	0	0	0	73	152	11	25	66	2
MEGF8	7	6	0	1495	2931	85	604	1068	20
HLA-DRA	0	0	0	100	224	5	32	71	1
SLC15A5	0	0	0	254	644	27	91	191	9
GOLGA7	0	1	1	69	103	5	17	26	0
CHCT1	0	0	0	109	258	20	46	96	9
CITED2	0	1	0	204	422	1	76	142	0
PPP1R3B	0	1	0	160	407	13	57	152	2
ARHGEF10L	0	2	0	692	1337	36	272	497	6
CTBS	1	1	0	130	411	27	40	136	3
PATJ	1	2	0	750	2065	93	258	655	23
CFAP90	0	0	0	82	202	7	28	70	1
CD1A	0	1	0	172	418	35	53	152	19
TMBIM4	0	0	0	101	235	8	32	75	0
ACAD11	2	1	0	290	803	43	101	262	11
SOX17	0	2	0	323	584	2	115	194	0
ASPA	0	0	0	126	307	12	43	99	5
WDR64	2	2	0	419	1126	50	163	377	20
ST3GAL1	0	3	0	183	316	7	70	114	2
NDUFA2	0	0	0	47	124	6	16	35	0
MMP1	0	1	0	210	587	28	62	193	8
TP63	1	4	0	327	568	9	125	199	2
ZNF655	0	0	0	167	521	24	55	172	4
IGF1	0	1	0	68	107	1	26	43	0
PTPRC	0	6	1	510	1313	15	191	408	1
HNRNPR	1	0	0	279	417	1	72	110	2
HYPK	0	1	0	71	114	5	27	32	2
USP19	0	4	0	631	1349	20	198	464	4
REG3A	1	0	0	105	215	12	27	86	5
SLC29A4	0	0	0	467	841	17	211	299	4
RBP2	0	0	0	52	158	13	22	61	1
NACC1	1	10	0	276	382	3	148	104	0
KCNK7	0	1	0	191	345	11	64	126	5
DDB2	0	2	0	182	406	15	62	138	6
TMEM37	0	1	0	119	199	7	46	72	1
ZNF784	1	2	0	231	432	12	78	129	2
SEMA3G	1	2	0	399	931	42	141	336	12
MAT2A	0	1	0	186	189	1	62	44	1
TOMM20L	0	0	0	72	193	8	27	64	3
TAF11L13	0	0	0	0	0	0	49	130	3
SLC25A10	0	0	0	174	349	10	72	114	3
SYNGR2	0	0	0	138	278	14	46	90	5
SAMD4B	0	3	0	362	562	3	125	186	0
GABRB2	2	18	0	232	288	11	78	81	1
MORN5	0	0	0	77	197	9	26	66	4
KRT222	1	1	0	110	291	16	34	76	7
PHF20	0	0	1	397	894	15	134	299	3
SLC22A7	0	2	0	268	518	32	93	169	7
RSBN1L	0	0	0	410	922	21	146	295	3
R3HCC1	0	0	0	231	586	24	81	200	7
DMWD	1	2	0	480	777	14	188	227	2
PDGFA	2	1	0	123	216	1	49	76	0
LRRC25	0	0	0	158	321	14	64	120	1
STARD7	0	1	0	194	457	13	61	153	2
TMEM160	1	1	0	145	294	7	51	87	2
HINT3	0	0	0	79	187	7	30	68	1
PKN3	1	2	0	441	999	43	158	368	12
CD209	0	1	0	154	397	32	68	141	12
HMX1	0	0	0	301	579	13	96	203	3
AK4P3	0	0	0	0	0	0	17	33	1
PHIP	1	13	4	760	1303	24	229	336	7
CCNB2	1	0	0	168	443	17	65	146	6
SHKBP1	1	4	0	340	723	33	131	266	14
LSM14A	0	0	0	181	398	6	54	130	0
SLC17A1	0	1	0	190	520	26	57	136	8
P4HTM	1	1	0	270	518	17	90	155	5
POLA2	0	1	0	269	605	24	85	181	8
OR2M3	0	0	0	133	395	11	46	146	2
SPTY2D1	1	2	0	278	664	19	89	227	2
LCT	1	11	1	818	1762	75	313	534	20
MCOLN1	1	1	0	350	522	21	126	184	7
ITGB3BP	0	0	0	61	167	12	21	50	2
FSD1L	0	2	0	193	489	18	54	144	4
PVALB	0	0	0	57	122	1	20	35	1
GRSF1	0	1	0	295	631	27	97	194	6
APOBEC3D	0	0	0	191	492	32	76	186	6
CCDC192	0	0	0	0	0	0	37	95	6
COX7B2	0	0	0	31	111	4	10	35	2
CNP	0	0	0	220	427	6	90	136	0
RORB	0	6	0	210	301	3	70	89	1
MUCL1	0	0	0	43	132	3	11	38	2
ODF3L1	0	0	0	134	322	17	43	106	8
ENSG00000290217	1	0	0	87	273	10	34	98	5
PRRC1	0	0	0	188	533	20	57	166	5
ARPP19	0	0	0	48	111	4	16	32	0
ZNF205	0	0	0	358	760	19	134	263	8
SRSF2	0	2	0	191	146	2	68	40	1
STYX	1	0	0	85	185	7	40	38	2
POTEB	0	0	0	0	0	0	0	0	0
MARCHF7	0	2	0	293	758	20	105	249	5
WBP4	0	0	0	143	390	25	48	114	8
EFEMP2	0	3	0	253	469	15	92	149	3
MROH1	1	1	1	270	495	15	419	719	15
C4orf47	0	1	0	129	318	16	44	83	7
FNBP1	1	1	0	235	552	13	90	163	2
DHPS	0	2	0	251	452	15	94	163	3
JMJD4	0	0	0	243	562	28	116	195	8
ZNF829	0	0	0	149	375	24	50	132	9
BCL2L12	0	0	0	138	300	20	43	106	6
CDK9	1	2	0	226	339	18	100	91	3
GJA4	0	3	0	163	330	16	59	116	5
PCSK2	0	1	0	315	518	8	106	157	1
RPS17	0	0	0	71	79	0	36	19	0
CSPG5	0	0	0	282	606	12	98	183	2
IFNAR2-IL10RB	1	0	1	240	545	23	88	168	5
WDR46	0	0	0	276	653	35	69	212	9
PDE6G	1	0	0	52	106	5	18	28	1
MGAT5B	0	4	0	453	831	25	186	290	5
GCC2	1	3	1	700	1770	76	227	580	17
SLC25A41	0	0	0	179	445	33	67	170	9
YDJC	0	0	0	206	415	17	68	151	5
YARS1	2	3	0	235	484	19	79	155	4
DGKB	0	1	0	383	854	27	119	237	4
CHCHD2	0	1	0	74	196	12	21	67	3
FZD5	0	0	0	361	590	10	115	152	2
CCDC107	0	0	0	167	367	21	53	131	5
PRPF40B	0	5	0	446	992	33	148	333	3
SP110	0	0	0	261	751	44	103	238	10
MB	0	0	0	91	156	5	34	44	0
SCNN1A	1	0	0	346	829	32	145	285	9
CCDC30	1	1	0	322	889	73	99	269	18
HLA-DOB	0	1	0	129	263	12	44	88	5
MTFR2	0	0	0	134	424	23	43	148	7
RPS3A	0	0	0	119	194	2	37	58	0
KNCN	0	0	0	71	148	1	28	63	1
CINP	0	0	0	107	215	13	42	76	2
DDX5	0	2	0	344	480	1	112	129	0
SUMO2	0	2	0	49	26	0	11	7	0
KRT81	0	0	0	252	556	35	111	211	10
MRPL33	0	0	0	26	70	2	11	23	1
PPP2R2B	0	4	0	205	369	4	75	94	0
C1QTNF2	0	2	0	146	346	14	61	137	2
TMEM273	0	0	0	55	183	5	0	0	0
PANX2	0	1	0	478	803	23	183	229	6
CCR4	0	1	0	197	371	6	62	106	4
SLC23A3	0	0	0	255	610	25	89	188	12
AFDN	5	8	1	821	1943	41	271	627	6
RIOX2	1	0	0	213	494	26	68	156	7
SMTNL1	1	0	0	214	566	21	91	203	4
ZNF624	0	0	0	312	752	33	102	210	11
YWHAE	0	3	0	129	120	2	40	21	0
MAGEF1	0	0	0	152	406	15	45	120	0
SEC61G	0	0	0	24	54	1	10	13	0
SF3B6	0	0	0	44	61	3	11	17	1
ACTC1	0	3	0	177	123	3	65	19	1
FOXA1	0	5	0	315	599	8	104	183	2
OR8J1	0	1	0	162	411	16	56	128	4
RBAK-RBAKDN	0	0	0	128	309	15	35	99	1
IFNLR1	1	1	0	264	566	27	89	188	5
MRGPRX3	0	0	0	185	426	19	85	173	8
MEIS3	0	1	0	205	453	21	63	129	6
PTGIS	2	2	0	247	601	30	91	216	13
PAQR3	1	1	0	146	365	21	46	101	4
SAP30BP	0	0	0	154	274	11	54	86	4
ALG5	0	0	0	142	298	14	41	97	0
WDR49	0	0	0	417	1108	70	119	342	18
PRDM2	1	3	1	813	1832	16	280	526	4
PAPSS2	0	4	0	290	670	26	0	0	0
IP6K3	1	1	0	202	423	20	77	155	4
U2AF2	1	8	0	265	201	1	92	53	0
PROSER1	2	1	0	495	1030	22	155	349	2
PBLD	0	0	0	116	285	9	0	0	0
LTF	1	1	0	358	824	45	121	272	17
DNAJC28	0	0	0	126	401	28	40	107	9
CD6	0	3	0	355	712	30	143	208	8
MTIF2	0	5	0	316	896	47	101	264	7
SLC5A4	0	1	0	290	706	30	104	243	8
PLK1	0	2	0	301	508	6	106	172	0
AIPL1	0	0	0	199	474	19	76	167	5
CCDC105	0	0	0	268	676	32	88	215	9
PELI3	0	1	0	230	417	11	85	134	1
IGFBP7	0	2	0	157	359	18	51	112	2
SURF6	0	1	0	229	525	23	92	208	10
CTTN	1	1	0	277	598	13	109	188	7
KRTAP10-6	0	0	0	160	388	29	44	126	13
ERO1B	0	2	0	187	485	23	61	139	5
TMEM150A	0	1	0	119	235	9	42	62	3
FGF20	0	0	0	149	370	9	49	114	0
LBX2	0	0	0	138	285	16	37	92	2
PAXX	0	0	1	119	271	8	48	104	1
NIPAL2	1	0	0	146	385	14	44	121	6
MLXIP	2	1	0	510	959	18	188	318	4
C9orf40	0	0	0	121	240	5	29	84	1
EDF1	0	0	0	84	117	5	32	31	1
PRAMEF14	0	0	0	250	576	29	92	195	11
ARHGAP24	0	4	0	329	825	25	107	280	4
QSOX2	1	5	0	378	827	29	147	286	7
CLCA4	1	1	0	355	1031	41	115	332	9
MSH5-SAPCD1	0	0	0	316	832	35	109	261	9
SWAP70	0	3	0	234	535	11	84	159	4
SAE1	0	1	0	150	356	5	54	115	0
CLBA1	1	0	0	150	426	26	54	168	11
ABCC8	2	5	0	815	1640	61	310	514	16
IGF1R	3	5	0	757	1265	25	287	393	1
RABAC1	0	0	0	106	212	11	46	65	2
TEX26	0	2	0	125	332	19	46	121	8
SCGB1D2	0	0	0	39	102	6	14	36	2
EIF2B4	1	1	1	261	573	17	87	195	4
ADPRS	0	0	0	222	442	15	81	137	4
CD8A	0	1	0	158	316	12	57	102	0
TEX9	0	4	0	183	458	36	67	142	11
MCEE	0	0	0	93	177	3	23	61	2
MED13L	1	28	18	981	1789	1	332	529	0
CDK10	1	2	0	271	525	15	105	193	6
TBC1D3L	0	0	0	69	208	7	0	0	0
ENSG00000282804	0	0	0	25	54	3	13	22	2
UNC5A	0	4	1	441	755	9	173	234	3
MED23	0	3	0	569	994	67	160	264	12
RECQL	0	0	0	237	705	45	81	230	17
PRR3	0	0	0	82	228	7	32	59	1
CD48	0	1	0	110	274	15	39	94	1
ANTXRL	0	0	0	293	720	24	0	0	0
GIMD1	0	0	0	88	281	15	25	83	5
ENDOG	0	0	0	171	396	14	63	132	4
CNTN1	0	3	0	419	925	31	144	256	6
OR6C3	0	2	0	185	445	12	55	147	7
GAN	0	3	0	375	841	30	122	256	9
TTC23L	1	0	0	139	342	28	34	104	9
TMEM14B	0	0	0	40	118	6	12	46	0
ADGRB2	2	1	0	844	1382	20	305	478	8
ROBO4	0	1	1	488	1195	49	182	423	15
TBC1D3E	0	0	0	0	0	0	3	4	0
RGS3	3	3	0	546	1209	31	204	423	7
TRMT10B	0	0	0	129	341	19	50	118	7
XIRP1	5	0	0	900	2107	101	315	726	38
JRK	0	0	0	122	306	7	139	290	3
DPP3	1	3	0	349	783	40	143	268	9
DYNC2H1	7	4	0	1666	4437	233	520	1443	67
HEATR4	2	4	0	440	1086	64	139	370	19
ABCG1	0	1	0	370	636	15	134	202	4
RSPO4	0	2	0	136	324	19	41	128	7
INSM1	1	3	0	469	775	6	142	229	2
TAF1D	0	0	0	103	281	17	29	90	4
ARL6IP5	0	0	0	88	217	3	35	72	1
ULBP3	1	0	0	113	294	17	41	87	7
ARL6IP4	1	1	0	178	342	15	70	133	6
PADI1	0	1	0	358	876	33	141	289	5
MAFF	0	1	0	111	150	5	36	36	1
RPL17-C18orf32	0	0	0	111	205	6	43	59	3
S100A1	1	1	0	47	102	6	27	36	3
ABCB4	0	0	0	526	1163	53	171	388	21
STRBP	2	2	0	280	459	5	95	129	1
FAM118B	0	0	0	135	285	13	44	90	3
SMG1	0	7	0	1624	3378	13	564	1051	2
ABCA2	9	9	0	1633	2384	46	653	824	5
ADCY9	0	4	0	805	1549	34	307	527	4
ZNF26	0	0	0	191	518	26	63	170	4
FAM24B	0	0	0	33	105	1	0	0	0
SMIM18	0	0	0	35	101	2	7	31	2
ST20-MTHFS	0	0	0	59	158	5	30	60	5
INPP5D	0	1	0	478	865	15	210	341	2
DDX6	0	5	0	205	224	1	57	59	0
SPDYE9	0	0	0	6	17	0	0	0	0
ASDURF	0	0	0	6	28	3	10	37	4
ACTR1B	0	0	0	193	413	13	79	154	3
AARS2	3	2	0	509	1037	57	170	388	18
GLG1	2	5	0	687	1300	24	225	372	3
CMPK1	0	0	0	98	174	4	26	50	0
PSG8	0	0	0	278	717	44	121	308	18
MTG2	1	0	0	241	489	13	100	182	3
SLC25A24	1	1	0	201	523	34	58	174	11
APOL5	1	0	0	181	488	19	60	155	11
TGFBRAP1	0	4	0	419	853	17	153	279	4
TTC12	1	0	1	312	750	28	94	268	5
TVP23C	0	0	0	72	201	9	28	59	3
CSPG4	1	2	0	1169	2471	78	464	864	25
ELAC1	0	0	0	145	362	11	49	109	3
MAP3K12	0	8	1	456	751	9	158	206	3
BIRC7	0	0	0	161	358	11	62	118	6
C2orf68	0	1	0	88	223	12	34	81	2
C1orf185	0	0	0	81	182	12	23	52	5
IL1RAP	0	0	0	242	541	21	86	140	1
PYCR1	1	0	0	181	393	7	77	135	0
PSMB4	0	1	0	136	328	9	45	95	1
EIF5A2	0	2	0	53	140	8	13	41	1
ENSG00000170846	0	0	0	0	0	0	48	99	1
KIAA1191	0	1	0	126	316	13	53	114	3
ABCF2	0	1	1	270	550	20	93	142	5
NHLRC3	0	1	0	146	376	17	58	117	4
CPNE6	2	2	0	294	475	13	114	146	3
IFT20	0	0	0	49	138	1	14	44	1
TMEM30A	0	2	1	153	371	15	46	113	4
ACRBP	0	3	1	253	557	37	79	158	7
IER2	0	0	0	193	318	1	69	122	0
GTSF1	1	0	0	74	148	5	31	48	2
PARP10	1	2	0	536	1161	44	191	380	16
NME9	1	1	0	127	320	18	48	101	3
NTSR2	1	0	0	245	512	25	97	170	6
ARF1	0	6	0	98	58	2	46	6	0
CATSPERD	3	3	0	374	897	34	164	273	11
HOOK2	0	3	0	374	884	48	146	305	13
BGLAP	0	0	0	49	105	6	23	49	3
PDE6B	0	3	1	475	1113	53	198	402	18
ZNF683	1	1	0	259	566	18	84	180	10
PIWIL1	0	2	0	371	715	50	121	217	10
MCM4	0	3	0	461	1091	28	149	341	7
RASL11A	0	0	0	138	263	13	38	92	3
P3R3URF-PIK3R3	1	0	0	189	633	44	64	185	13
UNC13B	0	7	0	692	1679	68	565	1487	56
RALGPS1	1	1	0	223	416	11	77	110	4
OR4K17	0	0	0	151	451	13	46	165	4
PIGG	1	1	0	544	1172	48	201	375	13
FBXO39	0	0	0	183	467	23	64	173	1
ACBD4	0	0	0	157	359	23	50	120	8
SECISBP2L	1	1	1	416	1057	18	128	318	9
CCDC91	0	1	1	186	450	19	69	144	7
RNF6	0	0	0	249	661	28	90	226	7
HEATR3	0	2	0	306	775	21	104	224	5
ZNF37A	0	0	0	204	614	29	0	0	0
LACTB	1	0	0	241	581	24	72	164	6
IL9	0	0	0	65	160	5	22	55	4
ZNF337	0	1	0	312	799	50	94	262	18
TTLL13	1	0	0	325	861	49	111	287	21
SPATA31A6	0	0	0	697	1815	101	140	336	18
YME1L1	0	1	0	275	576	25	0	0	0
ENSG00000289685	0	0	0	139	404	31	57	124	7
GPR33	0	0	0	117	361	13	40	111	8
NPAS3	1	3	0	582	1000	13	233	355	2
PLA2G15	0	1	2	209	437	13	68	136	2
TEKTIP1	0	2	0	171	398	32	72	148	8
COX6C	0	0	0	36	89	2	10	29	2
CSNK1G3	0	2	0	176	367	14	53	98	1
SDC2	0	0	0	93	222	11	36	66	1
ZP1	1	1	0	329	680	34	107	234	18
ZSCAN2	0	1	0	284	638	26	105	244	6
GEMIN7	0	0	0	62	170	5	14	55	2
ZNF257	0	0	0	188	585	34	46	184	14
OR4K1	0	2	0	128	393	14	45	190	6
MIER1	0	1	0	214	537	14	62	155	4
TLCD3B	0	1	0	149	267	10	65	100	1
ITPKA	0	1	0	305	484	9	85	140	3
NFX1	0	5	0	472	1041	33	157	316	6
ATG10	0	1	0	86	221	15	29	75	4
ISOC1	0	1	0	167	376	14	55	113	4
ABO	0	0	0	207	487	22	80	187	6
NDUFB8	0	1	0	87	221	10	0	0	0
FUT9	0	1	0	155	296	12	57	72	2
INSC	0	2	0	255	632	33	93	214	14
ATP8B1	0	3	0	510	1111	49	184	374	13
C16orf89	0	0	0	220	531	44	86	176	14
RBFOX2	1	1	0	257	463	3	83	125	2
CDK4	0	1	0	148	266	10	52	74	3
PCED1B	2	3	0	233	530	23	97	172	11
TEX55	0	1	0	195	579	32	64	179	6
CLCN7	0	3	0	536	903	23	228	287	5
DMP1	0	1	0	189	526	15	55	166	3
H2AC4	1	1	0	129	242	11	34	75	4
IL3	0	0	0	74	173	14	32	66	3
TMEM268	1	2	0	164	380	9	48	120	2
GCNT7	0	0	0	124	353	25	47	108	8
ACTL7B	1	1	0	251	534	23	89	195	7
LSM3	0	0	0	53	88	5	22	34	4
MAPK12	2	1	0	235	500	18	96	180	5
ZNF233	0	1	1	230	636	47	70	219	14
GLRX	0	0	0	54	109	9	20	42	6
TRPV1	1	2	0	477	961	48	200	358	20
NLRP13	2	6	0	563	1355	72	205	451	31
ENSG00000283765	2	0	0	178	475	22	62	168	5
UTP23	0	0	0	97	251	11	31	86	3
C17orf113	0	0	0	367	847	26	133	326	9
ANXA8L1	0	0	0	92	161	8	0	0	0
FPGT-TNNI3K	0	1	0	399	1100	69	135	394	28
MIPEP	0	1	0	317	856	32	97	281	7
CATSPER2	0	0	0	229	617	33	84	220	6
CTNNBL1	0	1	0	229	517	16	89	174	3
R3HDML	0	0	0	112	277	16	43	113	3
ENSG00000268655	0	0	0	0	0	0	89	184	3
SMYD5	0	0	0	188	410	12	67	138	4
BRINP2	0	1	0	359	758	18	114	274	5
CNIH2	0	1	0	81	96	2	23	21	0
KAT14	0	2	1	346	785	43	118	266	13
NACA2	0	1	0	113	237	5	41	80	3
NT5C2	0	0	2	233	413	31	0	0	0
PRKD3	1	4	0	364	925	23	118	247	6
PTHLH	0	0	0	87	176	3	22	48	1
KRTAP19-8	1	0	0	24	77	10	10	27	5
MOSPD3	1	1	0	132	286	16	45	85	2
NSD1	4	16	9	1048	2318	24	331	725	2
ACTR3C	0	0	0	68	188	5	28	83	3
ZNF7	1	3	0	316	788	37	99	244	11
MAPK9	0	1	0	147	353	13	46	89	3
HACD4	0	0	0	118	292	22	37	100	5
HFM1	3	2	1	498	1513	86	165	465	22
SACM1L	0	0	0	195	490	9	56	145	1
ENSG00000254553	0	1	0	207	473	19	71	193	6
TEKT3	1	1	0	209	540	36	73	210	14
FICD	0	1	0	269	520	15	110	181	0
RRAS	0	3	0	117	261	7	45	106	6
TPM1	0	1	0	132	152	8	45	36	2
AQP6	0	0	0	164	299	13	59	107	4
RPGRIP1L	0	5	0	506	1354	84	157	486	27
MSI2	0	0	0	157	253	4	53	79	0
VSTM2B	0	2	0	211	385	17	70	145	3
PNOC	1	1	0	87	205	4	35	67	1
PLA2G2D	0	0	0	73	180	18	25	48	6
TRIM49C	0	0	0	120	345	29	35	83	7
IL22RA2	2	0	0	99	303	26	31	107	11
MRPL3	0	0	0	175	433	17	60	135	3
GPR78	0	1	0	329	606	28	136	213	4
ELN	2	3	0	394	806	4	174	281	1
SGCE	0	2	0	184	448	15	68	140	4
CLEC1B	0	0	0	109	275	11	36	104	4
YRDC	0	2	0	214	410	14	83	125	2
GTF3C5	1	7	0	293	565	32	115	212	6
TAS2R5	0	0	0	121	331	22	47	118	4
ENSG00000266202	0	1	0	36	103	7	24	55	1
ZNF414	2	1	0	244	531	13	96	157	3
TRIM64C	0	0	0	207	510	24	70	180	14
RSU1	0	0	0	149	295	15	0	0	0
SCRN3	0	1	0	142	445	24	51	137	9
HECTD2	0	3	0	271	543	15	0	0	0
SDCBP2	0	1	0	150	361	14	55	125	1
THAP11	1	1	0	219	268	10	62	72	2
CETN3	0	1	0	61	146	11	19	48	2
IL1A	0	0	0	124	290	12	39	88	1
LPIN1	1	0	0	461	988	34	162	323	10
ZCCHC24	0	0	0	136	207	4	0	0	0
PATE1	0	0	0	50	148	11	10	53	4
FAM98A	0	0	1	247	606	27	85	172	3
ECT2L	1	2	0	355	904	63	125	308	23
GSTM4	0	0	0	111	241	10	42	80	4
COL10A1	0	0	0	307	865	26	95	273	7
CORO1A	0	1	0	263	404	11	104	121	1
ABRAXAS2	0	2	0	155	393	15	0	0	0
ADM5	0	0	0	83	184	7	29	61	3
RPAP3	0	1	0	249	721	42	89	214	6
LGALS9B	0	0	0	134	284	11	28	63	1
TRIM61	0	0	0	175	433	33	56	155	15
SLITRK5	1	4	0	603	1191	18	202	346	1
GOLGA8O	0	0	0	98	276	12	7	38	0
KRT5	2	0	0	321	699	8	126	253	1
SCAPER	1	2	0	564	1290	63	185	372	19
H2BN1	0	0	0	0	0	0	16	42	4
PDCD10	1	0	0	84	177	2	23	45	2
SCRT1	1	1	0	260	390	6	87	111	1
LHFPL2	0	0	0	134	214	8	48	72	1
MS4A2	0	1	0	112	256	9	37	81	5
COL9A2	4	3	0	342	800	13	137	255	6
CRB1	2	4	2	644	1574	60	211	492	17
USP50	0	2	0	128	340	23	46	132	10
KIAA0586	0	2	0	631	1722	59	195	576	13
MTMR3	1	1	1	550	1098	10	181	371	4
CAVIN2	0	0	0	209	530	24	66	184	8
KCNA3	1	7	0	310	564	16	84	151	4
FSCN3	0	3	0	249	594	34	79	201	14
SERPINB9	1	1	0	182	463	10	67	136	4
FRG2	0	0	0	97	226	14	20	49	5
BIK	0	0	0	85	196	9	32	78	4
TNNI3	0	1	0	114	224	9	41	54	5
LMOD3	1	0	0	272	704	27	87	233	9
C7	1	1	0	390	999	57	139	356	16
MFSD4A	0	0	0	260	472	20	87	155	4
FLAD1	0	0	0	269	611	25	89	200	5
ENSG00000284695	0	0	0	0	0	0	0	0	0
RBAK	0	1	0	320	815	35	110	225	6
RPUSD2	0	0	0	271	687	31	90	260	16
COG8	4	0	0	379	737	27	119	271	8
FCHO2	2	1	0	294	711	18	93	223	4
ZSCAN30	0	0	0	181	512	32	43	161	12
ZNF764	1	0	0	282	575	22	101	237	8
ECI2	2	0	0	174	429	22	63	154	6
HNRNPL	1	2	0	409	465	5	148	112	1
TFCP2	0	0	0	194	330	23	67	70	4
ARL14EP	0	0	1	93	236	8	31	82	0
NRIP1	1	4	0	473	1317	24	158	426	5
ODAD2	1	0	0	410	1102	53	0	0	0
EGFLAM	1	6	0	489	1148	50	182	416	12
TXN	0	1	0	46	83	3	23	28	0
LONRF1	1	2	0	538	982	21	163	288	4
PTK2B	3	0	1	506	1056	25	174	364	2
OSER1	1	0	0	130	294	10	49	96	2
HSD17B2	0	0	0	222	604	36	92	198	7
HTR2B	1	1	0	197	487	20	76	194	11
TRMT61A	0	0	0	175	337	7	76	123	3
SEC23A	0	3	0	300	737	27	94	188	3
GNAT3	0	1	0	131	377	23	47	124	8
PTPN23	0	12	0	920	1847	44	331	642	10
SNTB1	0	0	0	301	697	23	92	237	4
IGFALS	2	3	0	463	888	28	189	346	4
GON4L	1	4	0	949	2201	66	313	653	7
MZT2A	0	0	0	122	243	9	42	80	3
CGN	0	1	1	523	1275	84	156	465	28
ZNF319	1	2	0	345	542	9	130	151	1
ZNF23	0	0	0	279	711	38	95	209	8
CHGB	1	3	0	292	721	33	116	225	11
KRTAP10-7	0	0	0	180	403	15	82	170	4
ST6GAL2	0	2	0	288	650	16	95	218	5
THY1	1	1	0	72	145	6	27	50	3
TMEM144	0	1	0	144	363	22	49	116	7
ZYG11A	0	3	0	315	832	46	110	264	14
SPX	0	0	0	57	144	7	13	37	2
WIF1	1	0	0	178	434	9	58	146	5
SH3PXD2B	0	4	1	431	963	27	159	344	4
TMEM253	0	0	0	89	227	8	26	75	5
HYDIN	0	1	0	1912	4270	110	560	1144	31
OR4D6	0	0	0	148	357	10	44	110	2
C2CD4B	0	0	0	372	692	17	135	246	4
SERPINC1	0	2	1	185	409	6	73	152	3
ANAPC10	0	1	0	78	180	6	18	41	1
IFNK	0	0	0	82	244	17	29	75	12
PRR5L	0	2	0	166	365	11	69	133	5
PRKRIP1	0	0	0	88	236	14	36	75	3
C4orf46	0	0	0	61	150	7	17	45	0
SPECC1L-ADORA2A	0	1	0	376	864	23	130	266	10
C12orf76	0	0	0	54	99	2	13	31	0
AKT2	0	0	0	244	391	7	99	118	1
PAPOLB	1	2	0	347	792	30	124	271	6
OR2T1	1	0	0	159	417	13	52	134	5
RNF38	0	2	0	209	498	10	69	124	1
SEC11A	0	3	0	83	143	10	18	40	2
MPHOSPH6	0	0	0	85	257	12	25	72	2
CRTAC1	1	4	0	304	710	9	0	0	0
TADA2B	0	3	0	251	414	2	92	87	1
PCDHGC4	0	0	0	411	870	19	131	260	4
CFAP43	3	1	0	658	1624	82	0	0	0
SNRNP200	2	11	0	902	1476	42	291	398	5
RGS14	0	0	0	280	686	17	96	201	4
TBC1D22B	1	0	0	204	414	17	71	151	3
PSMD8	0	1	1	211	416	21	87	130	8
PRAMEF9	0	0	0	21	61	4	27	90	1
AIP	1	1	0	178	349	6	66	129	3
XKR6	2	6	0	481	796	20	208	226	3
ENSG00000273088	0	1	0	103	277	14	34	85	2
PLEKHA7	4	8	0	607	1509	50	250	505	13
EBLN1	0	2	0	149	403	15	0	0	0
DMAP1	0	1	0	220	404	16	70	119	4
EMID1	0	1	0	236	553	11	81	199	3
TRIM13	0	1	0	170	365	15	42	115	0
SFTPB	1	3	0	203	392	24	74	154	5
H1-7	1	0	0	164	374	11	55	136	3
MRPS21	0	0	0	37	124	6	14	35	2
RASSF8	1	2	1	137	392	16	43	138	5
TNS1	0	5	0	814	1968	31	314	729	9
LRTM1	1	0	0	167	413	23	53	147	12
PTPRS	7	10	0	1278	2070	27	554	775	5
PRR23D2	0	0	0	0	0	0	0	0	0
MPRIP	2	2	0	1198	2497	44	453	911	9
SIPA1L3	2	3	1	1005	2055	36	423	749	6
GRID2	0	3	0	498	1073	24	165	323	6
ZNF883	0	1	0	145	432	28	43	146	17
KRTAP11-1	0	0	0	63	196	14	19	61	5
NOTCH2NLC	0	0	0	0	0	0	14	24	2
PRLH	1	0	0	67	112	5	27	44	1
CKB	0	1	0	245	370	6	95	92	2
SLC52A1	0	0	0	259	467	13	106	152	4
TMC2	0	2	0	383	1030	62	138	350	17
TRPM6	1	2	0	884	2005	79	299	613	18
DUSP16	0	1	2	318	639	14	121	217	5
LOXL1	0	1	0	383	753	25	108	234	4
GDF15	0	2	0	198	405	18	68	124	4
PURG	1	0	0	181	349	4	65	88	0
MRPL11	0	1	0	104	234	7	42	86	1
CUL2	0	1	1	271	564	5	0	0	0
CSMD1	5	16	2	2821	6538	107	1037	2014	15
OR6Q1	0	1	0	156	375	14	48	104	5
VPS37B	0	3	0	166	353	10	58	119	1
KDM5B	2	13	13	683	1731	108	211	473	20
DES	2	4	0	251	540	22	85	162	6
ENSG00000285777	0	1	0	92	256	12	27	89	2
LYSMD4	0	2	0	139	361	20	36	108	10
NEUROG1	0	0	0	164	347	11	66	111	4
LIF	1	0	0	113	204	4	50	82	0
ZBTB45	0	0	0	333	596	16	122	212	3
IL13	0	0	0	68	159	8	27	54	2
AP1M1	0	2	0	213	314	9	100	81	1
SULT2B1	0	2	0	187	427	12	83	136	1
FBXO24	0	3	0	279	594	26	87	200	9
MFSD5	1	0	0	220	470	22	74	142	6
TMED1	0	1	0	143	305	19	44	105	5
ENSG00000273025	0	0	0	276	473	14	87	142	3
DYNC1H1	5	65	0	2056	2540	26	740	699	0
ARID1B	3	13	52	1318	2750	7	507	863	0
BHLHA9	1	1	0	166	371	6	52	120	1
ZNF331	0	0	0	164	383	5	68	119	1
USP46	1	3	0	152	221	7	41	60	3
FAM98C	2	0	0	191	431	14	73	166	7
RFC2	0	0	0	170	376	22	67	108	3
BBOX1	1	1	0	176	443	25	45	134	14
RFPL3	0	0	0	132	333	16	57	125	6
TRIM2	2	2	0	352	582	17	134	189	4
GTSF1L	1	0	0	59	161	10	21	54	1
IL15	0	0	0	58	166	1	14	51	0
WRN	1	4	0	513	1521	79	188	512	16
KRTAP9-7	0	0	0	92	204	8	24	52	4
GAREM1	3	0	1	396	955	13	133	270	2
LRRC30	0	0	0	185	385	11	64	136	5
FBXL20	0	1	0	186	282	5	60	63	1
QTRT1	0	1	0	224	483	17	92	156	6
PTX4	1	0	0	263	545	27	102	221	16
ENSG00000269533	0	0	0	62	175	7	21	68	2
RALBP1	0	0	0	254	549	24	99	184	5
TFG	0	0	0	179	420	18	59	111	4
ASB10	0	2	0	279	572	21	104	223	8
C1orf52	0	1	0	106	244	3	31	97	2
MACO1	2	2	0	300	460	13	97	121	1
SEC31A	1	0	0	457	1287	47	167	397	8
NFKB1	2	2	0	441	773	7	139	234	1
MEA1	0	1	0	91	250	17	28	75	7
COMTD1	0	0	0	162	329	16	0	0	0
GATD1	0	3	0	159	312	14	72	110	3
ISOC2	1	0	0	107	270	8	36	81	3
NUP50	0	1	0	229	529	7	80	165	3
TAGAP	0	1	0	368	692	20	136	222	4
BRAT1	0	0	0	601	1066	44	247	410	8
SCUBE1	2	6	0	527	1057	37	206	389	5
SMAD2	1	2	0	203	284	2	76	47	2
MANSC4	0	0	0	116	336	14	29	105	2
B4GALNT3	1	7	0	511	1089	57	166	376	19
PTDSS1	0	3	0	192	395	22	61	100	5
ENSG00000256407	0	0	0	41	101	12	12	37	5
MRPS28	0	0	0	101	248	9	40	73	2
OPRL1	1	1	0	203	349	2	81	116	2
FOXRED2	0	2	0	392	788	35	128	271	6
CD300A	2	0	0	148	320	12	50	110	3
RABGGTB	0	1	0	134	263	12	40	76	7
PPT1	1	2	0	147	324	16	58	115	4
TRIM60	0	1	0	182	467	39	52	152	10
DAP	0	0	0	53	111	5	17	45	1
KEL	0	3	0	330	888	49	111	332	16
CDH1	0	2	0	394	957	17	145	280	2
OR13D1	0	1	0	142	367	7	53	123	2
PDE1A	2	1	0	213	555	15	72	161	3
TMEM120A	0	0	0	200	405	27	85	138	5
TMEM45B	1	1	0	152	310	23	46	111	10
CLOCK	2	1	0	318	782	30	98	226	1
PAF1	2	3	0	249	393	18	91	119	3
TSPYL4	0	1	0	210	526	23	60	147	6
C9orf78	1	0	0	121	282	6	45	83	2
KRT38	0	0	0	240	591	23	91	232	4
YIF1B	0	0	0	188	329	12	81	115	3
SNX4	2	2	0	210	480	26	69	151	9
MBOAT4	0	1	0	209	454	28	63	142	8
PGPEP1L	0	0	0	90	214	13	45	80	3
PSD2	3	0	0	420	884	16	137	319	4
PRAC1	0	0	0	29	63	4	5	18	2
THEM4	0	1	0	111	293	11	37	100	3
APC2	2	8	0	1732	3303	26	615	1169	6
G3BP1	1	3	0	212	500	16	63	143	7
IPPK	0	0	0	246	522	16	97	160	1
SPDYC	0	1	0	103	292	15	32	114	2
SPTBN4	2	5	0	1414	2796	44	502	855	5
LGI3	1	0	0	326	622	32	105	247	5
CHKA	1	0	0	232	519	19	85	147	1
FFAR1	1	1	0	205	409	16	65	126	4
FNIP2	0	2	0	450	1040	20	151	343	2
C6orf136	1	1	0	293	591	19	97	174	2
OPRK1	0	0	0	204	453	16	65	151	10
LGI1	0	0	1	225	409	5	0	0	0
MDGA1	0	1	0	500	1007	27	206	333	6
LRRC28	1	0	0	175	413	24	83	134	4
MYO5B	3	6	0	932	2133	72	307	715	15
TP53INP2	0	0	0	144	330	5	41	108	0
CNTN4	1	2	0	496	1178	40	158	367	7
JUN	0	1	0	219	338	3	81	90	0
TTC36	0	0	0	102	258	10	35	86	3
ATAD1	0	0	0	134	297	12	0	0	0
NANOGNB	1	0	0	78	221	23	30	66	8
RPP14	0	0	0	62	112	4	22	32	2
GPC6	0	2	0	256	621	13	77	214	2
SEC16B	1	1	0	482	1178	63	167	398	29
BIVM-ERCC5	2	4	0	675	1611	60	243	548	18
PRR35	1	2	0	362	744	24	138	252	4
CDH5	1	1	0	428	913	27	158	322	7
CLPTM1	1	2	0	362	614	12	146	195	4
PCMT1	0	1	0	87	151	1	31	38	0
EPX	0	2	0	356	891	39	123	343	12
EPHB6	1	1	0	525	1055	30	167	384	9
SPATA4	0	0	0	114	380	24	38	121	6
CNBP	0	0	0	74	111	4	22	29	1
ENSG00000289490	0	0	0	0	0	0	5	9	0
NUDT16	0	0	0	123	256	11	36	74	1
CHRFAM7A	0	0	0	121	272	12	13	26	0
TNFAIP3	1	3	0	329	761	1	119	253	1
CABLES2	0	1	0	309	579	12	106	205	5
PGBD4	0	1	0	236	604	28	75	171	6
APOBEC3H	0	0	0	95	225	8	37	82	3
SSU72L6	0	0	0	0	0	0	28	63	2
TYK2	1	2	0	571	1253	31	225	468	6
ZNF346	0	1	0	127	312	14	37	108	0
HSCB	0	0	0	111	265	9	33	85	5
ZNF546	0	0	0	256	875	43	89	277	11
PKDREJ	3	5	0	991	2371	109	312	783	29
DRAM1	0	0	0	120	243	10	44	65	1
HP	0	0	0	182	444	21	71	156	5
SHTN1	0	1	0	231	602	21	0	0	0
SEMG2	0	0	0	237	703	45	63	220	22
PCDHAC2	2	0	0	531	1079	20	171	331	5
RCHY1	0	2	0	94	276	14	22	71	3
TTYH2	1	1	0	248	555	22	93	208	4
MT4	0	0	0	31	72	6	8	28	2
FGB	0	1	0	199	533	18	67	165	2
RXYLT1	0	0	0	145	463	30	59	158	9
ZNF430	1	0	0	227	575	31	75	167	7
TULP4	2	8	0	880	1703	14	325	555	2
OR2F1	0	0	0	153	364	17	51	104	8
KRAS	0	5	0	80	101	4	25	25	0
OR10T2	0	0	0	146	390	9	46	127	2
TMPRSS12	0	2	0	140	402	21	37	126	7
PTTG2	0	0	0	80	194	10	35	80	6
GPBP1	0	0	1	201	471	3	77	129	1
DRC3	1	1	0	269	612	12	90	231	10
TAFA5	1	0	0	87	124	1	36	53	0
ACP1	0	0	0	76	168	10	25	67	3
APOC3	0	0	0	49	118	7	20	30	3
CAMSAP3	0	2	0	775	1461	20	294	471	2
LFNG	0	0	0	273	517	3	107	173	1
MORN3	0	0	0	111	288	25	48	98	8
NECTIN3	0	2	0	307	526	8	96	168	1
LYL1	0	0	0	172	350	7	66	116	0
RNF207	1	0	0	342	819	42	129	282	12
ERLEC1	1	2	0	233	540	29	62	170	2
GTF2A1	1	0	0	169	312	9	45	68	0
KLHL42	0	1	0	204	326	12	86	150	2
RAB15	0	0	0	102	202	9	31	56	3
CFHR2	0	0	0	101	310	22	40	82	4
CXCL3	0	0	0	64	157	4	26	51	1
MIOS	0	4	0	365	937	41	131	257	6
NME3	1	0	0	153	291	16	54	107	4
LEMD3	0	0	0	496	1132	22	151	351	1
PRIM1	1	2	0	151	370	14	48	100	2
TBXA2R	0	0	0	262	452	21	90	149	3
FBXO2	0	1	0	178	386	28	68	156	6
MFSD2B	1	1	0	283	588	25	104	196	7
KYNU	0	1	0	195	549	25	65	181	9
EAF2	0	0	0	96	276	14	36	81	3
FBXO32	0	1	0	150	281	11	41	72	1
PNLIPRP3	0	2	0	196	540	27	0	0	0
EIF4G2	1	6	0	413	732	1	139	193	0
TIMM44	0	0	0	257	541	16	93	172	2
TUBB2B	0	1	0	198	93	1	56	12	1
MAPK8	0	0	0	175	306	8	0	0	0
PARP14	1	2	0	694	1614	53	230	492	15
MATR3	0	0	0	367	727	5	119	188	1
ATP5MF	0	2	0	51	121	4	17	46	0
ENSG00000288635	0	0	0	33	46	1	15	7	0
USP17L18	0	0	0	0	0	0	0	1	1
CHL1	1	3	0	621	1695	42	208	556	6
NAE1	0	0	0	179	519	22	54	151	7
RASSF7	0	2	0	281	604	36	115	208	16
CLSTN1	0	1	0	509	1037	17	208	390	3
CFAP251	1	2	0	450	1116	48	160	387	18
GARIN5A	0	2	0	158	358	9	50	135	4
PHF2	3	4	0	547	951	8	200	319	1
POSTN	1	3	0	349	871	30	113	275	8
SMARCA4	4	44	0	874	1035	21	364	346	0
ENSG00000261582	0	1	0	45	88	5	22	31	2
PRAMEF17	0	0	0	245	596	38	88	185	9
GNAI3	0	5	0	133	313	11	38	87	3
ETFDH	0	3	0	250	660	30	73	187	10
AP3B1	1	3	0	388	1056	27	129	318	10
CLEC2L	0	0	0	131	267	9	49	92	2
CCL3L3	0	0	0	47	78	5	16	37	1
CRLS1	0	0	0	139	365	16	43	109	7
TAF4B	0	2	0	402	913	15	130	289	3
FAHD2A	0	0	0	132	299	14	61	127	6
SLC30A1	0	0	0	248	408	1	62	112	1
LRRC8C	1	2	0	350	584	29	110	174	5
PFKM	0	4	0	315	652	20	99	187	7
ALG1	1	0	0	314	727	37	123	264	11
MCCC1	0	0	0	321	770	28	89	259	13
SCGB1D1	0	0	0	48	113	2	23	35	1
ARHGAP42	0	1	0	368	731	36	138	226	8
COMMD6	0	0	0	42	116	9	16	32	2
HSPB6	0	1	0	114	205	7	39	65	1
PHLDB1	1	7	1	649	1512	38	224	532	12
HTRA3	0	0	0	298	590	18	109	211	4
GATD3	0	0	0	28	55	0	0	0	0
ATP6V1E2	0	1	0	109	300	19	36	89	9
RDM1	0	0	0	120	281	22	50	87	5
SUSD1	1	0	0	330	776	41	103	264	17
OR52E6	0	0	0	172	404	13	63	140	3
PDHA2	0	0	0	177	505	23	59	182	7
LTBP1	2	8	0	928	2118	60	312	691	10
PHF24	1	1	0	172	452	12	50	159	2
CRYAB	0	0	0	94	180	5	25	73	2
SYMPK	0	4	0	745	1254	26	271	393	3
ERICH3	1	3	0	667	1900	98	218	597	26
CASP12	0	0	0	0	0	0	0	0	0
OR6C75	0	1	0	127	334	11	38	108	4
ADGRB3	1	1	1	675	1520	18	240	441	4
SQOR	0	2	0	205	506	23	81	177	8
HTR3D	1	0	0	209	426	24	49	139	5
DSG4	0	1	0	419	1251	60	137	423	24
CASP9	0	0	1	194	512	14	64	179	4
ZMYM4	0	3	0	555	1146	10	157	358	3
DIS3	2	1	0	396	1065	61	126	363	17
NAPB	0	0	0	112	280	11	33	75	0
HMCN1	2	9	0	2369	6205	165	800	2004	48
TMEM63B	0	7	0	424	580	8	166	166	1
SAXO2	0	0	0	177	497	23	52	160	10
FKBP1B	0	0	0	52	77	2	21	23	0
TMEM42	0	2	0	113	205	5	39	66	2
IFT22	1	0	0	70	219	6	24	58	0
NDRG2	0	1	0	185	406	11	56	126	0
CCDC42	0	0	0	133	360	23	45	146	7
SBK2	1	0	0	260	530	21	84	219	11
EPOP	0	0	0	247	506	11	76	151	2
SLC51B	0	0	0	46	146	2	18	43	2
SCAF11	0	2	0	533	1500	37	164	467	3
PHYH	0	0	0	156	424	17	0	0	0
SMIM26	0	0	0	0	0	0	13	34	1
UBE2C	0	0	0	73	178	7	25	60	2
KCNMB2	0	1	0	107	203	9	32	65	1
FOXD4L5	0	0	0	123	349	6	9	20	0
SLF2	0	2	0	450	1151	32	0	0	0
VWA2	0	1	0	398	899	34	0	0	0
SLC17A8	1	0	0	222	635	21	78	208	11
PYROXD1	0	1	0	202	565	26	69	177	9
TMEM123	0	0	0	102	265	11	47	90	2
ASB18	0	2	0	292	696	27	109	223	10
NMB	0	0	0	75	172	7	13	53	1
PHC3	1	4	0	438	941	11	129	273	2
ZNF567	0	0	0	224	577	25	68	163	9
P2RY14	0	0	0	143	369	19	50	133	6
ZBTB14	0	1	0	204	310	7	81	80	3
IP6K1	3	2	0	213	364	14	74	118	3
GLUL	1	3	0	163	286	6	61	90	1
UGT2B7	0	2	0	229	648	38	89	236	15
MKRN1	0	2	0	242	466	6	85	163	0
LEP	2	0	0	103	143	8	37	40	1
PIF1	4	1	0	381	812	39	134	291	15
TCEA2	0	0	0	164	271	7	64	114	1
GIMAP2	0	1	0	146	375	20	38	123	7
LAMC3	2	0	1	858	1844	81	321	675	16
SPTSSA	0	2	0	41	76	3	17	25	1
FOLR2	0	0	0	101	267	19	36	82	8
DEFB115	0	0	0	62	139	7	18	51	0
ZNF200	0	4	0	191	538	27	60	185	6
FAM168A	0	0	0	111	218	4	46	60	0
RNFT2	0	2	0	249	467	14	86	147	6
NKX1-1	0	0	0	0	0	0	133	231	3
TYW1	0	0	0	295	703	27	112	241	8
ZNF574	4	1	1	501	983	20	180	347	7
BCAT2	0	0	0	210	420	25	66	154	10
ZNF579	1	0	0	418	632	8	143	199	0
CERK	1	4	0	287	641	26	124	210	5
SGCB	1	1	0	145	417	13	44	115	2
FAM167A	1	1	0	169	360	22	76	146	2
ATG14	0	2	0	244	607	23	86	161	4
ADRB1	2	0	0	346	629	20	0	0	0
OASL	0	2	0	232	563	29	85	203	11
SCUBE2	0	3	0	437	1132	55	158	392	18
DHX34	3	3	0	684	1456	71	260	528	22
CLEC4A	0	0	0	94	233	13	36	88	5
FBLN5	0	2	0	199	441	17	81	125	0
ZNF821	0	0	0	191	395	13	54	112	1
DAP3	0	1	0	166	425	15	54	135	4
ACOT6	0	0	0	78	214	8	76	166	4
TBC1D3H	0	0	0	15	21	1	0	0	0
ERVH48-1	0	0	0	19	39	0	20	51	4
KMT2E	1	7	1	773	1918	12	259	568	3
LMO4	1	0	0	106	99	0	38	31	0
MCC	0	3	1	562	1461	49	211	488	15
SYCP3	0	0	0	76	228	16	30	66	4
CHAC1	1	2	0	120	241	16	50	79	2
MYC	1	0	0	262	480	3	81	151	0
ANO7	4	1	0	520	1148	54	207	413	22
MRPS12	0	2	0	74	197	9	32	74	2
PPP1R12C	0	3	0	490	955	15	163	316	2
CENPE	2	5	0	1006	2593	76	319	825	8
LRRC45	0	3	0	415	839	44	147	316	10
DUS3L	0	3	0	399	795	29	154	287	5
RPS10	0	0	0	76	133	0	27	48	0
OSM	0	0	0	140	305	2	49	122	0
KRTAP10-9	0	0	0	192	395	25	89	152	6
EHD1	0	1	0	293	478	13	121	161	1
MBD1	1	2	0	290	583	11	91	188	4
IGFL4	0	0	2	46	120	8	22	40	0
VRTN	1	0	0	364	678	8	126	244	3
IQCC	1	1	0	206	498	25	58	189	9
TOX4	0	0	0	271	489	7	86	138	3
TEDC2	0	1	0	269	572	32	105	222	10
C11orf54	0	1	0	106	348	14	33	89	5
SYNCRIP	0	2	1	278	430	6	89	112	2
ENSG00000258052	0	0	0	34	75	2	13	24	1
ZNHIT3	0	0	0	78	205	18	18	74	6
EGLN1	0	0	1	297	485	8	107	151	4
CNBD2	0	2	0	232	633	43	86	209	12
HAO2	0	0	0	180	443	22	68	149	13
CD200	0	0	0	129	253	11	43	85	2
GZMB	1	2	0	117	318	20	45	96	5
TGFB1	1	1	0	209	405	8	63	147	0
FUT6	0	0	0	162	481	31	64	156	11
BCAS3	0	1	3	404	899	39	142	262	4
CUL1	1	2	1	326	352	11	121	77	0
SKA2	0	1	0	51	125	6	12	35	2
PIGP	0	0	0	53	144	11	17	55	1
DERL3	0	0	0	128	321	9	57	114	2
BVES	0	0	0	150	405	15	50	113	3
GPR171	1	1	0	127	311	16	38	101	7
LMO3	0	2	0	61	85	2	21	19	1
PNLIPRP1	0	1	0	222	544	31	0	0	0
TAFA1	0	0	0	59	131	5	28	43	0
AGAP6	0	0	0	269	662	38	0	0	0
ENSG00000288634	0	0	0	13	29	0	12	20	0
ZNF709	0	0	0	214	594	30	64	167	14
CCDC188	0	0	0	221	465	25	75	155	6
VWA3B	0	1	0	549	1354	73	199	465	23
STAT2	1	3	0	346	709	32	112	241	9
DHRS12	1	0	0	143	314	13	48	94	4
NGF	0	0	0	132	252	5	51	107	0
OR51T1	0	1	0	177	418	15	57	149	4
DYRK3	0	1	0	257	636	27	84	221	9
ADGRF4	1	0	0	300	864	41	111	249	7
OR4C5	0	0	0	0	0	0	62	153	6
IGFL1	0	0	0	56	137	5	19	49	3
SLC9B2	0	0	0	214	592	17	56	185	5
ADO	0	0	0	180	318	6	0	0	0
DPYSL4	0	1	0	334	700	20	0	0	0
MRPS14	0	1	0	58	167	12	19	66	2
ANKRD44	0	3	1	452	954	12	162	325	4
SCD	0	0	0	152	280	6	0	0	0
SAG	0	1	0	189	446	20	65	156	6
NCLN	1	4	1	376	604	13	181	223	3
GPRC5D	1	4	0	166	383	19	54	132	5
ERN2	3	4	0	505	1116	68	176	415	24
FREM2	3	3	0	1479	3715	85	478	1210	25
S100A11	0	0	0	49	106	4	24	30	1
HYLS1	0	0	0	127	324	20	44	102	14
ENSG00000284946	0	1	0	254	637	26	76	203	5
INSL3	0	0	0	94	166	5	40	50	3
FAM131B	1	1	0	172	348	9	60	108	3
ZNF395	0	1	0	285	561	8	96	183	2
CDKN2C	1	1	0	71	161	2	18	53	1
SCRN2	0	0	0	218	494	26	80	166	7
SPATA22	0	1	0	131	376	13	40	131	7
RPEL1	0	0	0	88	220	13	0	0	0
HPS3	1	2	0	405	1103	51	150	361	13
PDE5A	1	1	0	339	820	45	106	246	9
ATP7B	1	5	1	742	1725	60	239	601	13
ZBTB7B	2	2	0	253	445	4	97	129	1
ZNHIT1	0	0	0	71	156	9	30	56	6
ENSG00000281613	0	0	0	48	151	9	20	50	2
AKR1C2	0	0	0	145	350	19	0	0	0
PFN1	0	0	0	93	110	0	28	18	0
ENSG00000241690	0	1	0	133	319	6	42	110	1
SAMD4A	0	2	1	356	759	19	142	247	1
TMEM201	3	4	0	395	716	13	161	272	1
OR51B6	0	0	0	142	496	14	38	157	4
CYP2U1	0	2	0	270	618	23	91	184	11
FERMT3	0	2	0	355	660	14	134	233	3
IFT80	0	4	0	282	747	35	84	219	7
SLC7A14	1	1	0	362	835	27	137	259	8
ELAVL2	0	2	0	194	397	1	69	109	0
MRPS35	1	0	0	134	354	17	49	131	7
ARHGEF26	1	3	0	485	1125	41	161	350	14
DOLPP1	1	1	1	133	211	7	39	60	3
KLF10	1	0	0	240	490	11	81	154	0
FBN3	3	9	0	1401	3256	132	519	1158	40
PGRMC2	0	1	0	159	271	4	56	75	0
CSF3	0	0	0	110	196	9	42	76	2
TMEM109	0	0	0	115	231	12	52	75	5
PRKAG1	0	1	0	146	251	11	56	74	4
AQP3	0	0	0	156	241	10	47	82	2
SUGCT	1	2	0	198	510	27	79	163	9
OBSCN	13	20	0	4950	11091	445	1885	4066	133
POMC	0	2	0	184	394	12	67	116	6
NAPRT	0	1	0	382	808	44	132	284	19
UBASH3B	0	1	0	282	631	24	99	192	2
TGM7	0	1	1	347	796	41	112	275	14
ZNF735	0	0	0	171	503	29	75	154	5
EYA4	0	1	0	254	650	14	97	192	1
ANGPT1	0	0	0	193	444	17	61	123	3
CDCA3	0	1	0	83	258	16	23	84	4
FAM83F	0	1	0	267	601	33	101	201	6
GPR161	0	1	0	262	557	18	105	184	5
RUVBL1	0	0	0	221	270	3	68	66	1
CCL16	0	0	0	58	131	5	20	49	0
IAH1	1	1	0	114	278	14	31	96	5
ARHGAP26	0	2	0	351	633	16	114	177	2
ZNF726	0	2	0	295	886	58	92	301	15
GNB1	0	14	0	174	178	1	66	34	1
TGM3	1	0	0	359	844	32	143	299	11
PHTF2	0	3	0	282	663	22	90	197	3
OR8S1	0	0	0	148	308	12	41	84	4
TRIM31	0	0	0	167	411	18	50	136	4
KRT14	0	0	0	247	536	20	108	184	6
CABP7	0	1	0	112	217	5	40	66	1
NAT8B	0	0	0	0	0	0	0	0	0
TMEM26	1	2	0	220	476	29	0	0	0
IFT74	0	3	0	230	718	49	78	251	12
NAP1L4	1	1	0	153	383	8	49	111	1
GRIA1	1	4	0	422	745	19	167	206	3
KRTAP15-1	0	0	0	61	171	8	23	55	3
ZNF148	1	3	2	313	525	4	110	147	0
INTS12	0	1	0	171	402	9	57	130	1
RBM12	0	5	1	419	1029	23	133	299	2
RGS1	0	0	0	77	217	11	26	79	1
MADCAM1	0	2	0	260	512	13	108	167	4
ENSG00000288608	0	0	0	8	22	0	1	8	0
GTF2A2	0	0	0	44	84	4	20	22	1
RANBP3L	0	0	0	173	461	33	58	148	12
ALX1	0	0	0	145	378	10	39	123	2
GRIK2	0	3	0	426	800	20	128	211	3
HOXC6	0	0	0	115	251	11	33	72	0
ENSG00000263020	0	6	1	100	140	5	43	29	1
ZSWIM9	0	2	0	570	1111	27	207	309	10
STARD10	0	1	1	136	320	17	53	104	2
MMP13	0	1	0	196	552	18	70	171	5
MST1R	3	1	0	704	1518	61	263	547	22
FOXN1	0	2	0	344	783	9	128	240	2
GLYATL1B	0	0	0	0	0	0	54	126	13
XPO1	2	7	0	426	473	0	125	103	0
ZBTB25	0	2	1	155	421	20	61	142	8
MYO10	3	6	0	1045	2244	85	408	775	19
STK32B	2	0	0	233	562	22	102	202	5
PDE7A	0	1	0	202	440	16	63	119	1
SPEM2	0	1	0	235	594	30	80	230	7
CDK5R1	1	0	0	214	293	2	70	73	0
TOMM70	2	1	0	246	553	6	78	133	1
IGF2	0	1	1	99	197	2	41	71	1
SELENBP1	2	1	0	246	537	37	95	189	9
PLCH1	0	1	0	702	1659	52	198	509	13
SEPTIN7	0	0	0	156	350	3	57	90	0
FKBP1C	0	0	0	0	0	0	21	63	3
TAS2R43	0	0	0	118	362	21	24	111	4
EFCAB11	0	0	0	80	170	7	24	68	5
CIAO1	1	0	0	174	383	21	48	126	6
CYB561D2	0	1	1	111	218	12	30	83	1
DEK	0	0	0	166	375	11	61	120	3
WDR5	0	4	0	146	167	0	66	47	0
SKIL	0	3	0	291	712	15	93	202	2
BTAF1	0	3	1	726	1458	14	0	0	0
OR6C74	0	1	0	151	334	10	44	96	3
WEE2	0	1	0	242	566	22	77	197	7
G0S2	0	1	0	73	132	2	27	36	0
ZNF576	0	0	0	83	191	6	24	62	2
SHOX2	0	0	0	216	426	4	80	146	2
EXOSC9	0	0	0	163	517	21	48	179	8
IDH2	0	4	0	246	468	8	85	155	4
ENSG00000272916	0	1	0	346	801	25	0	0	0
TRIM21	1	1	0	260	558	39	82	156	8
ENHO	0	0	0	48	80	4	16	15	0
CARMIL2	0	4	0	788	1615	41	278	585	9
OR1P1	0	0	0	0	0	0	0	0	0
TMEM176B	0	1	0	126	324	20	48	106	7
PDZK1IP1	0	0	0	61	151	4	29	46	3
MSC	0	0	0	146	300	10	39	89	3
DUX4	0	0	0	0	0	0	1	6	0
INTS10	1	3	0	325	778	19	119	229	5
AGBL2	0	2	0	315	865	61	95	299	20
HIRA	3	1	1	480	819	9	188	252	1
PRRX2	0	0	0	170	333	8	56	116	1
MAN2B2	1	2	0	514	1222	69	206	487	15
HBS1L	0	3	0	253	670	26	85	214	9
PRPH	0	1	0	253	529	30	85	181	11
FRA10AC1	1	2	0	118	326	13	0	0	0
CDX1	0	0	0	170	347	11	82	109	4
ZFP62	0	1	0	401	959	43	150	300	9
AMDHD2	0	1	0	313	467	8	136	164	3
CARS2	0	1	0	295	737	31	117	259	6
TTC33	0	0	0	95	297	19	28	87	3
OAZ2	1	2	0	85	172	4	31	47	2
ENSG00000283782	1	7	0	451	1112	89	136	348	26
CPT2	0	0	0	334	682	26	112	229	8
CCDC88A	1	4	0	749	1690	24	238	461	4
POLN	1	2	0	408	1038	54	134	326	24
ASZ1	0	1	0	193	545	32	56	194	4
BLTP3B	0	0	0	572	1438	38	190	429	7
OC90	0	2	0	252	631	21	102	206	4
TRPM1	1	2	0	691	1772	85	264	626	28
SKOR1	1	1	0	585	1174	16	211	414	2
DCHS1	4	11	0	1661	3492	53	569	1233	10
SERPINB3	0	0	0	198	496	37	62	171	13
MUC17	2	0	0	2336	6300	164	715	2082	46
SCN1B	0	1	0	116	233	4	47	86	1
OR5M1	1	1	0	181	395	20	57	134	3
APOL4	1	1	0	161	431	20	52	143	5
C5orf46	1	1	0	43	104	2	21	21	0
ARPIN-AP3S2	0	1	0	188	474	18	71	172	3
ATF7-NPFF	0	1	0	176	398	7	53	99	1
GP1BB	0	0	0	191	300	10	70	95	3
ENSG00000286224	0	0	1	36	114	7	11	45	1
STIP1	0	3	0	260	514	9	90	147	0
GTPBP10	0	1	0	138	450	11	44	124	4
KLC4	1	1	0	291	581	29	104	231	8
BORA	0	0	0	196	553	15	58	151	4
ECHDC2	1	2	0	150	347	20	59	134	7
WDR83	1	0	0	174	402	18	56	135	7
PDXK	0	0	0	176	324	7	73	95	1
LMF2	1	3	1	615	1142	84	239	412	25
TGFBI	1	0	0	346	760	15	114	258	4
ESPN	0	0	0	547	1145	36	206	394	7
CCDC186	0	1	0	337	836	32	0	0	0
ZGLP1	0	0	0	118	191	3	51	87	1
CRX	0	1	0	178	339	6	67	111	1
MGAM2	0	4	0	0	0	0	359	944	21
ENSG00000289027	0	2	0	433	1145	49	128	311	13
MORC2	0	10	0	431	840	28	160	241	7
MDFIC	0	1	0	121	312	11	40	103	0
ZNF558	0	1	0	185	400	19	60	123	5
SLC35D2	0	0	0	168	351	17	48	112	7
MTMR6	0	1	0	230	565	24	67	201	10
MSH5	0	0	0	306	816	34	106	258	9
LIFR	1	0	0	426	1200	54	151	387	13
EEFSEC	2	0	0	334	688	15	112	218	8
FCHSD2	0	2	0	269	688	25	97	204	4
SLC7A6OS	0	1	0	192	405	11	69	132	4
ACADVL	0	1	0	361	808	21	130	268	7
LAT2	1	0	0	124	258	6	47	97	1
PPP1R2B	0	0	0	0	0	0	37	88	6
RNFT1	0	0	0	149	442	22	48	148	6
CD22	1	2	0	418	865	34	152	319	6
ARL17A	0	0	0	1	1	0	0	1	0
MAP1LC3C	1	0	0	67	157	4	18	46	0
IMPG1	1	0	0	357	955	40	110	286	20
IRF9	0	0	0	187	347	14	54	90	2
TMEM54	0	0	0	113	238	9	50	82	4
NPBWR1	0	0	0	236	491	25	89	164	5
MYF6	0	1	0	127	304	16	41	100	6
SLC30A5	0	0	0	289	670	17	99	206	2
BTNL2	0	1	0	227	424	23	75	128	8
HEBP1	0	0	0	82	223	9	30	87	3
LRRC17	0	0	0	180	429	20	62	146	10
TBC1D7	0	0	0	130	353	23	40	113	4
PEG10	0	0	0	188	436	6	138	231	3
ABCD4	0	1	0	319	699	26	122	239	5
ENSG00000268797	0	1	0	28	57	7	8	26	3
NHERF2	0	4	0	245	461	12	86	165	5
ENSG00000285932	1	0	0	83	189	10	0	0	0
TMEM147	0	0	0	108	236	14	39	87	4
KLHL21	1	3	0	468	840	35	183	235	13
PARL	2	0	0	160	439	19	56	152	4
GALE	0	0	0	178	385	18	58	134	5
FGFR1	0	6	0	425	662	9	151	227	1
NAA16	1	0	0	359	954	48	130	282	13
IKZF4	0	1	0	279	518	5	98	159	2
TXNDC15	0	0	0	155	360	16	54	126	6
OR10P1	0	2	0	158	408	11	65	129	1
RHBDL3	2	0	0	199	455	17	69	140	7
RGS20	0	0	0	202	441	18	64	147	2
HSF5	0	3	0	280	520	0	96	158	1
ATG101	0	1	0	111	192	5	34	73	1
MSH4	0	3	0	379	972	50	107	293	15
HOXB1	0	1	0	152	338	12	47	105	2
COL9A1	2	3	0	451	1129	34	159	377	11
TWIST1	0	0	0	168	261	5	45	90	0
NBPF11	0	0	0	0	0	0	128	367	18
COG7	1	4	0	358	790	25	126	240	5
LTBR	0	0	0	230	419	5	90	149	0
TMBIM1	0	4	0	143	342	10	50	118	3
ANGPTL3	0	1	0	170	460	41	61	154	9
ADRA2C	1	1	0	374	597	7	110	174	4
SMIM38	0	0	0	0	0	0	13	24	1
GSX1	0	0	0	194	368	7	58	109	0
MEAK7	2	3	0	328	796	50	121	304	13
C17orf58	0	0	0	61	143	7	72	184	3
CD1E	1	0	0	184	464	44	70	152	10
ARHGEF33	1	2	0	517	1106	40	185	348	4
IFNA6	0	0	0	90	212	12	32	69	4
H4C2	0	0	0	122	276	15	53	96	3
INO80B	0	0	1	221	438	12	80	143	4
PLEKHM2	2	5	0	535	1057	40	201	368	5
GSDME	0	0	0	260	572	31	94	203	8
AQP1	1	1	0	149	299	5	62	104	1
CD81	0	0	0	145	238	7	53	74	0
TAF11L3	0	0	0	0	0	0	0	2	0
TBC1D15	0	1	0	256	704	29	93	206	6
NTMT1	0	1	0	128	226	4	56	75	2
ROGDI	0	1	0	252	467	21	80	162	6
LDLR	3	2	0	445	999	38	164	330	11
DNAJC30	0	0	0	155	327	19	61	108	4
ACP4	1	3	0	284	539	22	109	187	9
MYLIP	1	2	0	214	441	18	59	144	3
SHANK3	2	10	10	1248	1885	3	469	607	0
CCDC177	0	0	0	485	1039	37	171	329	11
NFATC3	1	0	0	457	1124	31	156	359	8
TRAF3IP3	0	1	0	228	539	41	66	172	12
OTOL1	1	1	0	229	588	20	76	193	13
SNUPN	0	0	0	147	351	19	45	105	9
AKR1E2	0	0	0	127	399	19	0	0	0
C5	1	2	1	625	1555	70	205	448	17
PABPC1L	1	2	0	310	654	16	126	253	7
PARM1	0	1	0	154	345	11	56	110	1
HMMR	0	0	0	280	780	43	79	222	9
ADAMTSL3	1	4	0	696	1853	73	234	613	18
RTCA	0	0	0	162	400	20	53	137	6
RO60	0	0	0	212	531	15	65	180	3
KIN	0	0	0	161	373	26	0	0	0
ABCA1	0	6	0	983	2226	64	353	665	18
FAM200B	0	0	0	240	730	43	83	213	18
EBAG9	0	0	0	103	198	10	35	53	2
ZNF382	0	2	0	198	502	18	62	141	2
RIMS3	0	1	0	132	315	8	55	115	1
CDKN1A	0	0	0	81	184	7	38	79	4
CTSK	1	1	0	120	275	20	32	100	5
NTPCR	0	0	0	86	208	6	36	61	2
OR5H15	0	1	0	173	467	21	62	167	8
KCTD16	0	0	0	189	413	8	56	116	0
DEPDC7	1	2	0	165	494	22	46	148	8
TMED10	1	0	0	106	154	2	33	51	0
RMC1	0	4	0	295	633	24	101	199	3
USF3	1	6	0	845	2281	38	251	730	7
IL7	0	0	0	58	160	1	9	53	0
SNX29	0	1	0	567	1191	43	217	426	10
TNK1	0	0	0	306	751	30	111	243	4
ENPP3	1	1	0	375	1012	50	125	296	16
URB1	1	6	0	1138	2547	119	443	871	26
UTS2B	0	1	0	47	134	9	19	46	5
ANPEP	1	2	0	510	1062	46	219	394	5
OPN4	0	0	0	269	633	28	0	0	0
ADM	0	0	0	100	239	2	37	81	0
SMPD3	0	6	0	409	773	12	159	281	2
FEN1	0	0	0	174	347	16	53	108	3
MTMR14	0	0	0	347	729	25	119	231	8
RCAN3	0	1	0	98	240	17	33	86	5
MYO9B	10	8	0	1094	2050	33	438	697	4
GPX5	0	0	0	95	220	7	31	72	2
NTN5	0	2	0	276	606	32	101	223	10
WFDC10B	0	0	0	25	69	6	8	25	3
TOMM7	0	0	0	34	81	6	10	24	0
NPIPB2	0	0	0	0	0	0	73	190	10
INPP5F	1	1	0	482	1181	66	0	0	0
TTC38	0	1	0	234	546	26	105	188	5
GABRG2	0	8	0	220	311	9	73	73	2
C1QTNF7	0	0	0	130	295	9	41	89	2
RAG1	2	3	0	434	1095	39	148	344	16
NAA38	0	1	0	94	161	5	28	35	0
PITX2	0	2	0	183	292	6	51	78	1
TRIM71	1	3	0	600	934	3	223	308	1
GORAB	0	1	0	164	399	24	48	148	10
SPDYA	0	0	0	117	267	10	36	78	1
HS3ST1	0	1	0	202	396	4	65	136	1
TPD52L2	0	1	0	101	233	8	39	71	2
MCCD1	0	0	0	60	179	9	19	43	6
CFAP161	0	1	0	137	341	11	50	113	5
FAM83H	1	6	0	946	1912	25	360	689	5
ADSL	1	0	0	205	478	26	60	168	3
SERPINE3	1	0	0	192	393	19	63	131	6
TXNIP	1	0	0	235	505	23	89	185	4
TASOR	1	5	0	695	1683	41	228	500	7
POLR2G	0	0	0	73	110	10	23	33	5
ZNF737	0	0	0	228	640	36	66	200	9
GOLGA8F	0	0	0	0	0	0	5	17	2
FHOD3	1	3	0	821	1739	40	275	612	9
CRK	0	0	1	167	251	6	57	76	1
ACKR1	0	2	0	175	424	18	65	124	4
NEK3	0	0	0	184	546	30	75	189	9
ACTL9	0	1	0	249	533	19	90	171	9
LIM2	0	0	0	78	208	10	36	77	3
KLHL20	0	4	0	271	362	19	81	106	6
PHKB	1	4	0	431	1223	56	148	397	13
IFNL3	0	0	0	118	252	7	38	99	3
VAT1L	0	2	0	236	571	18	82	175	5
HYI	0	0	0	203	417	30	67	153	7
BRMS1L	0	2	0	96	239	8	38	63	2
UCKL1	0	2	1	392	624	25	128	199	6
PYGB	0	4	0	501	1093	37	211	378	5
AMMECR1L	0	1	1	136	210	3	44	61	1
PPIF	0	0	0	109	251	5	0	0	0
RDH8	0	0	0	165	368	12	68	137	4
CFAP107	0	1	0	82	212	15	25	75	4
ETAA1	0	1	0	377	1056	37	127	349	3
SP1	0	0	0	402	778	4	119	231	0
PRR20A	0	0	0	0	0	0	0	0	0
TRIM37	1	3	0	376	996	53	125	294	13
REXO1	2	5	0	839	1710	20	342	637	2
SCNM1	1	1	0	89	253	11	30	74	4
SCGB2A1	0	0	0	39	108	9	18	23	3
INCA1	0	1	0	103	286	16	28	83	5
COG1	1	1	0	444	1118	46	151	383	16
WDR6	1	2	1	531	1235	45	179	438	13
WEE1	0	2	0	349	572	7	111	172	2
PCDH7	2	4	0	735	1485	14	272	413	4
CHMP7	0	1	1	254	504	10	85	141	2
KCNIP4	1	0	0	112	227	6	41	51	2
CLIP4	0	1	1	304	823	29	94	243	4
ENSG00000286165	0	0	0	62	174	10	37	86	10
C9orf57	0	0	0	49	161	9	17	55	1
RTN4IP1	0	1	0	151	447	24	67	122	7
CENPF	0	8	0	1249	3204	152	415	1008	41
HERC1	2	8	0	2182	4671	90	694	1370	20
COX10	0	0	0	241	470	18	99	165	5
BHMT	0	0	0	151	404	26	52	143	11
ZNF688	0	0	0	154	325	8	56	104	3
YTHDC2	2	2	0	659	1514	24	201	457	3
MACROH2A1	1	1	0	174	210	0	54	63	1
TMEM143	0	1	0	286	540	25	119	186	9
NEURL4	2	5	0	809	1638	17	290	532	3
C1orf162	0	0	0	54	144	4	25	41	1
KCNT2	0	9	0	511	934	44	167	219	8
NLRP8	1	1	0	483	1231	67	189	428	19
LTBP4	1	2	0	854	1924	53	295	606	7
CLN8	0	2	0	175	376	20	67	141	9
DENND4B	2	5	0	715	1310	31	241	422	5
MRPL9	0	0	0	130	339	17	52	120	5
ZFPM2	2	3	0	500	1173	12	167	378	2
ABCC9	2	9	0	630	1069	52	210	281	10
ZNF718	0	0	0	0	4	0	60	205	20
PIGH	0	0	0	85	211	9	24	57	2
ADCY7	4	4	0	620	1136	48	246	418	8
AFMID	0	0	0	137	368	20	62	123	7
BANF2	0	0	0	44	97	6	14	39	1
RASEF	0	3	0	331	848	37	97	304	10
DNM3	0	0	1	365	783	26	138	241	2
PCDHA11	1	1	0	583	1235	52	208	448	14
SDS	0	1	0	182	353	8	71	128	5
FBXO48	0	0	0	52	173	12	20	45	2
SNCG	1	0	0	69	141	3	0	0	0
ICAM1	1	1	0	294	540	15	113	205	5
FBXO7	1	1	0	250	606	24	70	217	7
OR5M8	0	0	0	160	418	15	56	159	4
CLDN14	0	1	0	129	280	18	63	109	12
PAPPA	2	4	0	852	1727	40	276	554	9
NFIB	2	3	1	251	428	4	84	111	1
COL6A3	3	6	0	1533	3625	77	572	1266	21
STK38L	0	1	0	157	293	14	39	76	2
OR52K2	0	0	0	188	432	13	61	151	4
MYCBPAP	1	2	0	398	977	40	131	321	7
ISLR2	1	0	0	475	773	14	161	230	0
ARL10	0	0	0	136	278	19	44	99	7
HS2ST1	0	1	0	151	332	9	56	105	0
ECT2	0	1	0	353	856	30	105	258	11
ENSG00000250644	0	1	0	348	650	19	144	179	3
LCP1	0	1	0	246	533	11	68	159	3
TSHB	0	0	0	62	169	7	26	47	2
IFT57	0	0	0	189	439	24	57	137	5
TRIM52	0	0	0	110	309	18	32	95	7
ECD	1	2	0	250	667	38	0	0	0
C5AR2	3	0	0	197	404	10	92	136	6
ZNF70	0	1	0	204	479	20	94	160	6
RTL6	0	1	0	158	275	6	47	91	0
ANGPT2	2	1	0	278	684	21	94	197	4
ZFP82	0	0	0	191	471	21	66	138	5
EPHA3	1	2	0	462	1035	25	142	332	8
IL31	0	0	0	77	164	11	23	66	3
SBSN	0	0	0	297	682	21	100	218	6
ATG2B	1	1	0	839	2086	59	292	649	7
PMS2	1	1	0	391	1091	45	137	369	16
OR4F4	0	0	0	99	222	7	11	31	0
CEP290	1	5	2	931	2495	191	299	771	49
CA7	0	0	0	119	193	6	48	59	2
STAM2	0	0	0	206	548	24	51	158	4
CDPF1	0	0	0	55	136	7	24	46	4
HINT2	0	0	0	91	191	8	34	50	2
ARF3	0	2	0	70	68	5	27	19	0
GCG	0	2	0	84	199	6	33	67	1
SFTPA2	0	0	0	122	294	15	0	0	0
SORL1	3	8	0	1029	2332	58	353	771	10
ZNF311	1	0	0	230	667	33	68	202	10
OSBPL2	1	0	0	223	420	11	96	125	0
COPG1	0	1	0	390	804	16	138	290	6
SNX21	1	0	0	185	455	25	65	157	4
FAM72B	0	0	0	9	37	3	6	20	0
HEPHL1	1	2	0	538	1379	68	179	448	32
LNPEP	1	2	0	412	935	30	125	297	7
PGAM2	0	3	0	121	309	14	52	131	5
PRTN3	1	2	0	152	338	12	60	111	4
SFXN1	0	0	0	125	359	16	48	131	4
RNF121	0	1	0	152	341	12	36	79	1
PLAC8	0	1	0	59	111	4	14	30	1
RFXANK	0	0	0	151	272	9	67	84	6
NCMAP	0	0	0	42	108	2	11	43	0
TGFB2	0	2	0	198	336	7	65	99	1
DIABLO	0	1	0	126	315	23	50	93	5
NRP1	2	3	0	403	948	19	0	0	0
DNAJC27	0	2	0	98	341	10	41	105	4
PDE12	0	1	0	289	655	26	94	191	7
TPMT	0	0	0	79	246	11	24	80	2
RRS1	0	0	0	187	449	13	59	150	1
GALNT4	1	0	0	229	668	27	80	222	6
PLEK2	0	0	0	170	355	18	59	123	11
APOC4	0	0	0	69	148	7	22	43	1
DCTD	0	1	0	75	210	13	25	83	3
CACNB1	1	1	0	280	574	14	84	180	2
NAA25	1	3	0	378	719	20	104	212	2
ADAMTS9	1	5	0	941	2180	54	334	732	13
BOLA1	0	0	0	81	162	6	30	62	0
MICU3	1	4	0	308	751	27	123	269	4
ERGIC1	0	0	0	134	275	3	56	88	0
OR7A5	0	0	0	136	337	12	39	116	2
ALOX15B	1	1	0	352	805	45	126	269	14
PIGS	0	2	0	273	559	19	85	209	7
RECK	2	2	1	386	957	41	119	298	8
TMEM198	1	1	0	201	368	9	85	123	1
FXN	0	0	0	135	267	11	46	76	0
FAM89B	0	0	0	131	252	6	34	75	0
IFI35	2	1	0	148	338	15	46	118	7
LHX6	0	1	0	242	358	5	91	93	0
SCAMP4	0	2	0	149	301	16	57	83	2
GINS4	0	0	0	88	228	10	29	86	6
PLEC	15	23	1	3284	6295	172	1430	2510	36
PWWP3A	0	0	1	407	894	27	168	313	7
POLR1B	4	0	0	438	928	19	162	284	3
FAM240A	0	0	0	30	105	5	10	32	1
BLACAT1	0	0	0	0	0	0	9	19	0
FLG2	0	0	0	1044	2674	168	325	777	50
SCGB3A1	0	0	0	52	113	3	25	35	1
C2orf66	0	0	0	43	112	4	13	23	2
RIC8B	1	1	0	213	446	10	66	126	2
TTC17	1	2	0	467	1126	33	179	348	2
KCNK13	0	0	0	197	433	12	73	166	2
REN	1	1	0	192	397	20	85	133	9
IL36A	0	0	0	76	174	11	25	66	3
RBM17	0	0	0	171	215	0	0	0	0
OR2D3	1	3	0	151	384	21	38	132	1
KRT79	0	1	0	321	649	27	103	196	11
EID3	0	0	0	148	406	17	48	131	2
SPINK9	0	0	0	27	102	5	13	32	0
NLRP5	2	2	0	735	1677	75	255	580	22
OR6K3	0	0	0	155	367	12	61	125	1
OMD	0	0	0	139	422	15	49	124	7
RMDN2	0	2	0	181	587	28	61	174	8
ENSG00000285635	0	0	0	0	0	0	0	0	0
IL12RB2	1	2	0	341	910	44	107	268	11
AHSA1	0	1	0	145	292	11	43	104	1
IFNW1	1	1	0	106	267	11	32	90	5
CFAP298-TCP10L	1	0	0	162	419	25	62	140	7
KRTAP13-4	0	1	0	75	203	12	33	72	5
TCAIM	2	2	0	168	439	14	50	136	3
EQTN	0	0	0	127	377	18	37	120	10
PEX5L	2	0	0	286	509	11	95	151	3
GOLGA6C	0	0	0	166	424	22	37	83	0
SCNN1D	4	2	0	574	1217	49	245	410	16
TMEM156	0	1	0	125	335	21	41	114	2
PGLYRP4	1	0	0	202	441	24	56	127	8
AP1S3	0	0	0	42	142	11	16	55	1
TTLL2	3	3	0	283	669	23	104	223	9
PSCA	0	2	0	63	129	9	24	58	3
LPAR5	0	0	0	258	489	10	93	145	2
OR4M2B	0	0	0	0	0	0	18	28	3
CC2D2A	1	3	0	651	1688	84	212	599	30
ASGR2	0	0	0	133	351	24	54	131	3
AXIN1	2	1	1	500	969	25	226	334	4
HNRNPDL	3	2	0	305	561	16	121	168	2
KRTAP10-8	0	0	0	141	312	15	51	101	6
TBR1	0	2	1	408	549	5	120	116	0
SLC6A15	0	0	0	329	697	14	119	191	4
OR51I1	0	0	0	177	437	10	56	157	4
LSAMP	0	1	0	165	274	3	65	80	1
STYXL1	0	0	0	136	339	18	45	111	3
SMIM21	0	0	0	53	127	10	10	28	4
RASGRP4	0	4	0	350	709	28	115	225	10
PDCD4	0	2	0	177	521	35	0	0	0
PRMT2	2	2	0	210	430	13	83	122	3
NTRK1	2	2	0	434	844	17	177	343	6
NR1D1	1	0	0	338	635	9	140	211	2
TEX2	1	1	0	495	1077	34	171	331	8
CSNK1A1	1	1	0	129	92	3	36	12	0
GUCA1C	1	0	0	88	241	15	25	79	5
NFATC2IP	0	1	0	240	510	15	79	169	4
MAP2	1	4	0	764	1986	9	259	568	2
HDAC5	1	4	0	602	952	10	217	299	1
ST3GAL5	1	2	0	165	383	18	50	117	8
PPT2	0	1	0	121	254	16	44	67	0
FARP2	0	2	0	488	1278	63	179	444	16
OR2AG2	1	2	0	183	387	8	54	138	2
GRAP2	0	1	0	133	328	23	59	115	4
TESMIN	2	2	0	262	532	24	92	182	4
DDX49	0	1	0	254	542	23	94	179	9
UNC5B	0	5	0	536	1076	26	0	0	0
ZNF330	0	0	0	126	326	10	38	98	1
PPP1R14A	1	0	0	81	170	6	24	51	2
NDST2	0	1	0	388	872	29	0	0	0
KIAA1586	0	2	0	263	849	53	98	264	15
ZNG1E	0	0	0	75	184	7	24	62	4
KCNJ16	1	0	0	163	494	23	62	171	13
TSPAN31	0	0	0	93	203	8	33	56	3
TIGD2	0	1	0	190	533	26	66	160	9
NUDT12	0	2	0	199	555	34	63	178	11
CDC25B	0	2	0	323	656	9	128	222	3
C10orf105	0	1	0	84	176	4	0	0	0
ZNF174	0	0	0	181	456	22	70	147	3
ADI1	0	0	0	88	216	15	35	76	5
NIPAL4	0	0	0	189	429	19	79	134	2
CIT	1	4	0	906	1750	46	345	563	12
ENSG00000261884	0	0	0	0	0	0	0	0	0
PXMP4	0	0	0	130	217	10	47	79	4
MYOCD	0	1	0	457	1032	15	158	371	3
CA13	0	0	0	104	328	18	37	111	7
PIK3R2	0	12	0	443	822	22	162	267	3
MFSD2A	0	3	0	248	467	8	79	124	0
TMEM214	0	2	0	350	717	43	128	251	9
METTL27	0	1	0	117	308	19	48	107	5
POLR3E	1	2	0	405	783	32	151	253	2
SLC50A1	1	0	0	91	205	9	38	59	3
PUS7	0	1	0	290	666	33	91	206	10
NDUFA5	0	0	0	54	123	6	18	43	1
PPARG	0	1	0	228	378	11	69	122	1
IKBIP	0	0	0	152	437	27	46	136	9
DNAH9	3	8	0	2006	4985	208	670	1716	50
RHD	0	0	0	177	383	9	66	133	4
TFAP4	3	2	0	202	320	4	67	91	1
HAPLN4	0	2	0	247	499	17	100	161	2
HAGH	0	4	0	223	459	17	87	176	8
RGS22	0	2	1	465	1253	86	142	376	26
WASF2	0	1	0	212	448	3	81	140	0
MAF1	0	0	0	150	203	7	62	54	0
ROCK2	1	4	0	509	1002	25	146	247	0
CYP4F12	0	0	0	294	691	30	103	224	7
RTP5	0	1	0	322	723	34	129	285	13
C22orf23	0	2	0	100	221	17	32	77	8
SLC22A10	0	2	0	279	694	25	94	223	13
FSCN1	0	0	0	316	531	0	128	174	1
CMBL	1	0	0	114	291	9	37	92	2
NDUFAF3	0	0	0	99	246	14	27	79	2
UPK3BL2	0	0	0	76	163	10	2	11	1
GCH1	0	0	0	142	253	7	54	77	0
KRT13	0	0	0	247	554	17	78	182	5
ATP1A4	1	8	0	506	1158	43	172	403	8
ACTL10	0	0	0	174	392	17	58	150	3
ROR1	1	1	0	389	864	22	120	291	1
PTPN7	2	2	0	181	398	21	64	140	6
ZNF320	0	0	0	200	437	21	66	156	4
RAD54L	1	3	1	309	819	38	104	285	15
EVC	4	2	0	588	1307	70	205	477	14
EEPD1	1	1	0	292	634	21	99	177	1
TMEM249	0	0	0	169	322	15	68	125	1
PIK3R1	0	9	0	288	514	11	102	157	3
PHAX	0	0	0	168	425	18	59	144	12
OSBP	0	3	1	354	627	12	132	191	1
TMEM126A	0	0	0	66	231	16	21	75	2
EDNRB	3	0	0	199	422	17	52	133	2
ZNF770	0	0	0	285	632	14	85	224	2
POLR2J3	0	0	0	55	136	8	12	35	2
NPEPPS	0	2	0	352	608	10	102	192	1
S100P	0	0	0	52	120	5	18	42	2
ZNF763	0	0	0	140	418	24	46	156	9
CD4	0	0	0	210	442	17	67	136	4
FLT3LG	0	1	0	136	248	2	56	77	1
TJP2	1	2	0	574	1451	59	191	489	11
ALDH1L1	0	3	0	466	974	23	191	347	12
AGAP3	1	7	0	535	785	17	191	263	5
WAC	0	2	9	306	633	1	0	0	0
DYNLT1	1	0	0	51	139	7	24	52	3
PRPF3	0	6	0	279	425	2	83	110	0
DIMT1	0	0	0	128	325	12	46	100	2
WDR24	1	2	0	522	855	24	219	269	6
B4GALT5	0	0	0	168	298	7	48	95	1
RB1CC1	1	2	0	621	1563	29	210	447	1
CCDC9B	0	0	0	249	625	24	82	217	9
ICE2	1	1	0	404	1202	61	133	373	18
SV2B	1	1	0	300	725	18	101	222	7
SYDE2	1	0	0	417	1193	52	157	448	25
PLA2G4B	1	2	0	476	1034	63	169	380	17
TMEM117	0	1	0	205	487	29	67	164	8
HTR1D	1	0	0	171	414	17	58	156	8
DGCR2	2	2	0	309	673	18	123	230	3
CYB5RL	0	2	0	127	335	22	46	123	7
TSR1	0	1	0	358	922	52	127	292	17
ENSG00000284512	0	0	0	88	190	9	39	85	4
SCN10A	1	7	0	973	2355	94	344	769	35
SLC5A5	1	1	0	399	757	22	149	223	6
CD80	1	2	0	120	265	8	34	96	3
HAT1	0	0	0	167	380	16	57	91	2
RPL10A	0	2	0	116	142	6	35	37	2
LPAR1	1	2	0	147	291	5	59	84	2
EDRF1	2	3	1	502	1030	36	0	0	0
CPLX3	0	0	0	69	145	11	18	67	4
TFPT	0	1	0	142	304	13	52	104	2
ZNF512B	1	3	0	502	967	21	200	359	4
HOGA1	0	0	0	152	397	14	0	0	0
C19orf84	0	1	0	127	224	7	39	81	1
EIF4ENIF1	0	2	1	412	961	10	137	298	2
C11orf87	0	1	0	117	269	6	44	90	0
NRG2	1	0	0	537	1045	18	167	324	1
TTC31	0	2	0	230	594	41	56	204	10
BMP2K	0	0	0	456	1245	49	158	384	12
LGALS12	0	0	0	153	353	20	48	121	8
SYPL1	0	2	0	91	232	6	31	67	1
PRXL2C	0	1	0	122	289	16	42	87	5
RHBDD3	2	0	0	202	418	25	77	170	8
STX5	0	2	0	167	371	8	61	142	1
HMCN2	5	10	0	2112	4664	196	1102	2311	90
AGK	0	2	0	176	429	19	55	135	11
GSDMA	1	1	0	189	509	26	72	171	3
ZNF93	0	0	0	241	608	29	77	186	8
F11R	0	0	0	127	294	11	46	100	1
LSMEM1	1	0	0	62	139	4	26	43	1
ELL3	0	1	0	162	445	30	40	125	10
BABAM2	1	0	0	155	336	16	72	92	3
OR4S1	0	0	0	197	521	12	71	155	6
MAP1B	0	4	1	972	2314	15	341	686	5
MACROD1	0	0	0	246	441	14	86	125	6
RRAD	0	0	0	170	408	13	60	140	2
MRM3	0	0	0	204	522	26	69	177	7
PMP22	0	2	0	95	168	1	41	53	0
TMEM68	0	0	0	122	304	14	36	77	4
SLC25A18	1	1	0	151	360	16	61	126	3
CENPM	0	0	0	115	221	8	33	67	5
SFMBT1	0	0	0	340	727	13	93	238	0
TSTD2	1	0	0	177	551	31	56	193	9
DAGLB	1	0	0	408	968	40	150	375	7
PYGM	0	4	0	410	944	37	144	370	6
CMKLR2	0	1	0	154	387	17	49	112	3
ZNF518B	0	4	1	502	1352	29	169	456	7
PEX2	0	0	0	127	342	20	41	104	4
SYCE2	0	3	0	90	184	4	39	66	0
KCNQ1	0	3	0	442	740	30	152	248	6
CWC27	0	0	0	170	466	20	52	131	7
SLC9C2	1	5	0	358	947	42	110	272	8
TIPARP	0	2	0	267	571	5	93	178	0
HILPDA	0	0	0	34	67	1	13	21	0
ASPG	2	3	0	349	680	20	142	252	3
WDR76	1	2	0	265	704	30	86	212	8
LSR	2	1	0	380	851	28	130	299	9
OXSM	0	0	0	191	541	18	46	167	8
AOPEP	0	0	0	316	939	57	124	314	24
BMP8B	0	0	0	191	392	21	73	123	8
HSPB7	0	0	0	103	235	4	47	72	2
SHOC2	1	4	0	231	363	5	0	0	0
LALBA	1	0	0	58	127	8	16	31	3
SARS2	0	2	0	316	650	23	105	223	9
RESP18	0	0	0	129	299	20	46	99	10
GJB6	0	0	0	135	309	22	49	95	8
SMIM5	0	0	0	40	100	3	16	39	0
RBKS	0	3	0	127	320	21	37	116	6
IRF5	1	0	0	255	451	17	87	149	5
HINT1	0	0	0	44	140	8	9	45	0
DEFB113	0	0	0	33	109	11	12	35	2
AGGF1	0	0	0	273	756	30	107	237	8
DLX1	0	0	0	152	226	3	52	57	0
LRRC37A2	0	0	0	207	524	18	71	167	2
C7orf31	1	2	0	228	660	34	62	211	10
NUDCD2	0	2	0	80	186	7	33	50	5
ITCH	0	3	0	347	595	17	122	166	9
CNOT9	0	2	0	123	146	7	33	24	0
TERF2	2	1	0	268	541	6	95	153	0
NEO1	1	2	2	644	1459	21	200	469	2
MYH4	1	4	0	787	2099	111	259	684	39
ZNF17	0	0	0	232	672	31	71	216	9
CHSY3	0	2	0	449	989	28	148	297	4
ACTMAP	0	0	0	209	416	20	89	154	8
GALNT15	0	3	0	307	801	35	90	281	11
CD14	2	0	0	223	444	17	68	133	6
IMMT	1	2	0	316	736	28	101	262	7
SP9	1	4	0	364	486	4	127	142	0
ARHGAP33	1	1	0	682	1373	32	242	474	9
SLC22A25	0	0	0	260	711	28	78	212	7
STX1A	0	2	0	133	229	5	51	73	0
SI	1	8	0	830	2261	127	288	689	36
KCNA1	0	4	3	300	411	11	110	94	1
DUSP1	1	0	0	254	392	4	95	119	1
KLF3	0	2	0	155	315	2	63	100	2
PLXDC1	0	3	0	212	574	19	78	198	2
AMPD2	1	2	0	419	726	27	158	238	7
FAM114A1	0	1	0	239	589	30	86	195	9
REG3G	0	0	0	85	226	12	29	73	3
KLHL2	0	1	0	220	374	9	75	104	1
SPAG7	0	0	0	132	251	13	46	75	3
LRRC23	0	0	0	167	348	25	56	118	8
FILIP1L	0	3	1	413	1241	48	166	421	15
ANGPT4	2	0	0	253	595	36	83	176	12
EDAR	0	0	0	220	480	13	93	141	8
ENSG00000280571	2	2	0	307	753	51	101	280	9
ATL3	0	1	0	216	576	27	75	183	7
BCL2L1	0	0	0	104	177	0	42	49	0
CAD	2	14	0	1150	2054	39	387	626	13
LRRC61	1	1	0	152	306	7	42	107	4
SPATA31D3	0	0	0	162	431	29	14	46	2
ENSG00000142539	0	0	0	0	0	0	0	0	0
COLEC12	2	0	0	332	712	24	115	224	4
ADAMTS20	0	5	0	774	2125	124	247	703	37
GLIPR1L2	1	0	0	143	432	23	43	138	8
MPIG6B	0	0	0	125	292	14	37	97	6
BPIFB2	1	0	1	254	494	10	94	184	4
SNRPD3	0	0	0	58	71	0	12	15	0
OR52D1	0	0	0	175	391	12	61	132	4
PDE8B	1	3	0	429	794	12	148	216	3
VPS4B	0	2	0	174	318	9	49	89	0
PHYHD1	1	2	0	135	326	17	49	139	9
C5orf52	0	0	0	74	191	6	19	58	3
AGAP2	2	3	0	667	1204	14	237	393	2
TBC1D24	2	1	0	292	613	27	119	214	10
KCNH6	0	2	0	497	1118	58	198	436	21
KIAA2026	1	7	0	1165	3041	58	403	969	11
SMKR1	0	0	0	32	54	3	16	16	0
SPAG6	2	0	1	224	527	23	0	0	0
MASTL	2	3	0	318	877	31	0	0	0
PEX6	2	0	0	524	1026	27	172	335	6
FMN1	2	4	0	676	1672	55	257	541	17
OR1F1	0	0	0	187	467	15	63	174	7
ITGAM	2	2	0	572	1223	31	203	413	7
CCPG1	0	0	1	309	835	34	99	256	14
SCYL3	2	1	0	256	700	33	83	208	5
EXD3	4	4	1	502	1067	48	178	404	10
APOD	0	1	0	97	216	13	33	62	2
OR5B2	0	0	0	150	365	9	46	104	1
NFKBIA	0	0	0	201	333	6	73	99	0
BCL11B	2	10	2	680	895	1	255	255	0
USP5	0	1	0	421	660	12	152	211	0
ZNF341	1	1	0	450	893	30	167	321	8
FSTL3	0	1	0	198	375	15	76	104	3
ZNF45	0	0	0	260	662	41	79	203	9
WDR11	1	3	0	469	1202	47	0	0	0
HS6ST3	0	1	0	235	563	11	81	165	2
TAS2R40	0	1	0	137	343	20	52	109	5
NUMBL	2	2	0	299	606	10	116	201	2
GATAD2B	1	3	13	283	475	2	91	121	1
ELOVL7	0	0	0	123	303	15	39	95	3
NUDT18	0	0	0	215	412	24	57	143	8
TMIGD2	2	1	0	157	328	21	60	123	5
PDRG1	0	0	0	63	147	6	18	49	2
COA7	0	0	0	106	207	8	33	91	3
ZMIZ2	0	3	0	456	900	7	164	311	1
ZNF578	0	0	0	219	722	56	73	252	17
GYS2	0	1	0	333	840	50	120	269	19
TMEM50B	0	1	0	62	145	5	23	57	4
CDC42	0	4	0	84	55	1	30	8	1
CTSE	0	0	0	205	503	26	69	151	5
ADGRD2	0	1	0	0	0	0	201	429	15
PLEKHO1	0	2	0	218	448	13	65	154	3
CSDE1	1	2	1	344	642	3	91	158	2
ZNF215	0	2	0	198	620	42	78	228	19
ZNF230	0	1	0	165	453	29	41	148	8
SLC25A1	0	2	0	206	346	11	79	110	1
DNAH10	4	7	0	1983	4764	191	742	1625	61
C6orf89	0	2	0	149	348	11	57	120	2
NXNL2	0	0	0	102	218	8	30	73	4
PGPEP1	0	1	0	113	217	13	49	78	3
TMEM209	2	0	0	230	576	29	82	187	5
NPB	0	0	0	118	205	7	37	70	0
NKX1-2	0	2	0	238	508	16	0	0	0
EFHD1	0	0	0	137	287	7	43	100	1
MOGAT1	0	0	0	149	409	23	60	123	6
UPB1	0	0	0	201	450	20	83	168	6
DUSP7	0	0	0	281	356	9	103	124	1
CCDC138	1	2	0	278	781	41	94	250	10
GJA3	0	2	0	293	538	17	103	175	2
ZFHX2	2	7	1	1146	2695	53	401	975	12
TIRAP	0	0	0	107	253	14	37	97	6
ARF5	0	1	0	100	120	3	35	30	2
SYNE3	2	2	0	538	1060	59	194	425	15
EXD1	0	1	0	241	683	38	90	244	16
DDX19A	0	0	0	212	333	5	68	103	2
THSD8	0	0	0	0	0	0	23	45	3
SLC7A7	0	3	0	248	570	23	94	209	4
PSMC2	0	2	0	169	221	8	41	51	0
USP14	1	0	1	197	412	15	69	129	0
CNPY3	1	0	0	133	307	10	43	86	1
C17orf49	0	0	0	96	174	5	39	57	1
WNT8B	0	0	0	180	379	11	0	0	0
B3GNT4	2	1	0	269	649	23	107	226	8
PARP15	0	2	0	301	765	32	105	226	8
SHROOM1	0	1	0	465	1102	41	160	362	9
ARFIP2	1	0	0	162	278	11	62	81	4
OARD1	0	0	0	62	187	14	19	53	4
TCL1A	0	0	0	56	128	3	26	54	2
CTTNBP2NL	1	0	0	293	643	10	76	196	3
STH	0	0	0	38	129	9	13	34	3
FLVCR1	0	0	0	308	636	22	112	173	5
PANO1	0	0	0	0	0	0	60	141	3
RNF26	1	1	0	238	448	9	76	158	4
P2RX7	0	1	0	264	645	32	104	226	11
TRIM17	0	1	0	254	519	27	80	196	8
LURAP1	1	1	0	115	263	14	35	91	1
CCT7	0	0	0	257	491	9	68	153	0
CREB5	0	0	0	213	527	6	71	161	2
WFDC11	0	0	0	32	109	6	9	45	2
AKR1C4	0	1	0	148	400	26	0	0	0
ART3	0	0	0	147	410	21	45	137	8
NINJ2	1	1	0	101	171	7	34	61	2
HAP1	0	2	0	334	782	57	101	249	16
DYSF	3	11	0	1054	2423	114	401	830	36
ARHGAP30	0	1	0	538	1195	20	157	415	2
MRGPRX2	1	0	0	181	362	19	58	125	6
EXOC8	0	3	0	360	714	20	108	183	2
ENSG00000285542	1	1	0	176	412	7	61	133	1
NUP93	2	3	0	389	886	29	132	301	10
C1orf127	0	1	0	387	907	52	147	315	16
TUFT1	1	1	0	159	421	12	66	137	4
UBE2D1	0	0	0	65	60	5	0	0	0
OR2D2	0	1	0	150	383	20	57	129	8
FBXL8	0	2	0	248	511	18	66	173	4
LTB4R2	0	2	0	268	514	18	98	170	6
CDC14C	0	0	0	0	0	0	83	226	9
RPS10-NUDT3	1	0	0	133	224	3	47	76	0
CCDC137	1	3	0	170	396	22	54	140	6
LLGL2	0	1	0	523	1156	42	188	430	8
SLC6A9	0	3	0	320	607	15	126	201	5
KBTBD6	1	3	1	282	558	18	84	140	1
CCDC82	1	0	0	195	561	35	51	179	7
ZNF280A	1	0	0	222	590	27	72	206	8
OR10K2	1	1	0	163	393	9	50	118	3
OR10G8	1	0	0	173	406	6	59	148	4
PKP4	2	6	1	554	1286	48	186	403	12
ORAI2	0	0	0	142	200	8	62	68	1
WASHC4	0	1	0	441	1093	41	159	353	6
PARP9	1	1	0	296	751	36	71	250	6
ZNF322	0	0	0	71	169	9	14	22	0
TBCCD1	1	1	0	232	551	24	77	165	9
CDH26	1	3	0	358	943	35	131	339	12
FCRL2	0	1	0	228	613	38	89	179	13
ENSG00000281593	0	0	0	0	0	0	0	0	0
SOX8	0	2	0	356	643	11	163	239	1
PAM	0	1	0	404	1034	26	108	308	4
AKAP13	3	9	0	1341	3408	44	453	1123	14
SMIM39	0	0	0	43	82	1	18	24	0
CST4	0	0	0	86	228	14	35	89	3
XIRP2	1	3	0	1405	4174	212	466	1363	60
PWWP2A	0	3	0	374	814	10	121	214	2
HAAO	0	0	0	159	364	21	56	144	8
ZBED3	0	1	0	190	387	13	69	111	4
PHF14	0	2	0	418	890	27	135	229	4
NKX2-3	0	2	0	234	469	2	0	0	0
TTYH3	1	1	0	349	675	9	147	230	1
SIAE	1	0	0	216	552	30	84	204	14
KRR1	0	1	1	146	414	17	48	124	2
ENSG00000285953	1	1	0	338	932	30	97	261	9
ARL1	1	1	0	59	95	8	21	15	2
NXN	1	1	0	286	458	13	103	143	0
BPIFC	0	2	0	236	561	32	80	173	9
TRPV6	0	3	0	360	757	23	135	293	11
ZDHHC16	1	2	0	181	400	22	0	0	0
MTMR2	0	2	0	244	595	34	67	186	12
JRKL	0	0	0	198	495	29	59	138	3
CALD1	0	0	0	292	824	27	91	265	0
RDH14	0	0	0	214	458	15	62	158	5
ACRV1	0	0	0	94	266	14	41	71	6
LENEP	0	0	0	27	66	3	7	27	1
TMDD1	0	0	0	0	0	0	81	161	5
MLKL	0	0	0	230	648	31	89	224	13
SAP18	0	0	0	101	166	3	44	45	1
RANGAP1	0	1	0	315	553	15	118	187	1
PRAMEF2	0	0	0	262	605	34	102	207	6
RPP25L	0	0	0	80	176	6	28	57	1
TMEM219	0	0	0	110	268	13	41	81	4
AP5Z1	3	3	0	702	1430	61	304	531	21
MAB21L1	0	0	0	214	335	7	76	109	2
C17orf98	0	0	0	84	198	9	28	67	1
PRDM15	1	3	0	584	1141	33	231	355	9
REG4	1	1	0	72	209	9	32	62	4
GBX2	2	0	0	220	408	2	61	116	0
SCN2A	1	54	9	798	1206	1	284	331	1
KRT31	0	1	0	228	495	23	95	206	5
CHMP4A	0	1	0	90	243	16	22	78	3
ELAVL1	0	0	0	166	148	1	75	37	0
ENSG00000267127	0	0	0	34	85	2	14	31	2
ZNF787	2	1	0	332	558	3	140	151	1
ROBO2	0	2	1	647	1496	24	223	548	11
KATNAL2	0	0	0	249	608	29	88	198	8
TSACC	0	0	0	52	135	3	14	36	0
PRKG2	0	0	0	314	627	21	99	177	5
ARRDC2	1	0	0	258	508	16	110	190	5
ZNF367	1	2	0	207	303	4	67	94	1
ENPP6	0	0	0	213	525	15	93	183	5
ZNF700	0	1	1	273	843	39	96	291	16
CAMKK2	0	3	0	306	587	15	100	189	3
OGFOD1	0	2	0	221	569	27	76	180	8
SLC6A5	2	2	2	433	942	41	151	310	12
EIF2S2	0	0	0	127	169	1	32	31	0
HLA-DPB1	0	0	0	116	250	27	38	84	9
LYG2	0	1	0	77	208	19	25	80	3
UCHL5	2	1	0	113	260	16	50	70	3
HBQ1	0	0	0	105	202	8	33	62	3
TMEM266	1	1	0	302	612	23	117	209	3
RSPH10B2	0	0	0	155	391	22	38	57	3
TAOK1	0	9	4	342	542	6	115	143	0
NDOR1	1	2	0	360	799	26	140	296	8
CATSPER4	0	0	0	208	547	33	83	168	8
OR52N2	0	0	0	0	0	0	62	146	5
KRI1	0	2	0	389	855	51	149	322	6
DUSP12	0	0	0	127	390	22	42	119	5
HES6	0	0	0	145	284	11	42	95	1
ACTA1	0	7	1	224	186	15	72	41	1
EFL1	1	1	0	428	1097	53	126	338	16
MICAL1	0	2	0	525	1185	57	182	442	18
CHMP1A	0	0	0	125	274	5	56	81	2
C3orf49	0	0	0	0	0	0	45	108	10
SLC36A1	0	1	0	256	512	16	104	168	4
SERPINB8	2	1	0	169	457	21	75	161	7
BCKDK	0	1	0	208	454	20	84	145	3
SHROOM3	1	4	0	994	2305	37	371	797	4
TCEA1	0	0	0	117	278	7	38	67	1
NBPF14	0	0	0	102	252	30	165	401	33
CASP14	0	0	0	103	277	14	38	121	3
TMEM262	0	0	0	63	124	8	24	49	1
TTC4	0	1	0	146	355	22	39	110	8
SLC6A1	3	33	2	307	389	1	111	109	1
TAS2R46	0	1	0	136	364	23	42	99	10
GNB1L	1	0	0	204	412	19	89	147	5
RAB30	0	0	0	67	131	9	22	26	0
ASIC2	2	3	0	316	607	16	102	174	3
PRRT1	0	0	0	156	288	5	61	79	0
RNF181	0	0	0	79	172	8	17	43	4
TMEM165	0	2	0	163	308	2	50	93	0
SPARC	0	1	0	137	304	5	49	102	0
CRCP	0	0	0	66	151	11	19	41	4
NKX2-8	0	0	0	177	384	23	70	101	5
SEZ6	0	0	0	473	982	29	158	313	6
ENSG00000288644	0	0	0	0	0	0	5	10	0
RAD52	2	1	0	193	447	29	73	152	6
KIT	2	3	0	412	797	9	154	268	2
H3-3A	0	14	0	63	20	0	25	3	0
CA6	0	1	0	150	356	23	50	108	6
KRT28	1	0	0	228	551	27	77	184	8
LIME1	0	2	0	176	410	15	45	121	7
SLC28A3	0	1	0	281	641	40	105	207	13
IL6R	1	2	0	242	496	16	104	160	5
PYROXD2	3	3	0	264	688	20	0	0	0
TIGIT	0	2	0	128	264	12	43	86	4
PCBP2	0	4	1	195	147	0	68	29	0
CD300LG	0	1	0	159	392	26	60	135	8
STEAP1	0	1	0	116	324	24	39	105	4
NOTO	0	1	0	147	341	17	47	116	5
LRRC43	1	1	0	410	800	45	132	272	15
PLN	0	0	0	18	56	2	3	10	1
ZNF547	1	0	0	171	425	21	48	149	6
TFF3	0	0	0	36	67	6	17	24	1
NLRC4	0	6	0	434	1043	48	113	267	10
NABP1	1	1	0	80	223	10	21	79	4
BARHL1	0	0	0	199	383	6	77	120	0
TTC28	2	5	0	1211	2485	42	421	847	12
FDCSP	0	1	0	35	91	1	9	30	1
MS4A4A	0	0	0	88	257	16	34	88	6
PSEN1	0	0	0	214	365	12	73	117	1
BFSP1	1	4	0	326	755	37	113	282	10
ERCC3	0	2	0	353	786	41	120	247	13
STOX1	0	1	0	413	1051	51	0	0	0
NMUR1	0	1	0	231	485	21	91	189	5
PPP4R1	2	4	0	405	953	19	121	283	3
TNFAIP8L1	0	1	0	117	213	2	41	65	0
FGF4	0	2	0	140	279	3	42	63	2
CARD9	0	4	0	363	692	26	149	262	6
CMC2	0	0	0	42	110	6	13	36	4
MGAT5	0	3	1	303	646	17	111	183	3
LENG9	1	0	0	377	803	34	132	280	5
RPS27	0	1	0	53	56	0	18	18	0
CRP	0	0	0	119	277	15	45	90	5
SERINC5	0	2	0	222	491	26	86	148	5
GFY	0	0	0	278	637	25	98	191	4
VSIG10L2	0	0	0	385	913	42	166	350	19
GRAPL	0	0	0	4	10	1	0	0	0
GPLD1	2	0	0	390	993	36	130	349	13
NOTCH4	1	2	1	923	2094	96	268	676	32
CYP17A1	0	1	0	263	530	21	0	0	0
STYK1	0	2	0	177	469	29	52	144	6
PRUNE1	0	1	0	196	445	14	65	158	5
OR5P3	2	1	0	148	377	18	51	119	3
SMAD9	0	4	0	253	553	31	85	168	7
PIAS4	0	3	0	347	495	2	153	150	1
PSMD1	0	5	0	378	645	4	112	194	0
C3orf85	0	0	0	0	0	0	16	38	1
CALHM3	1	1	0	200	463	17	0	0	0
ABHD8	1	0	0	268	503	10	90	148	3
BRD9	0	2	0	305	670	27	107	209	2
CPT1A	3	0	0	358	750	37	134	237	8
LZTR1	1	18	2	455	1146	138	174	371	29
CCDC27	0	0	0	340	734	54	126	257	19
C10orf62	0	0	0	98	249	15	0	0	0
FGFRL1	2	1	0	382	689	17	174	279	4
IFI27L2	0	0	0	53	189	5	17	56	2
WHAMM	1	1	0	423	999	47	143	341	11
ZNF727	0	0	0	185	559	26	71	191	6
KLHL25	0	6	0	373	917	41	147	327	17
NDUFAB1	0	0	0	86	194	2	32	54	0
CBFB	0	0	0	100	145	7	33	50	2
NPIPA5	0	0	0	108	285	13	32	70	0
PEDS1	0	0	0	142	234	2	63	69	0
FGF12	0	3	0	79	149	3	28	37	0
EEF1B2	1	0	0	100	224	8	35	66	1
SERPINI1	0	0	0	140	423	7	53	117	1
CXCL2	0	1	0	80	141	4	27	43	2
UBD	0	0	0	69	173	7	21	48	4
MROH5	0	0	0	0	0	0	0	0	0
BAP1	1	5	0	347	642	8	133	205	3
METTL7B	0	0	0	122	261	12	42	86	2
MTFMT	0	0	0	182	504	33	52	181	8
ENSG00000260272	2	1	0	185	409	16	74	143	8
CCT6B	0	0	0	208	588	24	69	170	7
SMNDC1	0	0	0	93	142	2	0	0	0
ENSG00000285779	1	0	0	37	55	3	20	23	0
KLHL3	0	1	0	256	473	9	81	158	4
PRM3	0	0	0	75	163	3	28	57	3
ATRAID	0	1	0	120	284	14	49	89	3
VAV3	1	4	0	327	858	51	121	258	8
KBTBD7	0	5	0	283	631	31	91	214	8
NOP14	0	2	1	413	1055	39	152	359	10
LMTK2	1	7	1	746	1580	17	287	522	0
ZC2HC1C	0	1	0	183	469	24	58	171	9
C6orf52	0	0	0	62	186	15	24	57	8
RXFP4	0	1	0	168	409	18	60	145	6
RTP4	1	0	0	100	243	18	28	77	4
HSPA12A	0	2	0	315	626	21	0	0	0
NOS1AP	2	0	0	251	496	9	91	142	0
CFAP44	2	2	0	687	1871	74	239	610	28
DRD5	0	0	0	339	745	30	123	239	10
STK10	1	1	0	454	1018	44	185	372	14
PHF21B	1	1	0	328	618	9	121	226	3
RAB18	0	0	0	88	177	7	0	0	0
POLR3C	0	0	0	259	530	26	88	161	4
HMGB1P1	0	0	0	0	0	0	24	58	4
IDI1	2	0	0	146	326	17	0	0	0
DDX1	1	4	0	276	687	8	88	207	1
CHRNA9	1	1	0	216	561	21	77	189	9
NUTM2G	0	0	0	330	780	33	103	219	15
SETD9	0	0	0	119	301	23	44	95	10
GP6	1	1	0	319	711	53	117	284	17
EPHX1	0	4	0	238	520	28	85	173	11
POMGNT1	1	1	0	283	672	30	107	247	11
STEAP1B	0	0	0	100	261	16	45	91	5
MS4A10	0	0	0	138	311	20	48	100	7
TPBGL	0	1	1	343	649	13	124	184	2
FUT8	0	1	0	246	517	15	84	151	3
DSP	1	9	0	1215	2940	92	420	956	26
HS3ST6	0	0	0	247	555	16	101	182	2
ZNF474	1	1	0	181	506	18	54	177	7
ATAD5	0	5	0	591	1585	29	187	492	3
MPPE1	0	1	0	173	409	21	57	141	9
GREB1L	0	4	0	837	1606	8	301	538	3
PRR36	1	1	0	839	1896	26	240	500	1
SWT1	2	1	0	320	875	9	100	250	2
IL1R2	1	3	0	204	457	34	69	164	11
MAFK	0	0	0	98	160	2	40	60	2
P2RX6	0	1	0	231	508	34	99	168	7
ZNF892	0	0	0	0	0	0	54	170	11
MT1F	0	0	0	30	75	5	9	33	1
TYRP1	1	2	0	265	801	41	87	287	16
SLC30A6	0	1	1	218	541	20	77	170	7
FCRLA	0	1	0	176	369	20	66	123	8
TP53I3	0	1	0	145	351	14	40	121	5
MCF2L	1	5	0	625	1218	42	255	436	2
C4orf36	0	1	0	53	127	8	19	40	4
HECTD4	6	14	1	2026	3667	67	721	1071	7
ATP6V1D	0	1	0	104	195	13	33	58	5
ZNF292	3	5	7	1186	2614	13	387	830	3
SEMA5A	2	3	0	516	1173	37	220	384	8
CWF19L2	1	2	0	343	1065	63	109	328	14
ZBTB44	2	0	0	242	454	13	86	150	1
PIERCE1	0	0	0	78	168	6	28	62	4
SH3BGRL2	0	0	0	45	120	6	17	38	5
ST14	1	2	0	440	983	21	173	309	2
LRRC51	0	1	0	94	210	6	32	60	1
BLOC1S3	1	0	0	147	286	5	46	93	3
MATN3	1	0	0	207	546	23	73	200	7
SLC25A15	0	1	0	129	276	14	52	90	4
RASA2	0	0	0	360	927	67	111	223	16
CXCL8	0	0	0	50	145	8	23	42	2
ATP11B	1	3	0	449	1048	43	151	307	9
EEF1E1-BLOC1S5	0	0	0	63	163	6	15	46	3
ABTB1	1	0	0	279	573	18	110	220	7
TMEM161B	0	1	0	200	450	17	67	136	2
NNAT	0	0	0	38	80	2	18	19	0
ZNF556	0	1	0	210	556	23	94	203	8
C11orf86	0	1	0	64	139	17	27	50	5
EGLN2	1	4	0	269	478	8	102	152	1
SHARPIN	0	1	0	248	504	23	92	173	6
SIK1	1	2	0	57	113	2	3	8	0
ENSG00000255639	0	3	1	247	674	30	105	241	8
ENSG00000260914	2	4	1	271	371	10	96	102	4
CSF1R	3	3	0	494	900	36	194	304	7
RBMXL1	0	0	0	144	387	24	48	134	5
CDCP1	0	1	0	378	821	26	141	290	7
CHPF2	0	1	0	396	908	47	137	351	23
MTA1	0	2	1	421	621	3	176	208	1
DGKH	0	5	0	517	1070	44	173	332	11
PRSS56	1	0	0	395	777	35	138	246	9
UBL7	1	1	0	143	352	12	51	109	2
NOP58	2	0	0	215	502	18	73	144	4
ARL8A	0	1	0	73	104	3	24	21	0
RNGTT	1	1	0	233	492	17	80	140	7
ZDHHC2	0	0	0	195	465	22	74	138	2
FAM90A23	0	0	0	0	0	0	13	29	0
CRACDL	1	2	0	603	1222	16	201	409	1
AADACL3	0	0	0	171	433	20	66	170	7
GET1-SH3BGR	0	0	0	117	247	10	53	88	3
CCDC136	2	3	0	468	1148	63	147	381	14
HLCS	0	0	0	436	977	44	172	341	9
CSF2RB	3	3	0	494	981	27	196	336	6
RANBP1	0	1	0	129	280	7	44	81	1
LY6S	0	0	0	77	128	7	28	44	3
RNF214	0	2	0	300	699	7	96	211	3
VN1R1	0	2	0	149	352	13	55	105	3
DNER	0	4	0	375	788	16	134	298	5
CCDC121	0	0	0	115	271	23	31	61	8
CC2D1B	1	0	0	401	1031	49	175	391	19
ENSG00000239920	0	1	0	37	89	8	16	37	4
MOK	0	0	0	183	457	35	86	171	12
MCPH1	0	1	0	503	1460	71	193	504	19
ANKRD26	2	3	0	643	1764	95	0	0	0
ADAR	0	5	0	574	1168	41	204	318	5
NBAS	1	10	2	1074	2741	132	365	917	41
PLCE1	3	5	0	935	2217	89	0	0	0
DEPP1	1	0	0	88	245	11	0	0	0
CLPB	2	1	0	317	706	26	87	240	7
ZSCAN9	0	0	1	151	418	36	43	118	12
H2BC6	0	0	0	138	202	12	54	58	5
B3GALT4	0	0	0	240	431	22	64	109	3
ENSG00000267699	0	0	0	41	70	2	9	28	0
ACOX3	1	2	0	362	865	36	146	339	8
TDRD12	3	1	0	460	1356	79	190	486	23
TEX49	0	0	0	0	0	0	21	60	1
TNIP2	1	0	0	259	565	21	89	191	5
ZNF366	2	0	0	393	884	22	133	307	2
DPY19L4	0	1	0	225	729	39	79	259	12
MS4A1	1	1	0	128	316	9	43	99	3
MMP10	1	1	0	240	566	40	92	209	13
PDE4D	0	9	0	361	672	15	112	190	3
TENM3	1	9	0	1279	2697	40	402	841	7
EPS8	0	2	0	350	897	23	120	283	3
YJEFN3	0	1	0	216	394	8	78	153	4
ZNF134	0	1	0	162	458	28	61	171	11
VCP	0	9	0	370	305	0	114	73	0
TRPM8	1	2	0	510	1220	56	207	392	19
LCN15	0	0	0	107	208	6	50	75	2
ANO6	0	0	0	364	893	59	116	284	16
COL23A1	0	2	0	344	707	27	129	218	7
ALKAL2	1	0	0	125	240	5	44	75	0
DRD4	1	1	0	462	899	20	182	309	4
TASOR2	1	2	0	1015	2604	69	0	0	0
MXD4	2	1	0	144	275	7	58	95	0
WFIKKN1	0	0	0	407	801	33	187	327	9
CPA3	1	1	0	177	494	22	56	163	10
OR2T29	0	0	0	21	67	3	4	9	0
EVX1	1	0	0	323	633	9	98	186	1
PKIA	0	0	0	20	62	3	4	11	0
OR51E1	1	0	0	160	388	18	55	126	6
PPP2R2A	1	2	0	179	245	6	54	65	1
TMEM63A	0	0	0	400	783	34	131	287	5
DHRS1	0	2	0	140	319	15	43	123	4
ENOSF1	2	0	0	222	588	36	84	212	9
TTC13	1	2	0	369	767	36	125	236	4
OR5D18	0	0	0	151	402	17	41	119	3
RXFP2	0	1	0	346	750	31	104	213	8
CABP2	0	1	0	121	272	10	50	109	3
C1orf167	1	4	0	674	1586	132	240	553	48
FLI1	4	4	0	254	410	3	111	130	0
PYY	0	1	0	64	149	7	24	42	2
RPL18	0	0	0	120	169	4	43	65	2
HIPK4	0	3	1	332	634	20	142	246	3
ENSG00000273398	0	1	0	144	271	10	63	115	1
TAF6L	1	2	0	387	745	21	135	248	1
FBXO45	0	0	0	160	205	1	47	56	0
GRHL3	0	0	0	279	561	10	106	195	3
PPM1B	1	1	0	216	534	12	76	167	1
PARP12	1	0	0	384	802	45	147	253	10
DVL3	0	1	0	387	742	12	127	219	1
RNASE1	0	0	0	64	191	8	19	63	0
HS3ST3B1	0	0	0	248	525	18	69	149	2
OXLD1	0	2	0	104	220	7	34	77	4
RPLP2	0	0	0	89	160	1	24	51	0
FST	0	0	0	163	270	5	53	83	0
TAX1BP1	0	0	0	300	792	36	91	220	10
HNRNPCL3	0	0	0	0	0	0	2	0	0
PPP3R2	0	0	0	90	198	7	25	65	2
FAM167B	0	2	0	81	178	16	28	54	4
MCU	0	1	0	180	316	8	0	0	0
CENPS-CORT	0	0	0	49	129	12	27	45	4
FBXL3	0	1	0	184	314	7	65	75	0
DNAAF11	0	0	0	173	503	27	64	153	9
OR6J1	0	0	0	0	0	0	59	118	4
TTC27	0	2	0	354	980	55	128	331	15
DYRK2	1	4	0	318	620	4	101	187	1
HDDC2	0	0	0	102	263	18	29	85	5
OR5C1	0	0	0	166	374	20	65	137	13
CDK19	0	2	0	228	332	9	70	85	3
CFAP141	0	0	0	47	110	10	16	32	2
DNAJB14	0	0	0	139	313	11	53	105	4
TRIM29	1	3	0	311	662	29	106	242	9
CCL15-CCL14	0	0	0	52	118	5	19	35	3
LPA	2	1	2	676	1762	127	272	607	42
LRRC66	0	2	0	386	1016	46	153	359	14
DPH3	0	0	0	32	86	5	12	29	2
CDAN1	1	1	0	772	1548	59	257	512	19
ZNF486	0	0	0	213	668	36	68	265	9
HLA-G	0	0	0	189	433	30	54	133	8
RTRAF	0	0	0	98	266	7	37	71	1
GPAT3	1	1	0	175	480	25	63	161	12
ZNF561	0	0	0	195	558	16	66	185	4
BBLN	0	1	0	48	92	4	11	29	0
BCAS2	0	0	0	89	218	14	30	60	4
MAML1	0	2	0	511	1153	5	175	397	3
ZNF853	0	3	0	420	775	50	152	271	8
BEST3	0	0	0	268	716	46	98	224	16
TPRG1L	0	0	0	180	336	26	66	101	7
PIP4K2B	0	1	0	191	307	1	68	85	0
CD177	0	0	0	255	643	32	78	220	13
SCYGR2	0	0	0	0	0	0	20	47	6
C1orf43	0	0	0	131	268	9	45	91	2
SMPDL3A	0	0	0	169	475	31	58	156	8
CD69	0	0	0	73	180	11	24	70	2
FSD1	0	6	0	245	554	12	96	205	3
RAX	0	1	0	280	514	14	89	177	3
FCAMR	0	1	0	260	667	33	91	215	10
IL22RA1	0	2	0	298	661	22	111	228	3
ADGRL3	0	4	0	670	1429	25	252	476	4
B3GALT2	1	0	0	187	390	12	56	113	4
PDCD1	1	1	0	167	271	11	57	102	4
MLEC	0	0	0	123	223	2	52	55	0
FRYL	3	6	2	1158	2868	103	374	822	11
ELK3	0	1	0	240	453	5	96	160	1
DENND10	0	0	0	140	326	18	0	0	0
METTL21EP	0	0	0	0	0	0	31	90	6
KRT36	0	1	0	262	595	30	96	190	9
POM121L12	2	3	0	243	524	20	84	204	4
WSCD2	0	4	0	276	587	19	94	211	4
FN1	1	7	0	1169	2434	71	390	839	8
UTF1	0	1	0	338	533	7	0	0	0
C12orf56	1	1	0	275	670	46	92	191	12
KLK14	1	1	0	115	268	18	36	95	0
SEC11C	0	0	0	72	136	5	23	44	2
LRFN5	1	1	0	304	729	25	99	188	1
AKAP8	4	0	0	368	891	11	167	357	3
ERMARD	1	0	0	294	785	36	108	274	9
AGTPBP1	0	3	0	452	1092	32	161	328	11
SELENON	0	0	0	0	0	0	0	0	0
SP100	0	3	0	325	877	26	105	277	4
GTF2H4	1	0	0	203	442	23	47	152	10
UBE3C	1	0	1	500	927	23	170	326	6
LRAT	0	1	0	135	249	4	49	83	3
PLAGL1	0	0	0	236	447	6	74	136	2
JAKMIP3	2	4	0	461	907	24	0	0	0
LPCAT1	0	0	0	325	571	10	141	200	4
MMP2	1	2	0	359	731	30	126	248	9
BST2	0	0	0	80	150	5	32	53	2
GNAS	0	15	2	220	158	3	89	30	0
COG5	1	0	0	357	1041	56	131	308	11
CADM3	0	2	1	202	394	7	82	132	2
OR5K1	2	0	0	139	421	10	55	132	3
LILRA6	0	0	0	198	474	21	74	194	9
GALNT13	0	0	0	210	504	17	74	136	2
KLHL9	0	0	0	280	566	21	83	163	6
RSPH3	0	0	0	149	424	14	52	141	0
HHATL	0	2	0	211	556	32	78	203	11
B4GAT1	0	1	0	209	387	16	82	117	4
FASLG	0	1	0	131	268	7	51	77	1
GRK7	1	0	0	256	613	22	90	205	5
TMEM183A	0	0	0	170	351	12	66	91	4
GPT	0	1	0	377	767	30	148	293	13
PLA2G5	0	0	0	76	153	15	22	60	6
METTL24	0	0	0	201	473	19	61	152	4
ENY2	0	2	0	41	56	0	15	22	0
SFRP4	0	2	0	175	435	16	53	132	5
SLC1A2	1	2	0	251	505	6	93	145	1
PEX5	0	1	1	309	677	22	103	246	8
RSPO3	0	0	1	113	252	14	28	82	3
S100A6	0	0	0	43	101	2	16	26	0
CNDP1	0	0	0	247	584	18	100	195	8
SNRNP48	0	1	0	134	349	26	46	117	10
LAIR2	0	0	0	73	184	8	26	72	2
SH3BGR	0	0	0	70	124	7	33	42	3
ENSG00000272297	0	0	0	0	0	0	0	0	0
TSFM	0	1	0	164	359	14	61	140	4
MRPS7	0	0	0	123	301	10	44	93	1
RAB40B	0	2	1	158	334	16	67	103	3
ZNF541	0	2	0	719	1510	14	258	502	2
MRPL32	1	0	1	78	215	13	24	82	3
BCAN	2	1	0	444	983	39	138	308	11
SPATC1	2	2	0	348	726	20	126	285	10
GLUD1	0	3	0	252	478	15	0	0	0
MPG	0	0	0	184	418	24	58	172	15
NAPSA	1	0	0	238	490	27	80	169	12
RAB1A	0	0	1	80	118	2	26	27	0
TUBA8	1	2	0	205	503	22	79	173	4
FOXK1	1	2	0	529	853	8	207	305	1
AK7	0	0	0	286	758	37	97	270	14
ZCCHC17	0	1	0	85	267	6	26	91	1
NR5A1	0	2	0	249	402	2	100	141	1
TLCD2	0	1	0	155	330	13	64	126	4
CERS2	0	2	0	188	352	11	62	123	3
CMTM6	0	0	0	94	179	6	40	68	0
LRRD1	1	2	0	301	815	48	99	241	17
LUM	0	2	0	157	313	10	52	73	0
LRRC69	0	0	0	138	343	18	46	123	6
RNASE2	0	0	0	74	182	4	31	52	0
NDUFB3	0	0	0	38	96	4	10	32	1
MACC1	0	3	0	356	1006	63	106	338	25
SNX33	0	0	0	248	585	19	72	190	2
ZNF491	1	0	0	145	506	24	49	152	7
BAZ1A	0	4	0	565	1270	29	174	377	5
MKLN1	0	0	0	285	547	8	77	152	1
ATP13A3	0	4	0	474	1133	24	176	329	1
ENSG00000285942	0	1	0	101	212	11	43	63	2
TANC2	1	4	3	855	2002	11	292	617	1
GLRA3	0	2	0	216	453	24	77	139	7
EHF	0	0	0	147	270	10	55	91	1
PCDHGB7	0	1	0	482	1063	29	162	339	12
ITGA1	0	0	0	479	1259	40	179	389	9
KRTAP10-5	0	0	0	156	353	20	58	159	5
MRFAP1	0	0	0	101	170	2	40	49	0
PLCB2	2	2	0	564	1327	54	210	432	9
ENSG00000285330	0	1	0	274	707	35	91	230	10
CYP1A1	1	1	0	262	613	33	68	200	9
SNED1	1	2	0	728	1479	22	289	512	2
RP9	0	0	0	83	238	20	34	80	5
CCR1	0	3	0	192	326	9	71	87	0
QPRT	2	0	0	166	301	14	74	109	4
ENSG00000125695	0	0	0	0	0	0	0	0	0
KCNH2	2	0	0	732	1184	17	260	407	3
ARPC1B	0	1	0	192	420	19	92	155	2
TNFSF15	1	0	0	120	266	6	40	80	2
DHCR7	0	1	0	270	597	35	104	225	9
HOMER3	0	1	0	203	439	16	67	156	4
TMTC2	1	2	0	371	870	28	135	288	4
TAS2R14	1	1	1	125	368	13	32	126	9
FGG	0	0	0	178	437	17	58	129	2
PIK3C2G	2	4	0	566	1718	91	179	528	25
OR56A3	0	0	0	166	344	18	65	96	5
DCLK3	0	3	0	327	699	17	141	301	8
CEP250	3	2	0	1042	2350	169	342	757	40
RNF169	0	1	2	385	853	15	125	281	6
ENSG00000288678	0	0	0	0	0	0	7	20	0
FABP6	0	0	0	79	148	4	33	63	2
ALDH1B1	1	1	0	249	616	24	109	234	7
SMUG1	0	1	0	116	279	11	41	93	5
CCDC68	0	0	0	136	343	22	38	113	9
IQUB	0	3	0	300	904	62	103	292	17
OR4E2	1	2	0	144	420	13	51	133	4
ENSG00000270299	0	0	0	39	79	2	17	39	3
VPS13D	3	13	2	1857	4371	122	616	1375	30
ALDH4A1	1	2	0	299	666	23	131	250	9
MANF	0	0	0	83	220	7	29	58	2
ENSG00000288529	0	0	0	1	1	0	6	15	0
ZBTB11	1	4	0	471	1025	54	152	304	5
OVCH1	1	5	0	406	1176	61	140	354	16
NWD1	2	4	0	731	1641	86	261	600	30
FXYD5	0	1	0	99	192	5	37	70	2
CYSLTR2	1	0	0	158	372	15	42	124	4
SEC63	0	1	0	301	635	26	98	187	7
LBH	0	1	0	60	117	3	20	37	1
TRIM42	1	4	0	343	780	46	125	243	14
LPGAT1	0	0	1	139	266	8	48	63	1
ASPH	1	1	0	320	818	53	128	256	11
TECTA	3	4	0	1026	2361	87	377	785	30
INPPL1	0	3	0	675	1345	46	258	423	9
CTNNA2	0	7	0	449	801	23	166	200	4
KIF23	0	1	0	330	882	15	108	291	2
NSFL1C	1	3	0	180	382	4	66	120	0
DALRD3	1	0	0	314	709	28	113	227	9
CPSF1	2	5	0	994	1554	40	385	526	8
NDUFAF7	0	0	0	213	585	31	67	188	10
CYB561D1	0	1	0	119	260	10	40	101	1
HYKK	0	2	0	145	381	15	31	112	9
ZFR2	2	4	0	595	1241	58	242	516	23
TSEN34	1	0	0	223	440	19	85	129	5
ZNF500	3	1	0	361	748	32	148	309	9
HRH1	0	0	0	209	477	14	86	158	3
RAET1L	0	0	0	95	269	15	34	80	5
GLB1	1	1	0	292	706	27	101	225	6
LDHC	0	0	1	141	345	10	34	106	5
PRB4	0	0	0	122	465	26	43	135	7
PROB1	1	1	0	656	1391	50	200	461	17
MYBBP1A	6	4	0	893	1798	99	346	666	30
PF4V1	0	0	0	58	145	4	22	45	0
ZNF14	0	0	0	210	625	42	88	203	20
CCDC18	0	3	0	495	1404	90	173	404	30
EIF2B1	0	0	0	138	264	16	55	84	2
NFIA	0	4	4	223	383	4	97	86	0
TMEM88	0	0	0	137	210	2	45	59	4
EGFL8	0	0	0	156	347	11	62	126	4
FAM168B	0	1	0	118	228	8	50	61	1
CNR1	0	0	0	263	379	14	97	113	3
MPZL3	0	0	0	109	256	10	38	101	3
CENPV	2	0	0	184	335	9	67	102	0
LIN9	0	1	0	195	420	7	58	116	2
ENSG00000286015	0	0	0	0	0	0	18	47	6
XPO7	0	5	0	536	732	8	155	176	1
NPC1L1	0	1	0	692	1421	66	262	462	22
RPL22L1	0	0	0	48	147	8	19	44	2
SPATA25	1	0	0	111	267	15	38	87	4
ZBTB7A	0	2	1	435	537	3	169	157	1
MKX	0	1	0	171	415	9	0	0	0
CNTNAP1	2	1	0	694	1342	51	242	451	12
RCSD1	0	2	0	191	493	12	69	161	6
RP1L1	3	5	0	1690	4465	213	613	1558	70
MMP21	0	2	1	321	694	44	0	0	0
UBE2Z	2	0	0	214	333	6	64	58	0
KLRK1	0	0	0	82	217	29	29	84	9
FAM161B	1	3	0	286	679	41	87	235	16
SPRR1B	0	0	0	44	97	8	12	45	3
PDILT	2	0	0	266	666	32	97	231	7
GLP2R	1	0	0	270	531	35	95	207	9
CHRM1	0	2	0	218	314	4	87	107	0
PRRC2A	2	5	0	1168	2835	30	367	956	5
KRTAP10-11	0	0	0	181	375	15	68	127	6
ELOVL5	0	2	0	124	255	8	38	82	0
AQP9	0	2	0	150	411	15	42	137	6
CELSR1	4	9	0	1974	3715	53	817	1377	3
GABRG1	1	1	0	223	521	32	74	140	4
PSPN	0	0	0	99	193	9	35	65	3
C1orf54	0	1	0	54	136	5	17	50	2
PHYHIP	0	3	0	187	215	5	67	60	1
ASCC1	1	3	0	136	362	21	0	0	0
TAF3	1	0	1	444	821	3	0	0	0
SNAPC5	0	1	0	56	121	8	16	49	4
BCL2L2-PABPN1	0	2	0	171	307	10	60	100	2
MOB3B	1	2	0	100	238	6	31	71	3
SPINK4	0	1	0	31	89	7	12	37	0
CXCR2	0	1	0	201	358	8	57	132	0
LEPR	1	6	0	388	1070	43	152	330	8
LYZL4	0	1	0	65	165	5	23	65	1
PRR23D1	0	0	0	0	0	0	0	0	0
CCDC59	0	1	0	136	346	25	47	115	9
PSG11	0	0	0	205	545	32	81	184	16
ZNF716	0	0	0	182	585	36	62	187	16
RSBN1	2	2	0	375	760	14	126	222	5
ENSG00000285218	0	0	0	77	92	0	24	32	0
TRIM14	0	0	0	275	545	18	95	171	3
N4BP3	1	1	0	311	739	20	109	275	2
RIPOR2	0	0	0	462	975	24	150	300	9
ACOT4	0	0	0	209	517	24	57	199	8
CEP192	3	4	1	1011	2703	90	340	879	23
XRCC4	0	0	0	135	328	12	28	122	7
HIGD1C	0	1	0	33	103	6	9	35	3
CORIN	1	3	0	454	1196	64	164	436	22
DDX55	0	0	0	274	643	30	112	225	9
CTAGE1	0	0	0	315	955	44	114	308	6
ZNF502	0	0	0	180	507	33	62	166	10
IHO1	1	0	0	210	563	23	69	143	7
NANS	0	0	0	150	376	16	52	125	5
PHPT1	0	2	0	91	230	11	39	74	5
ENSG00000289761	0	0	0	0	0	0	1	6	1
CYP46A1	2	0	0	267	399	5	105	97	0
PROS1	0	0	0	276	706	24	77	221	5
KIAA1328	0	1	0	230	658	36	77	212	8
SERPINB12	2	1	0	167	498	34	57	175	11
SHISAL2A	0	1	0	101	233	15	39	86	2
TUBB2A	0	0	0	228	116	3	62	19	0
USH1C	0	1	0	447	1074	38	162	383	15
FAM222B	1	2	1	333	634	9	130	219	5
QRFP	0	0	0	76	199	8	32	73	1
PDZD7	3	5	0	570	1364	43	0	0	0
OR7C1	0	1	0	147	325	10	47	90	2
ENSG00000285733	0	1	0	84	202	15	36	82	4
MARCHF8	1	2	0	243	625	28	0	0	0
AGFG1	0	0	0	250	510	3	75	156	2
MINDY2	0	3	0	329	813	42	118	240	4
AURKC	0	1	0	130	296	12	44	112	5
ZSCAN22	1	1	0	236	508	28	75	171	6
ANKRD37	0	0	0	72	191	6	24	56	3
LAMA2	3	8	0	1366	3573	144	465	1163	40
PTPRN	3	6	0	447	1028	29	153	352	4
UNC79	2	5	0	1034	2172	20	358	685	5
ENSG00000285708	1	18	11	355	581	9	163	154	1
FNBP1L	0	2	0	227	538	16	84	146	2
LSMEM2	2	1	0	87	195	11	31	78	3
MTSS2	1	5	0	580	1045	11	241	370	4
EGLN3	0	0	0	132	220	13	47	54	3
CCNT2	0	3	0	317	717	7	104	187	2
DAAM2	1	4	0	473	1174	25	159	444	3
PSD3	1	3	0	532	1438	31	182	465	8
CELF3	1	0	0	235	369	8	81	101	1
SLC4A4	0	4	0	468	859	16	141	225	1
RAPGEF6	2	3	0	671	1600	34	228	476	9
OVCH2	0	0	0	269	673	44	84	231	13
CCDC81	0	0	0	248	711	52	64	221	17
TJP1	0	5	0	756	1890	31	260	592	3
LSM7	0	0	0	56	93	6	26	26	1
EXOSC1	0	0	0	87	228	8	0	0	0
SLC26A9	3	3	0	394	806	24	166	288	3
TUBA4B	0	0	0	2	3	0	33	103	6
KCNJ6	0	1	0	189	228	4	65	51	3
PAICS	0	1	0	173	405	20	42	110	2
LYZL6	1	1	0	69	153	15	22	48	4
TNP2	0	0	0	70	197	12	20	60	3
STPG4	0	0	0	141	339	21	48	124	5
FGR	0	0	0	263	495	8	102	116	1
DENND5A	2	1	0	595	1199	41	207	371	8
TCP11L1	0	0	0	201	490	19	69	169	4
IFNA21	0	0	0	104	248	14	37	98	1
RHOQ	1	0	0	105	195	5	45	43	3
SCIMP	0	1	0	49	150	12	20	42	2
ZNF676	0	0	0	195	618	31	79	217	11
SPATA6	1	0	0	203	541	24	76	187	8
MIXL1	0	0	0	160	325	10	57	110	2
ARL4A	0	0	0	84	173	8	29	43	2
FUT2	0	0	0	177	392	31	77	160	13
PCP4	0	0	0	22	53	3	6	18	0
CCDC182	1	0	0	86	192	9	20	62	3
DDR1	0	2	0	415	907	37	146	363	11
CETP	1	1	0	224	552	20	88	195	13
SMIM11	0	1	0	0	0	0	0	0	0
NPM1	2	1	0	142	204	0	56	57	0
PRKD1	1	6	0	432	947	36	146	301	14
LMAN2L	0	0	0	164	386	20	67	125	9
MRPS36	0	0	0	29	94	3	14	32	0
ENSG00000288711	0	0	0	0	0	0	0	0	0
FAM170B	0	0	0	165	399	26	0	0	0
EDDM3B	0	0	0	64	172	12	32	55	7
DTD2	0	0	0	71	171	9	18	52	4
TRH	0	0	1	120	279	24	53	114	6
ATP6V1G3	0	0	0	47	140	9	16	32	3
FAM90A12P	0	0	0	0	0	0	45	109	2
SYNGAP1	1	8	20	584	886	4	206	256	2
C1orf141	1	1	0	160	462	24	46	121	4
KLRD1	0	0	0	57	164	13	30	53	4
RARS1	0	1	0	255	721	33	82	205	12
FSD2	1	1	0	355	848	51	108	269	14
VWF	5	6	0	1414	2932	103	511	1070	21
VAMP8	0	0	0	47	96	2	23	31	1
CABIN1	1	6	0	1031	2256	71	378	723	15
OR11H12	0	0	0	179	486	20	23	68	6
PRTFDC1	0	0	0	101	244	15	0	0	0
MAP3K7	0	11	0	234	457	11	76	137	1
CD79B	0	0	0	127	205	7	35	66	0
MALT1	0	2	0	354	680	20	118	179	3
GMPPB	1	0	0	186	393	15	71	113	3
ENSG00000268163	0	0	0	37	124	9	14	46	3
GBA3	0	0	0	0	0	0	0	0	0
ADD1	3	3	0	379	863	16	116	303	2
SAA2-SAA4	0	0	0	83	213	6	32	83	2
ALDH3B1	2	1	0	277	537	23	121	211	4
ZNF618	2	2	1	515	993	16	231	331	2
TNFRSF17	0	0	0	95	259	11	33	84	3
LCE1C	0	1	0	74	140	8	35	51	3
NDUFB2	1	1	0	40	142	10	12	42	4
ATXN3	0	1	0	115	293	10	35	84	1
ZNF843	1	1	0	179	433	19	74	158	7
HTR1A	0	1	0	234	465	10	76	133	2
SLC2A11	1	3	0	275	512	28	104	164	10
LAMC1	1	4	0	705	1791	24	251	573	1
MYRIP	2	2	1	369	933	30	144	298	7
ENSG00000288646	0	0	0	0	0	0	4	7	0
ALOX5AP	0	1	0	81	161	5	21	48	1
CPXM1	0	1	0	393	818	34	151	243	9
SLA2	0	2	0	130	264	16	36	106	3
RAVER1	0	1	0	444	821	15	165	303	5
LASP1NB	0	0	0	0	0	0	4	5	0
MTRR	2	2	0	322	822	33	105	257	12
SYT13	0	0	0	233	435	12	77	154	3
CAPG	0	1	0	174	385	16	58	131	4
PANX3	0	0	0	185	391	17	59	129	5
MYDGF	0	0	0	97	233	8	34	76	2
TOP2A	1	4	0	523	1180	32	168	347	9
ACAD9	0	1	1	306	711	15	104	235	6
TTLL11	1	0	0	370	741	26	124	250	3
PRRX1	0	1	0	144	264	6	47	81	1
TGFA	1	0	0	88	166	4	32	58	1
ZNF689	0	0	0	261	513	18	65	146	5
GPR4	1	2	0	191	331	10	79	100	2
PCDHGB5	0	0	0	479	1084	38	169	345	15
BRAF	1	27	0	340	523	7	111	138	0
ADAT2	0	0	0	77	219	13	27	73	8
MYLK2	1	1	0	276	629	11	115	219	2
TAC1	0	1	0	49	111	5	16	39	0
GTF2E2	1	0	0	119	279	11	42	93	4
ARL2	0	1	0	104	203	12	32	61	1
ENTPD5	1	4	0	191	422	28	66	138	8
SLC35G3	0	0	0	199	350	12	68	135	4
NMT1	0	1	0	239	404	7	77	106	0
ZNF695	2	0	0	171	517	37	62	171	17
TWSG1	0	1	0	88	228	8	27	72	3
CTNND2	1	5	2	705	1282	18	262	448	4
ZNF510	0	1	0	266	650	43	74	212	13
GTF3C6	0	0	0	86	227	15	32	66	4
CXCL5	0	0	0	69	140	3	24	43	3
PRMT8	2	2	0	191	256	5	68	65	0
VPS37D	0	0	0	165	322	4	52	120	0
TKTL2	2	1	0	251	757	27	84	268	12
ITGA6	2	4	0	466	1028	35	155	300	3
PLAAT2	0	0	0	65	153	5	21	53	1
CIB4	1	1	1	77	223	11	25	74	3
ORM2	0	0	0	103	250	14	45	81	10
RHBDL2	0	0	0	111	294	11	34	97	4
TMEM252	0	1	0	85	204	6	36	76	0
DHX33	1	1	0	335	790	32	123	281	8
PLCG2	2	11	0	840	1617	46	317	490	9
HNF1A	1	2	0	353	630	15	140	207	0
C22orf39	1	0	0	65	155	13	22	56	4
KCNJ13	0	0	0	157	321	9	51	79	4
RNF14	1	0	0	192	393	18	57	118	4
ESPL1	2	4	0	933	1724	32	308	503	4
GABBR1	0	6	0	436	654	25	145	165	3
G6PC3	1	1	0	181	386	20	57	130	3
CACNA1S	5	3	0	941	2107	60	336	729	14
TLCD4-RWDD3	0	0	0	64	175	5	24	54	3
DIO3	0	0	0	0	0	0	0	0	0
ZBTB38	4	2	0	451	1016	24	158	298	2
UGCG	0	0	0	159	257	5	55	76	0
BHLHE41	2	1	0	394	637	12	145	195	4
GPR183	0	1	0	141	323	12	58	97	0
MDH1	0	1	0	119	315	5	44	92	0
FRAT1	0	0	0	206	374	14	0	0	0
TEX54	0	0	0	0	0	0	13	51	2
EDDM13	0	0	0	57	126	8	33	52	0
TPRG1	0	2	0	123	334	20	41	107	3
VNN2	0	1	0	236	591	25	86	201	9
HAPLN2	0	1	0	200	397	18	61	126	1
ENSG00000260234	0	0	0	0	0	0	0	0	0
OR4L1	2	0	0	158	394	17	50	116	7
MTF2	0	1	0	216	463	5	65	124	0
SH2D6	1	0	0	97	233	10	51	133	9
OR8K1	0	0	0	151	408	21	44	122	4
NRBP1	0	3	0	245	304	6	87	72	0
MIIP	0	0	0	214	449	30	90	197	10
RPL37A	0	0	0	50	83	0	22	23	0
EPHX2	1	0	0	268	640	23	101	217	9
ASIC4	2	1	0	287	589	17	109	191	3
SELP	1	1	1	386	952	58	131	324	14
RCL1	3	1	0	216	527	10	72	187	3
IFT140	3	3	0	868	1809	72	341	660	27
RSKR	1	0	0	173	466	24	68	167	3
ENSG00000280537	0	0	0	40	104	5	16	28	3
B3GNT6	0	1	0	265	555	27	98	191	7
PRR20D	0	0	0	0	0	0	0	0	0
HOXA1	0	1	0	194	425	19	59	145	4
APIP	0	0	0	88	257	16	38	80	5
CLNS1A	0	1	0	96	220	5	37	79	3
ENSG00000267001	0	0	0	66	136	1	26	40	0
GDF7	0	1	0	316	635	12	115	195	3
IQCF5	0	0	0	55	157	12	21	56	2
MTRF1L	0	0	1	187	466	23	56	160	5
CXCL16	1	0	0	107	268	12	46	70	3
ZNF266	0	0	0	258	704	36	76	265	14
UCHL3	0	0	0	86	207	9	34	71	3
TEDDM1	0	0	0	118	319	18	39	81	5
KLRC1	1	0	0	78	227	21	27	82	3
GZMH	0	1	0	132	325	11	44	98	3
RPA1	0	0	0	271	651	25	118	224	3
ZNF628	5	3	2	810	1424	22	275	445	2
CLEC4C	0	0	0	77	229	24	28	75	6
RCBTB1	1	1	0	215	550	26	79	156	3
RASGRP1	0	4	1	327	707	22	115	175	1
RWDD2B	0	0	0	117	325	23	36	100	7
POU4F2	2	0	0	291	539	7	111	187	1
ENSG00000286264	0	0	0	0	0	0	49	138	3
ZNF593	0	0	0	72	175	6	19	56	1
KCNS2	0	2	0	248	463	15	73	129	2
UCP1	0	0	0	153	358	20	57	135	11
UQCC4	0	0	0	86	181	9	31	65	3
CPPED1	0	1	0	191	457	28	92	162	16
ECSIT	0	0	0	207	512	24	81	179	9
SLIRP	0	0	0	54	140	7	17	56	4
CCDC163	0	0	0	0	0	0	17	43	6
NPEPL1	1	0	0	332	631	17	100	236	5
C1orf94	0	1	0	277	697	29	95	231	7
G2E3	0	2	0	271	572	20	73	158	3
MIS12	0	0	1	97	178	11	35	61	2
PCDHGA3	1	0	0	541	1172	39	210	388	13
TMEM213	1	0	0	52	109	3	24	43	0
PRAMEF4	0	0	0	230	676	22	74	201	8
ENSG00000289697	1	0	0	620	1583	62	205	475	16
FOSB	1	0	0	207	331	4	66	90	2
GNG10	0	0	0	32	85	4	12	18	3
GPR20	0	0	0	219	452	4	89	157	2
NARS2	1	1	0	211	578	31	80	192	8
FKBP1A	0	0	0	52	57	4	18	15	3
OR4A47	0	0	0	197	537	17	65	176	7
CMYA5	2	6	0	1569	4221	227	516	1318	69
P2RY6	0	0	0	156	368	22	58	138	5
NDUFA4L2	0	1	0	48	115	5	14	46	0
SPRED3	1	1	0	266	478	9	103	168	4
ENSG00000273269	0	0	0	0	0	0	0	0	0
PON2	0	1	0	147	361	14	57	113	5
MRPL41	0	1	0	79	164	8	23	47	3
EPB41L2	0	1	0	422	1048	21	149	364	4
ZBTB39	0	4	0	324	801	20	112	244	3
ITGA2B	0	3	1	507	1079	46	179	335	12
TTC16	1	2	0	420	970	53	149	340	18
COL4A1	2	21	0	806	1514	17	325	445	2
OR10Q1	1	2	0	178	425	14	64	161	0
DNAH2	4	15	0	2006	4466	195	753	1592	52
EFR3B	0	4	0	385	701	26	142	188	9
CSH1	0	0	0	96	231	10	33	68	0
SORCS3	2	4	0	607	1240	29	0	0	0
DISP3	2	2	0	786	1586	63	301	554	15
OR52A5	1	2	0	125	365	16	43	124	10
MRPL49	0	0	0	84	195	10	30	63	3
KNDC1	3	4	0	1020	2102	55	0	0	0
PPME1	1	1	0	135	332	5	35	95	2
ENO2	0	2	0	186	354	11	78	105	2
LMX1B	1	0	0	248	460	6	100	139	1
OR9K2	0	0	0	143	423	14	45	145	6
NEMP1	0	1	1	184	445	24	60	145	11
GREM1	0	0	0	101	193	5	30	49	1
ZNF276	1	3	0	479	1051	48	191	344	9
CCZ1	0	0	0	184	401	22	46	129	5
BNIP3	0	0	0	89	232	9	0	0	0
FGF22	0	1	0	126	291	13	51	126	3
CBFA2T2	1	0	0	288	563	7	91	166	2
SCAMP1	0	3	0	131	315	5	38	80	2
DHX8	1	2	0	539	779	48	181	220	12
STX19	1	0	0	116	351	27	29	104	5
SCYGR10	0	0	0	0	0	0	0	0	0
SNX14	0	0	0	355	820	42	107	240	14
NUDT1	0	0	0	87	222	13	34	79	7
ENSG00000282218	0	2	0	120	302	9	41	91	3
PKD1L2	0	0	0	0	0	0	0	0	0
VPS35	0	0	0	256	554	16	87	172	4
PHKG1	0	1	0	190	447	35	70	182	14
HIF1A	0	2	0	313	747	12	99	226	4
TGIF2-RAB5IF	0	1	0	80	139	7	26	37	1
GYPB	0	0	0	41	139	5	17	45	2
ABHD18	0	0	0	176	512	29	55	141	8
RCC1	1	1	0	185	349	6	66	110	4
ADSS2	0	0	0	202	324	11	53	87	2
ACO2	2	0	1	424	657	11	160	208	5
PRC1	0	1	0	266	696	27	82	245	13
KRT1	2	0	0	309	702	20	99	202	4
SLC4A7	1	1	0	551	1164	41	181	343	7
AKT1S1	0	2	0	154	339	6	74	125	1
H3C13	0	0	0	129	181	10	70	66	1
SIMC1	0	0	0	442	981	39	162	348	14
CAPN3	0	0	0	385	922	33	139	339	15
FAHD1	1	1	0	145	329	8	50	140	3
APOBEC1	0	1	0	76	229	16	20	62	6
CGB2	0	0	0	90	181	5	20	41	2
SERPINE2	0	3	0	182	399	9	62	127	3
ZNF662	0	2	0	168	507	27	49	165	10
SYT1	0	12	0	149	261	3	55	72	0
VCAN	2	4	0	1298	3434	27	420	1116	6
FOXP4	3	2	1	377	682	7	168	246	1
RPS7	0	0	0	105	164	1	43	29	0
H3C6	1	0	0	160	284	13	68	84	4
SH2D3A	0	3	0	336	671	28	110	250	12
AGO3	0	2	0	336	484	11	94	97	2
TTN	18	61	3	13613	37551	923	4565	12401	190
C14orf28	0	0	0	132	305	30	42	94	5
GLT6D1	0	2	0	132	304	14	52	118	4
PTH2	0	0	0	82	154	4	26	51	2
RAB7B	0	0	0	0	0	0	31	75	3
DBH	1	2	0	314	781	28	126	289	4
ZBTB5	0	2	0	291	637	16	96	181	2
PEX11G	1	1	0	143	291	20	55	122	7
GOLGA8K	0	0	0	199	549	39	22	76	4
DCTN1	2	2	1	616	1293	37	223	421	6
JDP2	0	0	0	100	176	5	38	58	0
SLC4A9	0	0	0	414	941	49	134	310	13
LCAT	0	2	0	236	410	9	92	135	4
GADL1	0	1	0	257	719	32	91	207	8
MGMT	0	1	0	115	264	17	0	0	0
TECPR1	1	4	0	614	1242	60	257	442	17
COBL	0	0	1	616	1544	45	216	541	8
CAMK2B	1	7	1	354	493	7	140	156	1
PTPRD	1	7	3	1125	2378	21	400	706	6
LRRCC1	0	1	0	365	1026	57	114	315	19
CCDC90B	0	0	0	113	291	12	45	80	3
ARIH1	0	5	0	235	304	4	77	73	0
OR5L2	1	0	0	163	405	9	51	146	2
ABHD11	1	1	0	150	381	14	52	130	3
B2M	0	0	0	49	112	2	14	34	1
DYNLL2	0	0	0	40	38	1	9	12	0
SLC52A2	0	1	0	324	564	11	139	179	2
TEX46	0	0	0	47	143	7	15	35	1
PRPF38B	0	0	1	240	492	15	67	150	5
CALHM1	1	0	0	205	443	17	0	0	0
HCAR2	0	0	0	184	410	13	68	159	5
H2AC1	1	2	0	138	225	12	60	81	4
ZNF511	0	1	0	153	352	11	0	0	0
ENSG00000256646	0	1	0	59	73	1	20	20	0
SMIM44	0	0	0	0	0	0	41	78	2
SYCE3	0	0	0	41	83	4	16	25	0
IL17RB	1	1	0	209	543	30	83	178	10
FLOT1	0	0	0	171	388	13	52	123	7
SHOC1	1	1	0	457	1390	85	166	451	24
PCDHA3	1	0	0	575	1234	38	233	382	10
ENSG00000286132	0	0	0	0	0	0	0	0	0
TLK2	0	10	1	293	318	5	95	96	2
CCDC190	0	1	0	135	349	17	41	117	6
DHDDS	0	9	0	146	320	8	43	110	3
KCNK3	0	6	0	277	351	10	84	114	1
MRGPRD	0	0	0	163	369	14	58	120	6
TRPM3	1	12	0	712	1611	60	266	483	10
HCFC1R1	0	0	0	87	197	8	21	65	2
ADGRG7	1	1	0	372	874	40	130	305	7
PMM2	0	1	0	148	384	23	55	133	7
PMEL	0	0	0	262	683	36	99	214	7
VANGL1	0	4	0	237	594	16	99	213	3
OR52E8	0	1	0	177	441	9	51	144	5
NEIL1	0	0	0	233	492	16	83	170	6
KRT78	0	2	0	268	606	41	91	218	13
TBCB	0	0	0	150	306	5	45	106	0
PLA2G1B	0	0	0	74	188	6	26	60	4
ELMOD2	0	0	0	104	303	16	30	89	3
SLC26A8	1	1	0	421	926	35	145	288	14
ATXN7L3B	0	0	1	55	109	5	23	33	0
DHRS4L2	0	0	0	147	408	7	58	151	2
OLFML2A	0	4	0	349	856	31	133	316	8
ZNF511-PRAP1	0	0	0	0	0	0	0	0	0
FYCO1	1	4	0	630	1530	94	223	544	17
PYGO2	1	0	0	216	495	7	64	157	1
CYB5R3	0	0	0	174	413	13	59	133	2
CATSPERB	0	2	0	411	1081	48	140	360	15
AGMAT	1	0	0	207	491	19	77	155	4
GMEB1	0	1	0	247	419	2	72	126	0
TRIL	0	1	0	557	969	20	183	299	4
DNAJC3	0	0	0	201	466	17	64	138	4
SETD2	2	6	0	982	2345	20	322	734	7
LGALS7B	0	0	0	28	75	4	15	33	0
KIAA0408	0	3	0	260	719	38	89	236	14
DDX23	0	6	0	330	518	23	100	155	4
DHODH	0	2	0	214	490	14	92	185	3
ATP10A	3	1	0	866	1745	71	307	628	11
ENO3	1	0	0	212	545	18	77	187	7
ACAA2	0	1	0	166	475	19	53	153	3
PCDHGA10	0	1	1	489	1044	40	154	339	8
MCHR1	0	0	1	208	451	9	83	158	2
OR6K6	1	0	0	135	372	11	52	109	4
TAS2R31	0	0	0	126	337	16	44	132	4
DIPK1A	0	0	0	167	387	16	51	97	1
OR5D13	0	0	0	177	431	16	58	139	4
CAP1	0	0	0	191	427	10	57	155	1
SLC26A1	0	2	0	459	947	42	202	353	15
HMGCR	0	2	0	364	664	20	127	189	7
IMPACT	1	1	0	137	366	14	37	104	3
BSPRY	0	0	0	218	477	20	74	184	9
CXCL1	0	1	0	85	136	5	27	41	1
PRL	0	0	0	100	210	14	36	81	4
NDUFB6	0	0	0	58	155	14	17	55	0
DLK2	0	1	0	167	331	8	65	134	0
MGARP	0	1	0	119	274	14	55	95	2
EDN3	0	1	0	141	287	14	43	96	3
TP53	1	2	0	173	417	8	65	153	0
HLX	0	0	0	306	632	11	102	188	2
TEC	1	2	1	243	560	35	79	162	7
ZFYVE19	1	2	0	240	531	30	72	170	15
SLC16A7	0	0	0	194	574	24	62	175	6
POLR3K	0	0	0	57	146	6	21	42	2
KRTAP1-4	0	0	0	51	149	4	16	60	4
MLH3	0	4	0	520	1433	68	176	489	20
NOP2	1	2	1	378	905	19	120	317	2
FOXO1	0	2	0	373	703	2	126	227	0
SFXN4	0	0	0	140	355	18	0	0	0
TAF6	0	3	0	406	722	25	150	237	4
SPINDOC	0	1	0	198	361	6	71	130	3
KRT4	0	2	0	254	636	32	87	217	4
ACSM2B	0	0	0	293	724	50	116	258	15
PLCB4	1	4	1	460	959	32	146	256	3
DGCR6L	0	0	0	104	231	20	31	89	7
SLC39A13	0	0	0	205	361	9	74	121	3
MNDA	0	0	0	160	492	27	69	148	5
LRP12	1	1	0	349	816	24	116	272	3
SUPV3L1	0	1	0	351	772	29	0	0	0
POGLUT1	0	1	0	130	381	18	54	113	9
CCDC28A	0	0	0	76	162	13	25	55	4
TK2	0	1	0	117	313	18	47	100	3
TCEANC2	0	0	0	88	213	12	22	68	1
GZMK	0	0	0	123	328	10	38	104	4
PCDH12	1	3	0	551	1264	37	193	397	14
ZSCAN1	1	1	0	220	495	28	86	208	7
MFRP	0	1	0	321	769	39	124	286	15
ARID2	0	0	9	789	1587	8	278	507	4
FAM184B	1	4	0	564	1283	87	188	400	23
ZNF431	0	0	0	214	586	36	55	187	7
ZNG1B	0	0	0	108	261	6	27	72	6
LRRC38	1	1	0	188	331	9	65	102	4
LY6G6C	0	1	0	54	123	7	13	49	1
TMEM131	0	1	2	805	1905	22	269	593	5
JMJD8	0	0	0	246	514	27	101	191	12
PIP5K1B	2	0	0	215	434	18	64	130	2
RAB7A	0	0	0	85	105	3	30	37	0
POGLUT2	0	2	0	206	531	26	71	165	6
IL20	0	1	0	71	191	10	22	57	1
GARIN3	0	2	0	265	711	24	93	236	6
FADS1	0	0	0	220	349	10	66	88	4
HGS	0	4	0	534	913	31	211	318	5
C8G	0	0	0	154	264	17	70	108	10
INO80D	1	2	0	431	896	15	139	275	3
SEMA7A	0	4	0	334	714	12	133	231	3
NUPR1	0	0	0	42	90	3	13	41	2
SLC25A20	0	1	0	119	315	12	41	102	7
USH2A	6	12	0	2207	6001	293	793	2037	65
IQCJ	1	0	0	56	128	7	21	51	2
APELA	0	0	0	0	0	0	7	23	1
ZNF791	0	0	0	202	512	22	63	161	8
CCNT1	0	2	0	328	656	16	103	204	3
KLHL32	2	0	0	270	565	24	104	167	6
HECTD3	2	2	0	458	941	34	169	297	8
EGR1	0	1	0	350	488	6	108	168	3
FAM47E-STBD1	0	1	0	154	372	15	56	120	4
ENTPD2	0	5	0	310	698	33	109	237	9
ENSG00000284292	0	1	0	319	647	22	142	217	3
MYO1H	0	4	0	410	1103	57	143	397	25
ZNF761	0	0	0	292	868	42	115	285	14
NHLRC1	1	1	0	213	482	6	62	149	2
PDLIM2	0	2	0	207	470	15	99	209	5
GATB	0	2	0	257	598	31	96	213	8
FPR3	0	3	0	134	327	9	42	121	3
TRIM35	1	3	0	282	570	27	119	202	9
RPL36AL	0	0	0	50	78	7	13	16	4
MTNR1B	0	0	0	209	426	16	78	159	4
TECPR2	2	8	0	685	1375	42	246	495	7
DNAJC15	0	1	0	78	195	14	24	56	5
PPWD1	2	2	0	208	635	26	60	190	6
CIB2	1	1	0	83	204	7	34	79	3
PAIP2B	0	0	0	45	112	5	13	39	0
H3-7	0	0	0	0	0	0	47	87	3
PSME3IP1	0	0	0	103	247	12	38	79	3
TMEM50A	0	1	0	48	157	7	14	38	3
NDUFAF4	0	0	0	76	201	8	26	61	1
MYH3	1	10	0	853	1685	72	304	556	22
LRRC73	1	1	0	170	300	8	63	71	0
ATP6V1FNB	0	0	0	84	214	12	34	93	8
C18orf54	0	1	0	196	637	34	72	206	12
TIMM8B	0	0	0	53	117	5	14	37	1
TDGF1	0	0	0	90	240	8	36	85	3
GALR2	0	0	0	246	501	25	85	175	10
ENSG00000279956	0	2	0	130	263	8	40	71	2
SDHB	0	0	0	125	326	13	35	107	3
SMPD1	0	0	0	338	762	30	113	252	8
OR10A3	1	1	0	158	399	24	53	117	7
ADAMTS7	0	1	0	913	1993	72	360	691	21
ASTN1	0	6	0	603	1345	19	210	440	6
CTTNBP2	0	2	0	733	1810	66	230	554	15
ZFP36L1	0	1	1	178	280	0	52	76	0
ZNF208	0	0	0	506	1756	97	170	543	26
BET1L	0	0	0	65	145	5	28	51	1
ANXA3	0	0	0	137	379	14	50	125	7
ACSM5	0	0	0	298	706	33	110	234	10
H2BK1	0	0	0	23	49	4	21	64	1
ZNF365	0	1	0	179	418	14	0	0	0
C8B	0	2	0	264	755	47	83	263	16
MRGPRG	0	1	0	210	397	12	66	120	5
FOXA3	1	1	0	193	364	7	73	160	0
ENSG00000254673	1	0	0	15	31	2	5	12	0
RPL5	0	2	0	125	276	0	47	83	0
DUSP29	0	1	0	117	279	19	0	0	0
ZNF280B	0	3	0	220	528	21	90	177	3
CCNB1IP1	0	0	0	115	275	14	42	92	4
CTRC	0	0	0	121	288	19	53	111	4
VRK1	0	0	0	156	396	17	41	123	3
S100A16	0	0	0	56	128	4	17	44	0
NEIL2	1	1	0	225	576	40	76	179	16
RRM2B	0	1	0	127	279	11	35	86	2
ENSG00000288534	1	0	0	70	130	3	28	46	1
ZNF774	0	0	0	200	548	29	66	196	9
STT3B	1	1	0	364	605	12	132	152	0
ZNF282	2	2	0	394	730	10	156	228	1
ARID4B	0	5	0	475	1102	5	132	332	1
MORF4L1	0	2	0	145	232	5	52	66	1
RPL23A	0	0	0	87	149	0	25	48	0
WDR38	1	1	0	172	383	22	72	130	9
ZNF625-ZNF20	0	0	0	30	65	5	17	32	3
MIP	0	5	0	125	246	8	48	75	1
PGF	0	1	0	99	210	5	36	86	0
TEX264	1	1	0	142	316	9	48	101	1
SNRPD1	0	1	0	41	48	0	9	11	0
PTPRO	0	2	0	536	1262	34	164	367	5
CCL5	0	0	0	72	189	9	31	53	3
LYPLA1	0	0	0	105	209	10	27	73	3
GJC3	0	1	0	135	282	11	45	106	3
NQO1	0	1	0	115	263	25	42	83	5
FBXO36	0	0	0	87	230	18	20	72	8
GLRX3	0	0	0	163	403	9	0	0	0
ARHGEF37	2	1	0	314	732	34	94	270	14
PTGR2	0	0	0	120	364	11	36	118	6
MAP9	0	1	0	220	670	46	83	225	12
H1-5	1	4	0	234	499	5	81	163	0
TINAG	1	1	0	223	605	44	68	203	18
SS18	1	1	0	171	437	11	49	133	2
C18orf32	0	0	0	28	84	4	9	31	0
B3GALNT2	0	1	0	216	508	28	83	171	9
USP17L22	0	0	0	0	0	0	2	11	2
ENSG00000285382	0	0	0	65	185	8	39	89	2
PODXL	0	4	0	283	561	13	102	184	4
MROH6	5	0	0	526	1068	33	223	402	15
EVA1A	0	0	0	74	195	8	33	55	6
FKBP4	0	2	0	234	468	20	74	153	3
HPD	2	3	0	193	415	17	78	157	5
NTN4	1	1	0	258	593	14	96	189	6
CBX1	1	0	0	60	113	9	19	20	0
DEFB125	0	0	0	64	186	7	21	64	4
NOD2	2	2	0	539	1110	53	186	391	13
STYXL2	1	2	0	575	1414	68	203	511	19
CD53	0	0	0	96	207	6	35	59	2
AHSG	1	1	0	167	427	14	58	147	4
RER1	1	1	0	113	149	9	37	44	1
RB1	0	4	0	348	778	8	95	226	2
MMACHC	0	0	0	160	384	19	62	145	11
BRI3BP	0	0	0	183	278	7	65	88	1
EIF3H	0	0	0	163	342	13	50	111	4
NUMB	1	2	0	270	664	17	78	209	3
TNS4	0	1	0	346	765	25	110	252	7
NFKBID	0	0	0	260	455	11	86	155	3
C11orf42	0	2	0	173	446	20	50	139	8
RHOH	0	0	0	86	154	5	36	36	2
ZNF514	0	0	0	139	404	31	57	124	7
PSMC4	2	3	0	203	242	7	75	50	2
ISY1-RAB43	0	1	0	118	303	5	46	97	0
BPI	0	0	0	233	598	20	96	216	5
ANKMY2	1	0	0	183	518	16	62	175	9
ARV1	0	1	0	112	287	13	35	90	1
DHX15	0	0	0	358	291	4	111	81	0
CYTH1	0	2	0	178	285	9	59	84	0
RNASET2	0	0	0	135	295	20	38	102	5
CDK15	1	1	0	207	487	29	69	156	12
VXN	0	0	0	105	212	4	36	81	1
TMEM225B	0	0	0	98	207	15	33	72	4
SAC3D1	0	0	0	233	462	17	72	167	5
DDTL	0	0	0	25	59	0	12	11	0
MRM2	0	1	0	127	317	15	51	115	6
SFPQ	2	1	0	480	832	3	182	249	0
SLC22A4	1	0	0	252	574	26	100	182	3
IMP4	0	0	0	163	365	13	59	135	5
CAMLG	0	1	0	152	347	14	47	117	4
ENSG00000262560	0	0	0	0	0	0	0	0	0
KCNF1	0	0	0	321	421	5	100	97	3
JARID2	1	2	0	698	1227	7	242	384	0
C21orf62	0	0	0	91	208	12	33	71	3
GPR75	0	1	0	269	642	24	87	179	7
OSBPL8	0	0	0	322	710	27	104	213	7
TCTN2	0	2	0	284	723	32	123	243	13
EVA1B	0	1	0	111	228	6	36	76	1
TBC1D1	1	2	2	592	1398	64	197	472	8
A1BG	1	1	0	294	654	28	115	246	5
LTK	0	3	0	520	1115	59	175	381	16
DPH7	1	1	0	240	523	35	91	173	7
RPS21	0	0	0	53	76	1	21	16	0
DLGAP3	1	1	0	527	1026	5	212	297	1
ZMYM1	0	2	0	383	1075	45	143	297	7
EBF3	3	17	5	323	462	5	0	0	0
RTN4RL2	1	1	0	275	418	4	89	111	3
DDX21	0	1	0	258	614	12	0	0	0
PTGDR2	0	0	0	243	506	18	83	174	4
CLDN22	0	0	1	87	264	20	34	75	9
RFX7	1	1	4	607	1545	17	223	454	2
INO80B-WBP1	0	0	1	224	444	13	79	144	4
RFLNA	1	1	0	138	245	6	44	103	1
C16orf95	1	1	0	147	364	14	59	134	5
ARHGEF15	1	1	0	421	904	25	121	314	5
ENSG00000282034	5	7	10	1586	3118	15	537	1086	6
OBI1	0	2	1	274	832	55	79	251	14
MDK	0	0	0	74	160	10	28	55	2
CDC5L	1	1	0	322	620	11	130	159	2
EIF3F	0	3	0	216	444	2	78	142	0
PSMF1	0	0	0	149	332	17	40	121	5
GNPDA2	0	1	0	101	267	10	32	70	1
GARIN2	1	0	0	148	432	14	58	140	4
MYG1	2	0	0	202	483	22	63	166	7
MLC1	1	1	0	184	418	8	75	150	3
SLC26A11	0	1	0	377	713	23	142	256	8
CLIP3	1	2	0	282	414	4	97	151	1
RHO	2	4	0	205	393	8	78	136	6
PRG4	2	4	0	619	1513	41	197	463	5
ADAT1	0	2	0	248	674	38	85	222	11
PLCD3	0	0	0	443	885	33	146	341	6
GRIN2D	0	2	0	857	1494	18	256	415	0
PRR15L	0	0	0	53	109	1	14	48	2
TRA2A	0	1	0	136	282	24	53	82	7
COX6B2	0	0	0	45	130	5	19	46	1
SPRY1	0	2	0	154	398	15	54	138	1
ADAMTS12	1	4	0	691	1729	68	237	549	10
SLC2A4RG	0	2	0	294	584	10	116	188	3
MICU2	0	0	0	191	529	29	65	166	8
STARD9	5	4	0	2170	5769	253	714	1867	72
SORCS1	1	4	0	618	1247	41	0	0	0
ITGAL	0	3	0	534	1145	23	181	368	8
ERGIC2	0	1	0	153	361	16	49	96	2
CR1L	0	1	0	249	642	32	102	235	13
SART3	1	2	0	463	970	25	143	333	0
JAGN1	0	0	0	104	228	11	36	78	3
TRIM27	0	1	0	236	359	10	82	91	2
TP53RK	0	1	0	129	306	15	42	96	5
MISP3	0	0	0	0	0	0	62	88	0
TP53TG3	0	0	0	0	0	0	0	0	0
PIBF1	0	2	0	297	818	49	98	270	15
GRM3	0	1	0	430	802	22	132	210	4
ENSG00000292277	0	0	0	78	159	9	31	64	2
PGC	0	1	0	186	459	19	60	136	5
ICAM3	0	1	0	269	663	35	106	223	10
PGBD1	1	0	0	301	750	38	109	261	11
ADCY5	4	8	0	724	1307	21	272	438	2
ABCC2	1	5	0	632	1671	82	0	0	0
STX3	0	3	0	115	316	13	47	105	4
TMEM151B	2	2	0	358	661	15	119	212	2
RAB2B	0	1	0	95	208	6	38	59	1
RCN3	0	0	0	172	386	26	67	128	10
ZNF831	2	7	1	861	1967	55	292	641	12
BOLA3	0	0	0	50	123	7	17	40	2
HEATR9	1	2	0	221	618	34	95	208	8
ODF3L2	0	0	0	186	387	11	65	147	5
FAM90A22	0	0	0	0	0	0	1	7	0
ATF7IP	2	4	0	514	1248	7	187	354	3
WDR3	2	2	1	385	994	35	122	340	13
ENSG00000244255	2	2	0	533	1214	61	172	386	14
GPR180	0	0	0	203	472	25	66	136	6
H2BC12	2	1	0	130	137	7	61	48	3
PGR	3	2	0	566	1103	17	183	348	1
EXOC2	0	4	0	397	874	40	150	259	7
ST6GALNAC1	0	1	0	274	647	30	110	230	6
LONP1	2	5	1	730	1231	20	311	437	2
ZNF766	0	0	0	173	504	35	56	164	9
COX20	1	0	0	68	156	4	32	49	1
ARHGEF5	0	0	0	312	782	41	39	127	9
DUSP4	0	0	0	222	401	11	73	117	0
SANBR	1	1	0	307	790	40	93	261	6
MFSD10	0	1	0	369	675	24	130	261	6
NSRP1	0	0	0	221	549	14	59	169	7
REV3L	2	4	0	1187	2955	39	379	876	7
KLHL12	0	3	0	235	469	14	79	127	3
CYP20A1	1	2	0	196	485	29	68	145	7
AQP5	0	1	0	171	313	13	56	107	4
OR4X2	0	3	0	215	507	23	75	187	4
CC2D2B	0	1	0	389	1091	55	0	0	0
TUBD1	0	3	0	172	469	31	60	156	7
COX17	0	0	0	30	79	1	9	17	0
EFHD2	0	1	0	123	254	3	49	85	1
HPCAL1	0	0	0	114	150	5	50	37	0
BMP3	0	1	0	236	579	19	83	184	2
POGLUT3	0	0	0	226	585	33	79	191	10
RPUSD1	0	4	0	279	553	21	120	202	6
WNT9A	0	2	0	215	415	10	96	150	4
FRMD4B	0	2	1	515	1226	42	158	416	3
SYNJ2	0	1	0	703	1703	62	280	619	17
JAZF1	0	0	0	131	189	5	34	47	0
TMEM64	1	0	0	263	523	17	96	161	6
MADD	1	7	0	769	1826	66	261	624	10
ENSG00000288699	0	0	0	9	23	1	4	9	1
NOG	0	1	0	187	242	2	52	58	0
FAXDC2	0	0	0	153	365	23	55	130	5
ATXN2L	3	3	0	634	1226	7	239	371	3
AKT1	1	4	0	257	334	7	100	105	0
ENSG00000279983	0	0	0	20	45	2	8	16	2
PRR27	0	0	0	109	260	11	33	87	2
PEAR1	1	3	0	537	1237	69	180	419	18
SLC24A5	1	0	0	223	539	27	69	190	12
TPRN	0	1	0	534	1036	23	194	334	8
CFAP74	0	2	1	899	2023	68	340	717	22
DPF2	0	9	0	192	296	10	60	78	1
EPOR	1	1	0	297	551	15	96	167	3
MGAT4D	1	0	0	29	62	8	38	124	7
ZNF839	0	3	0	477	962	28	160	349	9
CCDC32	0	1	0	50	176	5	19	62	1
PRR5-ARHGAP8	1	1	0	472	1107	44	200	399	18
ANKUB1	0	0	0	220	577	41	65	188	10
L3MBTL4	1	1	0	261	659	31	96	216	14
RFC4	0	0	0	161	423	31	66	143	4
FREM1	4	8	0	1158	3244	125	410	1083	23
NAIF1	1	3	0	188	330	9	70	100	2
GPX7	0	0	0	96	214	13	37	72	6
SH2B3	2	1	1	370	868	30	135	302	5
IZUMO1R	0	1	0	118	322	22	46	114	9
GDAP1L1	0	2	0	204	358	14	86	117	2
ATP6V1B2	0	5	0	265	435	13	109	112	1
TWF2	2	0	0	168	396	7	68	137	1
CREBZF	0	1	0	246	474	6	90	124	1
ARHGDIG	0	1	0	181	279	8	67	95	0
EPHA6	1	3	0	498	1129	33	165	375	6
CHEK1	1	1	0	171	385	15	59	104	6
ENSG00000272617	0	0	0	96	193	12	28	68	2
EPGN	0	0	0	64	191	10	16	58	3
PRADC1	0	0	0	83	213	14	26	78	4
STK39	1	4	0	257	437	13	94	121	0
OR4M1	0	0	0	147	393	14	55	154	5
SERPINA4	1	4	0	226	539	25	92	200	11
PCDHGA4	0	0	0	500	1159	34	170	375	14
PIGW	0	1	0	217	536	25	78	174	10
TMEM192	0	0	0	110	273	14	38	111	7
ENSG00000258539	0	0	0	0	0	0	0	0	0
DHRS11	0	1	0	120	278	14	38	111	4
ERN1	1	1	0	474	918	26	169	288	6
PASK	2	1	0	688	1523	70	264	502	20
DTYMK	1	0	0	138	299	12	42	115	3
RSPO1	2	2	0	129	299	12	58	102	4
DEFB108C	0	0	0	0	0	0	0	0	0
SLC31A2	0	1	0	59	152	4	24	51	1
PDCD6	0	2	0	102	228	6	53	87	0
LUZP2	0	0	0	142	398	20	53	113	4
GPRC5A	0	1	0	168	418	23	54	155	5
NUP160	0	2	0	596	1529	59	163	485	10
H2AC8	1	4	0	156	152	7	61	39	1
FNDC10	0	0	1	221	339	6	76	101	2
CMTR2	1	0	0	326	812	44	115	257	7
HPGDS	0	0	0	96	269	12	32	91	3
NCOA7	0	0	0	364	925	21	117	303	5
ZC3H6	0	0	0	448	1144	24	165	351	2
TMC4	0	0	0	413	779	39	146	226	11
KNG1	1	0	0	275	715	23	94	240	9
SLC1A7	2	2	0	301	681	21	121	245	5
GPR141	0	1	0	127	328	13	44	126	7
ARHGAP32	1	3	1	926	2015	33	313	648	5
NEDD8-MDP1	1	2	0	72	131	8	28	44	1
HMSD	0	0	0	48	152	12	14	47	4
EFCAB10	0	0	0	0	0	0	28	46	4
USP42	0	3	0	889	1983	8	324	706	2
GSTK1	0	0	0	112	257	9	41	96	1
PIGBOS1	0	0	0	0	0	0	7	20	3
STOX2	1	1	1	423	941	16	154	315	4
H2AZ2	0	1	0	50	55	1	14	11	0
BATF3	0	0	0	59	120	3	19	39	1
DEFB124	0	0	0	33	68	5	9	22	2
SLC11A1	1	0	0	302	619	28	114	238	18
ANLN	1	1	0	397	1116	28	158	370	4
TTK	1	4	0	285	820	39	100	274	6
PERP	0	0	0	98	226	8	33	76	0
ADGRF1	0	1	0	400	1071	61	135	361	16
TUBGCP4	3	5	0	297	559	33	84	142	6
SIGLEC16	0	0	0	0	0	0	0	0	0
ELFN1	1	2	0	588	1055	15	255	393	1
B3GNTL1	1	1	0	197	404	18	85	161	8
IPO4	1	4	0	610	1165	24	211	395	7
LAMTOR3	0	0	0	42	113	5	9	31	1
TFIP11	1	4	0	403	865	45	132	276	9
JADE1	1	1	1	359	621	6	115	173	0
NAALADL2	0	4	0	363	1009	42	136	345	9
STRA8	0	2	0	147	290	9	61	99	2
TCF7L2	1	6	2	388	619	13	0	0	0
TMEM65	0	1	0	135	234	7	51	79	1
RGS11	0	3	0	291	674	27	97	261	7
MSRB1	0	0	0	0	0	0	0	0	0
IMMP1L	0	1	0	57	183	11	13	61	5
SLC10A7	0	0	0	150	300	7	39	77	2
AGAP5	0	0	0	218	512	29	0	0	0
SCYGR8	0	0	0	0	0	0	18	49	5
NAXD	0	0	0	186	419	13	84	143	3
SEM1	0	0	0	37	68	3	12	11	2
SF3B3	0	5	0	609	754	16	190	188	0
RNF125	0	0	0	92	264	7	25	82	2
MXRA8	1	1	0	361	679	20	145	226	2
NPR3	1	1	0	264	632	18	99	180	6
KIF20B	2	4	0	686	1938	98	0	0	0
CLMN	0	1	0	447	1039	42	165	367	14
POLR3G	0	0	0	91	245	8	25	64	4
SCYGR6	0	0	0	0	0	0	32	58	2
TWNK	1	0	0	336	663	27	0	0	0
ENSG00000258728	0	1	0	120	291	19	38	89	3
ENSG00000261732	0	0	0	0	0	0	0	0	0
ZNF219	0	3	0	494	931	15	173	265	1
MKRN2OS	0	0	0	110	309	24	51	112	5
PKN2	1	2	0	380	760	15	128	213	5
OR2A4	0	0	0	108	239	9	27	39	1
HSBP1	0	0	0	34	112	2	13	29	1
PSMD6	2	1	0	215	439	3	62	104	0
EML2	2	3	0	315	712	27	120	243	9
TMPRSS6	0	1	0	442	949	46	177	337	15
SCUBE3	1	3	2	417	913	22	137	287	3
C11orf21	0	0	0	61	159	10	27	51	4
TMC3	2	1	0	486	1185	62	170	371	20
PTGDS	0	0	0	104	227	10	36	76	0
CCNG2	0	0	0	160	354	9	63	98	0
FASTKD3	0	1	0	270	642	32	92	193	11
CCL28	0	0	0	62	137	5	15	45	0
OR2C3	0	2	0	178	386	22	44	137	5
ENSG00000285526	0	1	0	64	139	8	25	47	4
SLC26A4	1	1	1	390	1025	35	128	388	10
TEX37	0	0	0	102	223	12	30	81	3
ADH1C	0	1	0	154	384	12	49	130	2
ARMS2	0	0	0	44	100	7	0	0	0
HNRNPH3	0	0	0	121	255	6	0	0	0
EIF4B	1	1	0	248	566	0	83	201	1
FGL2	0	0	0	183	420	20	42	122	8
ENSG00000285130	1	2	0	654	1628	68	214	537	15
PHB2	1	2	0	143	276	11	51	79	2
TST	0	0	0	160	372	15	68	138	3
TRUB2	0	1	0	197	409	19	64	129	3
NUS1	0	0	1	187	359	1	62	89	0
DMRT2	0	0	0	357	965	25	121	309	2
SPESP1	1	0	0	139	368	19	43	128	8
RAD51C	0	0	0	164	416	20	53	121	7
PDGFRB	0	3	0	607	1051	21	221	373	4
TSPYL5	1	0	0	251	506	5	91	138	1
FXYD7	0	0	0	39	77	2	17	20	0
RIN1	1	2	0	446	919	46	190	331	16
PPFIBP2	0	2	0	408	1095	63	139	376	16
SKIC8	0	0	0	142	213	12	41	59	2
PAFAH1B1	0	4	0	166	245	1	46	54	0
SPCS1	2	1	0	51	116	3	13	24	1
SENP7	0	3	0	375	941	26	127	285	7
TAOK3	2	2	1	353	725	22	107	207	6
ENSG00000281883	0	0	0	0	0	0	0	0	0
ENSG00000258653	0	0	0	96	291	9	30	101	6
ZDHHC5	1	4	0	314	659	15	114	226	2
ZFP91	0	1	0	296	569	4	99	175	0
OR2G3	0	1	1	154	371	12	51	121	2
ADH7	0	1	0	177	528	19	56	173	3
CAV3	1	0	0	83	158	6	29	49	1
RAPSN	1	1	0	204	475	19	73	190	3
AP5S1	1	0	0	114	240	14	38	108	5
TSGA10	1	1	0	228	655	27	67	208	5
STARD5	0	0	0	90	230	12	34	80	6
USP17L11	0	0	0	0	0	0	1	2	0
MYD88	0	1	0	135	279	13	53	87	1
ABHD14A-ACY1	0	1	0	255	555	22	88	224	7
RASSF6	1	1	0	152	417	30	51	150	7
SLC35G5	0	0	0	240	510	12	74	193	4
PRKAA2	0	1	0	217	496	23	75	143	10
RNH1	1	2	0	308	529	21	123	190	4
CATSPER3	1	0	0	175	447	19	64	143	3
RIC3	0	0	0	188	452	25	52	136	10
SYTL2	0	2	0	947	2688	132	302	871	31
RNF220	1	1	0	278	506	2	110	165	0
SRSF9	0	1	0	123	164	1	38	37	0
PCK2	2	3	0	282	778	37	95	292	15
TMEM241	0	0	0	130	277	17	43	84	5
CRISPLD2	0	2	0	327	795	19	119	277	5
SH2B1	3	4	0	433	845	10	152	281	2
CFAP97D1	0	1	0	64	157	9	24	54	5
PBXIP1	0	2	1	334	791	48	122	250	14
SKIDA1	0	1	0	534	1025	15	0	0	0
C8orf76	0	0	0	173	429	27	62	116	10
SLC25A52	0	0	0	111	313	17	27	111	9
GLRX5	0	1	0	98	240	8	38	59	1
KCNG2	0	2	0	386	683	19	150	238	1
NUP155	0	2	0	577	1435	30	158	437	6
GCSH	0	0	0	97	235	10	35	76	3
RAB6A	0	0	1	75	99	1	33	23	2
PRKCQ	0	2	0	294	605	20	0	0	0
KIR2DL1	0	0	0	191	578	28	84	238	10
NEDD4L	0	6	0	433	752	26	170	248	3
ZNF436	1	1	0	212	493	20	69	135	5
SLC16A4	1	1	0	190	491	22	66	146	5
FERMT1	1	3	0	274	681	34	85	232	10
SMURF1	2	5	0	377	635	29	156	172	3
KMT5C	1	1	0	268	537	15	99	183	1
COL18A1	2	6	0	894	1900	46	363	677	11
MTPN	0	0	0	43	72	1	12	13	0
GEMIN6	0	0	0	79	265	11	29	91	2
NIPSNAP2	0	0	0	160	318	27	57	89	6
OR2AP1	0	0	0	187	455	17	63	159	4
VARS1	0	3	0	559	1189	48	192	405	10
SMC2	2	2	0	454	1169	23	151	341	1
RNF227	0	0	0	0	0	0	57	120	2
AKAP1	1	1	0	393	910	18	125	312	4
SRGAP1	1	1	0	416	1004	30	140	296	2
SMARCD2	0	1	0	281	560	21	107	141	2
SGPP1	0	3	0	243	506	19	76	166	6
ARIH2	0	1	0	218	285	9	86	82	6
KPNA3	0	2	0	189	341	5	71	80	0
SNRNP25	1	0	0	59	157	13	22	49	4
GSTT2B	0	0	0	85	169	5	11	11	1
ALOX12	2	2	0	284	701	39	103	214	13
SH2D1B	0	0	0	58	138	6	20	58	3
EGFL7	0	2	0	170	344	17	72	143	8
SLBP	0	0	0	123	353	13	38	94	1
NEUROD4	1	1	0	141	430	14	49	129	4
PCSK4	0	2	0	532	1087	37	223	375	13
CFAP298	1	0	0	134	325	30	50	104	4
BCO1	0	1	0	319	740	28	113	252	6
XKR5	2	0	0	433	1078	61	152	385	23
SPRTN	0	1	0	168	450	13	73	150	2
H4C9	1	1	0	90	156	5	34	46	2
IQCF3	0	0	0	80	173	12	34	56	2
NTAN1	0	1	0	161	377	18	61	98	4
PWP2	4	3	0	145	236	8	8	22	1
FGFR2	1	11	0	366	687	13	0	0	0
SH2D4A	0	0	1	258	676	45	90	225	16
AARD	1	0	0	90	222	10	30	78	1
CD52	0	0	0	26	60	1	11	19	0
RAB3B	0	1	0	91	218	7	39	78	0
C6orf58	0	1	0	135	366	21	38	120	6
COX14	0	1	0	20	71	4	8	19	1
RDH5	1	3	0	159	359	20	47	117	7
UBE2L5	0	0	0	0	0	0	26	44	3
KCNIP3	1	0	0	139	274	9	45	93	2
KIF15	1	2	0	495	1285	67	176	381	21
TMEM256-PLSCR3	0	1	0	44	105	3	14	37	1
MIEN1	0	1	0	74	142	7	25	53	2
TFAP2B	1	5	0	274	459	3	83	116	1
ARL17B	0	0	0	6	5	0	0	0	0
RBM39	3	1	0	198	227	2	63	53	2
CACNG2	0	0	0	179	315	3	58	80	1
HSPG2	7	4	1	2338	4798	134	953	1871	32
C2CD4C	0	2	0	348	615	6	137	238	3
NCBP2AS2	0	0	0	0	0	0	39	56	1
GNG11	0	0	0	31	62	3	5	20	1
EME2	0	1	0	306	631	30	131	234	14
LIMS4	0	0	0	0	0	0	0	0	0
SPATA2	0	0	1	283	574	8	109	222	0
MYADML2	0	0	0	195	395	14	89	146	5
MSRB2	0	0	0	98	238	12	0	0	0
NHLH1	0	0	0	82	164	5	33	48	2
S100A2	1	0	0	47	101	6	21	38	2
POLR2M	0	1	0	169	477	24	51	153	5
TNKS1BP1	0	4	0	820	1939	47	288	677	7
KCNK9	0	4	0	212	287	3	75	75	1
USF1	0	2	0	137	265	9	45	70	2
DDC	1	3	0	243	542	20	79	172	6
HKDC1	0	1	0	480	1078	38	0	0	0
GBA2	0	2	0	409	951	52	122	301	17
ZER1	2	2	0	360	534	9	142	165	0
OR1L3	0	0	0	129	338	10	47	119	4
WFDC12	0	0	0	44	141	7	20	56	4
HSF2BP	0	3	0	127	300	14	49	102	7
TAF11L9	0	0	0	0	0	0	0	0	0
TMEM204	0	2	0	137	249	7	49	77	2
KRT73	2	2	0	272	666	29	105	254	13
RHBDL1	1	1	0	252	395	10	100	120	2
UPK1B	0	1	0	88	302	18	26	85	6
OR4A15	0	0	0	237	672	30	70	234	12
ZNF738	0	0	0	0	0	0	41	123	6
C2orf92	0	0	0	0	0	0	34	91	5
XPO6	0	3	0	500	828	1	173	271	1
PACSIN1	0	1	0	216	369	7	74	111	2
KIF13A	2	2	0	756	1749	55	244	518	13
UBE2D3	0	1	0	60	11	0	25	2	0
ENSG00000267740	0	0	0	0	0	0	0	0	0
NR1I3	1	0	0	150	380	21	47	123	4
SLC23A2	1	2	0	323	503	9	110	133	3
FABP3	0	1	0	56	134	4	19	54	1
PTPRN2	3	2	0	596	1342	38	224	457	4
CHST14	0	2	0	203	430	15	62	140	5
C15orf40	0	0	0	82	215	5	33	71	1
SYBU	0	1	0	306	712	23	119	226	1
BLOC1S2	0	1	0	74	132	5	0	0	0
LRRC3	0	1	0	153	309	14	65	111	4
PXDC1	0	0	0	137	292	10	67	79	3
CLHC1	2	1	0	226	732	38	67	231	11
MAIP1	0	0	0	146	359	18	52	94	5
B3GALT9	0	0	0	0	0	0	42	117	6
CCDC122	0	0	0	83	294	27	33	87	13
COMMD4	0	1	0	120	237	11	47	84	4
TP53AIP1	0	0	0	73	139	11	29	35	4
EFCAB6	1	2	1	666	1633	75	231	582	25
FGD4	1	1	0	359	843	38	107	232	11
MOCS1	0	1	0	327	741	21	113	246	5
PMPCB	1	1	0	211	582	28	60	166	7
NR4A3	0	1	0	306	585	8	108	158	1
ARMC10	1	0	0	145	365	16	47	110	4
PRRC2C	1	3	0	1224	2855	37	387	861	5
INTU	2	2	0	360	1020	37	115	311	10
MKRN3	1	0	0	280	667	12	102	230	2
ALPP	0	0	0	266	627	30	106	221	9
SYCP1	1	2	0	354	850	9	109	278	3
TMOD3	0	1	0	145	359	10	45	98	3
GRK4	1	0	0	238	671	31	94	251	7
MGST2	0	0	0	66	165	6	22	43	0
OR2A2	0	0	0	189	422	10	67	141	2
UNKL	2	1	1	566	1062	34	252	361	6
DLC1	3	8	0	869	2321	38	327	766	12
LOX	0	1	0	245	493	12	93	154	1
SRP68	0	1	0	260	579	9	93	188	2
ZNF284	0	0	0	208	641	37	61	206	7
CATIP	0	1	0	215	461	25	69	152	3
NFKB2	1	3	0	493	716	10	0	0	0
OR10H3	0	1	0	140	387	13	46	128	2
FAAH	0	0	0	294	643	34	114	200	8
SRCIN1	1	1	1	656	1267	9	236	406	2
PPCDC	1	0	0	82	217	14	27	82	2
RPGRIP1	1	6	0	541	1368	67	177	442	23
MEGF11	2	1	0	523	1351	78	204	448	21
ZNF296	2	2	0	272	488	6	92	173	1
FANCD2OS	0	1	0	69	197	11	31	66	3
ROM1	0	0	0	191	401	13	68	165	7
CYP2B6	0	0	0	229	613	27	80	233	3
MUC1	0	0	0	314	691	16	102	221	5
ENSG00000285641	0	0	0	99	181	6	28	66	5
KISS1	0	0	0	97	170	6	32	63	3
COQ4	1	1	0	190	363	14	75	128	5
ZMYND11	0	10	2	256	358	5	0	0	0
TTC34	1	0	0	406	791	33	277	593	24
MIEF2	0	2	0	268	495	7	110	181	0
H2AC7	1	0	0	160	261	16	61	92	6
MTDH	0	1	1	257	637	13	84	187	3
CD5	0	3	0	224	504	24	83	160	4
MAPKAPK5	0	0	0	189	398	20	69	109	1
SLC37A2	0	1	0	262	525	15	99	194	4
BLOC1S6	0	0	0	71	157	11	25	56	5
GDA	0	0	0	194	416	11	56	129	0
ZNF236	1	2	0	842	1579	16	330	549	3
PLIN5	0	0	0	290	593	30	111	241	6
ADGRE2	2	2	0	372	825	59	133	300	29
PNKP	0	2	0	414	832	50	166	267	12
COL11A1	0	3	0	814	2025	35	256	619	5
OR52L1	0	0	0	179	392	13	62	132	8
RGL1	0	3	0	313	677	12	119	229	1
CYP11A1	0	1	0	241	504	19	83	172	7
SMPDL3B	1	1	0	219	507	28	86	176	11
FBLL1	0	0	0	0	0	0	80	138	4
FUT3	0	0	0	175	400	22	80	148	8
TFCP2L1	0	2	0	250	426	11	84	141	0
HERC4	0	1	0	398	613	9	0	0	0
FCF1	0	0	0	82	194	6	25	67	1
C2CD3	0	3	0	959	2453	98	313	795	26
LY75-CD302	2	7	0	679	1896	137	216	632	35
C16orf92	0	0	0	47	110	5	15	44	1
KCNMB4	1	1	0	112	150	4	39	37	0
MRPL46	0	1	0	150	375	22	47	123	11
OXT	0	0	0	84	153	6	28	46	0
PAX6	0	3	0	218	328	5	80	71	0
KCNJ12	0	1	0	172	182	2	98	176	3
CIDEA	0	1	0	132	273	10	50	104	3
RNF212	0	1	0	145	374	17	58	98	2
AP3M2	0	0	0	174	412	14	55	122	2
ERRFI1	2	2	0	198	449	20	65	154	4
ENSG00000269095	0	1	0	40	63	1	24	16	0
HS3ST5	0	0	0	147	303	5	45	89	1
TRIM6-TRIM34	0	3	0	324	854	57	107	311	22
ANG	0	0	0	63	161	4	19	53	1
TSPAN11	0	1	0	129	273	9	49	90	2
SARAF	0	0	0	158	346	21	53	126	9
ENSG00000285064	0	0	0	0	0	0	11	23	1
IPO8	0	3	0	397	933	32	122	268	9
CALM2	0	1	0	52	38	1	14	7	1
NPR2	2	3	0	480	871	31	166	260	5
MRPL27	1	0	0	74	209	2	18	74	2
MATCAP2	2	2	0	193	462	17	65	141	5
APOBEC3G	0	0	0	154	447	35	64	161	11
PAM16	0	0	0	69	172	4	21	51	1
CAMK4	0	5	1	214	458	16	65	126	4
CCDC149	0	0	0	234	544	21	96	182	10
PRKG1	1	5	0	288	517	25	0	0	0
IL17F	0	0	0	88	193	7	34	66	0
ANXA2	0	0	0	187	414	11	63	124	1
NOL9	0	0	1	314	742	24	114	251	4
LONRF2	0	2	1	436	867	25	129	297	2
USP12	0	1	0	148	264	8	48	77	1
UBXN1	0	1	0	158	342	9	49	94	0
ERBIN	0	1	0	579	1508	46	192	477	6
LRRC4B	2	1	0	452	614	3	185	180	2
CCNDBP1	0	0	0	141	412	16	52	115	6
BAMBI	0	2	0	158	373	19	0	0	0
LEKR1	0	3	0	272	692	49	78	216	18
IL23A	0	0	0	72	171	9	20	50	0
MMP20	1	1	0	230	607	31	95	205	11
CPEB2	1	4	0	727	1427	38	261	462	14
SH2B2	1	1	0	362	797	26	150	314	6
GAS2L3	1	5	0	285	714	37	102	239	9
GRIP2	0	2	0	578	1131	21	239	427	8
ENSG00000289517	0	0	0	0	0	0	0	0	0
NETO1	0	1	0	242	466	13	86	142	3
CHRNA10	0	1	0	293	576	23	114	220	7
OR8A1	1	0	0	135	354	8	48	115	0
RETSAT	0	1	0	257	643	22	89	243	7
CXCL14	0	0	0	59	95	5	13	33	1
PAN3	1	1	0	436	865	7	138	253	1
SCNN1B	1	0	0	324	692	31	120	217	12
NPIPB7	0	0	0	0	0	0	5	10	0
ZC3H7A	0	3	1	379	864	21	139	257	3
EXO5	0	0	0	130	337	17	36	106	5
GID4	0	0	0	171	293	3	55	87	1
SMYD2	0	0	0	205	461	27	72	133	6
FBXL22	1	1	0	168	425	11	63	149	1
TLCD1	0	0	0	154	320	17	55	108	5
RUNDC3A	1	3	0	231	439	14	72	130	1
AVPI1	1	1	0	56	177	7	0	0	0
EP400	2	10	0	1647	3063	71	641	1034	9
THSD1	1	0	0	387	936	31	126	274	11
RTN4	0	2	1	603	1626	32	202	479	0
NMU	0	0	0	92	180	11	25	70	6
C3AR1	0	2	1	193	518	23	70	188	11
ENSG00000214265	0	0	0	32	77	1	15	27	0
COG6	0	1	0	289	781	36	83	248	12
KRTAP20-2	0	0	0	30	75	9	8	20	1
ZNF420	0	0	0	232	651	44	76	167	15
NEFH	2	1	0	540	1243	42	199	405	13
NCS1	1	0	0	86	116	4	32	28	0
CDCA7L	0	3	0	251	593	25	88	188	9
MDM1	1	2	0	306	777	43	97	293	13
CLEC2B	1	2	0	51	156	8	19	42	2
DUSP15	0	2	0	125	330	9	52	121	4
RNF5	0	0	0	82	177	6	20	49	3
GABARAPL1	0	0	0	56	77	1	13	21	0
ATP6V1G2-DDX39B	0	0	0	22	44	4	13	30	4
ACP6	0	0	0	173	446	23	65	151	7
SPINK6	0	0	0	29	89	5	10	29	0
ING5	0	0	0	94	227	9	35	59	4
CPNE3	0	0	1	206	557	30	71	192	11
FREM3	2	4	1	988	2487	97	327	749	29
DRG2	1	0	0	165	309	15	63	118	5
BACE2	2	0	0	265	536	12	92	166	3
SYNGR1	0	2	0	123	265	8	50	95	5
CDK2AP1	0	0	0	64	87	3	24	24	0
PIGL	0	0	0	134	282	14	46	99	5
TSC22D2	0	1	0	479	904	6	159	279	1
MICA	0	0	0	126	329	10	45	132	3
SIRT3	1	2	0	233	513	18	87	189	7
PAPPA2	2	3	0	787	1950	57	256	629	16
HTR6	1	2	1	301	538	12	99	177	2
C1orf146	0	0	0	66	182	12	20	68	5
ACSL1	3	0	0	296	678	19	104	205	6
HDAC2	0	5	0	189	264	8	59	60	0
OR2A42	0	0	0	0	0	0	0	3	0
H2AC19	0	0	0	0	0	0	0	0	0
MAP6	1	2	0	418	910	18	156	279	2
VPS9D1	2	0	0	471	945	36	174	335	11
ZNF433	0	0	0	263	704	35	84	252	12
FAM200C	1	0	0	221	629	41	65	203	15
ALOX12B	0	1	0	338	730	30	114	254	3
APRT	1	2	0	158	258	10	48	86	5
TOLLIP	0	1	0	148	283	11	60	109	2
CLRN3	0	1	0	118	288	14	0	0	0
SPEM3	0	0	0	0	0	0	202	415	10
STN1	0	0	0	148	366	15	0	0	0
TTC39A	0	2	0	246	499	21	90	166	1
OR5B3	0	2	0	130	427	18	55	133	4
P2RY2	1	0	0	226	470	16	81	184	7
PDE1B	2	2	1	240	467	13	79	139	3
CHIA	0	3	0	277	647	33	94	219	8
SLC48A1	0	0	0	84	157	2	31	49	1
ENSG00000259060	0	0	0	36	106	6	14	28	1
RPL7L1	0	1	0	123	313	11	36	95	4
GMNC	0	3	0	159	390	10	54	154	2
CEACAM16	1	0	0	256	483	16	101	171	6
IRF2BPL	2	6	2	749	1142	7	324	309	1
POU2F3	0	1	0	190	447	12	68	136	5
ACO1	1	2	1	369	924	40	126	313	13
PLXNC1	0	3	0	751	1351	39	255	391	8
NID1	2	3	0	646	1466	50	250	501	8
ETV5	2	0	0	200	431	2	66	132	0
SNX6	0	0	0	173	347	13	60	89	6
FETUB	0	0	0	182	462	22	57	134	5
SLC2A13	0	0	0	325	662	14	120	180	2
RASL12	0	0	0	132	265	8	52	104	3
FLYWCH2	0	0	0	89	198	2	23	60	0
ASB5	0	1	0	140	380	25	43	123	9
CELA2B	0	0	0	142	328	22	63	112	9
USP17L4	0	0	0	0	0	0	10	22	1
RALYL	0	0	0	126	314	11	43	107	0
LYSET	0	0	0	63	145	5	18	56	1
FBH1	1	1	0	506	944	23	0	0	0
ALDH3B2	0	2	0	204	433	16	82	172	5
ENSG00000285897	0	3	0	309	700	24	102	243	4
RBM4	0	0	0	207	371	7	85	114	0
KSR2	0	3	0	447	843	14	159	278	3
B3GLCT	1	0	0	232	524	21	76	179	6
TMEM132A	1	2	1	547	1197	42	188	430	16
SSX2IP	0	2	0	233	611	34	74	188	9
AIM2	0	1	0	137	351	20	43	111	5
TEX19	0	0	0	69	171	13	14	52	5
PPP1R3E	0	0	0	218	478	19	73	168	3
ODR4	1	2	0	168	484	22	53	153	6
TRAPPC12	4	1	0	486	1102	39	168	356	6
ASTN2	0	5	0	685	1403	31	234	494	6
PRDM11	1	1	0	568	1092	18	226	387	3
C18orf21	0	0	0	87	240	11	26	73	5
CIZ1	0	1	0	400	834	40	136	277	5
ANKRD30B	0	0	0	555	1527	90	210	565	35
TMPRSS9	2	1	0	766	1583	66	276	570	24
GPRIN1	1	1	1	560	1256	15	197	429	1
GPAM	1	2	0	385	825	35	0	0	0
SPATA45	0	0	0	42	91	3	16	32	0
HDAC11	0	0	0	182	374	13	80	121	6
AFAP1L2	1	0	0	382	840	19	0	0	0
NOP9	0	0	0	324	695	34	112	227	8
CAPN15	1	8	0	837	1432	28	354	510	10
KISS1R	0	2	0	287	623	24	105	213	7
OR5T1	0	0	0	170	442	19	61	146	2
TBC1D28	0	0	0	79	210	16	28	83	6
S100B	0	0	0	37	98	4	16	26	0
COPS2	0	1	0	177	175	1	55	36	0
CFAP73	0	0	0	166	380	23	50	100	2
CEP85L	0	5	2	299	884	35	99	268	6
TNRC18	4	10	0	2361	4503	35	945	1569	3
KRTAP4-7	0	0	0	73	204	8	24	84	5
EMX1	1	0	1	219	377	3	70	111	0
WFIKKN2	1	1	0	312	671	25	125	229	5
SINHCAF	0	1	0	78	140	5	13	34	2
PLPP6	0	0	1	215	462	22	87	140	6
GABRR3	0	4	0	205	558	22	75	180	7
DGCR6	0	0	0	20	26	1	0	0	0
H2AC16	0	1	0	126	192	14	54	56	3
LZTS2	1	0	2	356	734	27	0	0	0
OR10Z1	1	1	0	185	450	12	66	151	3
COX6A1	0	0	0	76	156	4	29	64	1
CLDN10	0	0	0	102	235	7	40	72	4
GPCPD1	1	0	0	283	603	15	101	166	3
PITPNM1	0	5	0	675	1270	42	289	421	6
SLIT3	0	4	0	781	1553	48	310	531	15
VPS13B	3	5	0	1584	4083	154	524	1266	41
TOR2A	0	1	0	178	389	12	73	141	2
HLA-DQA2	1	1	0	94	227	11	25	79	5
ZFYVE21	0	0	0	133	293	11	58	89	0
ENSG00000289565	0	0	0	0	0	0	0	0	0
DYNC1LI1	0	3	0	205	516	12	67	154	3
SMARCE1	1	3	0	162	303	3	62	73	0
KAZN	1	3	1	440	843	17	177	255	1
LELP1	0	0	0	45	109	9	17	37	1
VAPB	0	1	0	116	213	5	32	65	0
ZNF75A	0	0	0	281	682	33	90	216	12
OLIG1	0	0	0	212	347	4	69	105	1
GOLGA6L2	0	0	0	276	736	56	104	313	25
ASB3	0	0	0	244	662	21	89	202	7
CYB561A3	0	0	0	121	213	5	43	77	1
PLD1	1	1	1	415	1231	72	144	376	14
ADPRM	0	0	0	130	305	14	40	71	1
RETN	0	0	0	60	135	4	22	45	1
IRAG1	1	0	0	449	967	36	157	348	11
MLF1	0	1	0	103	318	17	33	103	7
ZNF768	0	2	0	334	569	13	113	165	0
ABHD16B	1	4	0	338	718	33	121	255	14
FRMD3	0	1	0	273	619	24	95	165	6
ENSG00000269547	0	0	0	0	0	0	0	0	0
GRWD1	1	0	0	255	551	25	81	183	5
GBX1	0	1	0	197	464	6	70	151	2
OR5D14	0	0	0	180	441	10	60	136	2
HTRA4	0	0	0	234	538	21	94	171	8
LRATD2	0	0	0	217	400	7	65	132	1
ENSG00000284797	0	0	0	0	0	0	39	91	2
CCND1	1	0	0	180	300	3	67	76	0
VPS53	1	1	0	396	876	36	148	281	8
FCGR3A	0	0	0	110	273	18	38	109	6
BUB1	2	2	0	386	1078	39	126	348	7
PTN	0	0	0	72	135	7	24	38	4
FMO3	0	0	0	193	610	31	68	210	8
PRB3	0	0	0	142	393	22	35	110	4
MYF5	0	0	0	134	345	9	41	99	4
CRY1	0	1	0	234	543	26	71	169	8
ST6GALNAC2	1	1	0	244	461	20	75	153	7
IGSF5	0	0	0	151	413	19	62	153	8
ENSG00000286185	0	0	0	0	0	0	84	224	18
CFAP20DC	0	0	0	369	969	42	109	304	9
JMJD7-PLA2G4B	2	2	0	617	1362	77	217	490	19
E2F5	0	0	0	174	367	9	52	87	5
PLG	1	3	0	363	851	17	143	277	7
PRR14L	1	5	0	887	2380	58	274	767	10
SHLD1	1	0	0	91	188	5	23	65	3
LIMCH1	2	4	0	587	1589	65	204	565	14
BTN2A1	0	2	0	260	610	36	105	239	11
HK2	0	1	0	417	1017	32	146	318	5
SCN3B	0	0	0	116	196	5	40	62	2
KDM2A	0	2	0	499	710	0	177	220	0
KRT3	0	1	0	329	764	28	124	258	6
UBQLN4	0	1	0	285	488	4	95	159	0
NXPE4	0	3	1	241	636	37	75	174	10
PPP2R3C	0	1	0	187	402	37	66	106	8
KRTAP23-1	0	0	0	43	68	1	9	25	0
C17orf114	0	0	0	0	0	0	16	26	4
ZFP42	0	0	0	157	402	21	40	126	5
OR2B6	0	1	0	119	328	14	41	103	6
TYR	0	4	0	280	689	46	91	251	20
PIGN	0	1	0	389	989	46	122	309	18
WDR19	0	5	0	482	1266	57	178	383	13
TRIM64B	0	0	0	109	304	20	65	174	12
MOB1B	0	0	0	81	218	8	27	60	1
MRPS16	0	0	0	73	166	2	0	0	0
TUBA1C	0	0	0	205	349	10	76	113	5
RBPMS	0	0	0	99	163	6	35	53	1
PENK	0	2	0	122	340	23	44	115	7
TREM1	1	0	0	111	244	15	27	92	2
PRR7	1	0	0	216	336	2	74	89	0
TANGO2	1	0	0	123	301	12	39	113	5
UBALD2	1	0	0	94	146	4	37	35	1
SNRPE	0	0	0	37	60	0	12	10	0
WDR43	1	1	0	318	680	2	103	220	0
LIX1	0	0	0	114	288	18	32	90	5
MYOT	0	0	0	191	478	28	79	147	8
PTCD1	0	4	0	400	820	33	153	293	14
SLC15A4	0	1	0	359	720	19	122	229	4
RAB11FIP4	0	0	0	323	615	12	132	185	5
HPS1	1	1	0	370	804	29	0	0	0
SAAL1	0	1	0	188	496	29	53	164	10
SLTM	0	2	1	411	986	25	121	279	3
RGS7	1	2	1	207	365	7	75	108	2
LSM14B	0	1	0	221	344	4	79	124	1
CDYL2	0	1	0	331	636	14	135	206	0
BZW1	0	1	0	174	222	1	58	56	0
FUT7	0	3	0	188	408	23	80	155	10
MED11	0	0	0	71	138	8	28	30	6
PI4KB	0	2	0	386	589	14	130	176	0
FGF17	0	2	0	128	196	5	57	54	1
AMY1A	0	0	0	26	82	8	0	1	1
COA3	0	0	0	59	129	8	17	43	4
RGS19	0	0	0	118	230	10	48	88	2
NOL11	0	0	1	292	722	24	99	240	4
RXRG	1	1	0	209	397	6	83	137	3
SYVN1	1	0	0	305	614	10	106	187	3
DEFB104A	0	0	0	16	50	2	1	4	1
FRK	0	2	1	231	488	41	71	134	16
FBF1	2	1	0	563	1297	62	198	454	23
SLC22A23	1	4	0	422	717	19	149	228	1
PPP2CB	0	0	0	148	218	12	45	47	1
CTPS1	1	1	0	260	405	8	68	90	1
NRCAM	2	1	0	554	1354	41	175	406	8
NANOG	0	0	0	124	286	8	27	82	0
CSHL1	0	0	0	143	329	12	58	129	2
CLPTM1L	0	3	0	360	617	18	138	217	4
NECTIN1	1	1	0	234	552	17	95	207	0
ZNF80	0	0	0	127	358	32	32	113	15
ITGA9	2	2	0	468	1130	24	166	368	6
GRAMD1B	2	1	2	335	672	15	150	265	3
C8orf58	0	3	0	219	473	15	81	167	9
OR52B2	0	0	0	148	422	14	48	143	5
TAF5	1	0	2	361	804	20	0	0	0
CDK6	0	0	0	146	223	1	57	59	0
SIRT4	0	0	0	145	352	19	57	117	7
APOBEC3C	0	1	0	90	227	19	34	96	3
CREG2	1	0	0	170	370	22	51	118	8
GPHB5	1	0	0	70	157	4	24	51	2
CBX5	0	4	0	83	106	0	30	32	0
ZNF830	1	2	0	182	417	17	57	136	2
ARHGAP28	2	1	0	300	781	31	106	243	13
HYAL2	0	0	0	251	611	33	83	167	8
MEFV	2	1	0	487	1085	53	169	374	14
GPR3	0	0	0	177	302	15	66	100	2
GDPD1	0	0	0	134	243	8	31	66	3
NAGS	0	1	0	297	576	16	102	188	7
CYTL1	0	0	0	91	203	9	34	71	2
SAA2	0	0	0	51	111	6	21	46	3
SPINK8	0	0	0	30	104	2	6	30	1
CLPX	0	1	0	243	574	16	79	164	3
OR2T27	0	0	0	177	426	16	37	111	5
LCE1F	1	0	0	71	163	9	25	51	3
RBP7	1	0	0	55	155	5	20	37	3
SPATA6L	0	1	0	190	661	35	63	208	8
ENSG00000289491	0	0	0	0	0	0	12	25	1
KRTAP9-6	0	0	0	84	149	10	15	26	1
HHIPL1	2	0	0	475	1054	36	148	354	8
CFAP100	2	2	0	320	777	34	123	257	9
DZIP1	0	3	0	374	930	53	134	309	10
AGAP1	2	5	0	489	901	17	202	322	5
ARHGAP45	2	3	1	825	1496	27	315	440	4
SORD	0	0	0	154	352	18	40	118	4
DNAJB13	1	1	0	153	406	13	48	108	4
TMCO2	0	0	0	74	157	11	21	57	4
AKR1B1	0	2	0	162	342	13	52	112	3
DERL2	0	0	1	108	172	7	47	46	0
C17orf75	0	1	0	150	395	18	42	113	4
CHCHD7	0	0	0	36	97	4	14	38	0
PPIAL4C	0	0	0	61	167	3	0	6	0
OXTR	0	3	0	264	474	20	87	152	3
TMEM210	0	1	0	76	184	2	27	65	1
IVNS1ABP	0	0	0	232	471	19	84	116	3
PTPRK	0	3	0	608	1302	47	186	372	3
FAM98B	0	0	0	193	522	23	66	163	7
FAM53C	0	0	0	194	440	10	57	165	4
STK24	0	0	0	206	379	9	75	113	2
PCDHAC1	2	0	0	453	1050	40	148	365	11
SLFN11	0	0	0	397	972	56	148	340	21
ZNF705G	0	0	0	151	445	24	61	216	10
TNFRSF18	1	1	0	145	315	20	75	136	7
CHCHD4	0	0	0	50	142	6	15	47	2
PRSS35	1	0	0	191	493	23	56	169	8
OR10S1	1	0	0	174	380	10	61	124	4
AKR7A3	0	0	0	182	424	24	68	164	9
UROD	1	0	0	150	368	17	51	126	6
TMEM200C	2	1	0	366	700	14	168	362	3
PRSS51	0	0	0	0	0	0	75	169	9
KDM4C	1	0	0	561	1387	41	190	396	4
TRPC4	0	4	0	420	800	28	158	227	5
CREB3L4	0	1	0	161	419	13	59	144	3
WBP1L	1	2	0	182	383	19	0	0	0
VAMP2	0	4	1	69	85	0	29	24	0
NEIL3	0	0	0	247	670	18	91	243	5
ANKRD49	0	0	0	92	215	13	29	63	4
THEG	1	1	0	226	476	23	63	193	11
TLK1	1	2	0	333	549	14	94	135	3
YIPF3	2	0	0	189	349	7	65	139	2
ATG16L1	2	1	0	280	523	11	108	147	2
GPR65	0	0	0	122	335	19	40	103	3
ITLN1	0	1	0	137	342	20	49	123	5
M6PR	0	0	0	121	287	9	44	81	0
MLANA	0	0	0	55	168	12	17	52	3
ADGRL4	0	2	0	306	799	33	97	283	5
C17orf50	0	0	0	108	259	7	40	92	4
MRPS15	0	0	0	124	289	17	35	114	8
IDUA	1	2	0	491	972	39	168	307	9
CD163	1	4	0	419	1012	36	150	304	7
IGFBPL1	0	2	0	170	397	12	59	129	5
CSRP1	0	0	0	86	201	12	31	58	2
BNIPL	0	1	0	134	374	15	55	130	7
COX6B1	1	0	0	32	81	1	10	25	1
HM13	0	0	0	187	375	5	63	113	1
MINDY1	1	0	0	194	433	36	74	150	9
DIPK1B	1	3	0	326	588	14	109	219	6
SETSIP	0	0	0	109	324	21	33	105	6
SGK2	0	1	0	159	375	15	54	144	4
RABEPK	0	1	0	161	391	21	63	150	6
OR1N1	0	0	0	138	365	10	56	132	3
FBXL17	1	0	0	496	863	19	178	256	3
AGER	0	1	0	167	453	26	49	154	7
LCMT1	0	0	0	148	361	14	48	113	3
TNFRSF12A	0	1	0	88	160	5	29	56	1
TMEM182	1	0	0	112	250	16	43	74	5
PLAC9	0	0	0	73	122	6	0	0	0
SYT11	1	1	0	187	364	5	58	104	2
ALPL	1	1	0	280	527	22	117	184	6
TPO	1	3	2	496	1139	60	199	414	19
HESX1	0	0	0	76	196	10	32	63	1
SCPEP1	0	0	0	195	471	20	73	144	9
CFAP61	0	3	1	532	1465	56	190	502	15
SPOP	1	6	0	157	145	6	58	40	0
GRIN1	3	32	0	516	508	24	173	108	4
SNAI3	0	2	0	143	326	7	70	161	7
ZNF444	0	0	0	248	459	10	110	136	1
ENSG00000289758	0	0	0	121	207	7	0	0	0
HK1	0	11	0	412	713	16	0	0	0
SDCCAG8	0	0	0	253	786	40	98	239	10
NABP2	1	0	0	95	177	5	37	52	0
IL17C	0	2	0	145	293	9	62	117	3
AGXT2	0	0	0	241	616	37	78	196	10
CYB5A	0	1	0	55	155	6	23	49	0
HMGB4	0	0	0	76	225	16	27	89	5
LRRC39	0	0	0	119	359	22	36	106	4
FOXO3	0	2	0	391	685	7	132	201	4
ALDH7A1	0	1	0	244	609	30	84	197	5
GNGT1	0	0	0	41	96	2	10	29	1
SYNDIG1	0	2	0	126	272	8	54	97	1
RINT1	3	2	0	319	799	40	116	262	9
RBBP5	0	0	1	211	288	4	68	74	1
CKLF	0	1	0	54	148	6	15	52	2
CDS1	0	1	0	187	397	16	55	119	6
SZRD1	0	0	0	72	158	2	27	52	0
KDELR3	0	1	0	116	279	15	37	87	2
EXOSC5	0	0	0	131	269	11	48	114	1
TMEM120B	2	1	0	194	366	18	61	117	2
HEXB	0	1	0	265	618	29	73	188	8
PPP4R3A	1	1	0	332	549	8	110	123	2
TENT4B	0	0	0	326	570	5	118	146	0
CEP20	0	0	0	77	199	10	19	68	7
ZNF705D	0	0	0	53	137	10	0	3	0
HCLS1	0	1	0	244	559	20	77	181	7
AKR1B10	0	0	0	151	376	21	55	106	6
HECW2	2	16	0	682	1417	35	244	427	4
SCEL	0	0	0	293	726	33	83	239	13
ENSG00000288643	0	1	0	18	46	1	4	18	0
MGAT4B	2	3	0	352	585	19	140	204	6
SCX	0	0	0	185	311	2	68	101	0
EEF2	1	11	0	685	743	4	292	190	1
IL6	0	1	0	86	217	2	30	60	0
TNFAIP6	0	0	0	109	247	17	37	78	3
TIAM2	0	5	0	749	1766	57	295	609	13
NDST3	0	1	0	330	775	35	102	226	7
LYPD8	0	0	0	33	88	3	37	83	5
OR5F1	0	1	1	191	480	19	64	147	4
SNTB2	2	2	0	290	567	16	100	169	2
SAPCD1	0	0	0	75	172	16	26	53	2
LTB	0	0	0	156	228	4	58	109	2
ZNF124	0	0	0	120	386	19	40	142	9
TSSK4	0	2	0	149	341	24	46	118	8
KCNJ15	0	1	0	164	373	11	60	118	2
TAF10	1	0	0	178	322	4	59	107	0
CHN2	1	3	0	187	442	15	70	124	3
MSTO1	0	0	0	241	547	19	60	124	2
ACTL6B	0	5	0	247	310	19	88	70	4
ZFYVE9	2	3	0	519	1322	25	176	389	3
CCDC180	2	3	0	730	1770	88	252	591	36
ENTPD6	2	1	0	233	552	21	89	199	2
BPIFB1	1	2	0	235	472	12	73	145	4
RBBP9	0	0	0	69	224	18	29	67	2
IRX3	0	0	0	366	699	11	123	235	3
DOP1A	1	6	1	904	2193	61	281	626	9
BAZ1B	0	3	0	678	1202	17	220	337	3
CPNE2	0	1	0	280	543	20	116	204	5
RUSC1	1	4	0	456	968	23	133	302	7
RNASE7	0	1	0	80	176	11	20	56	2
UFSP1	0	0	0	114	246	11	48	87	6
DNM1	1	19	0	416	611	16	132	146	3
TMEM260	0	0	0	314	831	60	125	295	11
GUCA1ANB	0	0	0	0	0	0	21	45	2
RPL7	0	1	0	123	245	0	39	69	0
ENSG00000285901	0	0	0	206	325	3	74	104	0
MAP3K13	0	1	0	377	832	34	138	278	6
MRPL50	0	2	0	60	193	11	19	61	4
NEK4	0	1	0	315	877	64	130	289	23
HSPA5	0	1	0	280	434	13	100	92	0
AHNAK	2	4	0	2438	7013	61	772	2202	17
PABPC3	0	0	0	235	787	54	72	259	18
NEDD4	0	3	0	332	918	48	117	305	14
CDC27	0	0	0	313	603	4	84	160	1
FAS	0	0	0	131	329	5	0	0	0
NR2C2AP	1	0	0	70	172	8	23	61	3
TTYH1	2	1	0	283	485	15	103	170	5
KCND2	0	1	0	304	457	10	108	129	4
SLCO5A1	0	0	0	385	954	34	140	274	9
PTH2R	1	2	0	239	699	36	83	227	11
ZNF710	0	1	0	375	632	14	161	213	1
ZNF786	0	2	0	466	1092	48	175	381	19
TYSND1	0	0	0	333	727	19	0	0	0
MFAP1	1	3	0	167	315	11	76	82	1
LCTL	1	0	0	268	648	51	104	222	14
ATXN7L1	2	1	0	406	908	10	145	280	2
SSH2	2	5	1	614	1277	30	206	374	4
ZFAND2B	0	1	0	130	285	13	45	92	2
MPP4	2	0	0	254	692	43	79	227	8
NFATC2	2	3	0	520	1046	20	222	345	3
BROX	0	2	0	148	462	26	41	134	9
ZNF175	0	2	1	238	696	47	81	244	14
MDN1	5	16	1	2292	5649	163	726	1766	31
PECAM1	0	0	0	0	0	0	102	209	0
ENSG00000260170	0	2	0	136	324	18	58	113	7
OR7C2	0	1	0	151	346	10	38	108	1
IQGAP2	0	4	0	660	1568	83	207	492	13
FEM1C	0	2	0	272	480	13	94	134	1
COL28A1	2	4	0	575	1563	67	174	476	15
HNRNPC	0	1	0	144	155	0	36	37	0
NUDT16L1	0	0	0	241	319	14	99	86	1
EXOC7	1	2	0	328	655	22	123	212	5
CHST2	0	1	0	357	628	22	97	185	4
DIXDC1	0	0	0	255	635	30	80	215	12
H2AJ	0	0	0	94	118	5	28	36	0
TRIM38	1	0	0	176	482	29	59	166	7
PHACTR2	0	2	0	307	671	23	112	218	4
CDCP2	2	3	0	195	412	27	112	253	12
ACTA2	0	3	0	154	221	9	0	0	0
SFTA3	1	0	0	106	152	0	41	41	0
SRSF11	0	0	1	209	382	1	72	105	0
HFE	0	0	0	155	372	20	56	118	5
ZNF596	0	0	0	260	816	38	98	267	11
WDTC1	0	2	0	309	453	5	127	149	1
WDR53	0	1	0	136	374	19	44	125	7
ITGAX	1	3	1	628	1359	44	234	470	20
TMPRSS11A	3	0	0	172	488	30	62	159	9
STK19	1	0	0	110	266	15	30	89	5
ENSG00000272305	0	0	0	0	0	0	0	0	0
NLRP10	0	3	0	319	766	45	115	260	14
SLC39A2	0	1	0	146	334	17	48	123	5
ENSG00000260643	0	0	0	88	190	9	37	85	3
VPS72	0	0	0	165	343	16	48	120	9
CAST	3	1	0	317	840	18	122	282	2
FANCD2	0	3	0	591	1463	74	190	468	13
PCDH9	0	3	0	578	1239	16	163	324	2
LMNB1	0	6	0	265	622	15	96	199	0
B4GALT3	0	0	0	170	369	23	63	136	6
NR1H3	0	1	0	209	439	17	76	158	5
ENSG00000254732	0	0	0	0	0	0	0	0	0
ATP5F1C	0	2	0	113	289	10	0	0	0
PHETA1	0	1	0	131	294	11	65	118	7
C19orf44	1	1	0	284	665	30	100	216	11
SLC25A42	0	0	0	191	318	12	61	99	2
ZNF551	0	1	0	283	710	41	95	231	11
RRP7A	0	0	0	152	361	16	52	148	11
EFNB3	0	0	0	213	374	9	70	110	2
ENSG00000249319	0	0	0	150	328	17	49	91	3
TATDN3	0	3	0	111	293	17	37	86	3
BMPER	1	2	0	314	740	30	106	250	8
NECAP1	1	0	0	123	267	8	49	84	2
CACNB3	0	1	0	226	450	12	79	153	2
PSME2	1	0	1	83	224	9	15	52	2
CIPC	0	0	0	170	398	9	70	111	2
PPP5C	1	2	0	239	440	13	89	112	2
SNX22	0	3	0	99	224	9	38	84	4
OR3A1	1	0	0	130	381	13	46	146	4
DMAC2	0	0	0	132	290	13	46	120	6
SPACA9	0	0	0	112	273	17	37	83	5
GASK1B	0	0	0	228	620	29	78	200	11
ZBTB2	1	1	0	225	368	1	80	97	0
ABHD6	0	1	0	125	355	20	44	123	2
LYRM9	0	1	0	32	85	7	13	26	1
KRTAP4-1	0	0	0	55	158	10	14	59	3
ENSG00000264668	1	1	0	113	257	12	47	95	4
DARS1	0	1	0	234	574	31	59	167	5
CMSS1	0	0	0	119	284	16	31	92	6
GEMIN2	0	0	0	108	300	20	36	91	5
C6orf47	0	1	0	145	316	11	43	100	1
ENSG00000288520	0	1	0	391	876	35	135	273	4
IFNA17	0	0	0	113	294	12	30	106	2
DNAAF3	0	1	0	308	714	27	112	262	11
SP140	0	1	0	363	887	29	103	263	8
COL13A1	0	4	0	382	791	18	0	0	0
RARA	0	4	0	248	367	8	94	109	0
DENND6A	0	2	1	259	529	27	86	164	6
HAO1	1	1	0	182	439	22	58	148	8
FCRL4	0	3	0	236	581	22	86	201	9
CDH3	1	4	0	426	969	29	174	333	4
ENSG00000285458	0	1	0	53	127	8	19	40	4
TSKU	1	2	0	212	380	6	78	144	1
ZFC3H1	1	4	0	789	1850	41	251	541	5
MRE11	0	2	0	274	753	28	98	254	11
PLCXD2	1	2	0	119	313	17	39	124	8
LGALS3	0	1	0	105	282	14	41	84	5
KRT75	1	1	0	301	720	25	112	252	7
OCSTAMP	0	1	0	328	648	24	120	192	5
DHRS3	1	0	0	149	295	7	53	101	1
PDE3A	3	2	0	645	1315	27	208	401	7
ARHGEF25	0	6	0	271	602	21	89	207	8
ENSG00000264324	0	0	0	100	225	5	37	73	1
ENSG00000289767	0	0	0	0	0	0	5	20	1
SMAD7	1	2	0	302	475	5	103	153	2
CCNY	3	1	0	187	355	3	0	0	0
NCK2	0	0	0	238	390	7	92	115	2
DTX2	0	0	0	327	640	25	119	214	6
ACOT12	0	3	0	240	645	27	90	238	7
NLRP14	0	3	0	517	1293	68	165	420	23
CBX8	0	2	0	278	447	2	92	147	0
CRBN	1	0	0	219	569	41	69	149	8
SMC3	1	11	0	457	539	13	0	0	0
EPHB3	2	1	0	501	934	9	213	327	3
CALCRL	1	0	0	191	399	22	63	121	2
WASL	0	2	0	217	468	14	70	155	0
NOTCH1	6	17	4	1608	2722	8	680	964	1
NF1	0	8	5	1130	2043	65	343	527	11
ELOB	1	0	0	79	123	3	33	29	0
COMMD2	1	0	0	96	219	10	26	72	2
GDPD5	1	1	0	312	618	28	141	236	6
NPFF	0	1	0	46	134	7	14	41	4
PAK6	0	4	0	370	760	27	148	271	6
OR2C1	0	1	0	188	411	22	56	129	6
KANSL1L	1	2	0	406	1047	24	130	344	2
PLEKHG6	1	2	0	450	933	46	145	347	23
FAM90A8	0	0	0	0	0	0	2	1	0
DCAF7	0	5	0	119	127	5	42	29	1
MRPL2	0	0	0	163	374	20	43	142	5
CAPZA2	0	1	0	124	220	3	41	69	0
GRIFIN	0	0	0	92	163	8	36	61	1
TIMP4	0	1	0	119	277	11	41	103	2
IRGM	0	0	0	101	258	11	31	92	2
UBR4	7	10	0	2319	4366	71	764	1337	5
YEATS2	2	4	0	607	1439	31	221	475	4
SLC39A7	0	1	0	191	452	12	71	131	7
CPTP	0	0	0	151	310	11	72	135	5
TEX36	1	0	0	81	224	12	0	0	0
PCMTD1	0	0	0	127	214	9	45	51	1
CCR10	1	0	0	215	391	14	72	113	4
TP73	1	5	0	364	690	10	170	252	0
XKR8	0	0	0	212	387	17	78	113	10
PRSS50	0	2	0	202	438	20	77	157	6
DYNLT2B	0	1	0	63	127	6	21	47	1
ZBTB10	0	3	2	503	964	12	142	283	0
CEP131	1	7	0	590	1280	51	211	529	18
IQCG	0	1	0	185	451	31	59	152	7
ANGEL2	0	2	0	218	520	23	68	160	5
SFI1	0	3	0	598	1455	112	218	588	41
GOLGA8R	0	0	0	0	0	0	13	43	4
ZNF792	0	0	0	249	654	36	105	228	10
CCDC113	0	1	0	168	429	37	58	152	10
PCDHA8	1	0	0	606	1274	40	230	447	12
C1QTNF6	0	1	0	136	313	8	56	113	0
DDX17	0	3	1	335	518	8	116	149	0
RAD54L2	0	6	0	588	1231	15	221	413	3
LHX5	1	1	0	239	393	4	90	123	1
SIX5	0	0	0	613	1067	14	237	377	6
NCAM1	1	4	0	408	703	13	153	245	4
P4HA1	0	0	0	183	409	11	0	0	0
SCO1	0	0	0	169	378	13	56	120	5
ITIH4	0	3	0	450	1033	41	160	336	9
CELA2A	0	0	0	136	323	17	65	109	6
FAM222A	1	0	0	247	490	10	107	182	1
RNASE4	0	1	0	79	151	7	27	67	3
C6orf226	0	1	0	69	156	9	22	61	0
SMC1B	2	3	1	469	1061	39	150	321	6
BARX2	0	2	0	143	338	14	41	119	3
MYBPH	1	1	1	226	517	26	80	204	12
OLAH	0	0	0	122	326	12	0	0	0
PALMD	2	1	0	233	588	23	82	186	3
HYOU1	2	3	0	484	1047	19	173	335	2
FAM186A	0	6	0	850	2240	165	285	688	56
GPR148	0	0	0	166	415	19	45	138	6
HOXC9	0	1	0	199	366	9	66	111	3
KCNN4	0	0	0	236	440	19	93	145	2
SYNPR	0	1	0	126	306	14	44	96	3
MEDAG	0	0	0	147	372	21	40	125	8
FOXN2	1	0	0	191	520	13	63	161	6
ZRANB2	0	2	0	136	284	11	49	82	2
PLXNB2	3	7	0	1172	1851	34	480	621	3
PTPN12	1	2	0	322	777	13	94	238	2
ABCG2	0	3	0	262	764	45	102	260	11
ARRDC5	1	1	0	168	384	17	71	152	4
PXYLP1	0	0	0	204	491	13	76	175	5
DKK2	1	0	0	119	288	6	32	95	1
RIIAD1	0	0	0	56	115	5	11	33	3
CR2	1	0	0	453	1157	61	169	368	16
ETV1	0	1	0	231	549	11	79	178	1
NPTXR	1	1	0	321	567	12	118	206	0
RABGAP1	0	2	1	429	875	21	159	224	2
EXO1	0	1	0	365	1019	41	129	323	17
CABCOCO1	0	0	0	97	318	9	0	0	0
GPAT4	1	1	0	206	340	9	75	83	1
MGLL	0	1	0	138	309	3	49	99	0
CDK13	0	23	2	891	1670	28	314	520	6
ANO4	1	1	0	341	831	39	116	251	9
BTNL3	0	1	0	191	423	27	69	130	3
GPHN	1	2	0	333	624	7	96	168	1
SLC7A8	0	1	0	244	552	16	79	195	4
AEN	1	0	0	177	447	23	67	167	10
SNTA1	0	2	1	272	544	16	97	196	2
HYAL3	0	1	0	196	415	28	68	141	14
ETS1	1	1	1	211	400	5	72	108	1
ENSG00000290183	1	1	0	139	382	11	55	116	1
POMZP3	0	0	0	79	206	10	27	78	4
PRDM1	2	0	0	355	846	12	135	266	2
PDCD11	3	8	0	869	1965	57	0	0	0
FLOT2	1	2	0	214	402	21	70	127	4
ZNF83	0	0	0	183	522	32	76	184	4
SMIM47	0	0	0	0	0	0	1	14	2
OR2W1	0	0	0	132	342	8	33	100	2
OPA1	1	3	1	413	927	29	123	287	2
RCOR1	0	1	0	284	478	6	97	154	1
MEOX1	1	0	0	129	303	13	45	108	1
HNRNPA3	0	0	0	186	265	0	72	66	0
UBR7	0	0	0	167	334	8	49	95	0
VPS45	0	1	0	226	509	20	70	169	9
TMPRSS11E	0	1	0	163	498	30	55	158	11
HIPK1	0	1	0	582	1073	18	186	319	4
PPM1G	0	0	0	242	362	7	69	94	1
XXYLT1	0	2	0	257	495	11	99	166	7
ENSG00000264058	1	1	0	110	291	16	34	76	7
ANKRD53	0	1	0	259	644	37	87	222	13
LILRB4	1	1	0	242	550	24	75	221	7
TPRX1	1	0	0	282	543	21	68	167	5
FAM104A	0	0	0	128	292	8	56	111	2
FAP	0	1	0	339	849	46	118	260	10
KCNH8	1	2	0	484	1136	41	169	320	11
FRY	4	5	1	1343	2598	63	449	760	8
DLG4	0	1	6	340	469	2	138	139	1
REX1BD	0	0	0	136	242	11	42	91	5
STK32C	0	0	0	312	521	14	0	0	0
NOSTRIN	0	0	0	195	511	31	68	148	13
C10orf143	0	0	0	0	0	0	0	0	0
MYOZ2	0	2	0	96	263	7	32	71	3
GATC	0	1	0	75	200	4	25	64	1
PPP1R1B	0	0	0	98	212	6	23	53	0
PNPLA2	1	1	0	374	684	17	141	232	5
CBR4	0	0	0	109	280	12	32	81	4
PCF11	2	4	0	688	1581	14	208	449	1
HBA2	0	0	0	50	84	3	15	17	2
RTN3	2	1	1	431	1153	32	138	365	9
SPHK2	0	2	1	420	794	15	162	238	3
CCDC88C	1	5	2	1060	2379	82	381	820	20
OR5AC1	0	0	0	0	0	0	0	0	0
HSPA12B	2	0	0	425	884	28	137	260	2
PLXNB1	1	7	1	1129	2171	56	422	690	7
DPEP1	0	3	0	275	584	31	116	241	9
CPT1B	1	3	0	366	892	38	119	308	12
OPN5	0	3	0	154	297	13	48	78	3
FAR2	0	0	0	216	489	10	64	143	2
ACTG1	0	0	0	390	225	11	216	54	3
RBMXL2	1	0	0	304	685	11	123	225	0
BEND5	0	1	0	211	397	18	75	119	4
UBXN10	0	1	0	114	298	18	48	98	4
PTCRA	0	0	0	154	310	16	60	98	8
PTPN22	2	1	1	304	772	41	100	236	7
PLOD2	0	1	0	315	831	33	92	279	7
ZNF142	2	6	0	776	1879	59	271	731	21
BSX	0	1	0	152	282	4	44	78	0
RBCK1	1	0	0	282	512	26	110	169	4
PNLIPRP2	0	0	0	0	0	0	0	0	0
H2BC14	0	0	0	129	224	17	58	74	3
MINDY4	3	3	1	383	858	40	128	300	18
SEC14L4	0	0	0	198	427	23	81	155	11
CSTF2T	0	0	1	266	665	18	0	0	0
CNIH3	0	0	0	72	168	5	26	41	0
OGN	0	0	0	130	275	10	37	91	0
TPGS2	1	0	0	122	333	15	34	98	2
DEFB109B	0	0	0	0	0	0	12	28	0
KLF13	1	2	0	253	438	3	108	129	0
TMEM230	0	0	0	71	173	7	28	84	4
SLC25A47	0	2	0	197	407	22	80	170	8
SPN	0	1	0	186	487	8	67	150	2
LSM12	0	0	0	95	140	1	27	31	0
TMC6	2	3	0	456	977	35	200	344	9
MIOX	0	1	0	167	365	23	72	132	10
KRT9	0	2	0	275	710	28	103	262	9
C2orf49	1	0	0	120	260	5	39	85	0
PNLIP	1	1	1	186	492	26	0	0	0
AHCY	0	0	0	235	418	9	82	146	3
FOXO6	0	1	0	357	596	7	112	158	1
LCE5A	0	0	0	57	136	7	18	39	1
SLC9A1	1	6	0	407	629	13	158	194	2
RNASE9	0	1	0	89	254	12	35	93	3
GPD2	0	1	0	314	732	35	98	240	12
MAFA	0	1	0	243	479	21	73	136	3
PRELID2	0	1	0	71	175	9	23	66	5
NT5C1B-RDH14	1	2	0	275	717	36	109	256	10
IL26	0	0	0	68	214	9	20	66	5
ZNF131	0	0	0	249	476	1	81	147	1
CAMK1D	0	0	0	190	295	0	0	0	0
OR5D16	0	1	0	191	455	13	49	140	7
NBPF10	0	0	0	298	856	62	89	295	16
ENSG00000285629	0	0	0	17	29	1	7	6	0
RAPGEF1	2	1	1	623	1108	12	250	351	4
CCDC24	0	0	0	163	384	21	49	127	6
CDK7	2	0	0	125	302	15	46	75	3
OSMR	2	0	0	380	1021	39	109	309	15
IL1F10	0	0	0	78	187	12	29	64	3
MBOAT7	1	4	0	324	641	19	117	234	3
SLC30A2	1	0	0	203	354	7	62	112	1
TMEM171	1	0	0	138	379	10	64	127	6
UBR3	1	2	1	774	1571	39	242	439	5
RHOT1	0	0	0	249	527	13	59	154	4
FUT5	0	1	0	197	453	37	81	188	8
ZNF583	0	0	0	200	479	23	64	140	5
ABCB11	1	5	0	576	1453	56	205	452	14
SEMA3C	1	3	0	298	773	31	94	264	11
USP17L8	0	0	0	0	0	0	12	18	1
CHP1	0	0	0	94	145	6	31	43	1
ASB2	1	2	0	363	837	39	138	293	14
ADTRP	0	0	0	104	217	7	43	69	3
CDH23	2	13	0	1770	3973	91	0	0	0
LRIG1	2	0	0	694	1521	42	277	522	9
YTHDF3	0	2	0	281	513	5	89	134	0
SHBG	0	0	0	213	443	13	66	153	2
DNAAF8	0	1	0	310	766	43	109	264	14
AADACL2	0	0	0	175	411	28	64	147	12
MUC16	9	16	1	7069	18726	430	2351	6112	103
ATIC	0	0	0	289	723	28	106	235	8
ATP2B1	0	5	1	453	714	7	139	197	1
WDR62	2	2	0	765	1660	51	293	555	14
OR1D5	0	0	0	114	255	9	45	107	2
COQ10A	1	1	0	123	290	14	39	104	4
CLYBL	0	0	0	174	390	15	67	129	7
TFR2	2	3	1	456	891	37	146	311	12
UQCR10	1	0	0	41	94	3	20	30	0
PCED1A	0	0	0	226	457	10	69	156	2
GCSAM	0	2	0	61	186	10	18	66	5
GFER	0	1	0	142	292	16	43	111	3
VEZF1	0	3	2	243	371	4	91	110	1
DEUP1	0	0	0	200	611	44	60	202	14
LHCGR	0	2	0	337	814	32	101	241	7
ODF3B	1	0	0	168	381	22	52	113	7
TXNDC9	0	0	0	81	209	10	22	44	0
GINM1	0	1	0	131	320	19	41	108	6
SPAG11A	0	0	0	44	117	3	7	27	0
SLC35E2B	1	0	0	203	358	14	58	121	1
GFPT1	0	5	0	271	445	25	71	113	7
ENSG00000268279	0	0	0	0	0	0	0	0	0
BBS1	1	3	0	276	653	23	101	242	6
ENSG00000289766	0	0	0	84	183	12	31	75	2
ENSG00000269476	0	0	0	9	17	1	11	29	0
PILRB	0	0	0	122	235	16	32	86	12
ZNFX1	1	3	0	799	1711	68	275	579	9
SBK3	0	5	0	200	429	13	72	157	8
DNAJC12	0	0	0	75	218	10	0	0	0
ZNF560	1	2	0	281	848	32	103	263	14
TMEM240	0	3	0	117	207	1	54	74	0
FYN	1	1	0	240	323	3	75	67	2
PDCD6-AHRR	0	0	0	49	92	2	22	32	1
BUD13	0	1	0	259	713	27	97	267	7
LIPT2	0	2	0	194	397	11	62	150	5
ABCC3	2	3	0	721	1717	63	242	606	12
HOMEZ	1	0	0	213	554	19	80	186	5
DAPK1	2	5	1	709	1389	30	275	448	5
BHMT2	0	0	0	133	358	21	45	128	9
SGO1	0	1	0	208	591	30	70	183	8
MAP3K8	1	0	0	214	380	8	0	0	0
IER5	0	0	0	288	530	5	98	145	0
COPS7A	1	1	0	145	248	12	45	59	2
REL	1	0	0	224	560	8	83	166	0
FIG4	0	1	0	372	894	62	134	260	17
RNF8	0	2	0	150	378	12	51	120	3
SLC45A4	1	1	0	486	946	22	189	360	5
LRIT2	0	0	0	280	706	25	0	0	0
PNN	1	0	0	345	820	25	108	253	3
RNF146	0	0	0	151	311	9	51	97	0
C17orf80	2	3	0	257	736	38	83	219	8
AFTPH	0	0	0	325	938	10	95	283	1
ENSG00000255872	0	1	0	253	535	6	104	192	2
PLA2G2C	0	0	0	65	148	11	22	49	5
GOLGA7B	1	1	0	88	174	6	0	0	0
DNAJB12	0	2	0	174	375	6	0	0	0
PTPN3	0	2	0	370	988	50	167	338	15
HDC	0	2	0	292	670	22	111	208	8
DLL3	0	0	0	389	848	34	138	297	10
FOXP2	1	2	3	329	581	5	99	165	2
ENSG00000269179	0	0	0	20	43	3	10	19	1
METTL16	2	1	0	233	384	12	75	133	0
GALK1	1	1	0	219	449	11	76	160	3
PIP4P2	0	1	0	106	251	11	32	71	3
MINDY3	0	2	0	190	483	16	0	0	0
RMDN3	0	1	1	252	554	27	80	180	6
PLPP2	0	3	0	167	320	19	67	102	6
SNRPC	0	0	0	67	116	1	22	25	0
CDIN1	0	1	1	111	287	14	43	94	2
AK9	1	8	0	675	1845	98	216	553	31
DSC2	1	0	0	385	955	33	125	312	13
PFN3	0	1	0	111	228	7	30	73	1
TMEM52	1	0	0	122	293	9	48	107	3
PDE4DIP	0	1	0	780	1958	77	174	462	18
ZDHHC19	0	1	0	162	344	14	55	113	1
SRGN	1	0	0	68	173	7	0	0	0
FAM149B1	0	1	0	238	644	39	0	0	0
MAST2	2	6	0	857	1967	58	301	634	17
AMY1C	0	0	0	29	87	12	9	27	6
EXOSC6	0	0	0	316	506	11	116	204	1
HAUS5	2	2	0	315	672	47	114	250	16
H1-3	1	4	0	244	631	17	106	275	3
CCDC152	0	0	0	89	243	12	22	77	4
OR8B4	0	0	0	146	347	15	39	117	4
NR3C2	0	0	3	429	930	9	145	264	2
ZFP91-CNTF	0	1	0	280	528	4	93	166	0
LNX1	1	1	0	355	824	28	107	302	6
SMIM31	0	0	0	0	0	0	9	22	0
GLDC	1	1	0	636	1582	65	220	455	16
PTRH1	0	0	0	132	320	7	47	107	4
KIF5B	0	3	1	379	730	30	0	0	0
TPST1	0	0	0	142	339	16	42	116	5
DENR	0	0	0	88	122	1	34	31	0
GRIK4	2	3	0	508	1021	25	176	351	5
NEK8	1	3	0	345	677	32	122	231	8
ROS1	2	7	0	994	2600	143	311	854	36
PCBP4	0	2	0	201	390	13	82	123	0
HAUS3	0	2	1	242	732	39	80	219	10
ANKRD9	0	0	0	245	449	10	85	131	2
NARF	0	0	0	211	560	25	82	191	6
ENSG00000251357	0	1	0	126	242	13	57	80	2
RAI14	1	1	0	340	878	16	118	257	6
ATP5MF-PTCD1	0	5	0	424	876	35	162	311	14
ZBED6	1	3	0	369	829	31	151	306	11
CPB2	0	2	0	178	407	31	63	137	10
B3GALT5	0	0	0	141	313	16	48	110	8
NPAS2	0	2	0	402	711	22	136	242	3
ENSG00000255054	0	0	0	17	39	2	8	11	1
PHOSPHO2	0	0	0	67	224	11	23	69	2
AANAT	0	1	0	115	251	5	39	115	2
P2RY13	1	0	0	144	416	14	45	118	4
SLFNL1	1	4	0	220	499	22	99	199	9
WBP2	1	0	0	151	308	9	60	111	3
ATP5PF	0	0	0	39	109	6	16	26	0
ENSG00000283201	0	0	0	0	0	0	61	159	4
B3GNT5	0	0	0	142	335	13	58	111	2
TNFSF12-TNFSF13	1	1	0	169	339	14	61	114	5
C1orf226	0	0	0	121	284	6	38	96	2
DNAJC17	0	0	0	131	330	17	41	111	3
POLR2J2	0	0	0	37	73	3	4	3	0
OR10H4	1	1	0	142	385	8	47	123	6
DRAXIN	1	0	0	169	347	13	61	115	2
SGMS1	0	0	0	183	311	5	0	0	0
TTC8	0	1	0	199	543	23	60	175	5
RBM7	0	0	0	116	259	14	32	77	0
INSR	2	2	1	704	1180	45	239	362	11
CLEC14A	1	0	0	311	631	26	119	189	10
CARF	0	1	0	249	716	28	69	213	6
PARP3	1	2	0	245	591	25	72	217	10
RNF126	1	2	0	232	369	6	108	131	0
GPSM2	1	0	0	234	650	30	72	196	10
SERPINA6	1	2	0	178	466	16	63	169	9
KIAA1217	2	2	0	894	2218	56	0	0	0
PALS1	0	2	0	264	657	21	93	176	2
POLR1G	1	2	0	236	581	18	90	183	7
HELT	0	0	0	167	340	2	54	111	1
MT1H	0	1	0	28	89	2	10	26	3
TRIM43	0	0	0	102	297	13	30	86	3
SLC25A25	1	0	0	283	508	18	112	154	4
VPS26A	0	2	0	112	260	9	0	0	0
FAM205A	0	0	0	522	1313	51	154	419	12
C3	1	5	0	827	1598	46	316	485	6
TESC	0	0	0	110	238	13	40	86	4
POU2AF2	0	0	0	138	327	13	62	121	5
CTNNA1	1	4	0	402	733	23	150	197	3
KCNV2	3	1	0	478	1111	65	184	443	20
CEP78	1	0	0	288	835	32	72	268	10
JOSD2	1	0	0	114	215	14	42	84	2
CUX2	1	7	1	821	1417	12	292	471	1
IL1RL2	2	0	0	293	655	37	109	208	8
MAP3K6	2	1	0	715	1456	62	242	502	21
PLGLB2	0	0	0	7	18	0	0	0	0
PDE6D	0	0	0	56	134	7	20	37	1
FILIP1	1	3	0	457	1209	50	160	406	24
STMP1	0	0	0	15	49	1	6	14	0
BPHL	0	0	0	144	347	14	56	116	6
NOLC1	0	3	0	315	837	23	0	0	0
SLC38A4	0	0	0	227	481	8	70	140	3
KLHDC3	0	3	0	175	239	3	59	64	0
TCEA3	0	3	0	153	356	14	53	126	3
PLCB3	2	3	0	657	1146	27	269	364	1
TM9SF2	1	2	0	274	479	4	98	137	2
AHNAK2	3	3	0	3635	8744	206	1278	2891	44
TUBB8B	0	0	0	0	0	0	108	249	9
FGF21	2	0	0	126	267	9	47	94	4
OR52N5	1	0	0	107	346	10	39	126	4
PRSS36	3	3	0	469	1036	59	141	366	19
GIT2	0	0	0	346	690	26	120	204	4
PITPNB	0	0	0	110	196	5	38	46	0
ANXA2R	1	0	0	95	232	18	27	67	4
PDCL	0	1	0	126	292	12	40	96	1
TP53TG3F	0	0	0	0	0	0	0	0	0
CLIC4	1	0	0	105	230	7	40	70	1
PLPPR1	0	1	0	141	288	3	60	88	0
C1QB	0	0	0	105	269	10	38	88	2
CFHR1	0	0	0	133	324	26	40	104	9
SYNPO2L	1	1	0	468	1166	32	0	0	0
ZNF678	0	0	0	197	559	44	57	187	19
GRIA4	1	3	0	399	720	18	121	188	4
VN1R4	0	2	0	123	329	10	35	101	2
NHLRC2	0	0	0	302	762	20	0	0	0
NUTF2	0	1	0	47	31	1	22	9	0
PSMA2	0	1	0	99	113	2	37	27	0
NEDD1	0	1	0	256	705	19	71	214	2
ENSG00000255835	0	1	0	206	431	12	70	147	7
COL1A2	0	3	0	633	1315	15	206	437	1
EPO	0	0	0	104	190	10	36	61	0
CTHRC1	0	2	0	121	266	10	38	95	3
BRMS1	0	1	0	108	251	11	40	103	1
JAKMIP2	1	0	0	311	600	19	104	149	1
PDE4B	1	2	0	308	600	11	89	166	4
PA2G4	0	0	0	163	203	3	52	45	1
ANHX	0	2	0	188	468	13	81	188	2
SGCZ	0	1	0	208	507	28	68	145	9
CCL19	1	0	0	38	80	2	14	22	0
ENSG00000268643	0	0	0	85	116	0	24	30	0
UBOX5	0	2	0	251	534	24	97	189	4
IRX6	0	1	0	273	684	37	97	240	9
ARFGAP3	1	0	0	220	604	40	86	198	9
FAM153A	0	0	0	110	283	13	18	45	3
SLC25A30	0	1	0	112	290	16	44	111	8
CFHR5	0	1	0	250	708	59	80	225	20
GFRA1	0	3	0	271	506	11	0	0	0
ACOT13	0	0	0	63	171	3	21	57	2
SOWAHB	0	0	0	444	999	39	150	334	16
SLC38A11	0	1	0	193	527	23	51	166	6
PRR20G	0	0	0	0	0	0	31	91	5
KLRC2	0	0	0	80	188	16	30	79	1
WBP11	0	0	0	258	552	8	68	164	0
SFSWAP	1	1	0	495	925	3	174	293	1
ACVR1	0	1	0	218	424	21	84	123	2
SCAMP5	0	1	0	110	189	8	40	63	0
LGALS2	0	0	0	75	147	5	29	52	0
APLF	0	1	0	214	582	33	76	198	13
NDUFV3	1	2	0	230	533	34	88	194	9
RBM46	0	3	0	206	379	6	59	100	1
POLR3B	2	11	0	469	1018	46	154	285	16
PLD5P1	0	0	0	30	86	3	0	0	0
RPN1	0	3	0	302	608	11	85	197	1
TFPI2	0	0	0	118	292	18	32	87	4
OR1D2	0	0	0	149	335	8	49	111	5
CDH4	1	1	0	566	1015	27	241	342	3
PRPF19	0	3	0	233	318	2	77	81	0
WDR36	0	3	0	406	1123	35	113	377	9
SESN3	1	2	1	167	382	8	53	105	2
GALNT2	2	2	0	297	582	16	97	169	5
ARHGDIB	0	0	0	98	216	10	33	66	2
MIA3	1	2	0	730	1978	54	209	647	9
CPN1	0	1	0	226	530	24	0	0	0
TIAL1	0	1	0	140	209	7	0	0	0
COL6A1	2	7	0	598	1233	33	254	491	7
DCAF11	0	2	0	269	515	20	76	194	5
DDHD1	1	1	0	426	1028	35	132	296	10
TFAP2C	3	2	0	251	451	3	79	129	3
MMP23B	0	2	0	177	330	20	41	59	3
DBI	0	0	0	41	91	4	16	31	2
RARRES2	0	0	0	81	203	4	23	70	2
ZNG1A	0	0	0	122	381	23	32	121	5
TRIM51G	0	0	0	0	0	0	72	262	13
NUDT4B	0	0	0	0	0	0	0	0	0
SMARCD3	0	4	0	238	407	9	80	122	3
ASB13	2	0	0	165	386	13	0	0	0
SLC35C1	0	0	0	208	355	8	91	126	2
RFX2	1	2	0	373	687	11	157	264	5
POTEM	0	0	0	77	243	11	14	40	3
ANGPTL6	0	0	0	314	692	35	100	266	13
ZNF391	0	0	0	118	353	20	38	119	12
FAM162A	0	1	0	59	141	9	24	64	2
KDM7A	1	0	0	435	876	19	135	232	1
SH3D21	1	0	0	365	907	35	119	316	13
GLT8D1	0	0	0	155	422	23	38	121	5
PNMA2	0	0	0	169	398	17	50	133	5
FBXO9	1	0	0	154	394	16	58	122	2
YES1	0	4	0	199	474	27	66	145	8
B4GALT6	0	1	0	176	395	9	56	99	1
CRIP1	0	0	0	51	122	6	21	45	1
OR7G2	1	0	0	146	365	7	42	113	3
SEC14L3	1	2	0	174	437	23	62	162	7
EIF1B	0	0	0	53	54	1	17	12	0
DPYSL2	2	1	0	312	564	3	107	171	1
ZC3H11C	0	0	0	208	510	29	12	26	1
RPS15A	0	0	0	59	59	0	19	10	0
SLC2A12	0	4	0	281	652	24	98	192	5
CCDC102B	1	1	0	182	571	52	56	194	15
C5orf15	0	2	0	111	317	5	42	97	1
PAN2	0	5	0	478	1004	42	169	297	8
IQCF2	0	0	0	71	182	15	21	64	4
IQSEC3	3	2	0	742	1400	32	280	488	7
ZFP30	0	0	0	160	546	37	55	160	14
EFR3A	1	0	0	333	911	31	100	316	7
KDM1A	0	8	0	387	620	23	132	159	4
EIF4A2	0	3	0	212	161	4	100	48	1
OR1I1	1	1	0	171	441	13	49	141	5
HDHD3	0	0	0	139	280	14	44	117	7
PHF20L1	1	2	1	396	969	31	104	273	1
CYC1	1	0	0	216	437	3	76	142	2
DCPS	0	1	0	173	444	20	57	157	6
KERA	0	3	0	158	391	24	58	115	6
RFX1	2	4	0	602	975	11	250	311	3
HOOK1	0	1	0	278	684	33	91	225	9
OGFR	1	1	0	392	857	29	147	305	8
CADM1	2	3	0	267	432	3	99	130	1
CYFIP1	0	1	0	657	1229	31	258	383	4
GALNT16	0	2	0	260	598	20	91	189	3
KRT10	0	0	0	335	657	26	109	203	5
MUC21	0	2	0	198	523	8	75	146	2
MEGF9	0	1	0	287	650	4	91	206	1
WASHC2C	0	0	0	465	1175	49	0	0	0
KAT8	0	4	0	253	368	21	77	94	5
POLB	0	0	0	145	321	8	34	76	2
OR2I1P	0	0	0	0	0	0	66	122	9
USP33	0	1	0	349	807	18	121	220	1
COIL	0	0	0	229	648	20	71	202	7
MED15	0	4	0	410	703	16	158	235	2
GUK1	0	0	0	121	275	10	44	105	5
SLC25A12	0	0	0	270	567	21	87	140	4
EIF3J	0	0	0	110	221	4	31	61	0
ENSG00000260342	0	0	0	104	190	7	33	47	2
DEFB123	0	0	0	20	68	7	10	21	2
UCN	0	0	0	99	185	9	31	70	1
ETV7	0	0	0	169	389	28	64	144	12
ZNF623	0	1	0	205	491	28	78	150	8
MRGPRE	1	1	0	201	414	17	92	155	7
PARK7	0	1	1	99	221	5	25	83	2
ENSG00000275740	1	3	0	425	891	4	139	259	3
LPL	1	2	0	243	589	24	92	183	4
DDX60L	1	4	0	717	1817	100	223	568	26
LAG3	0	3	0	308	672	23	107	225	5
CUX1	2	5	1	841	1478	11	321	436	3
TBPL1	0	1	0	68	105	2	14	19	0
SGTA	0	1	0	177	304	7	78	88	3
ADNP	0	4	18	550	1026	6	191	306	2
C14orf180	1	0	0	96	210	4	42	84	3
AK2	0	1	0	99	262	7	41	94	1
LCN6	1	0	0	87	193	12	39	57	5
TLE3	0	4	1	438	592	2	165	163	0
CTXN2	0	0	0	38	96	3	14	27	2
TERT	6	4	0	726	962	21	266	301	4
PCDHGA9	0	0	0	451	1053	35	152	334	11
OR51C1P	0	0	0	0	0	0	53	141	3
HEBP2	0	0	0	90	231	15	26	82	6
PUS7L	0	1	0	261	761	30	90	237	5
SMOX	2	0	0	268	498	14	112	176	3
HACL1	0	1	0	246	683	31	81	226	12
DHX16	0	3	1	444	907	64	152	304	29
NPC1	3	2	0	622	1352	40	233	420	11
DNAAF1	0	1	0	423	1076	47	150	344	14
C1orf198	0	1	0	170	388	7	66	123	4
BORCS8-MEF2B	0	2	0	184	403	16	65	151	10
ASF1B	0	1	0	91	213	5	43	75	1
ACTR3B	0	2	0	174	300	5	64	74	2
MAP3K2	0	2	0	247	548	9	74	158	0
HEY1	0	0	0	196	359	7	71	98	0
FCGR1A	0	0	0	126	311	10	39	105	5
AGAP4	0	0	0	255	683	32	0	0	0
ADAMTS4	0	1	0	424	914	25	148	339	15
TCF25	0	3	0	447	885	22	166	316	3
EFTUD2	0	12	11	438	717	1	170	205	0
ZNF461	1	0	0	177	530	26	46	172	10
CAMKV	0	2	0	236	350	6	80	101	0
RGS9	2	2	0	325	748	41	125	254	12
PRR5	1	2	0	245	534	14	104	190	7
PLSCR4	0	1	0	136	398	9	48	124	2
ODAD3	2	1	0	342	722	25	109	219	5
BCL7C	0	0	0	88	225	4	30	69	1
LYPD2	1	1	0	72	179	6	33	74	1
PTGER4	0	2	0	243	475	10	79	123	1
NPBWR2	1	2	0	183	344	13	99	138	5
IMPA1	0	0	0	94	302	6	34	95	3
C9orf152	0	0	0	93	273	15	37	100	4
SIGLEC12	0	2	1	342	781	35	104	262	7
VPS11	0	3	0	429	887	28	160	278	3
CNTNAP5	0	2	0	646	1474	37	217	482	15
NTRK2	1	5	0	388	586	3	151	171	0
RERE	2	12	0	966	1869	25	387	610	4
KRT71	2	1	0	283	622	29	89	229	12
ACLY	0	3	0	461	974	24	195	312	4
PANK3	0	0	0	143	276	14	35	74	5
ST8SIA3	0	1	0	162	332	14	56	95	2
GPRC6A	1	4	0	350	1035	51	109	309	9
CSRNP1	2	1	0	268	634	10	99	246	2
DNAAF5	2	5	0	652	1165	40	259	400	9
CAVIN3	0	0	0	188	359	11	55	118	2
IQCF6	0	0	0	66	161	16	15	69	5
MOCS2	1	0	0	93	214	9	31	65	3
UBA5	0	1	0	149	335	15	52	101	2
PCDH18	0	0	0	537	1251	31	171	390	8
IL1RN	0	0	0	90	209	8	37	75	1
FADS6	1	2	0	194	440	14	73	152	7
ENSG00000285854	0	0	0	97	264	13	27	72	1
HNRNPUL2	3	1	0	456	845	15	151	267	6
LIPM	0	0	0	163	503	31	0	0	0
PLPP3	0	2	0	149	299	4	57	105	0
VDAC2	0	0	0	111	273	2	0	0	0
PSMA3	0	1	0	114	185	1	35	59	0
TRIM59	1	0	0	164	396	20	36	116	7
IFNGR1	2	0	0	182	459	10	63	145	2
GNB5	0	1	0	206	438	21	68	145	5
KLLN	0	0	0	148	333	13	0	0	0
RNF123	1	4	0	640	1350	39	230	464	7
SLC4A1AP	3	3	0	303	818	41	102	259	15
ADAMTS19	1	3	1	552	1417	59	179	406	12
FAM90A7	0	0	0	0	0	0	0	0	0
KCNB1	1	24	0	419	591	5	125	163	0
MEIOSIN	0	0	0	0	0	0	106	235	1
PPP2R5C	0	3	0	238	403	4	82	122	3
OR8B12	0	1	0	139	346	6	50	130	2
PCDHA2	2	0	0	571	1223	51	187	412	11
KCNJ1	0	0	0	149	425	19	43	141	7
ARRDC1	1	0	0	283	604	19	119	196	6
MPHOSPH9	1	1	0	408	1116	54	120	368	14
MKKS	1	0	0	261	626	29	97	212	12
CTH	0	1	1	164	424	10	49	132	4
SLC39A9	1	1	0	119	263	6	41	76	2
MILR1	1	0	0	28	92	5	55	129	8
TLR1	1	0	0	310	849	49	120	290	16
CNOT8	0	1	0	95	187	17	33	48	3
ANKRD40	0	2	0	137	327	14	38	106	2
POLE	4	9	0	1199	2551	103	447	915	30
METTL26	0	0	0	147	314	14	48	99	2
RPSA2	0	0	0	0	0	0	47	117	8
ZFAND4	0	0	0	289	775	38	0	0	0
DNAJB8	0	1	0	120	302	4	52	121	2
NUDT21	0	1	0	101	78	3	34	9	1
FOXL3	0	0	0	165	407	13	60	131	3
LCE2B	0	0	0	72	178	8	32	69	1
HIC1	0	1	0	567	860	4	194	256	1
SAMD3	0	1	0	205	560	34	82	165	12
VANGL2	1	0	0	297	510	9	120	174	1
EFHC1	0	2	0	240	692	30	90	242	11
PNMA8B	1	2	0	355	793	20	119	263	3
ESS2	0	1	2	259	585	24	100	210	5
NPPB	1	1	0	67	180	7	23	56	4
SCART1	0	0	0	0	0	0	0	0	0
CLEC11A	0	0	0	215	463	30	76	155	5
MEIOB	0	0	0	197	517	25	65	158	6
WDR35	0	3	0	436	1149	62	163	399	22
FAM228B	0	0	0	98	325	21	32	96	5
PRCP	0	3	0	225	587	37	79	182	8
NTHL1	0	0	0	188	427	18	77	155	9
KAZALD1	1	0	0	164	419	23	0	0	0
RNF165	1	1	0	154	307	4	62	90	3
ZBTB7C	1	2	0	354	703	4	147	240	4
KRT37	0	1	0	245	550	35	93	201	12
EIF4E	0	0	0	77	122	0	28	30	0
OMP	0	1	0	78	230	6	29	83	2
DVL2	1	4	0	440	890	18	152	308	3
C7orf33	0	0	0	67	189	10	24	70	4
SHCBP1	2	0	0	278	664	35	80	210	13
SPIRE1	0	2	0	358	809	23	137	236	7
TMEM271	0	0	0	0	0	0	128	153	0
ARSK	0	1	0	196	561	27	68	195	6
PPP1R18	0	2	0	278	638	30	97	208	5
FARP1	0	5	0	585	1259	29	219	436	9
BACH1	2	0	0	287	730	32	86	246	6
LTO1	0	1	0	53	159	12	19	51	6
DTX3L	2	1	1	285	748	30	95	237	9
C2CD5	3	2	0	447	905	49	126	261	19
SETD1B	3	11	2	1277	2000	3	491	655	2
RPE65	0	2	0	226	611	27	80	191	12
COL14A1	0	1	0	803	1839	55	262	546	19
CHRNB4	0	1	0	261	501	14	106	175	4
DENND2B	0	3	0	559	1139	22	195	391	3
YTHDF1	0	2	0	278	566	11	107	194	1
HOXD12	0	1	0	194	438	12	56	156	4
MRPS2	0	0	0	179	369	5	64	146	7
SRM	0	2	0	176	219	10	83	72	1
CST1	0	0	0	101	246	18	45	96	8
TAS2R3	0	1	0	148	362	11	50	104	4
UGT1A9	0	1	0	269	607	19	112	227	9
GJA9	0	0	0	185	520	36	65	177	12
LPIN2	1	2	0	439	924	32	146	264	5
CYB5R4	0	1	0	189	535	21	56	178	4
AASDHPPT	0	1	0	122	323	16	42	114	5
UBE2H	0	1	0	77	61	0	33	10	0
NGDN	0	0	0	143	372	14	41	121	8
MRPS30	1	1	0	246	578	33	71	196	13
LYZL2	0	0	0	61	179	8	0	0	0
CNPY2	0	0	0	71	197	13	26	72	3
TCAF1	0	0	0	159	362	10	36	79	0
ANKRD60	0	0	0	195	464	16	65	168	9
GRXCR1	1	1	0	134	369	19	51	124	11
C1orf68	1	0	0	116	306	19	41	94	5
GIPC3	0	0	0	185	423	9	69	156	3
ALG10B	0	0	0	202	531	28	53	183	12
CHID1	0	0	0	201	474	25	72	181	12
A4GALT	0	2	0	238	474	21	92	156	1
NOTCH2NLA	0	0	0	13	35	2	0	1	0
RFX5	0	1	0	230	645	20	71	203	10
RBM5	0	1	0	327	545	8	114	173	0
SLC18B1	0	0	0	233	530	25	70	183	5
CFB	1	1	0	333	715	36	107	226	8
SLCO1B3-SLCO1B7	0	2	1	329	899	55	121	316	18
IQCE	1	2	0	406	978	38	152	373	10
ZNF648	0	2	0	331	773	38	115	256	11
TAS2R42	0	1	0	127	346	14	49	110	7
WNT16	0	0	0	169	387	22	54	154	4
BRD3	0	6	0	368	619	3	181	209	3
KLF12	1	2	0	214	391	4	86	114	1
CELF5	0	0	0	275	337	2	104	99	0
ENSG00000266302	0	0	0	424	1033	66	113	306	15
PGBD5	0	0	0	306	640	11	115	186	2
CCDC93	0	4	0	274	651	33	92	219	4
ABCB9	0	3	0	384	838	21	159	331	11
ENSG00000262633	0	0	0	85	268	9	45	106	5
GLRA1	0	3	0	200	422	23	62	133	4
NRAS	0	1	0	73	128	6	16	33	0
LCE2D	0	0	1	54	159	6	24	65	1
POLQ	3	4	0	999	2782	158	297	918	51
LAMB2	2	3	0	799	1960	63	257	692	18
SLC9C1	0	5	0	410	1233	44	133	367	14
ADIPOR2	1	0	0	161	265	9	57	77	3
GRIN3A	3	4	0	526	1226	49	148	401	6
PPP1R26	0	0	0	694	1428	26	273	543	8
CASC3	0	1	0	315	779	10	102	251	5
SAA1	0	0	0	62	140	5	16	46	4
CDRT15	0	0	0	73	188	9	28	75	4
CD207	0	0	0	159	386	22	52	118	5
WBP2NL	0	0	0	143	344	19	44	114	7
LY6G6F-LY6G6D	0	0	0	145	380	22	39	132	6
CD2AP	0	0	0	251	707	19	79	215	3
UBE2L6	0	0	0	74	160	3	25	61	0
COX4I2	0	0	0	72	206	9	32	73	3
ENSG00000267335	0	0	0	53	107	2	5	3	1
TMEM52B	0	0	0	91	218	10	36	85	4
SLC12A9	2	5	0	515	970	32	193	347	10
BACE1	2	1	0	232	461	8	75	135	0
INSRR	3	4	0	621	1544	65	235	517	15
IKBKB	2	1	0	312	631	20	109	164	3
MUL1	0	0	0	169	374	23	61	135	8
CCL25	0	1	0	56	139	5	21	39	2
PIGT	0	2	0	328	696	26	106	260	10
FAM227B	0	0	0	199	561	55	64	182	16
SYNGR4	0	2	0	102	265	12	45	94	5
IRF2BP2	1	1	0	540	937	4	223	315	0
SNX25	0	1	0	482	1061	28	155	330	2
NOL12	0	0	0	126	254	7	40	96	5
C12orf43	0	1	0	140	283	14	50	96	6
CAB39L	1	1	0	124	306	16	48	101	7
SLC16A13	0	0	0	209	435	18	62	132	9
LBR	0	1	0	243	678	21	91	268	2
PROX1	0	2	0	345	591	3	116	150	0
PHGDH	0	0	0	284	595	21	113	190	6
MRPL54	0	0	0	84	183	7	29	68	4
ENSG00000289346	0	0	0	225	493	25	25	59	3
CHMP5	0	0	0	86	202	9	31	53	0
FAM210B	0	0	0	106	222	9	40	64	1
CRYBB3	0	1	0	97	276	20	46	121	4
EIF4E3	0	1	0	138	297	15	52	96	4
TMEM127	0	0	0	144	275	22	50	95	3
TAAR9	0	0	0	152	413	21	53	158	7
TMEM41B	0	1	0	133	296	9	36	84	0
METTL2B	0	0	0	155	330	24	57	134	8
OR4A16	1	2	0	205	598	20	63	181	6
DGKA	1	0	0	303	593	16	102	178	3
ZNF76	0	1	0	254	682	36	96	216	8
HOATZ	0	0	0	88	211	13	25	70	6
MICB	0	0	0	161	412	16	44	134	6
FANCE	2	1	0	256	577	22	101	187	9
TMEM134	1	1	0	136	310	15	42	117	3
CA12	0	0	0	193	416	18	70	136	4
RBM25	2	1	0	340	512	9	101	157	0
GPR137B	0	1	0	230	485	26	84	146	9
HIKESHI	1	0	0	67	175	12	22	60	0
USP17L26	0	0	0	0	0	0	0	0	0
AP1M2	0	1	0	195	467	19	73	188	8
GATAD2A	0	2	1	391	729	8	143	248	1
TXNRD2	0	0	0	0	0	0	0	0	0
L3MBTL2	2	4	0	320	715	22	120	201	3
TONSL	0	7	0	823	1669	66	297	602	14
H2AC20	0	1	0	111	142	6	39	42	2
CIBAR1	0	1	0	131	295	24	39	98	11
RFFL	0	0	0	148	337	9	43	116	3
FAM135B	0	3	0	651	1451	32	228	472	3
HOXC8	0	0	0	135	278	15	59	68	1
KIAA0040	0	0	0	44	92	8	15	31	3
CTXND2	0	0	0	0	0	0	5	13	0
ERICH6	0	2	0	279	716	44	79	243	18
COL7A1	4	11	1	1468	3156	109	475	1126	37
ZNF286A	0	0	0	178	487	33	54	140	15
TAC4	0	0	0	54	101	4	25	28	1
CNPPD1	0	1	0	211	476	25	74	166	8
ALDH16A1	2	1	0	495	1165	50	173	421	16
TOPBP1	1	3	0	573	1396	11	198	432	2
AHCTF1	0	3	1	930	2415	17	273	724	3
IFITM2	0	0	0	82	166	5	32	62	3
IFI27L1	0	0	0	49	124	3	15	39	2
MFSD11	0	1	0	200	493	18	73	141	6
TMEM95	0	1	0	83	180	16	26	69	6
FAM246B	0	0	0	0	0	0	9	17	1
NDUFA3	0	0	0	47	94	4	16	32	1
NAXE	0	0	0	134	353	20	46	114	8
SPATA31E1	0	2	0	730	1816	81	240	654	36
NUDT8	0	1	0	158	302	12	56	93	1
SLC22A31	1	0	0	292	494	21	129	236	9
NCOA2	2	6	0	625	1353	7	213	419	2
ANKRD28	0	3	0	432	984	17	133	305	3
SLC7A9	1	0	0	244	505	19	83	168	4
CXCR4	0	0	0	148	272	3	50	72	0
KCNE1	0	0	0	51	120	5	11	18	0
POLR3D	0	2	0	197	506	21	70	171	10
CDO1	0	1	0	102	242	11	37	78	2
PTGES2	0	1	0	226	484	26	95	166	8
PCDH17	0	4	0	664	1367	24	230	368	6
LATS2	2	0	0	649	1224	22	234	396	4
TSN	1	1	0	105	137	4	37	29	0
FAM136A	0	0	0	114	319	17	34	121	0
THOC3	0	0	0	105	199	11	28	66	2
RPS15	0	0	0	113	114	1	52	37	0
MTFR1	0	0	0	143	340	15	36	113	6
SEC13	0	1	0	156	354	16	57	130	2
ENSG00000167807	0	0	0	92	193	6	22	72	1
PABPC1	0	2	0	279	323	2	73	84	0
RAB3IP	0	0	0	201	481	16	80	137	6
RALGAPA2	0	4	1	833	1954	79	278	671	27
LRP5	1	3	0	900	1681	40	398	666	10
AIMP1	0	1	0	127	340	12	45	115	4
ZNF521	0	5	2	550	1127	11	201	347	0
ADGRV1	5	9	0	2569	6787	218	857	2149	54
UBAC1	1	1	0	213	468	15	69	157	0
PAK1IP1	0	2	0	154	400	12	51	129	3
PIP5K1C	3	9	0	486	694	19	201	212	3
DMPK	1	0	1	430	848	20	166	305	4
DNAJC22	0	1	0	143	390	22	64	148	10
C2orf74	0	1	0	70	213	8	27	69	4
GLTP	0	0	0	107	209	10	39	95	2
CASP3	0	0	0	85	245	5	33	75	3
MAP4	0	8	0	884	2357	55	282	742	9
LNP1	0	0	0	77	186	13	26	74	5
RAB17	0	0	0	111	248	16	33	93	3
LRRC52	0	2	0	165	365	22	72	103	8
CCDC6	0	3	0	231	357	9	0	0	0
LY86	0	0	0	83	185	9	25	56	2
CEP295NL	1	0	0	275	669	36	111	250	12
C19orf85	0	0	0	0	0	0	48	108	1
CCNE1	0	1	0	182	381	4	60	114	1
NLRP9	0	0	0	526	1242	62	178	361	19
NGFR	2	1	0	241	497	20	78	157	4
TOE1	0	1	0	222	486	28	78	175	5
NEK2	0	0	0	187	381	16	59	128	5
CTXN3	0	0	1	45	81	3	17	30	1
ZNF287	0	2	0	287	563	27	101	149	7
RPL14	0	0	0	87	229	2	23	58	1
PTGS2	0	0	0	265	513	8	86	141	0
SLC12A3	3	3	0	526	1182	49	214	449	10
BCR	0	2	0	811	1572	35	328	546	4
GSTO2	1	0	0	108	284	14	0	0	0
HERPUD2	0	0	0	174	409	10	62	128	0
MUC6	3	7	0	1182	2473	121	473	941	33
SPRED2	1	4	0	226	521	31	84	162	6
KIAA1671	0	0	0	967	2229	42	349	788	3
NKAPL	0	0	0	159	436	22	53	119	7
SLC35G4	0	0	0	199	452	12	77	141	8
C5orf34	0	0	0	244	679	45	80	234	12
CEP19	0	0	0	63	183	6	21	54	8
ENSG00000243501	0	1	0	72	205	17	23	70	6
AP1G1	1	4	1	396	694	6	132	198	0
EZH1	0	2	0	286	446	16	78	108	1
PLGLB1	0	0	0	10	13	0	0	0	0
GOLPH3	0	1	0	152	296	8	55	83	2
LY6G6D	0	0	0	53	126	6	12	49	3
SPATA1	0	0	0	136	371	30	32	115	11
REC114	0	1	0	121	325	18	56	105	3
GPN3	0	0	0	119	296	11	40	81	4
SLAMF1	0	1	0	163	366	7	46	122	2
MAN2C1	3	3	0	579	1272	57	210	424	24
POT1	0	1	0	257	566	27	101	163	3
OR2T3	0	0	0	139	326	10	36	100	6
TRMT13	0	0	0	191	479	21	70	150	4
CREB3L1	0	0	0	277	563	8	121	196	4
EMC3	0	0	0	115	212	7	42	55	1
FBXW2	0	0	0	208	333	7	60	94	1
EPB42	0	3	0	297	656	26	93	242	5
SLC49A3	0	0	0	420	810	24	172	309	12
C12orf54	0	0	0	54	147	11	19	49	4
USP2	0	1	0	292	634	21	101	214	5
NKX3-2	0	2	0	266	505	12	95	159	4
ADIRF	0	0	0	45	98	2	0	0	0
ENSG00000250803	0	0	0	63	168	4	17	59	3
UFM1	0	0	1	33	79	1	11	26	1
TFDP2	0	0	0	169	371	9	56	105	3
CHRNA7	0	0	0	196	363	10	38	62	3
LECT2	0	2	0	56	156	8	21	49	2
TMEM132D	0	1	0	589	1213	27	243	399	2
WDR12	0	0	0	170	461	21	53	155	8
GLB1L3	1	1	0	325	802	33	125	248	17
YPEL2	0	0	0	51	54	5	10	10	1
TGFBR2	0	0	0	254	479	10	93	125	3
KRTAP6-1	1	0	0	37	78	8	15	29	6
CDH7	0	2	0	361	814	18	128	230	4
ASB6	0	0	0	250	479	15	97	148	6
CNN1	1	0	0	148	300	10	60	113	2
FZR1	1	2	0	317	383	2	131	104	1
GPR149	1	2	0	393	899	37	132	297	11
POMT2	3	3	0	378	845	38	131	264	12
INPP1	0	2	0	143	414	24	44	142	3
BBS7	0	1	0	244	674	24	81	212	4
LYNX1	0	0	0	62	149	2	26	63	0
OR9I1	0	1	0	162	429	8	60	116	3
GIP	0	0	0	77	181	10	27	61	1
DPY19L3	0	0	0	325	677	28	123	215	9
KRTCAP2	0	0	0	75	140	2	22	38	2
BRPF3	0	2	0	556	1072	15	196	375	2
MDGA2	1	0	0	452	985	17	141	317	7
ARHGAP39	1	3	0	744	1320	21	274	462	2
CD46	0	1	0	152	360	13	45	126	3
RASSF3	1	0	0	99	271	16	31	84	3
SLFN5	1	3	0	343	947	39	104	337	14
ZNF497	1	2	0	365	849	40	124	283	13
ICA1	1	2	0	210	569	21	77	182	2
BANP	0	0	0	332	483	12	158	160	2
RPE	0	2	0	95	257	7	32	76	4
SLC25A31	0	0	1	133	327	21	49	110	10
CAPRIN1	0	3	0	332	731	19	101	191	5
PLK2	0	2	0	303	527	15	116	145	1
CLIC1	1	0	0	94	222	6	33	57	1
TMEM30B	0	1	0	205	488	21	56	168	9
GEM	1	0	0	121	329	25	47	115	6
TBL2	0	2	0	226	493	18	87	176	5
PIAS1	2	1	0	303	514	6	93	133	0
TBC1D21	1	1	0	157	379	23	51	132	3
COQ5	0	0	0	150	394	22	41	121	3
CIAPIN1	0	0	0	124	316	14	42	100	3
PKD1	2	5	1	3842	7026	83	1628	2576	8
NDRG3	0	0	0	140	359	10	42	110	3
FMO5	0	1	0	186	588	36	53	198	11
DPEP2NB	0	0	0	53	144	4	18	56	2
ANKRD50	1	3	0	568	1373	39	203	431	3
BANF1	0	1	0	53	52	2	18	12	0
STAR	0	1	0	133	347	10	40	127	7
GUF1	0	3	0	286	775	40	81	217	11
DNASE1L2	1	0	0	197	465	20	73	139	9
TGFBR3	1	2	0	366	803	24	132	266	1
LRRC34	1	2	0	184	452	27	70	170	7
PIRT	0	0	0	71	164	4	25	56	1
ZNF18	0	0	0	217	505	32	76	159	5
MFSD3	0	2	0	357	615	36	133	197	13
SELENOF	0	0	0	0	0	0	0	0	0
STAM	1	0	0	237	583	15	0	0	0
LTC4S	0	1	0	130	197	10	42	58	1
PXDNL	2	5	0	752	1917	91	243	595	32
KIAA0319L	0	1	0	402	946	40	122	306	10
ERICH1	0	0	0	285	763	30	130	299	12
RASSF10	1	0	0	313	707	14	125	233	2
TMEM196	0	0	0	104	232	11	39	74	4
TBXAS1	0	1	0	269	630	28	100	213	7
SLCO2B1	1	0	0	381	717	21	130	244	6
MMP12	0	0	0	208	498	26	51	169	6
MAG	1	2	0	358	712	27	154	230	3
ZSCAN4	0	1	0	168	462	25	55	137	4
SLC5A3	0	1	0	358	611	13	108	164	1
UBTFL1	0	0	0	110	323	26	22	74	9
NELFB	3	3	0	434	694	21	177	213	3
QKI	0	2	0	186	218	4	73	56	2
KCNA7	0	0	0	265	581	15	100	206	3
PRDX1	0	0	0	95	216	7	28	72	2
AS3MT	0	0	0	141	375	21	0	0	0
LILRA2	0	0	0	255	575	28	84	227	9
CTDSP1	1	1	0	170	274	4	66	73	1
CTDSPL	0	0	0	130	233	2	53	78	2
ARSI	0	0	0	276	632	39	112	240	18
THUMPD1	0	1	1	168	388	25	48	132	7
LTBP3	3	5	0	774	1459	51	270	458	8
FJX1	0	1	0	324	637	19	102	206	5
NBPF12	0	0	0	66	223	17	214	582	40
ZNF880	0	0	0	214	613	36	58	195	15
AREL1	0	2	0	353	781	39	115	247	7
DMC1	1	0	1	131	275	11	43	65	2
STPG2	1	1	0	200	551	30	69	173	10
ENGASE	0	4	0	383	852	59	161	330	22
ZMAT3	0	1	0	125	320	13	43	88	5
YEATS4	0	0	0	93	128	7	32	33	2
MAN1A1	1	2	0	342	701	14	110	214	3
SLC38A7	0	1	0	241	447	16	80	149	3
TRIM32	0	0	0	296	666	22	109	229	5
ZNF268	0	0	0	406	1159	65	131	367	16
METTL2A	0	0	0	145	388	27	50	122	11
RELA	0	2	0	315	511	3	95	142	0
SPRR2G	0	0	1	36	89	5	10	22	3
HVCN1	0	0	0	125	249	6	38	94	4
SSTR2	0	0	0	168	325	12	61	109	1
ELL2	1	1	0	272	567	15	102	171	1
BNIP1	0	0	0	95	237	12	43	69	4
SPDYE15	0	0	0	0	0	0	0	0	0
SELENOW	0	0	0	0	0	0	0	0	0
DCAF12	0	0	0	189	392	18	68	119	4
ZBTB8B	0	1	0	218	500	20	71	193	7
RNASEK-C17orf49	0	0	0	0	0	0	0	0	0
TNFSF12	1	2	0	148	270	6	41	88	3
RPL27	0	0	0	78	107	1	25	44	0
SIGLEC8	0	2	1	252	562	28	89	176	8
ALKBH7	0	0	0	136	314	14	49	113	5
AFG1L	0	0	0	212	534	28	75	160	8
UMODL1	2	3	0	669	1623	73	267	560	21
SPATA19	0	1	0	66	206	11	23	82	6
ENSG00000285253	0	0	0	294	747	15	97	249	2
ENSG00000288710	0	1	2	82	63	1	25	17	0
PRAMEF10	0	0	0	169	423	23	43	116	4
DGKD	1	4	0	682	1229	37	262	385	11
HCN3	0	2	0	400	856	19	148	309	2
ARHGAP35	0	10	1	613	1134	7	213	382	4
MYCBP	0	0	0	34	91	0	6	24	1
GPR156	2	2	0	374	871	33	114	267	7
QARS1	0	3	0	386	913	46	129	297	12
HTR4	1	0	0	190	434	20	58	114	4
RFC5	0	0	0	150	306	11	43	87	7
ST8SIA2	0	0	0	195	338	8	76	116	3
CLPS	0	0	0	51	106	2	32	43	1
SYT17	0	3	0	227	504	12	86	175	3
DNTTIP2	0	1	0	296	777	29	84	246	9
KCNQ5	3	5	1	426	749	16	165	216	2
LGALSL	0	0	0	81	176	2	20	50	1
PTPRU	3	2	0	741	1537	38	252	489	9
PIGX	0	2	0	146	297	12	41	76	3
POLR2E	0	1	0	158	291	19	57	90	7
ZNF780B	0	0	0	282	901	65	104	292	17
TPD52L3	1	0	0	72	188	10	25	68	3
SPRN	0	0	0	188	359	14	0	0	0
SNW1	0	2	0	222	396	7	67	103	3
CATSPER1	1	2	0	345	864	36	128	281	8
NDUFB5	0	0	0	80	236	9	34	75	4
CORO1B	0	1	0	281	589	16	101	214	5
GOLGA6B	0	0	0	165	386	26	53	98	9
RFK	0	0	0	58	169	5	26	47	1
KIF24	0	6	1	569	1457	60	174	502	18
CCND2	0	2	0	141	214	2	51	63	2
KCTD21	0	3	0	141	269	7	58	93	3
HIF3A	3	1	0	347	784	26	131	284	6
RXRA	0	3	0	284	398	2	107	118	0
DHFR2	0	0	0	81	183	17	39	69	0
ENSG00000258529	2	2	1	383	911	42	136	279	11
HOXA11	0	2	0	207	361	6	65	123	1
CEACAM7	1	2	0	122	317	18	46	115	2
SGK1	0	0	0	252	464	11	82	138	1
EGFR	0	1	0	574	1176	21	221	394	9
LHX9	0	1	0	209	425	9	63	117	1
IFNE	0	0	0	93	237	16	34	83	6
RPL35	0	0	0	82	108	1	30	49	0
BLTP2	2	6	0	1063	2245	87	358	660	17
CCDC197	0	0	0	0	0	0	41	98	5
TNFRSF25	0	2	0	237	479	16	83	162	3
TRAPPC13	0	1	0	147	381	10	49	120	3
OTOP3	1	0	0	306	700	30	128	268	12
RHBDF2	1	4	0	420	777	21	160	296	8
ATG4D	1	1	0	252	579	32	82	194	7
YBX2	0	0	0	181	373	2	59	128	0
ZNF671	0	1	0	225	561	36	72	169	14
NEXN	0	0	0	247	717	38	75	229	14
EEF1A2	1	18	0	281	203	0	128	42	0
BCL11A	0	7	5	458	713	2	153	186	2
AK6	0	0	0	79	185	14	27	59	5
KRTAP20-1	0	0	0	21	68	7	4	30	2
RWDD4	0	1	0	74	207	9	37	69	1
CCN5	0	0	0	129	343	16	49	124	7
TTLL9	0	0	0	196	465	22	76	175	8
ELOVL4	0	1	0	131	264	21	42	72	5
ADRA2A	0	0	0	340	642	19	0	0	0
TMEM145	2	0	0	247	526	26	78	156	6
ANKRD29	0	0	0	134	336	9	31	122	3
SH2D2A	1	0	0	196	456	25	58	139	5
SHB	0	2	0	379	799	15	140	276	4
ZMAT4	0	2	0	119	216	13	41	66	2
DCD	0	0	0	58	132	8	14	49	1
UBAC2	0	0	0	166	309	16	44	99	6
HEXIM2	0	0	0	155	414	18	58	133	5
ITGA10	1	1	0	502	1233	48	160	378	19
TNPO1	0	1	0	381	557	3	94	135	0
COA8	0	1	0	112	246	12	39	80	4
CES2	1	0	0	264	615	22	95	221	3
RELN	3	9	0	1496	3494	73	471	1137	11
DTWD1	0	0	0	117	360	17	41	97	8
MYRFL	0	1	0	274	717	37	121	323	20
STMND1	0	1	0	128	284	17	29	85	11
EZH2	0	7	0	324	425	6	106	105	2
MED29	1	0	0	108	188	5	37	65	4
APOL6	2	2	0	163	383	17	59	144	5
SYCE1	0	0	0	177	336	17	0	0	0
USO1	1	0	1	366	796	22	123	257	3
LKAAEAR1	0	0	0	130	280	11	35	89	2
NPIPA9	0	0	0	0	0	0	0	0	0
OR2G6	0	0	0	186	443	13	75	159	7
DEFB103A	0	0	0	0	7	0	0	0	0
MGP	0	1	0	42	132	7	18	42	5
PCARE	4	1	0	660	1634	61	248	557	23
FZD2	1	1	0	312	490	14	102	137	2
PADI6	0	1	0	389	816	32	145	239	6
RPUSD3	0	1	0	193	419	23	61	153	6
TMEM138	0	0	0	67	163	11	19	46	2
PXDN	1	2	0	852	1668	44	361	538	10
TRIM45	0	0	0	248	663	32	94	218	7
OR2H2	0	0	0	0	0	0	48	102	3
RBM22	0	0	0	160	258	0	37	66	0
FRS3	0	1	0	275	588	13	94	222	2
KLHDC8B	0	0	0	169	375	7	59	128	1
ENSG00000268870	0	0	0	49	158	8	15	59	2
UBR2	0	5	0	649	1486	37	206	407	1
ENSG00000289722	0	0	0	122	274	17	40	78	3
PANK2	0	3	1	251	533	21	80	164	9
ADAM30	1	1	1	345	904	47	131	316	13
GTF3C3	1	2	0	306	810	57	99	206	9
LCE3A	0	0	0	43	116	3	17	34	0
EMILIN1	2	1	0	528	1179	28	190	446	9
VPS26C	1	1	0	133	292	7	59	90	2
ABCF2-H2BK1	0	1	1	278	559	20	100	145	5
FAM177B	0	0	0	61	182	11	18	57	5
BASP1	0	0	0	175	336	3	68	119	1
KIF26B	2	4	2	1255	2568	35	539	860	6
METTL7A	0	1	0	109	258	14	41	96	3
BNC2	1	3	2	567	1331	13	203	403	2
SPHKAP	3	1	0	775	1887	51	286	691	8
ENSG00000284934	0	0	0	0	0	0	12	15	0
TLR5	1	2	0	343	909	43	115	284	10
CNTN6	0	3	0	535	1503	83	175	495	22
YWHAZ	0	0	0	100	97	0	33	18	0
GRIN2A	3	18	1	842	1452	13	278	409	1
NOP56	1	3	0	307	649	24	103	206	5
SGSH	0	3	0	318	601	24	116	259	9
LRRC31	0	2	0	231	565	35	77	194	9
SSBP4	0	2	0	257	513	9	102	151	2
DCLRE1B	1	1	0	226	579	21	77	176	5
UBE2F-SCLY	0	1	0	49	90	0	18	24	0
NAP1L5	0	1	0	114	223	5	40	81	0
ENSG00000284341	0	0	0	104	227	10	36	76	0
TAS2R19	0	0	0	133	392	22	27	117	6
POLR2A	2	7	1	1211	1430	19	454	328	4
SON	0	4	4	1184	2510	0	424	806	1
CFAP65	0	3	0	900	2032	86	343	751	27
YWHAG	0	6	0	139	146	0	60	37	0
ENSG00000288550	0	3	1	251	526	36	98	175	10
VAMP5	1	0	0	53	127	4	13	58	0
IL27	1	1	0	146	267	7	52	88	2
ZNF571	0	1	0	224	668	41	83	222	13
ZFP14	0	0	0	156	413	23	39	113	4
FZD9	0	0	0	374	755	26	127	195	7
CDHR2	1	3	0	709	1485	46	289	519	12
MPST	1	2	0	184	430	14	76	142	6
REM1	0	3	0	156	370	16	60	115	6
LAMP3	1	1	0	181	469	18	66	149	3
SRRT	1	3	1	510	897	18	186	261	8
DHX9	0	4	0	559	784	19	176	208	4
LRRC20	0	1	0	111	213	6	0	0	0
DENND3	2	2	0	641	1275	47	251	432	9
EIF3M	0	1	0	143	333	10	43	90	1
SOCS6	0	0	0	250	537	8	76	167	1
C11orf58	0	0	0	70	158	6	27	41	0
C15orf48	0	0	0	33	77	5	10	25	2
CDHR5	3	2	0	563	1189	43	238	467	8
MISFA	0	0	0	0	0	0	6	21	3
MOAP1	0	0	0	156	357	38	51	114	11
RRN3	0	0	0	333	839	21	115	269	4
LRRC71	3	1	0	325	651	23	105	225	5
TSHZ3	1	1	2	571	1106	7	219	402	2
MS4A6E	0	0	0	75	165	8	29	64	1
ACVR1C	0	1	0	210	437	16	75	135	4
GLRX2	0	0	0	80	181	12	29	52	2
MAPT	1	1	0	445	865	21	171	302	6
DENND6B	1	4	0	349	655	34	139	238	10
TAF11L11	0	0	0	0	0	0	55	151	7
CYP3A4	0	0	0	183	490	32	62	180	7
VTCN1	0	0	0	116	307	15	44	100	4
CTBP1	2	3	0	263	315	3	106	93	1
MCMDC2	1	0	0	256	595	33	89	182	8
CGNL1	2	0	0	686	1706	76	198	576	20
PRAMEF25	0	0	0	25	54	3	1	0	0
ANGPTL1	1	1	0	211	552	37	78	184	8
ZBTB40	2	1	0	565	1230	32	182	416	15
BRF2	2	2	0	219	477	29	60	147	9
AP1S1	1	0	0	78	126	11	34	25	2
ENSG00000269403	0	0	0	34	62	2	11	16	0
TNR	0	1	0	679	1429	34	249	460	6
CHD3	3	46	1	910	1421	31	341	423	3
OAS2	1	0	0	295	747	39	96	254	22
PATL2	0	1	0	262	594	32	91	175	15
PLD3	0	1	0	242	534	13	87	198	2
STRAP	0	1	0	146	272	9	45	81	2
ITGB5	1	2	0	375	835	18	146	255	7
SAMD14	0	2	0	216	480	21	81	170	4
VSTM1	0	0	0	130	256	14	47	84	1
PTMA	0	0	0	64	125	0	26	26	1
KATNA1	0	0	0	188	471	30	69	136	8
NUP88	1	2	0	336	831	31	116	288	6
RPAP2	1	0	0	219	574	34	87	185	9
CLUAP1	0	1	0	200	485	23	64	168	7
MEIS1	0	2	0	159	292	2	48	72	0
LAP3	0	1	0	273	586	26	92	207	2
CD27	1	0	0	127	286	8	34	98	4
TSKS	0	3	0	322	731	15	123	232	4
RDX	1	1	1	229	586	19	68	187	5
CREM	0	0	0	126	288	7	0	0	0
ANKRD34C	0	1	0	230	515	10	85	160	2
RSPH4A	0	1	0	253	738	41	78	252	14
ZNF804A	1	0	0	497	1299	31	166	406	7
SLC22A13	1	2	0	272	648	21	91	246	6
PCDHGA1	0	1	0	474	1092	33	173	352	7
DCBLD1	0	4	0	367	828	36	125	279	8
SCIN	0	2	0	346	1044	53	120	339	18
ERBB2	1	5	1	590	1099	32	233	344	6
XNDC1N	0	0	0	23	75	3	37	91	5
CCDC92	0	0	0	195	366	9	78	135	2
PET100	0	0	0	36	90	4	10	29	0
OR7G1	0	0	0	118	365	6	42	107	3
POLR2L	1	0	0	55	106	5	26	28	1
ELL	1	4	1	358	720	14	133	252	1
C14orf132	0	0	0	50	127	5	25	40	3
NUAK1	1	3	0	303	664	16	100	214	3
HAX1	0	1	0	111	338	14	39	109	1
TSBP1	1	2	0	182	481	27	44	142	12
HK3	2	3	0	502	1102	60	195	421	14
MMS22L	0	3	0	515	1267	34	189	371	9
AJUBA	0	1	0	272	518	6	85	149	3
SLC17A7	0	2	0	341	464	12	112	122	0
AKNAD1	0	4	0	302	877	44	95	270	18
ATG2A	1	4	0	1092	2074	53	381	764	10
MRPL38	1	0	0	224	475	22	93	177	6
LILRA4	1	1	0	258	562	37	117	203	10
RTN4R	1	3	0	295	500	3	108	178	0
CSPP1	1	6	0	474	1294	68	146	420	15
SMARCA2	4	34	0	898	1313	24	313	338	3
DLG5	3	4	0	970	1921	23	0	0	0
ZHX2	2	1	0	398	872	23	171	292	5
BOC	0	4	0	554	1241	44	210	425	14
ARL4D	0	1	0	99	213	5	38	57	2
GALNT14	0	1	1	264	686	36	96	249	11
LETM1	1	1	0	425	757	27	162	269	3
FAM53A	1	0	0	252	560	26	113	231	9
BCL2L14	0	0	0	131	347	15	42	120	6
LRRC74A	0	2	0	213	514	21	77	180	4
DYRK1B	0	4	0	372	680	10	144	238	7
PGAM5	0	1	1	214	368	16	84	110	6
FPGS	0	2	0	319	650	28	122	215	7
GCC1	0	0	0	378	834	40	110	272	13
P3H4	0	0	0	247	547	33	81	180	11
SLC25A44	0	2	0	134	280	18	39	71	4
TIE1	4	3	0	548	1229	49	206	451	17
CZIB	0	1	0	81	182	9	28	60	4
SCARA5	1	1	0	304	622	33	105	224	14
TTC24	1	3	0	271	610	29	100	198	10
SPDYE17	0	0	0	0	0	0	1	5	0
NUTM2B	0	0	0	215	489	31	0	0	0
PIK3R5	3	1	0	429	775	16	159	257	4
PRKAR2B	0	1	0	207	377	8	61	79	3
HBZ	0	0	0	80	135	3	18	28	2
LEXM	0	0	0	190	479	29	61	178	10
GULP1	0	0	0	128	301	11	38	89	3
ABI2	1	2	0	224	520	12	74	139	1
MREG	0	2	0	95	239	16	33	78	4
IL18	0	0	0	63	143	1	18	38	0
SST	0	0	0	48	121	3	20	41	0
GABRA6	0	0	0	218	531	21	84	160	11
ENSG00000267645	0	0	0	37	73	3	4	3	0
ZNF554	0	1	0	262	632	42	90	201	11
CLEC4G	0	0	0	158	341	21	61	110	4
ENSG00000261611	0	0	0	38	107	2	19	32	0
TTLL1	0	0	0	201	454	19	91	139	5
MMP24OS	0	0	0	0	0	0	22	34	2
OR6F1	1	0	0	142	323	12	37	109	6
AHI1	2	0	0	465	1307	81	146	405	21
APOL2	0	0	0	175	418	14	63	143	8
USPL1	0	0	0	415	1066	37	147	380	8
SERPIND1	0	3	0	220	588	19	75	193	5
NHLH2	0	0	0	93	145	3	30	41	1
PIGF	0	1	0	101	309	12	31	98	3
KIF17	3	2	0	541	1158	42	216	411	16
RAB5C	1	4	0	100	170	4	33	48	1
SP6	0	0	0	208	414	9	64	132	1
RNF225	0	1	0	269	509	21	93	192	5
GRHL1	0	2	0	245	569	19	90	194	4
ZBTB24	1	2	0	293	634	33	95	215	8
RAPGEFL1	0	2	0	208	458	13	127	232	4
ACADM	0	1	0	167	476	21	56	143	9
SNRNP40	0	0	0	149	336	15	45	93	1
EFNA3	1	0	0	147	251	8	33	76	1
GRK6	1	1	0	293	519	16	113	168	5
KIAA1958	0	1	0	326	764	14	100	258	1
SRGAP3	3	3	0	575	1068	22	219	350	2
MKI67	0	3	0	1379	3634	118	0	0	0
FKBP8	2	0	0	249	351	4	105	124	0
SLC45A2	0	2	0	271	678	24	97	251	5
HECW1	3	4	0	769	1625	31	289	508	7
WDR81	2	2	0	1123	2293	63	433	823	22
KLHL31	0	1	0	315	749	38	105	219	6
ZC3H13	1	6	1	632	1658	54	239	583	15
MTMR4	1	2	1	510	956	20	172	305	2
ZCWPW2	0	0	0	131	395	24	50	127	4
LYAR	0	0	0	153	447	21	57	142	4
ADAMTSL4	1	5	0	536	1291	66	184	469	26
ENSG00000289809	0	0	0	60	98	2	38	71	0
FAM25G	0	0	0	21	78	3	0	0	0
MTG1	0	0	0	210	505	15	0	0	0
MYZAP	1	0	0	238	541	45	87	185	6
CD160	0	0	0	86	187	4	29	60	1
GP2	0	5	0	272	584	32	88	170	13
NTRK3	2	3	0	481	805	12	153	266	3
ACTR2	1	0	0	171	207	8	51	37	0
MFSD9	2	0	0	288	598	23	116	200	5
AURKAIP1	0	0	1	146	292	13	51	91	5
SMG7	1	2	0	472	1050	15	148	315	2
TMEM217	0	1	0	82	188	12	31	73	4
STEAP4	0	0	0	187	446	35	64	129	14
C2orf88	0	0	0	43	118	5	14	41	2
MFAP3	0	1	0	142	370	11	45	132	6
DNLZ	0	1	0	70	141	7	56	120	4
RSRP1	0	0	0	153	388	29	48	122	7
TENM4	1	3	0	1295	2835	44	458	1033	7
PRSS27	0	2	0	170	348	17	76	96	4
TCERG1	0	6	1	447	943	18	151	264	8
MARCHF10	0	5	0	309	785	46	99	262	11
ST3GAL2	1	2	0	220	347	12	83	109	1
ABHD13	0	0	0	136	288	8	52	83	2
LDB1	0	3	0	226	304	1	0	0	0
DCUN1D3	0	0	0	130	236	5	41	90	1
SSU72L5	0	0	0	0	0	0	11	27	0
WDR1	0	3	0	412	625	6	175	176	1
OR8H1	0	1	0	132	401	20	51	119	4
RNF19B	0	3	0	414	773	21	117	232	3
UBE2Q1	0	2	0	248	246	0	98	76	0
ARHGAP20	0	3	0	510	1173	41	166	352	8
AKIRIN1	0	1	0	102	224	3	37	58	0
TMSB10	0	0	0	17	43	1	6	11	0
THAP6	0	0	0	88	248	11	41	83	3
ASPN	0	1	0	128	358	29	51	118	14
MTA2	1	2	0	319	529	10	108	149	4
MSRA	2	0	0	178	466	40	72	185	8
CHTF8	0	0	0	52	132	6	23	39	1
RBMS2	0	0	0	171	398	23	53	100	4
GNPDA1	0	0	0	142	261	9	46	75	3
GOLGA6L7	0	0	0	0	0	0	88	260	14
ME2	0	0	1	212	583	28	71	174	10
LLGL1	1	4	0	646	1165	28	247	409	5
SLC25A23	2	4	0	245	494	18	82	178	3
MAML2	0	1	0	563	1237	16	183	420	4
ZNF253	0	0	0	169	460	27	53	152	7
INHBC	0	0	0	145	364	22	40	123	2
FZD1	2	0	0	467	762	10	137	227	5
RNF166	1	0	0	179	320	11	82	95	4
CYBC1	0	1	0	110	222	7	37	80	0
DIRAS2	0	0	0	105	181	4	36	45	0
OR1B1	0	0	0	171	387	15	52	109	5
USP17L13	0	0	0	0	0	0	0	0	0
RASGRP3	0	2	0	328	773	27	104	234	9
EHHADH	2	1	0	305	756	46	95	257	19
EXOC6B	1	2	0	337	732	27	119	229	6
ARMC9	0	1	0	382	877	42	154	293	10
NALCN	1	14	0	744	1272	56	244	383	21
KCNK17	2	1	0	163	410	22	54	145	3
PSAPL1	0	2	0	330	767	42	127	263	13
TNKS2	1	4	0	516	993	40	0	0	0
VASH2	0	2	0	181	405	18	69	120	6
TMEM59	0	0	0	145	321	24	33	101	7
IFNA8	0	0	0	98	248	14	35	58	3
PSD	2	1	0	502	1001	14	0	0	0
TBX1	1	4	0	410	720	6	148	239	0
ACVRL1	0	1	0	258	419	9	94	146	1
BPIFA1	0	2	0	132	318	9	48	99	2
SPINK7	0	0	0	45	102	2	17	27	0
ZMYND15	0	1	0	379	829	39	139	288	15
RTL10	0	1	0	202	426	17	61	158	6
GDF11	0	3	1	237	366	6	69	86	1
CYB5R1	0	2	0	165	354	14	59	126	5
GTF2H2	0	0	0	34	108	6	5	23	1
DNASE1	0	2	0	216	475	21	87	192	8
EPB41L1	1	2	0	362	724	12	140	243	3
ENSG00000291240	1	1	0	304	685	20	137	284	7
TNIP3	0	1	0	133	358	14	52	130	7
CENPB	0	1	0	321	565	6	118	157	1
GAS1	0	0	0	288	512	7	101	161	3
TMEM125	1	1	0	121	244	11	56	108	2
OR1K1	1	1	0	161	381	16	68	107	7
ITIH1	0	1	0	442	1041	52	147	352	16
DEFB114	0	0	0	33	105	2	8	41	0
KPTN	2	0	0	258	472	20	85	166	3
HSPB2	0	0	0	104	232	9	35	66	5
SLC44A5	0	1	0	278	686	36	91	217	13
F11	1	0	0	269	664	55	99	240	14
ANXA6	3	3	0	273	754	22	91	284	7
ENSG00000288591	0	1	0	273	652	22	98	204	2
CDKN3	0	1	1	71	169	10	22	50	3
IL37	1	0	0	99	255	13	31	83	0
SMTNL2	0	2	0	267	592	16	97	218	3
OR4F17	0	0	0	0	0	0	8	12	1
PELI1	1	0	0	182	373	11	61	100	1
MRGPRX1	1	0	1	183	380	10	94	164	1
PRSS58	0	1	0	115	302	23	32	102	3
MS4A18	0	1	0	0	0	0	64	128	9
CARD11	0	4	0	669	1060	24	243	326	5
LRRC72	0	1	0	144	357	20	51	122	7
AKIRIN2	0	0	0	129	210	1	54	55	1
PFKFB3	1	1	0	295	542	16	0	0	0
FGFR4	1	2	0	442	860	29	181	317	12
NDUFA4	0	0	0	45	99	5	10	28	1
SACS	4	5	0	1843	4769	192	606	1434	26
CRYGD	0	1	0	89	236	12	34	68	1
ARL2-SNX15	0	1	0	60	126	8	16	31	0
TRPC6	2	1	0	392	917	35	145	286	15
FCER2	0	0	0	170	396	18	65	147	8
SLC13A2	1	2	0	311	626	27	112	210	11
OR10X1	1	0	0	167	441	13	51	147	5
HOXA13	2	0	0	309	562	3	119	174	0
ACSBG2	0	0	2	276	706	24	97	209	9
BEST2	0	0	0	321	585	23	119	193	8
INTS8	1	2	0	390	902	24	142	269	6
RECQL4	0	9	0	994	2146	97	422	812	20
IRAG2	0	0	0	182	463	18	68	139	2
C3orf14	0	0	0	38	136	10	14	45	7
NADK	0	3	0	261	448	14	93	134	3
C3orf38	0	1	0	139	363	14	51	95	4
ZNF600	0	0	0	317	917	54	94	319	17
NDUFS6	0	0	0	95	203	6	39	77	0
SSU72L4	0	0	0	0	0	0	7	16	2
DSG3	1	5	0	445	1112	37	145	376	9
SLC12A2	2	5	1	572	1245	29	172	333	4
MRPS23	0	0	0	111	212	9	37	76	3
FERD3L	0	0	0	97	245	11	46	82	2
C12orf4	0	0	1	197	485	27	46	151	8
SNCB	0	1	0	59	114	4	23	32	1
NEURL2	0	1	0	154	359	10	50	118	2
EPHB2	0	2	0	467	902	7	203	303	0
FAM117A	1	1	0	211	480	14	81	157	0
HSBP1L1	1	0	0	37	108	4	8	38	0
NDUFS5	0	0	0	37	126	8	13	42	2
SPDYE2B	0	0	0	26	68	4	0	2	0
TACC1	2	1	0	344	794	27	136	270	4
MBD3	0	2	0	221	372	7	91	120	3
ENSG00000285085	0	0	0	24	50	0	4	16	1
CDNF	0	1	0	78	215	13	0	0	0
BOD1L1	1	4	0	1192	3324	48	430	990	7
KPNA4	0	0	0	206	336	4	60	83	0
PDZD8	3	4	0	507	1078	21	0	0	0
CD3D	0	0	0	78	182	9	27	69	6
ULK1	1	2	0	754	1242	22	265	446	7
THSD7B	2	3	0	732	1791	86	238	572	18
CCDC141	1	4	0	641	1793	115	203	556	34
ANO1	0	3	0	495	966	30	195	309	5
SLC38A1	1	1	0	194	429	8	69	118	1
CDK17	0	1	0	212	398	9	65	108	0
GJD4	0	0	0	279	582	23	0	0	0
ARL6IP1	0	0	0	78	178	7	27	52	2
SAFB	0	1	0	477	911	7	152	281	1
JMJD1C	3	4	1	1016	2498	19	0	0	0
MARCHF2	0	2	0	137	256	11	53	100	3
DPPA5	0	0	0	60	125	11	13	33	5
USP17L3	0	0	0	0	0	0	8	18	2
UBE2O	4	4	0	678	1160	13	254	374	2
JAML	0	2	0	160	396	14	56	139	3
C15orf39	1	3	0	536	1137	19	185	391	5
CBLN4	0	1	0	124	175	7	38	48	3
SOHLH2	0	0	0	178	381	8	64	108	3
ARNT	0	0	0	285	725	9	104	221	0
SLAMF8	0	1	0	135	357	14	48	112	9
RPS6KB2	1	0	0	282	640	18	89	261	8
MRPL51	0	0	0	62	137	8	32	41	1
ALDH1A1	1	1	0	224	481	10	67	150	0
H2AC12	1	1	0	152	214	8	72	75	4
ERCC6	0	3	1	640	1521	77	0	0	0
COPA	1	4	0	478	936	3	143	286	0
DEFB110	0	1	0	28	83	3	9	26	2
OR51A4	0	0	0	122	319	12	44	111	3
PLEKHM3	1	1	0	319	718	40	105	243	6
GREP1	0	0	0	0	0	0	109	222	12
ZFP2	0	1	0	162	490	36	46	150	15
HTR1F	0	1	0	186	382	14	60	109	5
ENTPD8	2	2	0	298	625	34	100	223	12
POPDC3	0	0	0	109	267	22	40	85	6
FUOM	0	1	0	100	203	2	0	0	0
LPCAT4	1	1	1	245	494	18	77	135	3
TRDMT1	1	2	0	194	483	21	0	0	0
PEDS1-UBE2V1	0	1	0	172	302	10	74	87	2
FAAP20	0	0	0	127	281	6	42	93	4
PRAMEF13	0	0	0	0	0	0	20	54	5
TMEM185B	0	1	0	203	388	7	65	103	3
ENSG00000248235	0	0	0	82	180	4	32	67	4
GTF2F2	1	0	0	116	228	12	36	55	3
HBA1	0	0	0	28	43	0	14	35	1
ZFYVE16	0	3	0	545	1637	60	169	501	19
DDIT4	0	0	0	152	309	13	0	0	0
OR6B3	0	0	0	160	356	16	55	107	6
CRACD	0	4	1	720	1569	38	237	533	6
PKHD1L1	3	8	0	1744	4725	218	571	1533	75
RARB	0	4	0	218	318	11	71	84	1
MXD1	0	1	0	113	227	5	40	65	2
TGM6	0	2	0	345	864	48	137	324	14
IL25	0	0	0	99	218	10	42	79	3
ABHD17B	0	0	0	119	189	8	47	41	2
FBXL4	0	0	0	253	633	25	81	210	8
ELOC	0	0	0	49	45	0	13	12	0
MTX3	0	0	0	139	348	15	48	106	4
FRRS1	0	4	0	234	620	36	62	212	9
RSAD2	0	0	0	160	410	16	56	129	6
DTX1	0	1	0	385	666	7	152	240	3
JSRP1	1	1	0	221	480	20	82	139	7
SCARB2	1	1	0	209	450	18	60	124	7
C16orf78	0	0	0	133	331	14	36	120	7
SLC6A2	0	1	0	349	579	17	120	156	0
IGFBP3	0	0	0	168	352	5	70	117	0
MED22	0	0	0	115	223	17	45	69	5
ST13	0	0	0	156	405	19	51	123	1
RASA4B	0	0	0	139	269	11	15	40	2
EGR2	1	2	0	241	427	2	0	0	0
C9orf72	0	2	1	214	570	21	62	147	3
MTHFS	0	0	0	82	220	8	37	74	3
UBN2	0	5	0	654	1579	13	243	490	3
MMRN1	0	2	0	541	1493	78	197	498	16
OR4C46	0	0	0	240	650	29	91	230	8
ZNF224	0	0	0	264	718	36	100	235	12
TMEM223	0	1	0	125	314	12	48	106	2
C4BPB	0	0	0	111	251	17	34	86	4
KLHL18	0	1	0	276	589	27	97	187	2
MZB1	0	1	0	94	206	9	28	66	5
PTP4A1	0	0	0	70	134	4	18	34	1
EPHA5	0	5	0	499	1149	18	183	357	3
CYP2J2	0	0	0	212	617	19	65	197	8
MCAT	1	0	0	232	500	18	84	197	8
IGF2BP3	0	2	0	289	542	4	94	167	2
TCF19	0	1	0	157	346	14	53	111	5
PHLDA1	1	0	0	270	542	21	87	169	7
ACOT2	0	0	0	277	630	26	90	186	6
RASIP1	1	4	0	592	1047	7	208	331	1
GAS7	0	1	0	243	423	16	88	126	2
DMRTB1	0	0	0	252	506	4	93	170	0
ACADS	0	0	0	209	488	17	78	182	5
PROX2	0	1	0	252	598	42	92	204	16
ATXN7L2	1	4	0	375	835	2	136	280	1
DHX29	0	3	0	518	1236	47	163	371	7
CFHR4	0	2	0	268	675	62	89	199	17
ENSG00000291302	0	0	0	13	28	3	2	5	0
TNFRSF10C	1	2	0	105	282	7	35	75	2
ENSG00000284393	0	0	0	0	0	0	0	0	0
ENSG00000287694	2	1	0	641	1687	49	228	548	8
SPAG5	2	3	0	467	1101	62	156	393	18
TAF2	1	1	0	454	991	38	142	275	12
ESCO1	1	1	0	320	807	26	106	252	3
ZNF730	1	0	0	183	618	31	74	194	8
FGF3	0	0	0	154	359	15	50	119	5
HCST	0	0	0	58	105	3	20	30	2
PIGK	2	1	0	169	416	20	51	123	5
TRIQK	0	0	0	33	107	3	8	38	2
CISD3	0	1	0	63	148	5	23	59	1
PPDPFL	1	0	0	38	105	6	14	35	3
KRTAP5-9	0	0	0	73	177	7	24	50	6
NUP107	1	3	0	321	845	44	117	260	14
MROH9	1	2	0	382	981	49	124	309	12
SOD3	0	1	0	169	337	8	56	110	1
ZMYND12	0	1	0	140	381	19	46	126	5
RPTOR	1	3	0	698	992	11	286	292	3
SLC41A2	0	1	0	211	463	20	69	144	5
BTF3	0	1	0	94	219	8	23	52	3
TMA7	0	0	0	45	82	2	17	29	1
FAM131C	0	0	0	131	279	13	70	141	5
LSM6	0	2	0	44	49	2	18	12	1
ZBP1	1	0	0	193	520	25	65	175	13
SLC2A10	0	2	0	307	624	19	89	224	6
TM4SF18	0	1	0	76	226	11	28	86	5
VWCE	0	1	1	466	1016	41	174	362	13
NBPF9	0	0	0	184	518	44	177	498	40
UCN3	0	1	0	85	188	5	0	0	0
ENSG00000258064	0	0	0	29	74	5	10	32	1
ARPC3	0	1	1	68	166	3	15	52	2
TM2D3	0	0	0	128	347	17	52	112	6
PARS2	0	1	0	217	546	22	66	200	9
COX4I1	0	3	0	93	209	7	44	79	1
IKZF5	0	0	1	156	329	13	0	0	0
OR51F2	0	0	0	172	441	13	59	129	6
ENSG00000268193	0	0	0	0	0	0	0	0	0
C1GALT1	1	1	0	166	399	15	56	115	2
FBXO15	0	2	0	260	566	21	90	178	8
ERAP2	1	1	0	394	1045	69	128	341	21
WNT8A	1	0	0	138	394	22	45	114	6
ARTN	0	0	0	145	310	5	40	98	0
ATP1B1	0	0	1	137	210	3	41	60	0
SFT2D3	0	2	0	220	390	10	72	133	3
SCN1A	4	31	3	781	1274	9	262	393	2
C6orf141	0	1	0	153	334	13	51	107	4
IGF2R	4	5	0	1239	2628	62	480	856	13
ZNF804B	1	2	0	572	1552	55	192	463	9
OR6V1	0	1	0	149	327	11	38	101	1
FAM90A18	0	0	0	0	0	0	0	0	0
OR8K3	0	0	0	154	417	20	55	141	8
RPL38	0	0	0	44	53	1	16	10	0
CD5L	0	3	0	169	402	34	59	146	9
SORBS1	1	3	0	560	1312	44	0	0	0
FCRL6	0	0	0	220	538	27	79	178	9
SPNS2	1	3	0	455	797	19	175	278	5
ENSG00000282988	0	0	0	0	0	0	0	0	0
FAT3	3	6	1	2070	4937	73	773	1567	17
EIF3I	0	2	0	163	265	10	53	61	3
DGAT1	1	1	0	295	572	25	127	201	9
ARG2	0	2	0	134	363	15	42	115	3
ALK	0	5	1	889	1924	49	304	618	13
TIFAB	0	0	0	108	193	15	29	85	8
MRPL22	1	0	1	86	230	14	28	81	5
KCP	1	5	1	814	1903	115	312	695	50
TXNDC8	0	1	0	37	115	2	15	42	0
IFITM5	2	2	0	97	202	4	32	87	3
AP4S1	0	0	0	50	159	6	18	57	3
MROH7	0	2	0	628	1461	71	203	494	21
OVOL1	0	1	0	128	273	9	38	82	1
HSPA6	0	0	0	335	787	34	109	251	8
DPP6	2	0	0	415	876	27	158	281	4
ZBTB43	0	1	0	195	325	7	78	113	1
IBTK	1	2	0	507	1296	51	150	348	10
TIPRL	0	0	0	97	217	5	33	56	0
SLC8A3	0	3	0	450	1027	28	160	343	7
USP36	3	2	0	567	1316	32	230	489	5
SDAD1	1	0	0	277	748	41	90	241	11
OR2Y1	0	2	0	147	400	16	50	135	7
TAF11L10	0	0	0	0	0	0	1	0	0
PIN1	0	0	0	103	164	4	40	44	1
WFDC10A	0	0	0	29	75	7	9	38	1
SSC5D	2	4	0	819	1924	80	286	695	27
CCDC175	0	0	0	322	835	65	109	277	16
USP1	0	2	0	335	700	6	109	219	1
SAR1B	0	1	1	74	166	14	22	55	4
COX19	0	0	0	51	131	5	12	49	2
NIBAN3	1	0	0	318	679	39	122	269	14
OOSP4A	0	0	0	0	0	0	30	52	2
MRTFB	0	3	0	513	1132	16	182	379	3
RIPK1	0	2	0	272	690	21	107	227	4
CCL7	0	0	0	42	122	6	14	41	2
DNMT1	4	4	0	754	1173	5	308	382	0
MTMR11	0	0	0	321	731	51	106	222	18
NACC2	1	0	0	208	302	3	204	235	3
PGAP3	0	2	0	169	389	20	67	161	4
BET1	0	0	0	32	116	1	10	36	0
FAM209A	0	0	0	66	190	10	22	68	6
FRMD8	2	0	0	251	522	25	115	199	4
ZNF639	0	0	0	185	424	14	60	127	1
QRFPR	0	0	0	190	510	32	66	169	10
LAMA5	7	15	1	2409	4874	132	1023	1883	29
COPS7B	1	1	0	111	215	1	36	58	0
RAD51	0	3	0	159	219	4	53	64	3
SPOCD1	1	4	0	531	1269	36	182	417	12
SPATA5	1	2	0	348	893	42	98	297	16
SYT15B	0	0	0	0	0	0	0	0	0
OR52N1	0	1	0	130	386	12	49	142	3
OR10R2	0	2	0	155	392	8	53	121	2
ENSG00000173366	0	0	0	0	0	0	0	0	0
LXN	0	0	0	68	217	15	28	55	2
KCNH3	4	6	0	590	931	20	206	291	5
NLE1	1	3	0	258	520	13	88	181	0
TRMU	0	0	0	232	524	23	80	180	3
ZNF281	1	1	0	429	903	3	155	282	1
MMP17	2	0	0	401	820	27	162	339	13
UBN1	1	5	0	699	1439	9	248	442	3
ARMC5	2	4	0	602	1079	22	227	368	8
ZNF783	2	2	0	332	723	34	121	261	12
HIBCH	0	1	0	156	419	24	49	119	6
PHGR1	0	0	0	44	117	2	20	34	1
ENSG00000289763	0	0	0	36	89	3	11	25	0
TIMM17A	0	0	0	65	187	6	27	60	3
SLC35F3	1	1	0	272	542	12	93	147	3
CBR3	0	1	1	115	296	9	29	94	1
OR1Q1	0	3	0	138	339	12	54	108	5
CCNK	0	2	0	275	447	9	99	121	2
ACAN	2	2	0	1071	2588	29	389	922	7
C1orf115	1	0	0	95	198	14	37	83	2
ENSG00000284952	0	1	0	116	247	7	54	99	3
OR13G1	0	0	0	126	339	12	40	115	1
ZNF879	0	0	0	242	589	31	76	199	9
OR51G2	0	1	0	159	421	10	61	145	4
HBB	0	0	1	97	135	9	35	53	5
GAREM2	0	2	0	558	1059	27	177	331	5
EVL	0	0	0	202	397	10	78	130	2
CCDC61	0	1	0	284	637	28	99	222	10
UCK1	0	0	0	168	287	18	63	96	7
AP4B1	0	0	0	288	818	34	118	275	15
ENSG00000259529	0	3	0	552	1069	29	189	339	7
SEC14L2	0	0	0	174	397	21	63	127	9
TMED6	0	1	0	103	294	18	35	95	3
HNRNPU	0	4	9	439	647	1	154	191	0
RFTN2	2	1	0	199	528	25	55	174	8
GTF2B	0	0	0	135	230	11	26	52	2
TMEM115	0	2	0	207	339	5	67	97	0
PMM1	0	0	0	126	304	17	60	109	5
RHBG	0	0	0	205	524	20	85	177	6
PRDM6	1	0	0	365	790	20	149	242	3
VWC2	2	0	0	208	380	6	76	108	1
LIPC	0	2	0	251	656	33	101	243	12
SYF2	0	0	0	107	265	10	40	80	3
NDUFB4	0	1	0	72	167	10	20	47	5
BTD	0	1	0	229	627	24	79	195	4
FAM174A	0	0	0	101	205	6	37	65	3
BCL9L	2	4	0	814	1872	10	359	630	3
CORO2A	2	1	0	243	568	26	93	191	9
TRIM22	1	0	0	205	588	29	69	190	8
PGA5	0	1	0	109	222	11	44	75	2
OR4C12	0	0	0	149	395	11	47	133	2
GNPNAT1	1	0	0	59	148	8	25	34	2
SUN2	0	1	0	364	752	31	143	269	9
NFXL1	1	0	0	348	845	45	112	289	8
N4BP2	1	2	1	627	1764	69	204	530	8
SCARA3	0	1	0	337	673	33	140	267	9
ZFP36L2	1	5	0	575	922	9	225	300	2
PDIA2	1	1	0	412	851	36	178	323	10
IFI30	1	0	0	141	280	18	46	101	7
ASCC3	1	6	1	900	2262	100	278	638	30
NDUFV1	1	0	0	213	525	24	83	211	7
ENSG00000286001	0	0	0	191	392	16	74	127	5
ZNF479	0	0	0	178	512	35	70	198	13
TUT7	0	3	0	560	1261	16	152	398	2
HACD1	0	1	0	127	340	15	0	0	0
C9orf85	0	1	0	46	178	9	13	49	3
DNASE1L3	1	0	0	135	337	15	44	123	3
CYP4B1	0	1	0	257	587	19	95	204	6
UBIAD1	0	1	0	181	318	13	56	85	3
HORMAD2	0	0	0	127	318	13	42	106	3
PIK3CB	0	2	0	423	846	17	125	233	2
HEY2	0	0	0	201	418	11	69	143	1
SIN3B	1	3	0	622	1030	13	258	344	3
LGMN	0	1	0	193	441	22	81	151	7
CHADL	0	2	0	493	943	32	139	308	11
PPP1R16A	1	1	0	403	717	29	142	236	5
STAT6	1	0	0	389	717	16	134	200	2
PYDC5	0	0	0	0	0	0	16	37	1
ENSG00000267385	0	0	0	52	112	7	22	37	3
FUT11	0	1	0	328	699	30	0	0	0
PPP1R36	0	1	0	158	423	19	61	146	7
SNCA	0	1	0	68	135	4	11	34	0
BLNK	1	2	0	180	402	13	0	0	0
GABARAPL2	0	1	0	57	121	12	18	24	2
CD300E	0	1	0	106	230	8	40	83	4
BPIFB3	1	0	0	283	538	12	115	191	3
PSMB10	0	3	0	165	327	15	64	104	1
NUP98	2	4	0	803	1853	10	241	577	1
ZNF790	1	1	0	230	641	48	64	208	16
PRPF8	6	17	1	1256	1310	42	460	290	1
MYO9A	2	4	0	1026	2480	78	332	811	12
ASB17	0	0	0	128	316	21	43	96	4
PRSS37	0	0	0	98	258	10	37	90	4
NPHP4	7	5	0	847	1759	75	324	664	25
CDKAL1	0	0	0	211	544	23	63	166	4
WNT6	0	0	0	210	427	16	77	123	5
HAS2	0	2	0	220	303	10	77	94	0
HIGD1B	0	0	0	42	118	5	19	49	2
ODC1	0	4	2	214	464	9	90	149	0
OTUD3	0	1	0	196	434	14	65	135	4
TMEM212	0	0	0	67	202	12	26	64	8
GIMAP5	0	0	0	164	322	19	51	123	4
CAVIN1	1	0	0	235	444	9	82	140	3
B4GALNT2	0	1	0	247	571	25	81	181	7
ARMC6	1	0	0	247	556	25	87	207	8
PRR29	1	0	0	121	250	11	49	85	5
SIGLECL1	0	1	0	76	207	14	30	52	5
AMPD3	0	2	0	389	775	33	145	276	9
OR1G1	1	0	0	137	335	13	55	109	4
USP10	0	1	0	447	1032	18	168	342	4
TRIM77	0	0	0	167	504	26	58	177	11
DENND1C	1	5	0	395	860	32	149	300	13
CDC42EP3	0	0	0	142	316	6	59	102	0
HNRNPUL1	1	3	0	423	737	13	157	219	4
SATB1	2	7	1	362	498	2	122	124	2
SULT1A1	0	0	0	129	346	16	67	154	8
RASSF2	0	0	0	157	322	15	48	110	5
H2BC11	1	1	0	125	205	12	51	76	1
TRMT11	1	1	0	190	545	20	62	177	7
C3orf80	1	1	0	186	348	11	61	105	2
TMEM218	0	0	0	73	101	7	25	37	4
EFNA4	1	0	0	98	235	17	41	72	3
COL3A1	1	8	0	656	1272	21	215	414	5
DPF3	0	1	0	167	359	13	65	131	3
U2AF1L4	0	2	0	85	236	14	29	100	4
CCL23	0	0	0	62	174	5	18	65	4
EIF2D	1	3	0	231	534	28	71	157	8
AZIN2	0	1	0	219	487	15	98	171	6
SPATS2L	0	3	0	225	579	13	83	188	3
TPPP3	0	0	0	67	181	6	35	65	0
GAS8	2	3	0	261	617	30	98	243	12
DSTN	0	0	0	55	124	5	17	34	0
HSPA4	0	3	0	334	780	18	111	220	4
RTBDN	0	0	0	140	306	13	43	86	1
RPSA	0	0	0	123	177	2	44	47	1
DCAF4L2	0	0	0	236	472	19	84	143	5
DCAF10	0	0	0	258	442	8	103	140	4
UNC80	2	9	1	1471	3204	96	503	972	26
AMIGO3	0	0	0	323	715	26	93	253	6
OR5AS1	0	0	0	172	457	15	65	131	4
SEPHS1	0	1	0	204	276	3	0	0	0
MDC1	2	2	1	762	1999	65	225	561	16
TTPA	0	0	0	135	315	8	60	101	2
ODF2	1	2	0	421	849	32	158	284	9
GANAB	1	5	1	487	877	20	173	292	2
SLC39A1	0	1	0	200	319	6	58	101	4
CHMP4C	0	1	0	117	272	15	40	80	5
KALRN	1	6	0	1339	2549	40	488	782	3
MYH6	2	5	1	949	1977	74	356	719	23
OGA	1	0	1	358	691	8	0	0	0
GALR1	2	0	0	199	412	15	66	148	7
ZNF358	0	4	0	314	600	7	120	186	0
ZNF850	0	1	0	412	970	60	133	297	21
ALLC	0	3	0	171	459	21	73	154	9
RNPEPL1	2	3	0	518	854	22	203	247	4
SLC25A46	0	0	0	194	485	8	58	150	2
TGDS	0	0	0	126	340	21	41	115	6
ZIM2	1	0	0	222	609	17	91	212	6
PROK1	0	1	0	54	141	5	17	48	1
TLE1	3	1	0	418	764	6	159	225	0
IL34	1	1	0	170	330	13	63	127	2
PCDHB9	0	0	1	518	1164	47	209	380	12
FANK1	1	0	0	151	354	18	0	0	0
DNAH1	3	11	0	2076	4527	172	747	1632	56
HOXC11	0	1	0	197	425	18	60	136	6
KBTBD11-OT1	0	0	0	128	288	16	45	104	7
R3HDM2	0	0	0	370	806	25	120	265	2
ACOXL	0	1	0	232	657	28	87	210	6
FBLN7	0	2	0	254	554	21	101	179	6
NUP37	1	0	0	125	331	22	37	93	5
MAB21L2	0	1	0	202	307	12	69	80	4
AGT	0	0	0	270	553	18	103	177	5
MIB2	3	4	0	778	1405	39	329	506	5
TLR9	1	2	0	546	972	39	204	323	8
DTX4	1	1	0	310	666	18	114	200	5
KLHDC4	2	5	0	364	919	39	149	307	13
SGPL1	2	2	0	227	521	21	0	0	0
SGSM1	3	6	0	540	1099	26	198	404	3
FBRSL1	0	2	0	799	1628	22	341	579	2
AGBL1	2	3	1	536	1467	59	203	531	22
FAM217A	0	0	0	157	502	33	56	154	9
TSHZ1	3	2	0	577	1194	11	266	394	0
PFKFB2	0	3	0	203	433	23	68	126	6
SYT16	0	1	0	296	739	31	101	261	7
GFM1	0	0	0	293	786	34	100	243	19
SKAP2	0	1	0	127	342	14	43	100	2
LAD1	0	3	0	238	565	27	85	225	7
HBG2	0	0	0	42	84	1	18	36	0
CPLANE1	2	3	0	1187	3295	169	344	1040	51
PPP1R3A	0	3	0	440	1279	65	135	420	17
CA3	1	0	0	126	287	13	51	87	6
PTGDR	0	1	0	240	498	20	75	169	5
NFIC	1	3	0	324	503	5	119	167	1
ZNF627	0	0	0	177	482	27	49	135	11
KITLG	1	3	0	105	240	8	42	74	0
KLHL23	0	1	0	218	534	23	67	155	5
ZNF394	1	2	0	257	644	22	98	194	4
SH3PXD2A	2	1	0	576	1217	18	0	0	0
TGS1	0	4	0	343	1015	42	102	336	8
VPS28	0	2	0	168	219	7	64	69	6
PM20D1	1	1	0	234	535	20	85	186	4
TBCD	0	1	0	674	1279	48	256	472	15
HNRNPA2B1	1	0	0	225	206	1	68	47	2
TAF7	1	0	0	146	282	6	34	88	0
HOPX	0	0	0	46	121	4	12	53	0
C1orf174	0	1	0	112	277	8	36	112	3
PRSS33	0	0	0	192	422	22	65	140	10
SDR16C5	0	0	1	144	365	17	43	122	3
MDM4	0	1	0	187	415	0	59	119	0
PSMD3	1	1	0	264	459	2	94	153	1
ENSG00000284431	0	0	0	36	79	7	33	68	2
GNG7	0	0	0	32	80	0	11	29	0
RAB24	0	1	0	117	178	6	34	44	0
SLC9A3	4	2	0	583	960	13	215	299	4
NOPCHAP1	0	1	0	77	216	8	29	86	5
ZSWIM6	1	6	1	690	1092	5	224	369	0
PCDHGA2	1	1	0	541	1131	45	162	406	10
KCND3	1	10	0	340	455	3	132	126	0
RNF25	0	1	0	204	463	21	64	179	6
MAPK3	0	1	0	198	373	18	77	113	6
MAPKAPK3	0	1	0	188	371	19	65	123	7
SLC8A2	0	0	1	588	727	15	206	169	1
DRG1	0	0	0	146	301	8	35	75	2
SCYGR3	0	0	0	0	0	0	21	55	4
PRAP1	0	0	0	94	149	15	0	0	0
BEAN1	0	0	0	135	334	21	57	142	5
ZFAND3	0	0	0	129	201	2	39	51	1
ENSG00000288629	0	0	0	0	0	0	2	6	0
ZNF595	1	0	0	261	734	40	79	222	12
PXT1	0	0	0	39	129	8	10	49	1
SLC24A2	0	1	0	367	762	28	120	236	4
EPG5	3	4	0	1116	2661	113	375	807	19
KASH5	3	1	0	268	585	32	76	200	4
GJB4	0	2	0	144	363	15	60	136	7
PRR16	0	1	0	141	361	7	54	125	2
ATP6V1G2	0	0	0	51	112	7	13	35	4
TBC1D19	1	0	0	196	459	18	51	107	1
ITPA	0	1	0	103	226	17	31	81	2
CCDC51	0	1	0	190	426	23	48	154	14
RPP40	1	0	0	151	365	21	46	127	1
SERPINE1	0	2	0	182	444	13	65	161	3
PRAM1	1	2	0	387	878	26	145	283	5
ENSG00000284874	0	4	0	209	358	11	86	101	0
HAUS6	0	1	0	452	1342	55	155	417	16
GKN2	0	0	1	78	232	10	28	74	3
ACAT1	0	1	0	189	450	14	61	138	4
SRRM1	1	1	0	428	869	5	147	296	1
ZBTB34	0	4	1	250	393	2	83	130	1
ADGRG5	0	0	0	255	546	26	98	196	7
SPAAR	0	0	0	0	0	0	10	34	1
TBC1D23	1	1	0	283	692	21	72	203	3
PCMTD2	1	1	0	170	355	9	42	103	2
UTP25	1	0	0	300	787	35	107	251	6
DDX10	1	2	0	370	979	46	116	322	8
FURIN	1	4	1	483	787	10	173	277	0
GRAMD2B	0	0	1	173	398	15	61	124	4
FGFBP2	0	1	0	114	290	15	41	87	10
TEX14	0	3	1	589	1610	103	214	540	26
PPBP	0	0	0	73	157	4	21	52	0
FRMD6	1	0	0	260	660	19	102	232	3
ZAP70	1	3	0	359	612	21	130	175	2
IST1	1	1	0	206	497	13	70	147	3
RUFY3	0	0	1	233	487	13	80	130	7
SSU72L3	0	0	0	0	0	0	42	134	13
TCF23	0	0	0	118	226	10	49	90	1
PLA2G4F	3	1	0	446	1085	54	170	354	20
AMER3	1	2	0	471	1079	38	199	400	8
OR52J3	1	2	0	155	412	21	45	144	2
TTBK2	0	2	0	505	1224	23	175	393	1
H2AC13	0	0	0	109	154	6	29	41	1
RNF112	1	2	1	310	634	9	112	208	3
OR5D3P	0	0	0	0	0	0	50	163	6
GNAL	0	1	0	245	363	7	90	103	2
SNN	0	1	0	63	118	1	25	36	1
FLT4	1	3	1	852	1359	7	304	502	0
SPATA18	0	2	0	235	695	30	81	220	15
C6orf132	2	2	0	627	1424	38	213	455	10
IMPDH1	0	3	0	324	613	20	120	197	6
FOXI2	1	1	0	235	525	23	0	0	0
KMT5B	0	5	9	335	675	3	108	194	1
MEAF6	0	0	1	94	152	10	27	46	0
SEPTIN2	0	5	0	162	330	16	57	86	2
ALPG	0	0	0	325	643	29	103	210	10
DDX39B	0	1	0	183	177	5	61	25	0
PGAP2	0	0	0	173	348	11	68	114	2
TNFAIP8L3	0	1	0	97	190	4	33	77	0
GNG8	0	0	0	37	73	3	10	31	1
PTGER3	0	0	0	226	417	12	70	128	3
BTNL8	1	1	0	205	491	25	68	172	6
OR2J2	0	0	0	128	329	18	45	107	6
CEBPZOS	0	0	0	7	32	2	14	41	0
IQCA1L	0	0	0	0	0	0	128	366	28
CARD18	0	0	0	35	131	7	11	33	2
TENT5C	0	1	0	179	319	8	61	117	0
YAF2	1	0	0	88	145	4	27	37	0
IFNA13	0	0	0	81	206	8	26	52	3
CD44	0	0	0	320	867	17	113	261	5
GGT7	0	0	0	353	675	15	122	203	2
RPRD2	2	3	0	709	1433	8	199	409	1
FBRS	1	0	0	589	1118	6	248	454	0
LRRC41	0	1	0	407	715	14	112	218	3
CMTM8	0	1	0	86	203	6	30	66	1
DAND5	0	0	0	91	219	13	34	68	5
NAB1	0	1	0	184	470	19	65	138	6
TSPAN33	0	0	1	108	232	12	35	85	4
MSH2	1	4	0	430	1382	29	140	424	3
SPDYE1	0	0	0	171	406	38	75	155	13
UQCC5	0	0	0	33	77	6	4	27	1
STIMATE-MUSTN1	0	1	0	187	368	13	80	120	4
SHPK	1	1	0	265	616	35	109	197	11
TRAM1	0	2	0	185	309	7	58	86	3
RASA3	2	2	0	500	952	33	207	307	5
ANP32E	1	0	0	101	179	7	32	46	1
NEDD9	0	0	0	357	831	22	116	307	4
TCF15	0	0	0	146	291	7	49	77	1
MAPK13	0	0	0	166	428	13	67	126	3
KIDINS220	1	9	2	719	1651	34	250	522	9
SERBP1	1	0	0	181	364	5	63	96	0
LRCH3	3	3	0	339	875	31	123	291	3
CCDC69	0	0	0	140	366	21	38	124	8
PRDM7	0	0	0	198	550	33	60	178	8
ZIC4	0	0	0	215	454	13	72	128	6
ABCE1	0	1	0	216	363	13	62	75	3
CCDC47	0	0	0	200	461	17	59	148	1
SCN2B	0	0	0	108	237	4	38	87	1
ENSG00000289692	0	2	0	109	213	8	34	63	0
DAB1	0	1	0	231	539	3	95	168	0
BRD2	0	3	0	468	993	9	175	305	1
PON3	0	0	0	141	413	15	40	147	2
MRGPRX4	0	0	0	181	420	11	67	128	4
TP53I13	0	1	0	212	479	11	83	185	2
IFITM3	0	0	0	81	149	5	38	48	1
TTLL7	1	2	0	351	742	32	108	222	7
USP34	3	7	0	1626	3722	6	565	1105	3
HNRNPCL2	0	0	0	140	395	20	53	127	7
TEX44	2	1	0	180	451	15	67	157	6
ZNF736	0	0	0	155	436	17	40	131	7
SYT9	1	3	0	241	508	20	97	173	5
MAS1L	0	2	0	156	385	11	51	138	8
CHST6	0	0	0	297	688	25	100	218	6
MMD	0	1	0	91	217	11	32	69	5
STXBP2	0	0	0	333	636	17	132	237	4
GDPD4	1	1	0	200	578	26	78	186	4
MLNR	0	0	0	266	581	20	89	174	8
LARP6	3	1	0	272	541	12	101	185	2
NR2C1	1	2	0	223	520	19	71	171	2
IFNA10	0	0	0	93	259	17	45	109	2
TRDN	0	1	0	279	802	40	89	279	17
FGF11	0	1	0	114	270	7	41	104	1
NNT	1	1	0	465	1056	33	150	306	6
SLC39A3	0	0	0	230	364	5	109	138	0
YPEL5	0	1	0	49	65	1	26	16	0
SUN5	0	2	0	169	416	24	64	133	10
CACNA1C	2	18	3	1016	1549	9	376	450	3
RETREG3	0	1	0	225	524	15	87	166	2
ZNF540	0	0	0	235	684	29	65	224	9
CP	0	2	0	447	1109	43	136	360	10
OSBPL10	0	1	0	377	841	34	132	261	11
GKN1	0	1	0	90	220	8	34	52	0
LRSAM1	0	1	0	320	736	48	136	272	14
SHLD2	0	0	0	326	860	33	0	0	0
CHMP3	0	2	0	81	193	8	31	69	1
DLX5	0	0	0	183	326	6	50	92	2
SRSF8	0	0	0	155	394	17	58	137	5
DNAJC14	0	1	0	340	674	10	89	216	3
STX4	1	1	0	162	285	9	57	108	4
COPRS	0	0	0	83	226	12	26	66	1
GGA2	0	2	0	327	708	24	117	244	3
SBNO2	4	4	0	1116	1928	32	489	662	9
RIMBP3B	0	0	0	106	238	13	1	4	0
CDH9	1	3	0	390	869	12	142	246	2
LRRK1	6	5	0	1090	2145	72	432	695	17
SEC14L6	1	1	0	182	429	23	67	156	8
RABIF	0	0	0	68	144	8	22	62	3
TMEM25	0	0	0	171	407	20	50	136	3
OR1L6	0	1	0	139	330	11	45	117	2
S100A13	0	0	0	41	111	5	14	31	3
KRT19	1	1	0	227	470	17	87	156	7
CUEDC1	2	0	0	205	469	10	83	174	7
ENSG00000259171	0	0	0	12	36	0	4	10	0
RPS19BP1	0	0	0	92	183	7	29	61	1
ZBED4	1	3	0	541	1032	18	277	392	4
FBXW4	0	1	0	293	612	31	0	0	0
LCE3B	0	0	0	32	78	6	11	13	5
FAM50B	1	0	0	212	357	10	67	105	5
IL22	0	0	0	88	211	4	28	69	2
ARHGAP17	1	2	0	411	869	23	151	296	7
KRT34	0	0	0	215	504	25	83	169	9
RABEP2	1	3	0	311	646	28	105	239	9
ASCL1	0	0	0	160	252	3	65	82	0
FCSK	1	2	1	599	1273	69	213	465	23
H2BC21	0	0	0	108	112	5	34	32	0
CIB3	0	0	0	83	232	9	31	89	5
OR6C65	0	1	0	120	332	19	38	111	4
DCAF17	0	2	0	216	517	24	68	157	8
ARID4A	0	10	1	460	1172	17	151	377	3
TBC1D3C	0	0	0	0	0	0	0	0	0
KDM1B	2	1	0	355	702	43	107	231	5
GABBR2	1	6	0	480	693	13	185	176	1
E2F7	1	1	0	376	884	21	132	258	2
LIG1	2	1	0	485	1025	31	220	331	5
GLIS1	1	1	0	481	996	15	190	391	4
TOMM34	0	0	0	154	275	10	51	84	3
MANSC1	0	0	0	212	463	21	79	157	6
RERGL	1	0	0	76	239	17	27	88	5
OR6B2	0	0	0	0	0	0	61	119	2
KLRB1	0	1	0	70	200	16	22	86	6
ENSG00000284969	0	1	0	57	132	4	18	40	2
RAC1	0	8	0	102	55	1	29	5	1
PSMB3	1	0	0	95	181	2	36	46	0
ZNF417	0	0	0	209	547	40	54	201	11
GRB2	0	0	0	90	111	1	39	29	0
EAF1	1	1	1	117	240	17	41	89	3
HCRTR1	0	0	0	203	440	15	65	151	6
SLC66A2	1	2	0	181	369	20	79	136	5
DACH1	0	2	0	352	685	5	96	234	1
HNRNPCL4	0	0	0	0	0	0	0	0	0
DNHD1	4	7	0	2119	4938	274	711	1715	85
RAB20	0	0	0	110	264	7	35	96	2
STAB2	1	7	0	1152	2839	140	436	1002	33
SOST	0	2	0	132	263	13	47	95	2
UBE2K	0	1	0	80	52	1	29	12	1
SPINK1	0	0	0	35	80	3	12	32	0
ERMN	0	1	0	119	321	14	31	94	4
ACMSD	0	0	0	143	392	27	47	134	7
ZNF585B	0	1	0	291	759	44	111	268	5
DNASE2	0	2	0	154	392	19	55	122	3
FITM2	2	0	0	113	240	16	46	96	3
C1QTNF8	0	0	0	205	424	19	60	171	10
YBX1	0	0	0	174	348	2	61	105	0
KRTCAP3	1	0	0	148	342	6	48	114	3
ICA1L	0	1	0	147	458	26	58	136	4
NKIRAS2	0	1	0	100	195	15	39	62	5
HDHD2	0	0	0	121	279	10	41	93	4
CFAP70	0	0	0	400	952	36	0	0	0
C7orf25	2	3	0	177	378	10	60	107	3
KCTD3	0	2	0	362	673	27	98	209	4
BPGM	0	0	0	102	256	12	27	91	1
MRPS26	1	2	0	118	267	16	33	82	3
MICAL2	2	4	0	534	1219	30	200	424	9
CENPL	0	0	0	123	363	13	31	104	3
CRACR2A	2	0	0	332	741	40	110	274	11
ELAVL3	0	3	0	204	268	0	90	73	2
LIX1L	0	0	0	163	377	13	50	124	4
BICRA	4	5	1	1244	2075	13	500	641	1
SP3	0	0	0	346	743	2	130	229	0
CCL1	0	0	0	50	107	6	17	39	1
CDK5R2	1	1	0	238	380	5	80	112	0
HPF1	0	0	0	128	399	17	49	121	6
TNNC1	0	1	0	89	105	2	38	35	1
INSYN2B	0	3	0	212	598	12	68	177	0
ARHGEF17	2	6	0	1241	2642	46	438	892	9
CHKB	0	1	0	227	472	20	73	145	4
ZNF117	0	0	0	182	520	37	58	161	8
ABCC12	3	5	0	631	1504	80	211	518	27
ARGLU1	2	0	0	162	206	5	55	46	1
TAOK2	0	2	0	683	1102	32	263	371	2
SYCN	0	0	0	88	207	12	33	63	3
ZC3H7B	2	4	0	496	940	21	213	296	4
ZMYM2	0	2	4	511	1154	19	158	293	2
SMG8	0	3	0	427	943	54	110	292	13
AHRR	2	1	0	413	822	26	157	296	7
FRAS1	2	5	0	1757	4559	165	589	1467	39
BORCS8	0	0	0	71	157	7	27	54	0
OR10AD1	0	0	0	0	0	0	51	125	5
ARPC5	0	1	0	85	153	0	36	41	0
CHST3	2	3	0	283	619	22	0	0	0
PHLPP1	1	1	0	990	2011	39	363	615	7
KLHL11	1	0	0	296	576	24	93	153	4
C2orf50	0	0	0	73	188	12	16	55	3
CX3CR1	0	0	0	167	338	6	51	127	2
SART1	3	2	0	468	847	16	149	301	1
ALX3	0	0	0	198	421	12	68	149	2
C3orf33	0	1	0	107	311	18	43	97	8
DENND4A	1	3	1	652	1578	41	210	441	6
PKHD1	2	12	1	1764	4572	171	570	1465	55
TMEM61	0	1	0	107	218	12	51	82	4
PLEKHG4B	1	3	0	692	1604	75	343	706	31
CUTA	0	0	0	96	223	17	33	77	2
PEX19	0	2	0	133	333	13	46	119	5
NPY4R2	0	0	0	0	0	0	0	0	0
FKBP6	1	0	0	154	355	18	53	104	4
DCAF15	0	2	0	363	582	12	138	197	1
ZNF607	0	0	0	260	782	36	82	249	11
ZNF428	0	2	0	100	207	8	36	73	0
FGFR1OP2	0	0	0	107	255	9	49	82	2
MLXIPL	0	2	0	464	932	18	145	325	6
TMEM43	0	1	0	199	530	20	64	195	4
KLF4	0	2	0	353	682	3	134	211	1
FOXF1	1	3	0	319	468	4	100	157	1
HADHB	0	1	0	188	510	16	65	160	5
ENSG00000271698	0	0	0	22	29	0	12	11	0
ENSG00000283149	0	0	0	0	0	0	0	0	0
SPON2	1	2	0	226	535	29	90	193	7
PUM3	1	2	0	318	978	54	126	315	7
METAP1D	0	1	0	140	377	10	39	131	5
PRG2	0	2	0	92	253	19	27	91	7
DHRS7	0	0	0	159	376	27	50	114	10
KRT84	0	5	0	312	750	28	127	307	7
CERS1	0	0	0	231	413	9	78	156	2
PPM1H	3	2	0	286	546	19	103	170	3
MAP3K7CL	0	0	0	63	165	8	21	58	3
BLTP1	0	11	1	1865	4243	166	600	1166	24
CYP3A43	1	1	0	187	544	17	74	181	7
TCTA	0	0	0	60	112	8	20	25	4
SH3GL3	0	0	0	154	333	15	60	92	5
SEL1L	1	2	0	362	703	20	126	203	2
RAB13	0	0	0	99	181	6	28	66	5
FNDC1	0	5	0	1061	2461	72	359	835	13
THPO	0	1	0	183	351	10	66	117	3
PSEN2	1	1	0	240	468	10	100	164	4
GOLGA6L6	0	0	0	203	597	68	40	164	16
ELP2	0	1	0	313	918	52	104	289	15
SH3BP5L	1	3	0	225	442	17	66	128	3
CYP11B2	0	0	0	290	642	32	99	226	7
PSME1	1	0	0	102	233	9	35	72	2
PRSS57	1	2	0	192	408	20	71	164	8
ENSG00000258864	0	0	0	0	0	0	0	0	0
KRTAP19-6	0	0	0	22	65	6	10	26	2
SEC16A	4	5	0	1323	2947	76	503	998	5
ARHGEF11	2	3	0	684	1550	19	225	551	6
GOLGA8S	0	0	0	0	0	0	52	160	10
MS4A14	1	1	0	270	747	61	109	228	21
YOD1	0	1	0	191	380	13	64	118	2
SIRT1	1	0	0	377	840	24	0	0	0
TTC7A	2	4	0	515	1233	57	197	429	7
SFTPD	1	0	0	164	410	15	0	0	0
ADA2	0	0	0	233	585	13	70	191	4
CGGBP1	0	1	0	73	116	5	20	31	0
NRP2	0	1	0	463	973	34	175	295	5
ENTREP1	0	0	0	310	690	31	100	250	10
ZHX1	0	1	0	310	726	13	98	234	3
ATP5MC1	0	0	0	58	115	2	26	45	0
MLN	0	1	0	66	111	3	25	30	1
PCP4L1	0	0	0	30	73	3	10	24	2
TEKT2	0	3	0	201	475	21	66	171	9
TMPRSS5	0	1	0	200	497	24	88	201	5
PRKACG	0	1	0	185	439	27	58	139	8
LANCL2	0	1	0	211	514	22	87	178	4
ZSWIM5	0	2	1	539	1157	40	170	337	9
ELOF1	0	0	0	44	67	2	23	17	1
H2AC21	0	1	0	121	144	3	38	38	1
GK2	0	0	0	227	596	38	82	188	13
LDHAL6A	0	0	0	137	352	15	50	120	4
RPA2	0	0	0	114	252	3	26	82	0
SFMBT2	0	0	0	437	1023	32	0	0	0
NECTIN2	0	2	0	282	539	13	115	185	3
TESPA1	0	0	0	217	538	19	64	163	12
CDK12	1	3	0	672	1449	11	208	405	4
ADCK1	0	0	0	233	561	23	78	224	9
SLIT2	0	1	0	720	1512	17	235	457	4
TNF	0	0	0	107	188	5	32	71	0
NR4A2	1	5	0	317	524	0	104	151	0
ZDHHC3	0	0	0	138	240	10	48	63	6
TMPRSS7	1	2	1	287	824	49	122	342	14
ENSG00000288684	0	4	0	323	840	55	82	276	12
ENSG00000288564	0	0	0	116	269	18	32	118	3
PIK3R6	1	6	0	391	912	43	144	326	12
TMEM181	0	2	0	242	532	14	88	176	3
TRMT112	0	0	0	76	190	4	31	63	0
FLACC1	0	0	0	158	428	33	58	148	12
PRAMEF6	0	0	0	114	287	19	7	15	1
NDEL1	1	1	0	138	273	12	44	87	3
MAPKAPK2	0	1	0	191	312	7	57	88	1
MYBL2	0	1	0	360	635	14	127	217	4
WDR17	0	4	1	473	1386	73	166	404	21
FHIP1B	1	8	0	544	1013	25	179	348	2
B3GNT8	0	1	0	226	460	23	97	170	11
CFAP300	1	0	0	104	308	15	32	100	5
FCER1A	0	0	0	118	302	19	38	100	7
TXNDC11	1	2	1	553	1255	55	198	431	15
ADAP1	0	4	0	282	472	18	106	159	2
RBM48	0	0	0	158	413	22	46	125	2
AFF1	2	3	1	579	1394	24	204	496	8
METRNL	1	1	0	213	397	7	78	148	1
NOL4L	0	3	0	397	608	5	148	182	2
TM2D1	0	1	0	93	214	5	32	66	2
HSD11B1	0	0	0	125	273	2	43	76	0
NUDT4	0	0	0	72	113	6	19	19	1
MPP7	0	0	1	222	634	24	0	0	0
PSMG3	1	0	0	83	140	3	34	46	0
BIRC2	0	1	0	261	636	8	73	211	3
SLC66A3	0	1	0	103	235	6	38	86	2
EXT2	1	6	0	306	706	28	98	252	12
TKT	2	1	0	343	667	21	125	228	5
RUNX1	1	0	0	250	481	6	85	143	1
SUMF1	0	0	0	215	534	22	78	175	5
ZSCAN5C	0	1	0	0	0	0	102	255	8
BBS5	0	1	0	138	333	12	49	108	5
CHMP2A	0	0	0	126	274	4	45	79	1
ENSG00000271810	0	0	0	0	0	0	0	0	0
EDC4	1	9	0	686	1199	34	228	375	10
LILRB3	1	0	0	317	713	32	114	254	11
FYB1	1	3	0	364	934	18	119	295	3
BBOF1	0	1	0	206	484	43	62	157	7
CCT5	0	1	0	236	536	3	85	168	0
ACTRT3	0	0	0	153	424	17	57	117	8
RPS20	0	1	0	66	94	1	29	19	0
SCGN	1	0	0	103	318	11	37	108	6
PTH	0	0	0	58	127	4	16	35	1
KRTAP6-2	0	0	0	32	94	8	13	40	2
SPATS2	0	1	0	199	515	16	53	180	2
RAB33B	1	0	0	112	249	5	44	65	2
PSMB7	0	0	0	130	259	2	42	76	0
ODF4	0	0	0	113	271	19	35	77	3
FSTL5	0	1	0	355	965	40	117	312	4
OR4C45	0	0	0	0	0	0	0	0	0
ITPRIP	1	1	0	329	632	28	0	0	0
RPS27L	0	0	0	35	74	2	5	22	0
GPR55	0	2	0	179	348	13	61	106	6
TMED8	0	0	0	132	349	15	47	110	3
TLDC2	0	0	0	103	240	6	31	94	1
CBY1	0	0	0	63	153	6	17	57	2
ZNHIT2	0	1	0	303	568	20	125	198	7
RILP	1	1	0	271	591	23	95	192	9
ARFIP1	0	0	0	145	340	13	44	114	4
FOXJ1	1	0	0	249	487	1	89	176	0
KLHL7	0	4	0	252	381	26	81	71	8
KCNJ11	0	0	0	197	379	12	65	133	0
CD59	0	1	0	59	137	4	19	38	1
SLC35F2	0	0	0	171	378	18	67	117	3
ADD2	1	1	0	360	730	14	135	220	3
TMEM139	0	0	0	96	255	10	33	83	2
TRIOBP	3	5	0	1117	2720	135	386	991	31
TRIM72	2	1	0	270	601	29	116	210	10
DBR1	0	0	0	213	616	29	71	169	6
CRYGN	0	0	0	84	212	8	25	68	2
HLA-DQB1	0	4	0	131	284	21	29	72	2
ELOVL1	0	2	0	122	232	7	46	60	1
CCDC83	0	0	0	167	482	29	58	164	6
PSAP	0	3	0	268	581	17	0	0	0
OOSP1	0	1	0	0	0	0	29	62	6
MOXD1	0	0	0	284	771	43	88	241	14
UBE2I	0	2	0	105	50	2	42	12	0
SLAMF7	0	0	0	158	390	17	64	116	5
CBX4	1	1	0	364	597	3	131	204	0
ZNF397	1	2	0	211	579	29	78	177	3
HRG	0	1	0	227	580	32	63	188	11
RNASEL	1	1	0	302	798	30	100	271	7
L1TD1	0	0	0	411	1065	69	140	368	17
RNF139	0	1	0	291	607	16	87	202	4
PRKCD	0	1	0	319	583	8	116	160	1
LAMTOR2	1	0	0	61	94	5	20	23	1
ENSG00000288712	0	0	0	0	0	0	3	11	0
MTPAP	0	0	1	224	599	20	0	0	0
PDCL3	0	1	0	93	260	12	30	103	4
FYTTD1	1	0	0	138	338	10	43	115	2
PGM2	1	0	0	256	674	43	84	217	13
GFAP	0	8	0	227	410	21	80	172	4
CPOX	1	2	0	252	575	20	80	171	5
RSL24D1	0	0	0	59	183	2	19	67	0
TLCD5	0	0	0	103	260	11	40	98	1
DNAL4	0	0	0	46	107	6	17	46	1
RGPD3	0	0	0	540	1571	103	153	444	25
SORCS2	4	0	0	786	1553	52	281	514	4
OR5A2	0	1	0	145	382	9	48	108	3
TMEM154	0	1	0	73	221	12	19	78	4
AADAT	1	3	0	173	363	10	57	80	2
ADGRF5	0	1	0	643	1434	49	239	440	9
CASP5	0	2	0	185	489	24	71	143	8
THEMIS	0	0	0	269	741	36	80	269	5
KIAA0753	0	0	0	375	1098	58	126	368	22
CALM1	1	2	0	45	26	0	16	4	0
TXNRD1	0	0	0	0	0	0	0	0	0
MMP14	1	2	0	282	572	15	112	222	1
KHDC1L	0	0	0	58	146	5	22	57	4
C17orf78	0	1	0	106	261	21	31	69	5
REEP6	0	1	0	123	268	9	53	93	3
TNFRSF10A	2	1	0	253	612	29	89	223	9
KCTD11	0	0	0	145	322	8	42	102	0
COA5	0	0	0	47	73	3	14	29	1
NPAS4	0	1	0	424	849	5	147	270	1
CHRNB3	0	1	0	209	486	21	75	158	5
ANKFY1	0	1	0	549	1132	21	208	353	6
LRRC59	0	0	0	128	292	9	41	94	2
MAPRE2	0	0	0	141	152	7	58	51	1
ARL9	0	0	0	103	287	16	30	90	4
RRP12	2	2	0	702	1453	41	0	0	0
TIMM23	0	0	0	94	210	9	0	0	0
KCNA4	1	4	0	320	559	9	110	193	1
FOXF2	0	1	0	329	610	8	119	194	1
HSD17B6	0	1	0	123	365	23	40	118	7
TBCE	0	1	0	226	544	28	88	181	8
TCHP	0	0	0	208	579	50	84	216	16
SEMA6D	3	2	2	465	1079	20	165	345	7
NUDT7	0	1	0	119	373	13	45	116	4
OR5AN1	0	1	0	156	418	23	51	134	4
IRX4	0	1	0	366	773	28	132	242	7
OR11H2	0	0	0	148	395	20	38	93	5
TMEM150B	0	0	0	145	316	24	49	107	8
H2AC15	0	1	0	114	216	12	39	83	1
LRRN4	2	2	0	439	960	38	124	334	10
NOMO3	0	0	0	236	553	22	35	75	2
GMPPA	1	1	1	203	443	19	72	156	9
COMMD3	0	0	0	118	273	7	0	0	0
KPNA2	1	1	0	239	544	10	74	159	1
TSPO2	0	0	0	85	171	11	24	55	3
STK16	1	0	0	144	343	18	48	107	5
TMEM80	0	2	0	84	160	6	40	58	3
IRF2	1	2	0	150	287	3	49	85	0
DMGDH	0	0	0	358	898	49	113	276	19
ENSG00000285978	0	0	0	42	69	1	22	42	3
CXCL10	0	0	0	32	97	3	6	41	0
PPARD	0	2	0	207	355	7	75	109	0
IFT88	0	1	0	287	874	36	88	254	8
SHC4	1	1	0	306	709	24	101	230	11
ANAPC7	0	1	0	237	486	13	76	123	6
SENP8	0	1	0	93	200	6	35	57	1
ANXA13	0	0	0	163	411	20	67	137	6
PRM2	0	1	0	60	171	5	25	66	3
ZMYND19	0	1	0	124	208	10	40	65	1
PRR4	0	0	0	59	163	15	21	57	5
C4orf17	0	2	0	146	376	18	47	114	5
ZNG1C	0	0	0	40	133	8	5	14	1
COQ3	0	1	0	164	404	21	56	135	7
TRIM6	0	2	0	229	619	37	70	206	17
ZSCAN20	0	2	0	426	994	31	136	315	12
WFDC2	0	1	0	76	163	6	26	60	1
KDELR2	0	1	0	126	246	7	46	77	1
NPVF	0	3	0	70	236	13	24	84	5
SPAG8	0	0	0	223	541	28	75	178	9
LMNA	0	3	0	324	582	12	110	191	4
NDUFA10	0	1	0	183	416	17	61	138	6
FLRT2	0	3	0	367	689	9	120	223	1
ST3GAL3	2	0	0	190	311	16	66	117	2
MED28	1	0	0	116	258	24	41	81	6
ENSG00000276490	0	0	0	149	438	20	0	0	0
WFDC9	0	0	0	26	82	5	10	23	1
CLEC4D	0	0	0	95	256	14	33	89	6
COL2A1	1	11	2	680	1280	9	264	420	2
PTTG1IP2	0	0	0	0	0	0	21	72	3
NADK2	0	1	0	209	438	21	80	126	8
SPRY2	0	0	2	149	330	10	61	96	1
ENSG00000263620	0	4	1	65	83	0	29	29	1
AKAP12	1	3	0	795	1932	44	324	624	5
ELAC2	0	1	0	458	1055	44	157	332	17
CLCA2	0	1	0	402	1039	57	140	310	19
FOLH1	0	0	0	291	690	32	90	186	8
THRB	0	1	1	201	300	11	73	77	0
MED31	0	1	0	52	124	9	17	31	0
SAT2	0	1	0	75	183	16	19	50	5
SPG7	0	5	0	542	1174	40	205	425	17
STK32A	0	1	1	169	431	22	53	151	8
GPR27	0	1	0	352	445	4	126	141	0
NKD2	3	0	0	278	590	29	120	236	5
LNPK	0	0	0	146	436	15	59	134	4
MOG	0	0	0	81	245	10	28	70	3
TUBGCP5	0	2	0	436	1064	61	165	327	17
OR9A2	1	1	1	147	330	18	51	112	5
FMNL3	0	2	0	471	960	31	174	310	4
TPSAB1	0	0	0	168	383	20	37	83	8
ATP8B3	1	2	0	738	1713	80	270	629	21
YBEY	0	0	0	99	216	9	27	56	1
SPECC1L	0	1	0	481	1046	31	167	327	13
SFXN5	0	0	0	193	415	12	78	137	4
SMARCC2	4	5	0	600	947	7	222	268	2
COL27A1	2	10	2	983	2177	42	367	768	3
ZNF660	0	0	0	108	347	17	33	107	8
SCMH1	0	1	0	276	590	21	88	182	6
KLRF1	0	0	0	85	242	15	33	73	4
AATK	2	4	0	1007	1883	46	413	693	7
SPRR2F	0	0	0	33	80	3	20	21	1
RPS12	0	2	0	72	153	0	28	45	0
CHRNA6	0	0	0	206	510	31	65	162	8
CAMSAP1	1	2	1	861	1766	44	352	614	6
SLCO1B1	0	2	0	275	874	50	85	288	14
NLGN2	1	8	1	523	706	3	202	213	3
FOXI1	0	2	0	204	463	8	77	151	3
CCDC170	1	0	1	287	786	51	84	246	15
AP2B1	1	2	0	397	556	14	118	129	1
NR1H2	0	2	0	303	549	19	111	184	1
KCNA2	0	7	0	220	286	7	59	70	0
SLC29A2	1	2	0	237	486	15	80	168	5
YTHDC1	0	1	0	299	568	7	102	165	2
TRAF3IP1	0	1	0	299	753	27	113	254	6
H3C2	0	4	0	151	129	11	63	30	3
GNB2	2	8	0	251	278	3	103	57	0
DNAJC25-GNG10	0	0	0	93	199	8	41	57	2
SLC5A1	0	1	0	296	611	18	103	181	11
HEATR5A	0	6	0	841	2221	108	275	705	27
SEMA4G	0	1	0	399	881	29	0	0	0
BRSK1	0	1	2	441	662	10	170	177	1
GPR158	1	2	0	563	1353	49	0	0	0
LRIG3	0	5	0	486	1178	40	161	368	14
THNSL1	1	1	0	282	816	48	0	0	0
SPOCK1	0	3	0	227	474	11	79	147	3
MFNG	0	0	0	156	344	13	55	131	5
POTEJ	0	0	0	328	871	42	72	221	4
SFRP2	0	0	0	167	331	18	66	99	2
REP15	1	0	0	102	226	13	33	80	7
ENSG00000289724	0	0	0	0	0	0	0	0	0
PTBP3	1	3	0	205	479	12	66	135	0
MAML3	0	2	0	476	1190	20	166	390	0
CCDC78	2	1	0	277	681	34	101	243	13
GET4	1	5	0	260	516	7	119	165	1
IWS1	1	1	0	317	804	20	105	207	2
IDH3A	0	0	0	155	286	7	54	79	1
ABCC11	0	5	0	594	1489	69	219	534	28
RTKN2	1	1	0	235	680	45	0	0	0
RPP21	1	1	0	103	191	14	36	68	4
PAX2	1	0	0	223	386	2	0	0	0
FSHB	0	0	0	62	147	6	17	36	3
GLYATL3	0	0	0	156	362	22	47	113	9
DCAKD	0	1	0	133	267	12	53	101	1
CEP170	0	0	0	542	1308	25	149	392	3
PRPSAP1	1	0	0	202	404	11	75	127	5
ENSG00000289747	0	0	0	0	0	0	105	164	9
MCIDAS	0	1	0	231	466	18	71	125	1
FCGR2B	0	0	0	94	240	9	49	80	3
ZBTB42	0	1	0	252	535	18	85	163	4
KIAA0232	1	2	1	612	1445	27	202	419	5
PTPRM	1	3	0	657	1409	27	213	438	2
MSL1	0	2	1	356	645	3	109	176	0
CDH11	1	2	0	417	806	6	153	258	1
EIF4A1	0	1	0	235	216	6	95	45	1
WDR55	0	2	0	158	418	20	49	136	5
COL6A5	1	7	0	1031	2814	130	336	868	43
MRPL12	0	1	0	122	243	4	52	96	1
TSPAN15	0	1	0	141	294	5	0	0	0
CLEC2A	1	0	0	77	207	8	20	54	0
REEP4	1	0	0	161	315	12	54	117	2
ITPRID2	2	6	1	506	1424	41	178	455	7
MCL1	1	1	0	247	505	1	77	177	0
PPP2R1B	1	0	0	245	650	26	70	205	9
GRIN2C	2	0	1	574	1131	33	296	511	14
GMFB	1	1	0	59	131	3	26	37	1
USP53	0	1	0	376	1061	51	124	350	18
NYNRIN	3	5	0	975	2037	65	338	628	21
SELENOK	0	0	0	0	0	0	0	0	0
FOXG1	0	22	12	363	374	0	117	112	0
TIMM50	1	2	0	206	412	18	71	133	10
CDH20	0	2	0	437	940	16	147	297	3
IKZF1	0	1	0	260	414	8	99	127	0
BATF2	0	0	0	133	293	14	45	104	5
SLC9A4	0	1	0	394	985	51	131	341	17
DPM2	0	0	0	48	85	4	16	35	1
VASP	2	1	0	219	435	8	93	146	2
CENPK	0	0	0	113	256	18	37	74	6
COL8A2	3	2	0	415	721	15	158	251	3
CERS4	1	1	0	235	500	33	76	177	12
SERF1A	0	0	0	0	3	0	0	0	0
SPCS2	0	0	0	78	193	8	20	47	1
METTL22	0	0	0	227	607	30	95	215	8
USP39	0	0	0	282	555	20	104	185	2
SFRP1	0	1	0	187	337	11	48	95	2
SPART	0	2	0	267	678	23	107	231	5
ARMC7	0	1	0	126	242	7	42	80	5
SLC6A20	0	1	0	304	652	36	133	223	12
AMPD1	0	2	0	295	834	41	97	321	15
MEPE	0	0	0	197	590	16	63	198	4
PUS3	1	2	0	182	525	32	51	179	7
TMTC3	1	1	0	328	836	39	106	196	8
CCDC201	0	0	0	0	0	0	26	84	6
TMCC3	0	1	0	214	511	22	76	155	8
SIPA1L1	1	3	1	803	1805	20	283	511	3
KLHL6	1	3	0	316	660	18	118	190	10
B4GALT1	0	3	0	203	412	9	76	147	1
ENSG00000257767	0	0	0	0	0	0	0	0	0
ABHD2	0	1	0	228	339	9	81	92	4
IKZF3	0	2	0	184	443	10	66	128	0
ITGBL1	0	1	0	215	638	40	79	185	9
OR10J3	0	2	0	144	434	17	50	133	7
SERPINB2	0	2	0	192	512	23	60	167	8
ADH4	0	0	0	161	460	14	41	156	1
KCNC2	0	4	0	374	556	11	128	154	1
GPR15	1	2	0	173	426	16	60	131	6
RPS6KC1	1	1	0	421	1098	31	123	353	9
PRKAA1	1	1	0	228	408	17	78	123	4
CD244	2	1	0	159	367	16	56	133	5
SSU72L1	0	0	0	0	0	0	4	19	4
GHDC	0	1	0	267	557	34	108	206	6
MBLAC1	0	0	0	164	333	12	59	111	3
ZNF614	0	0	0	219	617	30	74	187	10
MICALL2	3	3	1	654	1425	66	263	550	24
OGFRL1	1	1	0	215	469	22	78	139	5
CEP68	0	2	0	399	901	19	116	315	4
FAR1	0	0	0	211	336	17	60	98	3
SPSB1	0	2	0	159	205	3	62	53	0
IFT27	0	1	0	84	193	16	33	59	3
GBP1	0	0	0	273	640	41	95	227	14
DECR1	0	0	1	135	393	14	43	112	2
ZNF610	0	0	0	195	493	28	59	158	10
SIGLEC14	0	0	0	128	348	22	29	87	1
CEP97	2	0	0	343	870	30	116	278	13
MUC20	0	0	0	211	511	9	80	162	4
LRTOMT	0	1	0	148	336	21	56	128	4
TBC1D13	1	1	0	177	371	11	65	102	5
EMC10	1	0	0	159	359	13	75	132	5
DHRS2	0	4	0	158	402	7	70	156	4
MYO1A	2	1	1	460	1093	71	139	408	30
BEGAIN	1	3	0	414	706	7	160	217	0
PTPN14	2	2	1	603	1155	33	224	406	9
ZNF426	0	0	0	255	582	35	81	198	11
KCNJ18	0	0	0	0	0	0	90	214	9
ZNF652	1	1	0	239	564	6	79	168	1
OR4F29	0	0	0	0	0	0	0	0	0
KRT33B	0	1	0	223	495	29	85	190	8
UBALD1	0	0	0	127	185	4	55	53	1
USP17L30	0	0	0	0	0	0	0	0	0
GLB1L	0	1	0	295	755	31	121	244	12
ENSG00000288681	0	0	0	0	0	0	0	0	0
OR4C11	1	2	0	145	455	20	48	141	8
RNF152	0	0	0	108	241	10	44	98	2
CHD9	2	8	1	1127	2583	41	365	732	7
LEMD1	0	2	0	96	202	10	25	67	3
SPRR2A	0	1	0	37	73	7	7	23	1
KIF11	1	4	1	411	756	5	0	0	0
CBLIF	1	2	0	187	409	18	56	120	0
STAT4	1	2	0	288	553	20	79	159	4
OR8H2	0	0	0	163	410	15	45	140	3
RNF17	0	4	0	614	1508	5	199	482	1
IPO11	0	1	0	417	991	30	110	274	9
PNP	1	0	0	111	303	10	40	85	3
ZSCAN10	1	6	0	525	1010	33	186	345	10
RAB37	0	0	0	127	236	9	48	101	3
TMEM200A	1	1	0	188	501	11	77	163	2
BTBD19	1	0	0	163	325	9	61	96	8
NEUROD1	0	0	0	184	432	6	58	137	5
TMED3	0	0	0	117	238	12	39	82	5
OCIAD1	1	0	0	104	249	15	36	86	7
CD8B2	0	0	0	0	0	0	51	101	1
RASGEF1B	0	2	0	182	453	18	74	142	5
HNF4G	0	1	0	182	494	14	63	144	4
SMARCB1	0	7	0	196	219	3	63	51	1
TMCO6	0	4	0	251	498	31	80	182	10
CSMD3	2	2	1	1620	4037	94	544	1197	25
CCT6A	0	0	0	264	498	2	79	148	0
CLDN20	0	1	0	96	243	7	35	69	2
BORCS7	0	1	0	63	136	9	0	0	0
CORO7-PAM16	1	2	0	642	1327	48	256	487	16
OR11H1	0	0	0	121	339	13	27	55	2
GPR88	2	1	0	317	392	13	102	106	1
SDHAF4	0	0	0	50	129	6	20	49	4
STX17	0	0	0	95	285	14	22	85	4
OR51B2	1	0	0	158	397	16	50	148	1
KCTD6	0	0	0	97	151	5	24	27	0
MXD3	1	0	0	138	267	13	42	101	5
ZBTB6	1	0	0	166	363	11	41	98	1
STOML3	1	1	0	131	353	18	39	106	4
CPLX4	0	0	0	58	180	6	21	50	5
DDIT4L	0	0	0	79	228	15	29	75	8
RIDA	0	0	0	47	149	8	15	54	3
PLCL2	0	3	0	427	758	5	162	270	2
C10orf71	0	2	0	704	1696	68	0	0	0
PRKD2	3	2	0	504	764	13	185	212	2
FBXO6	1	1	0	137	337	20	38	120	7
LMO7	3	1	1	689	1833	62	235	615	21
SULT1A4	0	0	0	35	60	3	1	5	0
GNMT	0	2	0	144	313	15	53	107	1
ZSCAN29	0	0	0	330	913	48	105	287	15
OSTF1	1	2	0	92	213	5	34	72	2
SOCS3	1	2	0	145	202	2	51	46	0
TSHZ2	1	1	0	511	1150	11	192	379	3
LYG1	0	1	0	71	206	11	22	63	5
EPHB1	0	2	0	495	948	18	164	315	2
SLC25A11	0	1	0	169	287	5	76	74	0
NUDC	1	1	0	145	330	5	52	104	1
TNFSF10	0	0	0	102	300	11	38	96	5
CAMKK1	0	1	0	241	532	14	91	184	1
RPL17	0	0	0	82	155	2	33	41	1
DAZAP2	1	0	0	76	188	2	25	44	0
ERMP1	0	0	0	544	1269	47	155	363	10
CCDC169-SOHLH2	0	1	0	203	465	11	70	136	4
RSPH9	0	0	0	142	334	15	50	119	3
NOSIP	1	0	0	186	332	10	63	89	4
CRHR1	0	0	0	189	373	17	71	130	2
SNX9	0	0	0	234	543	16	89	168	1
APOA2	0	0	0	34	94	6	12	30	2
SPTA1	3	5	0	1129	2961	112	382	1014	25
PNPT1	0	0	0	349	922	21	124	279	3
GCLC	0	1	0	262	513	24	77	122	5
GPR68	0	0	0	264	467	15	85	139	6
MEX3C	0	0	1	397	752	13	149	232	0
ESF1	1	4	0	327	878	40	109	286	7
ATF4	0	0	0	247	578	17	91	193	2
ESRRG	1	4	0	200	361	5	80	98	2
RAN	0	1	0	134	54	0	47	9	0
E4F1	1	2	0	495	953	18	195	312	3
KIAA2012	0	2	0	451	1191	64	171	413	15
ZNF723	0	0	0	0	0	0	62	177	9
KIR2DL3	0	0	0	221	578	28	84	224	9
CABS1	0	1	0	184	470	13	54	150	1
POTEE	0	0	0	405	962	33	143	335	11
CES5A	1	2	0	290	717	34	123	238	13
LRRC3B	0	0	0	113	186	4	35	46	0
GPATCH8	1	3	0	664	1561	18	221	486	1
ZNF221	0	2	0	219	615	39	67	193	16
NUP133	0	1	0	491	1148	35	160	362	8
CELF4	0	0	1	254	391	3	93	107	1
DPYSL5	2	5	0	278	446	3	98	110	2
IRAK1BP1	0	1	0	117	324	18	31	105	7
CNN2	0	4	0	193	399	14	74	125	3
ZNF432	0	0	0	239	703	39	76	220	18
MC5R	0	0	0	146	398	17	57	132	5
LRCH1	0	3	0	340	738	17	101	228	3
SPATA31C2	0	0	0	569	1527	60	201	534	20
MRPL36	0	1	0	84	151	3	21	52	0
ANTXR1	1	1	0	248	477	10	107	156	1
UBE2D2	0	0	0	49	43	0	12	6	0
QDPR	1	1	0	138	288	10	38	98	1
TIMD4	1	1	0	188	431	12	77	160	3
LAX1	1	0	0	157	453	19	55	139	6
H4C7	0	1	0	63	153	7	29	47	5
CIR1	0	0	0	177	378	27	65	110	11
SPDYE8	0	0	0	0	0	0	0	0	0
MSL2	0	4	0	284	502	2	75	135	0
ZSCAN25	2	0	0	266	558	32	103	178	5
SPTSSB	0	0	0	24	81	4	6	32	2
CNPY1	0	0	0	46	113	6	23	53	3
CLSTN3	0	2	1	462	1002	19	169	361	4
CLN3	0	1	0	225	473	27	89	148	4
ARF6	0	0	0	138	68	1	43	11	0
LINS1	0	0	0	327	881	40	107	291	8
CD82	1	0	0	135	321	19	46	115	8
ZFHX3	5	11	4	2174	4468	40	850	1462	7
CYP4F2	0	2	1	276	580	27	103	225	11
LGALS1	0	0	0	61	172	5	25	57	2
ANKRD23	1	3	0	175	372	20	63	121	7
KIF2A	1	5	0	257	450	8	70	108	0
NUP62	0	1	0	280	597	0	115	223	0
RGPD6	0	0	0	22	36	2	2	2	0
MCHR2	0	0	0	134	328	20	41	108	6
COG3	0	0	0	364	734	11	120	212	1
CRIM1	1	6	0	539	1263	13	204	397	3
SDR39U1	0	0	0	133	375	16	46	119	5
EID2	0	0	0	120	265	4	35	89	0
S100A7A	0	0	0	51	155	3	22	56	0
PRKDC	3	11	0	1856	4074	22	617	1299	5
INO80E	0	1	0	155	310	7	61	102	2
OR1J1	0	1	0	150	393	14	52	112	5
EYA1	1	1	0	261	586	5	84	167	1
NAT10	0	1	0	477	1102	53	152	361	17
MRLN	0	0	0	0	0	0	0	0	0
IGSF9B	3	2	0	848	1592	35	338	524	8
ZWILCH	0	0	0	241	624	24	88	209	8
STAT3	0	5	0	309	336	4	102	95	0
ADCY10	3	6	0	649	1602	92	197	528	23
TLN1	2	7	0	1112	2137	26	384	628	6
UPF2	1	1	0	528	1034	4	0	0	0
IL17RE	0	0	0	346	753	28	110	229	8
SNAPC1	0	1	0	172	419	23	61	121	7
ZNF223	1	1	0	143	476	31	48	163	10
KCNQ2	0	55	0	564	742	11	215	235	3
SOX6	0	2	2	356	734	3	120	248	2
PRORP	0	0	0	215	618	31	68	176	8
TAF1C	3	3	2	589	1273	61	213	492	9
SPATA31A1	0	0	0	516	1372	75	103	235	11
DNAJC2	0	1	0	210	529	14	67	148	3
SPATA31A3	0	0	0	392	919	38	22	69	2
PCDH20	0	1	0	467	1059	25	157	326	7
PDE8A	1	2	0	349	917	30	113	318	8
SERPINA1	0	1	0	218	527	15	88	171	3
HMGXB3	2	3	0	591	1310	44	182	387	0
CYP3A7-CYP3A51P	0	0	0	199	524	25	67	182	7
ATPAF1	0	0	0	147	328	9	56	109	1
KDM8	0	1	0	222	425	20	86	149	5
IDNK	0	0	0	87	206	9	32	77	3
SH2D4B	0	1	0	190	511	35	0	0	0
SPACA7	0	0	0	79	183	16	27	68	5
PPIL2	0	6	0	254	544	20	89	186	7
USP17L29	0	0	0	0	0	0	0	0	0
PINK1	1	1	0	344	703	42	135	260	11
DUSP23	0	3	0	93	207	12	30	84	6
GDF6	0	0	0	276	551	5	93	157	0
ENSG00000285269	0	0	0	0	0	0	0	0	0
LIN37	0	1	0	97	251	13	47	95	3
FAM174C	0	0	0	142	260	10	71	101	4
ABHD16A	0	8	0	232	527	26	74	149	5
BRAP	1	0	0	264	515	21	91	188	4
POMGNT2	2	2	0	311	635	28	114	221	2
TARDBP	0	0	0	179	195	4	60	47	0
PLEKHG1	0	1	0	615	1401	30	221	464	6
SESN1	0	0	0	213	524	17	81	160	9
BEND3	1	2	0	469	836	12	206	300	4
RAPGEF5	1	3	0	394	939	31	129	297	4
SLX4	3	5	0	1001	2348	95	409	844	20
VIPR2	0	0	0	251	513	34	88	174	8
MTUS2	3	4	0	653	1501	22	231	531	3
PLPPR5	0	0	0	163	290	10	52	95	2
LYSMD2	0	0	0	97	246	8	33	62	1
ZNF599	0	0	0	216	613	39	79	223	16
NCKAP1	0	2	0	454	866	2	149	207	0
FMO4	0	0	0	215	570	37	61	173	13
SOX1	1	2	0	410	536	4	152	155	1
TMEM275	0	0	0	0	0	0	52	86	2
CEP95	1	5	1	336	988	60	120	300	19
GHRHR	1	0	0	265	507	17	104	188	4
ARAP1	3	5	0	744	1499	36	298	526	6
DSCC1	0	2	0	151	363	18	46	107	4
RNASE8	0	1	0	71	157	7	25	48	4
PRPF31	0	2	0	289	389	3	109	120	0
FASTKD1	1	0	0	325	886	44	108	286	17
STRA6	0	2	0	355	688	21	129	244	3
RASAL2	0	4	0	569	1218	33	184	407	5
COL17A1	2	3	0	686	1727	60	0	0	0
B3GNT2	0	1	1	182	375	12	63	113	3
CBX6	0	0	0	293	443	0	120	130	0
AKTIP	0	0	0	109	276	4	32	79	0
USP3	0	1	0	232	448	7	74	138	1
LMLN	0	0	1	301	637	34	105	188	16
OR51A2	0	0	0	115	274	14	27	84	6
ATP1A2	1	14	0	463	681	21	191	170	7
CGB8	0	0	0	79	178	6	5	27	1
CDC40	0	1	0	226	456	9	68	135	2
KCNAB1	0	1	0	162	380	19	47	114	2
ENSG00000235007	0	0	0	18	38	2	17	26	1
OR6C70	0	0	0	134	411	13	51	135	4
AVEN	0	1	0	201	560	34	70	177	15
MED21	0	0	0	73	146	9	22	43	5
CYLC2	1	0	0	146	455	22	54	151	1
GAPVD1	3	3	0	623	1358	23	202	394	2
MFSD1	1	2	0	207	501	23	64	139	8
PRNP	1	0	0	115	252	15	39	84	4
PPM1F	0	1	0	222	470	18	91	161	5
GALR3	0	0	0	306	571	29	105	196	5
BARHL2	2	3	0	233	447	7	78	168	1
MDH2	2	1	0	172	408	7	74	137	2
RPS6KL1	0	1	0	269	607	25	98	209	6
RBFOX1	2	3	0	320	558	9	108	172	1
PRELID3A	0	0	0	88	217	8	21	65	1
UBE2T	1	1	0	75	168	15	23	54	5
MRPL37	0	0	0	204	494	27	73	166	8
SOX30	0	1	0	405	905	12	130	292	1
CEACAM1	0	0	0	246	520	20	60	162	7
DVL1	4	2	0	562	1098	23	224	443	5
EHBP1L1	0	1	1	808	1806	60	260	615	21
CHD8	0	9	11	1073	2021	17	327	580	2
GNAT2	0	0	0	139	328	18	45	126	4
CRISP1	2	0	0	113	347	30	46	116	8
CHMP4B	0	1	0	112	159	1	40	32	0
SHISA6	2	2	0	370	637	15	133	222	2
PAX9	0	0	0	200	418	4	61	119	2
DEFB107A	0	0	0	8	42	0	0	0	0
COQ2	1	1	0	204	463	22	62	152	5
MBOAT2	0	1	0	204	411	15	70	119	2
DCN	0	0	0	172	393	14	69	106	2
DST	0	6	1	3029	7680	173	961	2281	32
KCNRG	0	0	0	100	295	17	24	99	5
KRTAP4-4	0	0	0	92	187	11	38	52	4
EEIG2	0	1	0	130	316	11	47	92	4
EIF1	0	0	0	66	66	1	23	11	0
PDE9A	0	5	0	257	594	25	115	210	4
BCDIN3D	0	1	0	122	323	16	46	98	6
SRP9	0	0	0	35	64	1	15	17	0
PMPCA	2	1	0	336	720	18	118	227	4
ZNF396	0	2	0	112	301	20	36	99	7
EVC2	1	8	1	751	1667	89	292	604	38
KDM4D	0	0	0	233	405	17	65	132	2
EARS2	1	0	0	281	595	34	86	212	6
QRICH1	0	2	6	341	588	6	129	142	1
BCKDHA	1	1	0	223	475	25	77	179	9
ZNF462	4	6	1	1174	2287	7	405	691	0
PLVAP	0	2	0	222	509	20	94	177	3
DEFB112	0	0	0	37	116	9	19	48	1
ENSG00000259132	0	0	0	0	0	0	0	0	0
TMEM238L	0	0	0	0	0	0	15	27	1
NOTCH3	1	6	1	1332	2589	46	473	839	5
OR1M1	0	1	0	152	378	11	59	134	3
F2R	0	0	0	181	395	12	47	125	8
E2F1	0	0	0	251	384	0	84	141	0
S1PR3	0	0	0	205	406	11	77	147	3
IFT122	0	1	0	575	1286	60	195	460	19
ENSG00000283580	0	0	0	71	165	4	22	51	2
MIER2	0	1	0	352	664	13	159	233	3
GPAA1	0	2	0	381	731	37	119	239	12
NDRG4	0	1	0	179	379	8	67	117	5
ZNF496	0	4	0	334	611	8	103	200	1
STOM	0	0	0	111	272	13	33	83	2
C2orf81	0	0	0	356	725	41	111	255	13
RAB2A	0	2	0	82	87	2	30	33	0
SAYSD1	1	2	0	109	240	15	38	83	6
SHISA8	0	0	0	296	552	14	112	174	2
RBL2	1	1	1	457	1121	31	147	375	1
BTN3A1	0	2	0	198	509	18	64	160	6
CNPY4	0	0	0	123	292	20	43	92	8
SLC24A3	1	3	0	323	637	8	124	199	1
WDR18	0	2	0	299	566	11	101	215	3
MIS18BP1	1	2	1	392	1213	47	132	376	12
H2BC13	0	0	0	112	173	10	35	55	5
SLC35A5	1	1	0	174	458	21	59	143	4
ZCCHC2	2	1	0	656	1422	24	255	453	1
DROSHA	0	2	0	528	1120	42	189	345	7
PXMP2	1	0	0	127	290	8	38	105	3
DMXL1	3	7	0	1333	3518	61	443	1108	11
CKLF-CMTM1	0	0	0	75	167	8	26	53	4
CCDC144A	0	0	0	424	1033	66	113	306	15
ASCC2	1	0	0	360	786	18	148	266	4
GDAP2	1	1	0	228	487	23	73	144	5
IGSF21	0	0	0	273	587	14	100	201	3
MBD3L3	0	0	0	0	0	0	19	53	0
MCOLN3	1	1	0	182	512	29	63	161	11
SGSM2	2	2	1	581	1255	38	219	486	7
PDK4	0	1	0	172	468	25	57	140	9
SLC25A45	1	0	0	141	324	12	60	113	1
ADAMTS15	1	2	0	551	1161	31	204	377	4
UBE2S	1	2	0	147	241	5	55	80	0
GJA10	0	2	0	222	636	41	75	206	12
ORC2	2	0	0	194	490	13	67	165	3
CCSAP	0	0	0	149	279	11	41	76	1
CIB1	0	0	0	98	207	5	34	73	3
CACNA1E	4	14	0	1066	1738	22	370	556	3
ADGRA1	2	0	0	359	680	15	0	0	0
DDIT3	1	0	0	82	204	12	19	62	4
D2HGDH	2	2	0	313	649	17	126	227	6
FSIP2	2	7	0	2522	7344	316	741	2191	74
ARHGAP19	0	2	1	199	529	23	0	0	0
APH1B	0	1	0	125	292	20	46	119	7
DHX40	0	1	0	259	505	17	67	137	3
STRIP1	2	0	1	389	848	27	132	257	4
FAM170A	1	0	0	154	396	27	41	130	9
FHIP1A	2	3	0	475	1073	45	168	357	10
LCN9	1	0	0	87	187	9	33	73	2
ENSG00000289760	0	0	0	6	20	1	6	13	0
CALML4	0	0	0	97	174	9	34	68	3
IRF8	0	3	0	264	445	12	104	134	2
ADGRG6	3	4	0	495	1263	44	153	389	8
OR6C68	0	1	0	167	408	12	53	127	3
FHIT	1	2	0	96	242	13	39	87	3
PPIAL4E	0	0	0	1	1	0	0	0	0
GRIA2	1	9	0	415	534	5	148	123	1
MMP26	1	1	0	118	322	24	41	101	7
AVIL	1	1	0	326	840	65	145	321	15
UBE2Q2	0	1	0	169	419	23	50	123	7
E2F8	0	1	0	359	843	20	115	279	5
PLS1	0	2	0	236	567	21	68	163	5
SALL3	1	4	3	1126	2094	23	445	730	6
ZZEF1	2	5	0	1397	3216	77	495	1039	12
INMT	0	2	0	138	320	14	49	117	4
ZNF25	0	0	0	166	442	22	0	0	0
ENO4	1	1	0	267	679	28	0	0	0
SSTR3	3	0	0	245	462	12	103	176	6
RAPH1	4	3	0	557	1349	19	196	395	2
NUTM2F	0	0	0	304	765	24	71	165	6
STAP2	2	0	0	243	468	23	87	170	10
EIF2AK2	1	3	0	220	500	29	86	142	6
DLEC1	1	3	0	846	1949	81	293	699	25
SLC35A1	0	0	0	128	304	12	53	94	2
CDHR3	0	1	0	416	1031	49	167	342	17
ENSG00000267748	0	0	0	75	179	15	19	68	4
PRKCB	0	6	0	329	459	11	111	116	2
GIN1	2	0	0	207	584	23	72	168	9
PKDCC	1	0	0	341	729	21	109	240	2
TBC1D30	0	1	0	333	772	27	115	246	2
GPATCH11	0	1	0	87	300	19	24	106	9
PSMA1	0	0	0	108	185	0	44	55	1
PAFAH1B3	0	0	0	133	249	15	38	78	4
DRC1	1	4	0	322	773	40	105	278	14
CKS2	0	0	0	35	68	7	10	13	0
IFT172	1	2	0	749	1771	87	242	610	26
RALY	0	1	0	154	318	6	67	115	3
EPHX3	0	1	0	177	403	24	67	144	11
GPR160	0	1	0	128	312	23	43	90	3
OR11H6	0	1	0	137	380	8	39	123	3
KYAT3	0	0	0	147	488	31	43	141	7
STMN4	0	0	0	119	190	5	34	43	1
CALB1	1	0	0	102	201	11	28	52	1
LRP2	4	10	1	1865	4862	101	626	1530	15
ACAP3	0	0	0	594	1121	22	216	372	4
VILL	1	3	0	418	958	42	155	301	18
LIMS1	0	0	0	125	271	11	50	86	5
RNPEP	0	1	0	328	734	33	120	277	14
BCL10	0	1	0	89	213	9	28	53	3
FBXL5	1	0	0	290	646	11	93	172	1
SLC44A2	0	1	0	348	741	18	107	237	6
MATCAP1	0	0	0	242	537	22	80	177	7
ITGA7	2	0	0	533	1243	45	175	429	17
NEK1	1	3	0	487	1284	65	170	426	17
BDH1	0	0	0	183	376	18	85	145	4
EBPL	1	0	0	114	212	19	41	73	7
CCDC77	0	1	0	174	550	34	61	204	17
CHRM5	1	1	0	229	485	19	69	152	0
TMEM44	2	3	0	242	518	20	93	189	7
TMEM229A	1	0	0	252	490	26	84	160	5
SCML4	2	3	0	208	475	19	67	142	5
SAMD9L	0	4	0	616	1530	91	186	443	28
CNTNAP3	0	0	0	389	821	38	134	302	15
ASS1	2	3	0	193	440	18	80	147	5
MOGAT2	1	1	0	176	426	18	58	147	4
HOXC10	0	1	1	185	424	13	61	149	2
NKD1	1	1	0	252	536	9	92	194	0
ORC4	0	0	0	146	466	32	45	153	2
CSN3	0	2	0	78	245	6	27	89	0
KIF26A	2	12	0	1329	2579	37	491	1000	7
IL18R1	0	1	0	223	552	30	78	157	5
TAP1	1	0	0	346	668	41	108	204	7
CENPA	0	1	0	72	123	6	23	42	0
KCNIP2	0	0	0	119	233	9	0	0	0
MRPL53	0	0	0	78	179	5	20	66	1
CCSER1	1	1	0	403	1010	24	95	313	6
GRIP1	2	3	0	495	1110	29	162	344	5
PRDM4	2	1	0	340	771	18	97	229	1
CD34	0	0	0	214	420	15	72	115	4
OSTC	0	0	0	58	155	9	25	41	1
TMF1	2	1	0	467	1111	48	153	339	8
C1orf21	0	0	0	48	97	4	13	38	0
DNAJB11	0	0	0	151	331	17	51	102	2
MTHFD1L	1	1	0	426	1082	36	155	378	7
MGST3	0	0	0	58	134	7	10	36	1
SPPL2C	1	2	0	364	845	25	124	293	10
PCDHB4	0	0	0	464	987	35	174	355	11
GPR21	0	0	0	167	398	9	53	122	2
OR52E4	1	0	0	148	390	21	45	129	7
TSPAN9	0	2	0	143	269	6	45	69	2
CLDN24	0	0	0	102	240	22	40	74	5
ENSG00000262660	0	0	0	262	541	13	116	198	4
CACNG8	0	0	0	346	468	4	126	130	1
POLE2	0	0	0	201	543	18	63	165	4
KBTBD8	2	2	0	243	612	24	83	163	5
RPL27A	0	0	0	77	121	0	18	42	0
SELL	0	3	1	148	395	23	51	131	3
HPGD	0	0	0	92	310	15	32	106	2
TOMM6	0	0	0	41	102	2	14	45	0
METTL18	0	1	0	134	379	23	47	127	4
ZDHHC11B	0	0	0	185	378	11	61	128	4
FMC1	0	0	0	58	121	4	16	42	0
HNRNPA0	0	1	0	230	228	2	74	72	0
GNAO1	1	26	0	149	154	2	66	44	0
VPS25	1	0	0	111	162	9	37	39	3
ZNF404	0	2	0	168	538	32	51	175	3
CCDC13	2	2	0	293	728	49	98	270	9
PCDHGB2	0	1	0	503	1101	41	183	383	12
MAP2K2	3	4	0	225	433	9	95	137	1
OTOP1	0	0	0	354	785	43	123	276	22
GOLGA6A	0	0	0	117	310	20	34	92	2
ANKK1	2	0	0	377	877	36	132	318	13
SH3GL1	1	1	0	265	404	7	113	145	1
GPR26	0	2	0	211	311	9	0	0	0
SDR9C7	1	1	0	140	363	9	45	129	1
NUGGC	1	2	0	367	926	31	140	295	15
NUDT13	0	0	0	140	354	23	0	0	0
GSC	1	1	0	173	331	9	68	101	0
CHMP6	1	0	0	116	250	6	46	85	1
CBLN2	0	0	0	156	242	4	51	72	1
ZNF773	0	0	0	169	498	29	54	164	7
PRAMEF18	0	0	0	95	221	12	70	172	13
PRXL2A	0	1	0	92	233	18	0	0	0
CRHR2	0	0	0	204	461	34	75	143	14
EDEM3	0	2	0	343	978	37	104	294	8
ACE	0	3	0	781	1610	71	265	605	26
DEFB119	0	0	0	27	108	8	8	40	3
CD8B	0	0	0	105	237	9	28	87	3
SRPRB	0	0	0	141	295	13	40	103	2
TMC8	1	0	0	393	877	42	147	330	15
CYP11B1	0	0	0	310	672	25	113	243	8
UBAP1	0	1	0	185	458	4	75	145	1
IRS1	0	2	0	664	1512	32	242	525	5
RPL32	0	0	0	66	125	0	24	39	0
CSRNP2	0	1	0	251	477	5	78	157	1
CSNK1E	0	5	0	226	346	7	98	90	2
NCR3	0	2	0	84	202	6	35	66	3
ANXA9	1	1	1	159	354	28	50	120	8
ANKRD12	1	2	0	838	2135	36	296	643	9
DAGLA	3	0	1	570	889	9	211	283	2
PLA2G4A	0	2	0	301	641	19	106	177	5
BRD8	2	0	0	497	1060	42	173	294	11
SERTAD4	0	1	0	151	352	13	38	130	4
FOSL1	0	0	0	125	321	9	44	112	3
ZNF707	0	1	0	206	463	20	71	167	6
MORC1	1	2	0	368	872	32	143	261	8
ZACN	2	1	0	232	516	28	91	187	11
DUS2	1	3	0	204	496	27	69	186	9
CCER1	0	1	0	229	486	32	73	162	7
SGIP1	1	1	0	351	852	10	122	277	0
ERCC2	3	1	0	468	933	45	178	338	16
TSSK1B	0	2	0	190	449	22	81	179	5
GLT8D2	0	0	0	138	369	22	43	117	6
BBX	0	3	0	354	877	20	133	281	5
NKX6-3	0	1	0	163	336	18	70	109	12
OR4Q2	0	0	0	0	0	0	0	0	0
SDHD	0	0	0	72	181	9	25	51	0
PEX13	0	2	0	187	509	28	56	179	5
ZNF619	0	1	0	224	597	29	70	181	6
LRRC10	0	2	0	140	281	5	46	111	1
APCDD1L	1	0	0	295	638	25	113	242	9
VSX1	0	0	0	247	492	26	84	156	7
ZNF107	1	0	0	313	926	65	102	317	16
DCP1B	0	0	0	241	652	31	83	215	14
SP4	1	2	0	393	923	10	114	248	1
OR2V1	0	1	0	130	308	12	41	123	4
WRNIP1	2	1	0	538	1090	23	212	385	5
ESRRA	0	0	0	233	389	10	87	104	2
ARFGEF1	1	5	0	728	1272	18	224	354	3
KRBA1	1	1	0	531	1233	49	215	454	11
FAM90A14	0	0	0	0	0	0	0	0	0
URM1	0	0	0	43	114	5	26	48	3
EMC2	0	2	0	132	315	20	30	96	4
AKAP6	1	5	0	940	2465	44	298	781	6
TEX52	0	0	0	138	360	26	57	137	11
CREB3	0	1	0	189	395	20	56	109	9
FBP1	1	0	0	182	349	13	76	104	2
TUBE1	0	0	0	180	477	25	62	158	6
MTOR	0	16	0	1125	1731	41	378	497	2
TUT4	1	1	0	583	1355	17	188	404	5
HTRA1	0	0	0	292	547	12	0	0	0
WT1	0	2	0	306	513	6	96	159	4
PRKAR2A	0	1	0	167	398	12	52	127	6
FXR2	3	1	0	310	601	4	101	197	0
LACC1	0	0	0	159	380	19	43	126	7
FOXE1	0	3	0	269	550	10	83	173	1
ENSG00000285816	0	1	0	241	553	21	81	175	8
ANKRD45	0	1	0	92	256	12	27	89	2
ENSG00000286221	0	0	0	16	36	0	5	18	0
GALNT12	0	1	0	296	723	34	89	226	15
SUMO4	0	0	0	43	106	9	14	32	2
SUN3	0	0	0	156	349	21	53	122	7
LOXL3	0	2	0	351	821	32	111	272	7
RETREG2	0	0	0	309	571	12	117	187	2
BPIFA3	0	1	1	109	307	11	35	115	3
CCS	0	5	0	133	311	11	38	110	3
RNF113B	1	0	0	196	403	15	71	134	4
ANGPTL2	0	1	0	264	520	22	101	172	5
CA11	0	0	0	154	298	10	40	90	1
KRTAP6-3	0	0	0	59	114	6	13	29	0
PIMREG	0	0	0	128	265	14	45	118	1
RBFA	2	1	0	169	432	15	61	139	6
C16orf86	0	1	0	162	372	10	61	113	1
WNT11	1	1	0	183	387	12	65	151	4
WDPCP	1	1	0	287	806	32	107	261	6
SLC22A11	0	4	0	273	608	26	117	232	5
KCNQ4	0	0	0	407	804	25	143	261	5
SEBOX	0	1	0	94	209	15	35	78	5
KRTAP10-1	0	0	0	155	384	23	53	136	3
PLIN1	2	0	0	322	737	29	139	255	10
FECH	0	0	0	178	400	17	60	131	3
BNIP3L	0	2	0	106	210	5	33	57	2
STARD3NL	0	0	0	112	210	5	37	65	4
CAP2	1	2	0	189	496	18	71	166	6
FAM90A10	0	0	0	0	0	0	15	46	6
KANSL2	1	0	0	217	502	20	59	144	2
SGCD	0	1	0	117	334	12	43	95	4
PRR20B	0	0	0	5	7	1	0	0	0
LIMD2	0	0	0	57	142	8	25	48	3
CCDC117	0	0	0	133	382	1	35	115	0
SPARCL1	1	1	0	229	665	28	76	206	9
ENSG00000286088	0	0	0	114	293	15	0	0	0
OR6T1	0	0	0	172	384	18	54	140	6
ETFBKMT	0	0	0	82	275	18	21	76	7
FABP12	0	0	0	62	160	11	15	48	6
HJURP	1	1	0	335	856	45	119	312	9
TARS2	1	1	0	341	657	28	119	214	11
PTER	0	0	0	145	462	28	0	0	0
NCDN	1	2	0	367	547	2	139	178	0
PRR23A	0	0	0	166	410	17	60	123	3
SLC19A2	0	1	0	245	516	26	89	179	5
HCAR3	0	0	0	189	456	13	68	141	6
KRTAP4-9	0	0	0	108	312	12	45	109	3
RPS27A	1	0	0	77	137	2	29	35	0
DRAM2	0	0	0	89	293	16	34	92	4
TUBA1B	0	0	0	190	59	1	72	9	1
KIF13B	2	6	1	951	2022	68	355	670	17
NFU1	0	1	0	125	290	18	44	88	6
RCE1	0	0	0	242	395	7	93	127	0
NBL1	0	0	0	86	184	5	34	49	4
MTO1	0	2	0	302	701	32	101	277	11
SULF1	1	2	0	366	867	25	132	275	4
OR52K1	1	1	0	189	427	13	71	151	6
RDH16	0	1	0	148	400	22	53	140	3
SARM1	0	1	0	407	825	33	123	267	8
ZNF350	1	0	0	195	496	22	72	159	8
EPRS1	0	3	1	603	1502	57	205	425	10
ZC3H11B	0	0	0	0	0	0	23	49	2
ANXA8	0	0	0	79	181	8	0	0	0
SSPN	0	1	0	134	258	13	59	92	1
CEP152	1	2	0	632	1736	95	224	559	24
PCDH10	0	4	0	606	1109	15	212	331	3
PET117	0	0	0	44	98	7	10	31	3
OR11L1	0	1	0	151	345	15	55	104	7
ACAP1	1	3	0	344	708	26	124	244	5
LANCL1	0	1	0	195	488	26	56	183	4
VPS33B	0	1	0	271	657	27	83	213	5
FAM111A	0	4	0	222	615	35	91	231	10
S100A3	0	0	0	44	105	11	12	47	4
HOXD4	0	1	0	157	339	15	59	110	4
SMARCD1	0	2	1	257	384	9	76	99	1
OGDHL	0	5	0	495	1195	26	0	0	0
PDHX	1	0	0	212	578	17	66	199	6
TMEM131L	2	3	0	688	1706	30	246	555	6
ZNF416	1	0	0	254	584	31	88	180	5
GNPTG	0	0	0	237	472	25	100	188	7
PTGES3L-AARSD1	0	2	0	219	592	29	85	203	5
SRA1	0	0	0	96	283	17	35	106	3
NFIX	0	9	1	264	284	0	99	60	0
ANKRD16	0	0	0	207	441	19	0	0	0
ENSG00000248751	0	1	0	241	469	16	93	167	1
ATRIP	0	3	0	355	868	23	126	266	5
ECHS1	1	1	0	149	338	7	0	0	0
SLC25A16	0	1	0	151	383	21	0	0	0
RASGRP2	2	2	0	333	627	22	110	205	2
TUBGCP3	1	0	0	377	821	35	136	248	4
ZNF611	0	0	0	270	816	53	86	312	18
HES1	0	0	0	183	330	2	60	94	2
HTR3E	1	1	0	220	513	21	79	178	9
CENPC	1	1	0	331	996	33	104	294	9
SEC24A	1	5	0	427	1177	51	144	379	14
FBN1	1	19	6	1173	2323	18	424	723	4
OST4	0	0	0	24	47	1	9	12	0
EDC3	0	1	0	203	388	12	60	125	1
ID1	0	0	0	176	318	7	73	114	2
ANKRD1	0	0	0	150	349	17	0	0	0
SLC32A1	1	1	0	308	436	5	99	133	0
RDH11	1	0	0	150	331	13	53	105	4
CHRNA3	0	0	0	263	497	33	100	152	5
MRPS18C	0	0	0	68	158	8	17	43	3
UTRN	1	3	0	1348	3582	145	451	1169	28
PGM3	0	2	0	196	511	34	62	142	4
HSD17B11	0	0	0	108	283	16	38	78	4
CCNB1	1	0	0	183	441	12	63	138	2
ENTPD4	0	0	0	286	700	42	113	263	14
MYOD1	0	2	0	205	469	10	61	147	1
FAM43B	0	0	0	209	477	16	66	145	1
PXN	0	2	0	513	1132	36	208	419	15
ENSG00000269825	0	0	0	0	0	0	75	232	16
SET	0	1	0	141	157	1	52	49	0
MT1G	0	0	0	32	70	3	10	31	2
BAHCC1	2	6	0	55	119	1	697	1336	6
PARP1	2	2	0	499	1050	23	196	342	6
ADAM29	0	0	0	332	914	43	114	285	16
CCL4	0	0	0	36	110	9	18	39	5
SERF1B	0	0	0	0	0	0	1	4	0
FAM78A	0	0	0	146	307	8	59	103	1
PMAIP1	0	0	0	25	69	4	5	23	0
ADPRH	0	0	0	138	418	23	51	136	8
RAB14	0	5	0	82	100	1	31	16	0
POLR1F	0	0	0	152	397	20	49	121	2
NXPE1	1	2	0	222	642	36	61	204	10
CRYBB1	0	0	0	126	285	11	49	103	4
NRARP	0	0	0	86	83	2	23	14	0
BAG5	1	1	0	197	442	24	63	143	6
IDH1	0	0	0	152	426	27	60	145	5
LMO2	0	0	0	140	283	11	47	100	3
MEP1A	0	2	0	330	855	42	109	289	9
CALR3	1	1	0	172	431	26	58	147	3
MAFB	0	0	0	212	326	0	58	112	0
NOP16	0	0	1	80	179	8	39	61	2
PTPRR	0	1	0	302	685	15	94	223	5
TANGO6	0	1	0	476	1114	61	177	386	19
SCRIB	2	6	0	1218	2212	34	533	887	5
RPS6KA1	0	2	0	362	667	17	135	201	2
MEMO1	1	1	0	117	197	4	39	57	1
PGGHG	1	2	0	467	964	36	195	342	11
REC8	0	2	0	261	575	20	86	207	2
EPHX4	0	0	0	153	343	23	46	107	7
LHFPL5	0	1	0	121	244	7	32	79	3
MRGBP	0	0	0	107	209	2	29	49	0
SLC5A9	0	0	0	338	744	32	123	261	12
APOBEC4	0	1	0	127	336	15	42	107	3
CCDC178	0	2	0	281	963	55	92	312	19
ENSG00000286239	0	0	0	97	214	7	30	79	3
CRPPA	0	1	1	254	590	37	70	179	5
TMX2	1	1	0	162	328	13	60	115	2
SNRPN	0	0	0	115	178	4	44	44	1
SPCS3	1	0	0	86	112	4	32	22	0
EBF4	1	1	0	387	761	19	137	238	3
SLC30A10	0	2	0	270	494	9	100	150	0
ENTR1	0	2	0	291	633	26	124	239	3
PITPNA	0	0	0	115	178	8	33	48	0
ATG9B	0	3	0	536	1211	73	215	423	20
SOX15	0	1	0	144	288	11	45	82	2
ORC5	0	0	0	221	459	22	53	142	7
KLHL22	1	1	0	324	524	15	117	152	2
ENSG00000255663	0	0	0	0	0	0	0	0	0
RASD2	0	0	0	146	251	5	67	86	1
JAM2	1	0	0	112	292	10	29	87	7
SYNE1	10	20	1	3766	9201	408	1261	2954	68
DKK4	0	0	0	103	270	13	41	94	4
ZMIZ1	0	4	0	568	962	3	0	0	0
TRPM7	2	6	1	719	1784	57	227	514	10
PPOX	1	1	0	218	484	11	72	152	6
UGP2	1	3	0	227	408	25	81	110	5
SLC39A5	0	0	0	296	610	25	96	201	6
PLPPR3	1	0	0	673	1135	21	260	427	0
FIGLA	0	0	0	122	248	13	40	75	4
CAPN11	0	2	0	336	813	43	115	282	10
SLC25A40	0	0	0	133	349	21	42	95	8
GPR17	2	0	0	190	383	11	64	153	5
WDR26	0	5	6	389	612	0	140	176	0
SPDYE21	0	0	0	0	0	0	42	152	9
ENSG00000288715	0	0	0	12	24	1	6	7	0
PDSS1	0	0	0	190	461	19	0	0	0
EED	0	2	0	171	291	3	53	86	0
TAF11L4	0	0	0	0	0	0	0	1	0
ADAM33	1	1	0	435	971	37	154	337	22
TCP10L	0	0	0	82	235	10	34	80	5
CDC42BPB	1	9	1	928	1551	23	326	502	4
GTF3C1	1	4	1	1066	2106	40	359	626	5
NEURL1	0	2	0	371	681	15	0	0	0
SMIM2	0	0	0	32	76	5	13	27	2
MFN1	0	3	0	301	764	29	84	240	6
SRSF1	0	4	2	130	75	0	43	13	0
UNC93B1	2	0	0	346	656	29	129	215	1
OSCAR	1	0	0	160	336	20	57	125	6
HSD17B7	0	0	0	143	331	12	55	98	2
ANO9	2	1	0	450	932	37	170	327	7
LAMB3	1	3	0	591	1452	58	199	522	16
CD247	0	0	0	75	183	8	28	60	0
PTGER2	0	1	0	230	436	21	62	121	7
FKBP10	1	2	0	318	685	15	128	247	7
PCDHA4	1	0	0	558	1186	38	182	409	18
USH1G	0	1	0	257	590	20	92	198	9
EHMT1	2	12	11	714	1423	8	299	487	0
TTLL12	1	4	0	403	896	38	143	334	16
KIR3DL3	0	0	0	237	637	23	84	215	7
ERC2	0	1	0	441	878	29	147	263	8
UBQLN3	1	2	0	350	819	17	101	265	4
VSIG2	0	0	0	179	383	17	52	119	4
PACRG	0	0	0	121	274	16	51	87	6
GBP2	0	0	1	236	647	23	80	203	6
TRAF2	0	1	0	328	519	3	134	178	1
GTPBP3	0	0	0	325	642	25	119	196	5
TOB2	0	2	0	172	351	4	55	110	0
ENSG00000285645	0	0	0	27	92	7	12	40	3
YIPF7	0	0	0	133	343	19	51	105	7
VAMP4	0	1	0	38	153	4	8	46	0
KIF14	1	4	0	561	1630	71	169	515	13
PTRHD1	0	0	0	76	194	7	30	66	3
EIF4G3	0	0	0	645	1402	3	216	444	1
EIF5	0	1	0	266	383	5	100	116	0
CDK3	0	1	0	151	295	13	54	96	7
SELENOO	0	0	0	0	0	0	0	0	0
C5orf58	0	0	0	43	81	1	11	26	0
KLHL5	0	1	0	253	685	28	84	191	5
RGS5	0	0	0	64	189	8	23	63	2
PAQR6	0	1	0	169	393	20	50	128	4
SDK1	6	11	0	1594	3376	86	616	1194	18
TRPV4	1	4	0	427	812	33	197	276	16
GCAT	0	2	0	226	501	17	75	186	6
CEBPE	0	0	0	158	357	10	52	118	2
DYNLRB2	0	1	0	48	135	5	14	50	1
CA2	0	0	0	104	283	11	30	79	4
UTP6	0	2	0	211	595	42	67	216	13
UBE2G2	0	0	0	77	136	4	32	36	1
EIF4G1	0	2	0	823	1494	2	296	532	1
OR2A1	0	0	0	0	0	0	5	2	0
GCN1	2	6	0	1368	2519	38	474	731	6
ZNRF3	1	4	0	568	1076	12	228	339	3
DHCR24	0	3	0	245	503	16	95	141	3
HGH1	0	0	0	260	518	19	82	162	6
GPT2	0	0	0	284	486	17	104	146	4
ZNF513	0	5	0	333	605	12	127	187	1
SYCP2L	1	0	0	304	786	46	105	249	15
ACTRT2	1	0	0	239	480	15	108	163	5
PGBD2	0	3	0	309	725	38	105	233	15
PPIL1	0	1	0	72	176	9	27	65	3
TICAM2	0	1	1	90	236	12	26	87	4
CYP3A5	0	2	0	176	510	30	58	161	10
TOMT	0	1	0	130	298	17	52	119	4
ECPAS	1	6	0	768	1713	25	274	526	1
DGKZ	0	1	0	488	833	27	172	275	6
CREB3L3	3	1	0	279	555	24	101	218	9
PSMG2	0	2	0	113	282	9	38	75	1
AMIGO1	0	4	0	244	323	1	78	86	0
TMEM121	0	1	0	213	328	7	73	103	1
DNAJB4	0	2	0	129	315	10	40	90	2
PRSS2	0	0	0	0	0	0	44	110	7
LMCD1	1	0	0	158	407	13	58	138	3
COL25A1	1	0	0	291	674	13	93	216	3
EDEM1	0	2	0	393	867	37	131	284	14
CENPS	0	0	0	49	129	12	27	45	4
USP30	0	2	0	213	450	25	75	145	4
RAVER2	1	2	0	291	732	26	88	231	9
ALDH5A1	0	0	0	283	616	23	97	213	5
DIAPH3	0	2	0	504	1328	57	179	413	15
USHBP1	1	2	0	330	837	41	112	309	17
SEL1L3	1	2	0	516	1146	48	185	349	9
SLC22A5	0	1	0	249	621	19	99	229	6
GPS1	2	3	0	327	454	6	137	145	1
ENSG00000288637	1	3	0	406	744	31	141	222	8
PEX3	0	2	0	153	311	11	46	72	4
RAB5B	0	0	0	90	171	7	28	66	1
AOC2	1	3	0	399	912	46	139	325	14
RUNX3	0	2	0	251	414	9	96	141	0
PTPN9	0	2	0	259	520	16	78	151	5
LRPPRC	1	3	0	728	1932	53	230	627	11
MSANTD3	0	0	0	130	233	7	51	67	5
CDC26	0	1	0	30	80	2	7	29	0
DNAJC24	0	0	0	51	157	14	15	50	4
LURAP1L	0	1	0	145	341	12	52	123	1
RIT1	0	7	0	93	191	9	37	60	0
RAB25	0	0	0	96	241	17	42	89	2
PRSS38	0	0	0	173	392	23	71	137	6
FLNB	0	9	0	1265	2646	62	447	917	13
HSH2D	0	1	0	165	363	14	54	113	4
NCAPH	1	3	0	281	731	14	108	243	5
CRTC3	0	1	0	341	720	13	123	231	3
TMCC2	1	2	0	376	701	13	157	251	2
SYT5	0	0	0	214	456	20	69	137	6
BAZ2B	1	8	2	817	2122	57	250	672	10
INIP	0	0	0	45	70	3	14	24	2
RUFY4	0	5	1	269	683	41	95	239	14
MPHOSPH10	0	1	0	251	680	17	76	233	3
EXOSC4	0	0	0	126	306	13	49	104	3
EGR3	0	5	0	217	291	2	63	78	1
DNAJC25	0	0	0	168	376	18	61	111	2
DMRTA1	0	3	0	317	722	26	99	248	5
CREB3L2	0	1	0	266	588	13	91	170	1
PEBP4	0	1	0	106	315	17	44	103	7
NFATC4	0	4	0	485	1006	22	165	305	7
ANKS6	0	1	0	454	1035	37	169	381	9
DOK4	0	2	0	174	357	12	75	127	0
RICTOR	1	4	0	724	1491	22	212	441	3
SAP130	2	1	2	469	934	6	151	285	1
GGA3	1	1	0	400	892	27	169	301	2
TMEM202	0	0	0	117	271	16	35	91	7
STUB1	0	1	0	216	397	17	88	103	4
NTF3	2	0	0	153	256	3	44	70	2
PTCHD4	1	0	0	467	1022	28	147	321	5
TAS2R9	0	0	0	140	357	17	41	121	5
GABRR2	2	0	0	215	546	28	81	211	6
ORAI1	0	2	0	199	384	13	83	129	3
KIR2DS4	0	0	0	0	0	0	0	0	0
C20orf203	0	1	0	92	227	12	31	88	1
TMCO4	0	2	0	309	719	36	114	241	10
OR56A4	1	1	0	175	382	10	50	121	0
DCAF4	0	1	0	243	541	20	87	183	4
C1QTNF9	0	0	0	138	304	14	39	89	1
DYNAP	0	0	0	78	217	4	27	62	1
TUSC2	0	0	0	58	120	1	23	42	0
LGI2	0	1	0	271	555	17	101	157	8
RNASEH1	0	1	0	159	337	17	60	121	4
ZNF329	0	1	0	204	596	28	68	189	8
C1QTNF5	0	0	0	156	261	3	56	80	2
BNIP5	2	0	0	315	758	38	113	285	12
RPL30	0	1	0	45	62	0	14	13	0
TGM4	3	3	0	310	757	35	117	256	13
NELFE	0	1	0	164	367	18	42	138	9
MED9	0	0	0	72	160	6	27	54	1
CFLAR	0	1	0	200	345	10	67	117	0
SND1	1	5	0	408	852	24	145	241	5
ENSG00000241962	0	0	0	80	201	10	15	59	2
PAK5	0	1	0	372	758	14	132	225	1
KPNA6	1	0	0	212	337	5	69	90	3
ARHGAP40	0	1	0	335	781	30	126	241	10
PHLDB2	2	1	0	544	1331	60	192	452	21
CSF1	1	1	0	295	606	5	115	210	1
CCDC184	1	1	0	102	264	11	40	95	3
SORBS3	1	3	0	371	883	38	123	314	13
RNF141	0	2	0	97	215	7	31	56	3
GABRD	1	3	0	289	448	15	117	146	1
SF3A3	0	1	0	233	317	6	67	80	0
IL17D	0	0	0	170	349	12	54	95	4
SKI	2	4	2	639	876	13	217	281	2
CYP2C9	0	0	0	270	719	27	0	0	0
MAT2B	0	1	0	148	318	7	60	84	0
GIMAP6	0	0	0	151	297	25	49	111	5
SOGA3	0	4	0	558	1048	33	171	304	3
OR51V1	0	0	0	180	403	17	56	123	5
WNT5B	1	0	0	201	392	10	83	129	0
SLC22A2	1	4	0	289	673	36	96	234	3
VSTM4	2	1	0	168	383	10	0	0	0
CPO	1	2	0	183	400	28	64	115	6
ZNF492	0	0	0	182	558	29	57	180	10
LRFN3	0	3	0	395	660	13	173	210	1
COQ8B	0	4	0	246	628	38	81	236	13
FBXL6	0	3	0	389	807	27	127	272	9
SLC25A34	0	0	0	164	326	19	69	133	8
LRRC26	1	1	0	269	499	17	93	186	6
CD96	0	0	0	251	678	31	76	213	12
C16orf46	0	0	0	190	528	24	75	178	6
RAMP2	0	0	0	81	188	5	23	45	3
PGM1	0	3	0	267	692	21	113	243	5
PITHD1	0	0	0	114	220	8	39	64	3
SPDYE2	0	0	0	47	112	10	3	10	0
BSN	4	9	0	1871	4193	48	667	1462	6
USP38	0	1	0	452	1017	34	143	319	6
NAP1L1	0	2	0	141	299	6	38	91	0
RPL6	1	1	0	139	314	0	59	105	0
TMC7	0	0	0	327	743	32	113	224	10
TMEM238	0	0	0	122	208	7	45	77	1
MMP25	0	1	0	398	857	43	152	311	13
GRK2	1	0	0	372	582	11	151	190	3
SEC61A1	1	2	0	249	270	11	77	59	1
IFNA14	0	0	0	108	304	13	42	117	1
MTRF1	0	0	0	151	420	28	51	132	8
AGRP	0	1	0	62	144	7	21	61	2
JAK3	1	2	0	566	1162	46	198	367	12
KIF16B	2	3	1	576	1333	54	194	443	18
PI3	0	0	0	52	132	4	20	51	1
RABGEF1	0	0	0	204	467	15	66	129	1
TRIP11	0	2	0	722	1887	110	224	615	18
SMR3A	0	0	0	43	187	6	21	60	0
PPP1R10	0	4	0	415	838	3	123	272	0
ASCL3	0	1	0	87	237	9	35	100	3
MPI	0	1	0	198	494	16	74	145	5
SLC16A3	1	0	0	360	659	15	157	258	5
CFAP54	0	1	0	1197	3187	152	362	1070	49
MUC7	1	0	0	145	403	12	49	111	4
IFI6	2	0	0	90	139	5	36	49	1
LBHD2	0	0	0	0	0	0	30	56	4
TTLL6	1	1	0	375	920	49	150	314	14
ADGRG3	1	0	0	303	618	20	109	220	10
FAM166C	0	1	1	114	245	15	38	88	4
FAM240C	0	1	0	45	141	9	19	55	2
INVS	0	2	0	424	1132	60	121	326	17
DMRTA2	0	1	0	439	728	5	134	235	0
ENSG00000285133	0	0	0	0	0	0	2	16	0
RAB3D	0	2	0	111	229	10	48	78	2
ENSG00000258677	0	0	0	60	87	6	22	25	2
HPDL	1	0	0	219	466	13	67	132	6
AIFM2	0	0	0	175	418	20	0	0	0
KCNMA1	1	8	0	605	814	16	0	0	0
ESR2	1	2	0	301	652	23	102	218	9
ENSG00000265118	1	0	0	53	185	7	26	68	5
PLA2G2A	0	0	0	67	144	5	15	43	2
TMEM86B	2	1	0	158	304	19	60	112	6
USP17L5	0	0	0	0	0	0	0	0	0
CCL18	0	0	0	41	98	4	10	27	1
STPG1	1	0	0	149	383	14	57	111	5
NCOR1	4	6	1	997	2189	31	338	618	0
MYSM1	1	3	1	321	813	35	107	244	5
ANTKMT	0	0	0	184	385	18	67	144	8
MAPKBP1	2	5	1	706	1444	36	261	483	9
JKAMP	0	0	0	132	265	5	40	65	0
ZNF846	1	1	0	219	661	37	66	232	12
NIPBL	1	13	0	1048	2074	3	334	580	0
PIK3R4	1	1	0	532	1270	39	178	362	5
H3-5	0	0	0	86	172	11	30	59	1
GARRE1	0	2	0	474	1099	25	167	367	6
WDHD1	0	4	1	404	1222	69	127	419	22
TEAD1	1	0	0	187	373	3	67	110	0
CRYGC	0	0	0	86	231	9	35	87	6
STXBP5L	1	3	0	475	1156	33	155	361	6
LCE3D	0	0	0	50	105	8	23	40	4
WDR89	0	0	0	134	390	21	49	105	5
RPH3AL	1	0	0	180	416	15	62	164	7
ZNF324B	1	0	1	328	687	33	121	225	7
DNAL1	0	1	0	71	164	4	22	43	3
TMPRSS13	0	3	0	266	582	28	95	208	6
FH	0	1	0	225	517	13	86	157	3
TINCR	0	0	0	0	0	0	30	49	6
USP54	0	1	0	631	1573	75	0	0	0
NDUFB1	0	0	0	26	54	4	7	15	0
MTA3	1	2	1	288	673	13	104	206	1
MMP16	1	1	0	244	428	5	72	112	0
TMEFF1	2	0	0	157	362	8	62	129	1
NAB2	0	1	0	328	475	8	130	138	1
UBA2	0	2	1	280	465	2	83	142	0
TM4SF20	0	0	0	76	249	8	33	72	4
PTH1R	1	3	0	296	596	11	95	202	2
AGTR1	1	1	0	132	353	15	48	124	5
DEFB130A	0	0	0	3	7	0	2	0	0
TEX38	0	0	0	105	205	15	41	85	3
RIMBP3	0	0	0	407	905	46	51	116	12
UNC45A	1	2	0	472	1076	38	173	388	15
RHBDD2	1	0	0	219	433	14	80	145	3
CDC123	2	0	0	135	336	11	0	0	0
OPA3	1	0	0	110	228	13	37	71	2
SH3BP4	1	3	0	540	1005	35	206	356	5
SASS6	2	1	0	264	628	32	82	188	6
CCDC125	0	0	0	177	491	32	51	141	6
OR5AR1	0	1	0	171	419	14	61	115	6
EIF3CL	0	0	0	33	72	6	0	0	0
NYAP1	4	2	0	498	977	12	201	367	1
ASB4	0	0	0	197	503	26	66	153	9
EME1	1	1	0	211	567	27	78	185	9
HPX	1	0	0	212	501	28	79	197	9
NTAQ1	0	1	0	98	245	13	40	79	3
ANAPC5	0	2	0	308	667	30	125	200	15
CCK	0	0	0	80	143	9	24	48	4
ANAPC1	0	0	0	630	1404	37	185	399	3
PLAT	0	3	0	290	639	25	114	242	6
TRIB3	0	1	0	200	444	20	81	175	11
TREML4	0	0	0	91	257	17	28	69	6
CLCN6	1	2	0	451	943	31	174	342	9
POLR3F	0	1	0	116	274	18	40	72	3
HTR1B	1	0	0	211	438	7	80	116	0
TNS3	3	4	0	750	1585	18	317	552	5
EDN2	0	2	0	76	198	8	35	83	1
SLITRK3	2	4	0	497	1089	17	165	305	7
CAND2	2	3	0	714	1369	42	266	506	16
OR52A1	0	1	0	142	373	12	38	132	3
ENSG00000265303	0	0	0	65	158	10	19	32	1
ENSG00000284188	0	0	0	0	0	0	62	103	6
ZNF385B	0	1	0	208	507	13	76	157	3
OR2H1	0	0	0	143	332	15	41	104	3
RAP1GAP2	1	3	0	362	692	12	128	245	3
PLPP7	0	0	0	164	323	8	56	129	1
USP32	0	0	0	562	1231	30	179	408	14
DCDC1	0	3	0	525	1418	80	266	625	32
CD38	0	1	0	120	334	21	33	100	4
DOC2B	0	1	0	201	374	8	91	162	5
ERCC5	2	4	0	517	1219	51	197	433	13
IGFL2	0	0	0	50	147	6	13	49	2
ENSG00000288614	0	0	0	9	26	4	7	16	0
LY6E	0	0	0	86	123	4	32	47	0
TAGLN	0	0	0	104	235	7	28	78	1
RGPD4	0	0	0	553	1737	104	119	431	25
CRIPT	0	0	0	44	127	2	11	37	0
TNNI3K	0	1	0	329	973	57	104	342	24
ZSCAN18	0	1	0	340	646	15	135	213	2
ENTREP3	1	1	0	359	818	31	118	279	6
ANK1	1	9	0	922	1875	18	354	652	5
PTPRB	2	8	1	944	2146	65	305	678	9
SV2C	0	0	0	326	753	30	125	246	9
EXT1	0	2	1	339	715	16	125	229	0
TENT5B	1	4	0	243	533	16	91	173	4
HPSE	0	1	0	232	593	26	78	178	12
MRFAP1L1	0	0	0	63	166	6	24	58	2
PVALEF	0	0	0	0	0	0	28	53	2
UGT2B11	0	0	0	268	834	39	97	296	14
DCLK2	0	3	0	405	791	20	134	228	4
TNFAIP1	0	1	0	145	281	14	58	97	3
BPIFB6	0	1	0	244	549	15	80	182	4
KLF5	0	0	0	240	516	3	78	138	2
KRT33A	0	0	0	236	505	26	98	205	11
TRIP10	0	3	0	318	717	25	127	264	8
CNTN3	0	3	0	452	1028	32	182	289	10
ATF3	0	0	0	79	161	9	28	50	1
DTWD2	2	0	1	172	485	27	61	163	9
OR8B8	0	0	0	121	378	10	45	113	4
GPBP1L1	1	0	0	238	558	16	88	161	3
FOXA2	2	2	0	334	665	7	113	200	1
ENSG00000262302	0	0	0	48	79	1	15	26	0
GRIN3B	1	1	0	774	1604	69	297	586	21
SIRPB1	0	5	0	202	475	20	62	167	8
SCN7A	0	0	0	650	1843	97	197	553	28
CYP2F1	0	1	0	254	597	20	83	216	10
ENSG00000285938	0	0	0	0	0	0	10	66	0
CCDC110	0	1	0	278	814	58	78	252	14
RSRC1	0	0	0	130	369	20	40	128	6
HHEX	1	0	0	169	318	2	0	0	0
HSDL1	0	0	0	216	480	23	79	172	3
MFSD14B	0	1	0	278	524	19	80	159	5
B9D1	0	0	0	94	237	8	30	82	1
ADH1A	1	0	0	166	428	9	61	124	2
H4C13	0	1	0	83	160	8	37	48	2
ZNF714	0	0	0	216	614	29	69	189	9
ENSG00000258311	0	0	0	64	163	11	23	63	1
ESM1	0	1	0	94	191	2	29	42	1
PPM1N	0	0	0	240	553	27	76	189	11
ATP13A2	0	1	0	622	1254	50	255	444	14
ABI3BP	1	4	0	728	1943	74	231	666	20
SLX4IP	0	1	0	166	393	26	61	125	6
FAM90A16	0	0	0	0	0	0	0	0	0
PDE6H	0	0	0	41	110	6	11	27	1
TOP3B	1	0	0	380	800	33	148	233	7
KMT2D	4	18	16	2874	5578	13	918	1878	9
MGAT1	4	0	0	297	525	15	118	159	2
KMT2A	3	28	32	1514	3102	4	451	920	0
DRICH1	0	1	0	94	264	13	50	98	4
MTHFR	0	2	0	330	689	35	115	239	9
ADAM9	0	1	0	312	775	26	112	227	6
HABP2	2	3	0	263	700	30	0	0	0
SMCR8	1	0	0	501	1130	29	171	379	5
C9orf50	0	1	0	258	522	24	94	170	7
GABRA5	2	5	0	229	335	8	86	80	1
TNRC6A	1	3	2	825	1985	26	268	663	5
GNG4	0	0	0	25	90	1	11	17	0
USP40	0	2	0	482	1297	72	166	446	24
PWP1	1	1	0	232	513	28	77	140	13
WDR88	1	1	0	218	491	29	83	140	9
HSPA13	1	1	0	176	442	17	55	140	3
TBC1D32	2	4	0	494	1348	67	168	427	19
DNAAF10	0	0	0	150	371	17	57	108	6
DYNLT4	0	0	0	147	324	11	48	109	5
PDGFC	0	0	0	161	302	7	47	89	0
OR52M1	0	2	0	223	555	24	75	206	6
PAFAH1B2	0	0	0	115	187	6	39	53	0
HBD	0	0	0	84	188	9	20	59	2
RAMACL	0	0	0	0	0	0	9	37	9
FBXL2	0	1	0	181	356	19	64	96	2
APOC4-APOC2	1	0	0	96	192	12	33	58	4
RAB11FIP1	0	3	1	622	1408	54	210	458	12
KLK3	1	4	0	139	318	12	64	117	6
RDH13	1	4	0	242	462	20	77	175	6
SIRPA	2	0	0	273	478	6	117	169	2
COMT	0	1	0	153	307	13	66	112	6
TMEM60	0	0	0	50	106	3	19	39	0
WWP2	1	2	0	429	862	24	169	299	7
GMFG	0	0	0	53	158	9	17	53	5
PRAC2	0	0	0	62	127	6	14	42	1
STRN4	0	3	0	459	724	13	166	246	2
ATL2	0	2	0	284	701	22	99	209	3
CENPO	0	0	0	165	348	21	46	103	6
GGH	1	1	0	139	321	6	50	111	0
SPA17	0	0	0	52	151	9	16	52	0
ARL13B	0	0	0	171	474	23	51	155	7
COX18	0	2	0	174	406	20	61	131	10
IRF1	0	0	0	134	218	6	48	58	1
CCR5	0	0	0	175	425	23	67	149	9
PLEKHM1	0	0	0	473	1005	27	178	333	6
TRNAU1AP	0	0	0	136	269	13	49	77	1
ATF5	0	2	0	176	368	21	59	138	3
XPA	0	1	0	127	319	25	49	103	3
NRN1	0	1	0	98	125	4	33	34	0
NHLRC4	1	1	0	73	143	6	24	58	3
RFPL4B	0	0	0	107	288	14	43	93	2
C9orf153	0	0	0	29	106	5	14	30	0
ABHD3	1	0	0	180	429	21	69	151	8
LMBR1L	0	1	0	254	495	13	95	178	8
TROAP	0	1	0	333	808	41	112	255	14
ENSG00000266076	0	0	0	0	0	0	0	0	0
ENSG00000268083	0	0	0	0	0	0	0	0	0
SIGIRR	0	2	0	269	563	23	106	186	6
PRR18	0	1	0	256	555	14	89	187	6
FAM241B	0	1	0	54	118	5	0	0	0
DNA2	0	3	0	391	1031	58	0	0	0
UAP1L1	0	0	0	310	627	24	96	230	6
ENSG00000280893	0	0	0	195	462	8	57	164	3
NAV2	1	5	0	1237	2558	26	441	861	4
RPL13	0	1	0	157	330	0	58	115	0
BTBD3	0	1	0	243	385	8	75	96	1
LMX1A	1	1	0	162	366	12	68	114	1
TARS1	1	2	0	288	722	37	105	256	17
LAYN	0	1	0	159	452	17	53	146	7
ZC3H4	4	3	0	869	1621	7	339	581	0
PHRF1	3	5	1	1142	2217	25	496	877	4
PAG1	0	1	0	197	447	14	69	152	7
ATP13A4	1	5	0	487	1310	61	181	408	16
HARS1	0	1	0	205	480	22	66	164	5
MRPL13	0	0	0	83	191	12	27	62	4
HGFAC	2	3	0	458	928	33	192	377	7
ATF7	0	2	0	186	401	4	57	104	0
H4C16	1	0	0	73	161	7	29	42	2
CCDC166	0	0	0	316	676	31	111	204	8
NID2	1	4	0	695	1642	53	254	547	16
COQ9	0	0	0	163	377	18	60	133	2
SPR	0	2	0	152	283	11	54	88	5
PAX7	1	2	0	301	574	10	110	183	0
CNEP1R1	0	1	0	61	64	2	18	15	0
TRIR	0	0	0	123	182	1	43	36	0
NBPF26	0	0	0	247	707	70	157	441	36
PCDHB12	1	0	0	539	1178	44	198	413	21
ENSG00000285188	0	0	0	347	769	35	140	236	10
GP1BA	0	4	0	329	681	24	119	229	9
ASCL5	0	0	0	158	320	18	45	93	7
TMX3	0	1	0	190	467	21	66	140	3
PARG	0	0	0	346	872	25	0	0	0
CCDC8	0	0	0	294	681	31	100	240	10
TNN	2	3	0	671	1552	74	245	511	23
IMPA2	0	0	0	143	333	18	59	97	5
PFKL	2	2	0	482	943	28	177	302	12
SLC12A1	1	2	0	460	1177	41	150	373	13
TTC23	1	0	0	200	487	29	79	185	9
PRPF38A	0	2	0	131	240	2	43	75	1
TGM2	1	1	0	356	773	36	138	292	9
SPPL3	0	0	0	186	224	0	56	64	0
DUSP18	0	1	0	89	217	6	33	80	4
SMIM34	0	0	0	0	0	0	0	0	0
CNOT10	0	1	0	292	716	20	97	220	3
FSTL1	0	1	0	134	308	9	43	94	0
ZBTB8A	0	1	0	179	382	17	53	125	2
ACAD10	0	3	0	472	1147	63	190	392	23
ENSG00000257065	0	0	0	0	0	0	0	0	0
HSD17B3	1	0	0	129	304	14	46	114	5
NOC3L	0	3	0	307	801	47	0	0	0
KANK4	2	1	0	443	1129	34	172	387	10
S100A5	0	0	0	52	105	0	22	31	0
COL6A6	3	1	0	940	2549	99	314	873	38
IRF4	0	3	0	240	368	6	76	105	0
TBX20	0	1	0	225	440	8	67	125	2
ENSG00000281039	0	0	0	41	103	11	12	38	2
ENSG00000283886	0	0	0	0	0	0	0	0	0
ITGA8	1	3	0	529	1310	38	0	0	0
NGRN	0	0	0	135	360	14	46	134	3
MARVELD2	0	1	0	221	578	31	68	206	12
DOC2A	1	4	0	244	448	12	94	162	2
DUSP6	0	3	0	259	391	6	85	107	2
MT1X	0	0	0	26	66	2	9	20	3
SPRYD7	0	1	0	76	186	7	20	48	3
TRAPPC3L	0	0	0	83	208	16	23	60	8
ENSG00000284989	0	0	0	89	171	5	27	47	0
HSF1	0	0	0	384	628	10	144	213	1
XKR3	0	1	0	177	473	31	55	140	7
RIGI	0	4	0	354	912	63	88	296	12
NDUFAF1	0	0	0	137	395	18	48	133	4
MYO5C	2	4	0	704	1897	104	241	607	25
NEU2	1	0	0	189	458	25	62	173	9
PIGM	0	1	0	199	470	19	50	164	4
CDC16	1	2	0	268	582	19	85	195	3
GTDC1	0	1	0	200	470	26	60	145	5
SPINK5	2	1	0	366	1106	47	124	350	18
UBE2E3	0	0	0	95	89	0	32	28	0
UQCC3	0	0	0	60	129	6	23	43	3
ENSG00000285471	0	1	0	25	48	5	9	16	3
SARS1	0	1	0	214	367	16	76	108	1
C1QTNF3	0	1	0	131	325	16	38	100	6
BTG3	0	0	0	102	192	2	32	54	0
MYOZ3	0	0	0	120	287	12	42	104	3
DNAJC4	0	1	0	108	296	13	36	116	3
TLL1	2	1	0	410	1048	34	147	330	3
STT3A	0	1	0	283	523	17	93	136	5
ITGAD	0	3	0	568	1272	46	247	444	22
ABCA6	1	5	0	625	1717	77	187	562	17
ZNF799	0	0	0	236	734	35	88	266	10
ENSG00000286231	0	1	0	166	373	12	46	126	5
SLC39A10	0	1	0	305	740	11	102	220	0
ZNF43	0	1	0	275	843	31	85	256	11
ZNF317	2	2	0	300	632	25	120	211	5
TMPRSS3	1	0	0	232	559	27	105	185	6
EEF1AKMT2	1	0	0	135	323	19	0	0	0
OR4F16	0	0	0	0	1	0	0	0	0
PTS	0	1	0	57	172	9	21	57	2
VOPP1	1	0	0	97	196	8	29	64	2
GPR137C	2	2	0	276	518	11	91	151	2
OR10W1	0	1	0	146	381	9	50	123	2
TM4SF19-DYNLT2B	0	0	0	108	190	10	31	68	2
OVCA2	0	0	0	171	346	18	61	136	4
ENSG00000285404	0	1	0	241	545	15	90	181	3
TMEM94	0	4	0	744	1318	43	248	431	9
SMIM23	0	0	0	71	186	23	27	70	3
DCXR	0	1	0	154	322	12	55	115	4
ENSG00000255292	0	0	0	61	153	8	20	50	0
TMED5	0	0	0	92	238	12	25	72	2
OR8I2	0	0	0	157	400	16	48	140	1
PPP2R5A	0	2	0	196	371	14	56	91	0
RPS11	0	0	0	104	136	0	41	33	0
SYN3	0	1	0	248	631	19	104	204	4
INPP5E	0	2	0	428	832	26	157	300	3
USE1	1	1	0	145	283	17	44	109	5
HMX3	0	2	0	285	476	4	0	0	0
TRIM41	1	7	1	385	776	11	131	262	2
HADHA	0	0	0	343	749	25	115	264	6
IL1RL1	0	1	0	267	707	30	92	216	11
SIK3	2	5	0	655	1210	14	224	394	3
TREML2	0	0	0	130	343	14	51	107	5
TAF11L12	0	0	0	0	0	0	59	141	7
AMACR	0	4	0	174	453	18	55	144	7
ABHD12	0	3	0	220	489	20	72	162	12
OR2M7	0	1	0	125	391	15	46	125	5
KLHL36	3	3	0	437	814	28	182	287	3
PCBD1	0	0	0	56	91	5	0	0	0
YKT6	0	0	0	93	168	3	29	54	2
UBL3	0	1	0	40	99	5	10	21	1
FANCI	2	1	0	616	1566	91	184	527	23
CLDN6	0	0	0	149	270	8	55	102	5
RETNLB	0	0	0	58	147	5	19	62	0
SNX2	0	1	0	236	506	13	74	146	2
PURB	1	2	0	230	329	5	93	102	1
ADCY4	0	2	0	553	1139	53	188	393	16
RGMA	0	5	0	297	486	7	110	187	4
AGO4	0	3	0	327	655	19	98	180	8
UBP1	0	2	0	198	414	11	67	111	1
SSRP1	1	3	1	309	492	11	90	127	3
ARPC1A	0	0	0	164	276	5	57	81	1
BAIAP2L1	0	0	0	260	560	11	101	197	8
MPV17	0	0	0	92	185	10	30	66	6
H1-6	1	0	0	210	532	23	97	194	9
KRTAP3-1	0	1	0	38	133	5	13	50	0
PSG5	0	0	0	210	527	36	101	216	17
AKAP3	1	1	0	317	889	24	123	287	9
PRAMEF20	0	0	0	231	546	22	77	194	6
ENSG00000272896	0	0	0	23	68	4	7	16	0
DCDC2	0	0	0	217	540	25	80	161	7
GIPC2	0	1	0	156	378	14	44	137	6
TBPL2	1	0	0	144	362	17	48	106	6
STAT5A	0	0	0	334	621	17	139	204	4
SLFN12	0	1	0	257	598	38	83	205	7
YARS2	0	1	0	251	531	27	75	162	8
ETNPPL	0	0	0	199	498	13	71	145	6
FAM221B	0	1	0	149	439	25	49	138	11
PISD	1	1	1	250	490	25	96	184	7
TLN2	3	7	1	1358	2836	64	495	925	10
TMEM239	0	0	0	83	175	15	32	54	2
HEYL	1	2	0	163	397	18	57	142	6
CCDC74B	0	0	0	179	423	25	58	148	12
NEMP2	0	0	0	164	433	36	59	129	10
UTP15	0	0	0	192	463	2	75	133	1
EIF3C	0	0	0	25	51	4	9	30	3
NFILZ	0	0	0	0	0	0	36	110	6
RBX1	1	2	0	52	37	0	14	11	0
DCAF1	1	2	0	515	745	8	212	279	0
SNX5	0	1	0	200	460	15	59	138	4
F2	1	2	1	287	563	23	107	182	5
NAGLU	0	0	0	412	833	39	146	290	15
SMIM36	0	0	0	0	0	0	18	41	2
DUSP28	0	0	0	163	352	8	63	133	1
POU1F1	1	0	0	106	289	13	33	65	4
GRPEL1	0	0	0	112	248	7	37	83	1
ZNF503	2	1	0	535	913	7	0	0	0
SLFN14	0	0	0	357	931	50	117	282	14
NPLOC4	1	3	0	285	495	6	106	136	0
ZNF415	0	0	0	202	552	33	58	181	4
CACNG7	0	0	0	159	274	3	51	78	0
SEZ6L	1	2	0	556	1092	17	209	374	1
MRC1	0	0	0	0	0	0	0	0	0
ARHGEF10	2	2	1	863	2017	86	341	676	18
CLU	0	1	0	228	500	17	91	175	3
CLCC1	1	0	0	198	475	24	93	150	7
USP47	1	3	0	506	1193	13	160	351	2
MASP2	1	3	1	341	836	43	125	281	12
SOSTDC1	0	0	0	93	216	6	33	69	1
P2RY12	0	1	0	152	348	15	47	104	4
PRDM13	2	2	0	457	907	19	165	273	3
LINGO2	1	1	0	300	705	14	102	232	1
PDCD1LG2	0	0	0	135	355	14	41	103	3
C11orf71	0	0	0	76	164	4	18	54	1
TEPSIN	1	1	0	379	736	22	148	278	7
MON2	0	2	1	690	1511	49	206	413	12
TRABD	1	0	0	249	430	18	105	159	4
GBE1	1	1	1	289	808	30	105	250	10
PRR20E	0	0	0	0	0	0	0	0	0
MRAP2	0	0	0	92	220	12	23	73	1
BRCA1	1	3	1	676	1796	99	208	541	21
RPP30	0	2	0	125	333	6	0	0	0
ST8SIA5	0	1	0	195	406	19	68	131	9
BMP2	0	2	0	203	409	2	74	131	0
MCM5	0	4	0	414	850	23	147	326	6
ASPSCR1	0	2	0	362	681	21	148	245	4
UBAP2	2	4	0	495	1243	35	179	445	5
KLHL33	0	3	0	426	1023	46	139	354	12
TARBP2	0	0	0	166	332	15	54	108	2
METTL6	0	0	0	109	313	11	39	94	3
TMEM132C	1	3	0	617	1325	34	235	472	7
ICE1	4	1	1	992	2494	43	315	769	7
PMVK	0	0	0	107	212	13	34	70	5
CFC1B	0	0	0	7	8	2	0	0	0
CALCR	1	1	0	210	557	30	67	181	9
TGM5	0	1	0	335	743	39	103	250	8
SLC2A3	0	2	0	216	481	10	80	172	3
C4orf51	0	0	0	87	237	16	41	80	6
ATG5	0	3	0	87	180	2	25	45	0
OR4C6	1	1	0	192	504	20	55	157	9
CD2	2	1	0	157	381	14	47	125	8
BICRAL	0	1	0	447	981	4	156	290	0
KPNA5	0	0	0	193	486	22	49	130	3
ZC2HC1A	1	2	0	111	385	8	37	109	5
SLC4A5	0	1	0	530	1139	41	183	379	5
ACTN3	1	5	0	463	1108	54	160	431	20
FANCM	3	4	0	832	2309	95	269	732	17
RPL29	0	0	0	85	188	7	25	63	1
GAS2L2	1	4	0	449	1102	43	169	367	10
L3MBTL3	1	2	0	317	723	10	117	268	0
PTCD2	0	1	0	181	437	15	56	132	4
ZNF471	0	1	0	218	639	35	55	191	13
NMS	0	1	0	83	165	11	20	62	3
MANEA	1	0	0	188	507	22	56	182	6
SUSD6	0	1	0	131	341	9	46	123	1
PPP1R15B	0	2	0	329	848	26	111	282	4
PABPN1L	1	2	0	184	417	27	81	159	6
YIPF2	0	1	0	182	366	16	62	126	5
LSM5	0	2	0	34	83	1	10	28	2
TRAPPC6A	0	0	0	88	188	11	34	64	3
FUZ	0	1	0	247	484	15	86	156	2
ZKSCAN4	0	0	0	208	510	30	70	146	10
CCT4	0	3	0	260	552	10	81	181	1
TDRD5	1	1	0	415	920	25	134	301	2
ENSG00000263809	0	0	0	53	80	1	17	18	0
PPP1R8	0	1	0	166	236	1	53	69	0
CEP120	0	1	0	384	1141	63	132	330	10
CYP24A1	0	1	0	261	676	37	89	235	19
RGL3	1	1	0	404	895	45	150	333	25
NCKIPSD	0	3	0	371	820	32	143	285	7
RILPL1	0	0	0	208	382	24	82	126	8
HELZ	0	6	0	813	1725	17	242	519	3
KRTAP24-1	0	0	0	118	308	17	43	91	7
EVA1C	0	0	0	199	468	11	67	174	6
SLC36A4	2	1	0	193	545	22	65	175	6
SMCO3	0	0	0	89	246	6	26	84	1
PCNA	0	1	0	119	152	2	34	47	0
RNF39	0	1	0	207	452	18	60	145	6
SPSB4	0	2	0	203	362	14	73	117	3
RPUSD4	1	2	0	202	448	21	78	163	2
GLYR1	3	3	1	363	568	15	134	163	1
GOLIM4	0	0	0	326	757	47	105	262	11
FAM234B	1	1	0	309	639	18	105	211	5
ANAPC11	0	0	0	38	68	3	18	12	1
ZNF749	0	1	0	283	824	43	107	274	12
LIN54	1	0	0	246	519	2	73	151	0
SERPINI2	0	0	0	139	419	30	38	132	8
CROCC	1	2	2	1127	2414	102	458	1104	33
MAN1A2	0	1	0	267	508	15	91	138	3
OR13C2	0	0	0	141	386	12	45	143	2
PPIL4	1	2	0	168	446	35	61	132	10
ENSG00000285982	0	1	0	102	276	7	31	92	4
THAP9	0	0	0	326	821	37	122	245	24
VWA5B2	0	5	0	667	1421	45	238	459	13
AGBL5	0	4	0	422	949	34	133	319	10
ROPN1	0	0	0	88	206	8	27	63	3
ABHD1	0	1	0	203	502	27	68	162	15
NCAPH2	1	1	0	389	738	24	144	266	5
EEF1D	1	1	0	392	824	31	136	310	6
SHH	1	6	1	322	426	2	98	149	1
OR2T34	0	0	0	132	313	11	33	96	2
ENSG00000167774	0	0	0	73	152	11	25	66	2
DLGAP5	0	1	0	328	941	58	104	274	13
RASSF1	0	1	0	173	394	25	56	147	4
MGAT4C	0	1	0	169	423	16	52	135	4
PPIC	0	0	0	88	224	4	24	83	1
CACNA2D4	0	2	1	561	1308	62	218	449	20
ALDOA	0	2	0	253	477	13	87	176	3
UBE2V1	0	1	0	58	118	11	22	37	2
ENSG00000289720	0	3	0	347	595	17	122	166	9
MALSU1	0	1	0	140	377	15	54	122	5
ULBP2	0	0	0	90	303	15	37	91	6
H2AC18	0	0	0	0	0	0	0	0	0
CCDC85A	1	0	0	352	746	27	133	274	4
TRIM44	1	3	0	176	408	8	50	115	3
STRADB	0	1	0	162	357	16	36	123	7
QTRT2	0	0	0	173	407	16	62	137	3
CDC20B	0	1	0	233	572	35	75	173	7
USP17L1	0	0	0	0	0	0	89	204	12
MMADHC	0	1	0	97	313	14	31	90	6
HOXB7	0	2	0	141	275	16	53	102	4
TMTC1	0	3	0	419	946	40	138	281	13
NFKBIL1	0	1	0	178	377	19	48	127	4
ENSG00000196826	0	0	0	214	593	30	64	167	14
TMEM221	0	1	0	176	387	9	69	134	7
PTPRG	3	2	1	653	1667	55	253	550	7
TOX	0	1	0	224	490	4	73	139	1
AGR3	0	1	0	73	205	18	29	69	4
LGI4	1	4	0	332	640	16	127	211	7
MMAB	0	0	0	124	283	8	45	113	3
GAL3ST4	0	1	0	252	578	31	80	204	14
H2BC8	1	3	0	142	183	15	65	46	2
NIPAL3	1	0	0	181	396	18	82	133	3
ENSG00000266728	0	1	0	0	0	0	10	32	2
ATP6V1B1	1	4	0	251	617	24	96	186	9
RPL34	0	0	0	59	92	2	15	23	1
NARS1	0	3	3	238	622	34	83	172	12
MYL10	0	2	0	82	201	3	50	104	2
UGGT2	1	7	0	553	1682	87	179	554	24
MRPL4	0	1	0	192	396	17	67	129	6
HPCA	0	0	0	97	156	3	45	39	1
OTOGL	0	2	1	972	2599	147	318	913	52
PRKCA	2	3	0	329	492	19	112	135	4
NAPA	0	1	0	146	294	10	54	100	4
TPSG1	0	1	0	274	581	26	120	223	9
ANXA4	1	0	0	136	347	16	48	103	5
POLR2J	0	0	0	70	90	11	23	23	3
STON2	0	4	0	397	963	20	145	383	9
XKR9	0	0	0	151	483	27	46	166	12
SERPINA9	0	1	0	226	567	27	76	179	4
MSANTD2	0	1	0	279	538	14	91	158	2
UVRAG	0	5	0	318	705	17	89	235	3
S100A4	0	1	0	37	116	3	13	37	1
CYSTM1	0	0	0	34	96	4	17	33	0
RAD23B	0	2	0	182	338	3	71	94	2
COX5B	0	0	0	57	150	4	13	47	0
DYDC2	1	0	0	58	159	9	0	0	0
KCNK5	0	1	0	270	474	13	94	149	1
CXXC1	0	4	0	350	626	11	120	179	3
IK	0	4	0	203	374	26	59	118	5
PSMB11	1	2	0	149	362	20	56	136	6
MT1HL1	1	0	0	28	58	7	8	26	4
RSPH14	1	1	1	170	395	21	77	157	3
ARSA	1	2	0	295	632	20	107	222	4
CACNA2D2	3	3	0	608	1066	22	233	341	3
RCC2	1	1	0	317	502	9	109	119	2
PNRC2	0	0	0	50	151	3	15	54	0
POU3F1	1	1	0	334	475	3	102	135	1
CCDC106	2	0	0	215	302	7	76	82	3
RNF41	0	1	0	156	213	2	49	61	1
CDC14B	0	1	0	207	488	10	71	152	2
TOR1A	0	0	0	171	325	13	57	102	5
TTLL4	0	0	1	528	1296	52	188	469	15
MZF1	0	1	0	484	1077	46	142	361	11
IHH	0	2	0	231	429	10	88	138	3
HHLA1	1	0	0	278	672	32	84	250	7
SETD3	1	0	0	274	542	19	99	181	1
PLCG1	1	2	0	659	1204	38	228	372	11
VAC14	0	3	0	420	797	19	159	244	1
TM9SF3	0	2	0	228	415	7	0	0	0
ARSJ	0	2	0	251	622	37	93	187	13
LARP4B	1	2	0	366	719	9	0	0	0
PLET1	0	0	0	97	239	14	38	62	5
ENSG00000267261	1	3	0	121	199	4	43	57	1
RAD51B	0	0	0	160	362	13	54	123	5
CRTC2	0	1	0	331	662	11	98	214	1
SPTB	3	8	0	1182	2500	37	459	889	3
KCNE2	0	1	1	53	134	10	26	54	4
NACAD	0	2	0	712	1450	30	234	466	10
FOXRED1	1	0	0	256	564	31	87	178	15
KRT35	0	2	0	240	552	20	92	202	3
KRTAP5-4	0	0	0	102	248	15	31	76	4
FAIM2	0	1	0	149	312	8	51	88	2
LAMA3	1	7	0	1382	3507	131	479	1179	32
MAZ	2	0	0	497	761	9	224	246	1
OR5K4	1	2	0	144	410	12	41	118	7
MOB3C	0	0	0	92	272	14	31	91	4
SERINC3	0	0	0	222	534	15	72	182	6
NUDT6	0	2	0	154	368	21	61	136	10
LIPK	0	1	0	152	456	20	0	0	0
CTSG	0	0	0	127	292	14	42	69	7
MYH2	2	3	0	819	1719	82	261	565	20
C1QL2	1	0	0	200	343	9	72	85	2
COMMD7	0	0	0	76	206	11	27	65	3
SLC13A3	0	1	0	322	627	12	122	206	7
MRTFA	2	2	0	598	1088	14	245	402	3
EPCAM	0	3	0	165	455	20	47	152	7
NPHP3	0	2	0	517	1390	76	176	452	20
RYBP	0	0	0	0	0	0	0	0	0
GJB7	0	0	1	77	227	16	22	69	7
MPEG1	2	0	0	341	863	46	129	270	12
MAP4K5	0	1	0	329	820	23	107	237	5
DND1	0	0	0	210	364	5	79	117	1
RMND1	0	0	0	194	456	22	58	131	5
OLFM2	0	1	0	259	405	9	106	145	4
MAGI2	1	0	0	748	1557	25	266	501	4
FCRL5	0	1	0	459	1072	42	130	341	13
TRMT12	1	2	0	195	459	25	52	146	7
CAMK2N1	0	0	0	35	63	1	10	16	0
NPIPB6	0	0	0	114	275	20	47	124	7
CALHM6	0	1	0	211	421	19	64	119	8
SEPSECS	0	1	0	209	563	30	59	195	10
PHC1	0	0	0	397	942	13	131	243	1
SLC44A4	0	1	1	335	712	33	112	208	9
ERH	0	0	0	42	39	3	15	2	0
IGFBP2	0	0	0	191	323	4	71	107	1
VGLL2	0	2	0	205	457	15	77	142	4
AACS	2	1	0	324	780	19	123	268	10
DCTPP1	0	1	0	79	198	8	36	74	3
ARHGAP27	0	1	0	529	1042	27	169	350	9
INTS9	0	1	0	309	683	22	113	222	6
CDC42EP5	1	0	0	116	251	7	40	95	1
STAG3	0	2	0	536	1106	52	189	359	15
LIPT1	0	0	0	118	365	22	46	99	6
MYO3A	0	3	0	614	1760	109	0	0	0
HNRNPUL2-BSCL2	3	1	0	443	842	13	149	268	4
ULBP1	0	0	0	120	323	15	42	115	2
MTCH1	1	1	0	220	363	8	76	117	2
C13orf42	0	0	0	0	0	0	54	121	6
APOC1	0	0	0	34	102	7	14	30	3
ENSG00000257390	0	0	0	0	0	0	0	0	0
OR2T35	0	0	0	122	284	5	4	20	2
PDYN	0	1	0	127	315	14	42	108	3
CSGALNACT2	0	2	0	199	534	15	0	0	0
TBC1D5	1	1	0	317	813	44	113	251	10
RRP36	0	0	0	115	317	29	46	104	12
GOLGA6L10	0	0	0	128	284	21	79	218	9
ENSG00000288841	1	0	0	69	144	2	24	40	0
HLA-DRB5	0	0	0	74	154	12	32	58	3
HHIPL2	1	1	0	353	816	42	105	276	18
BBS9	2	1	0	369	922	45	117	297	14
SMU1	0	1	0	197	245	0	55	44	0
ENSG00000289710	0	0	0	0	0	0	9	22	0
DUSP8	0	0	0	478	800	5	198	262	2
OR56B1	0	0	0	150	410	15	40	125	7
ZXDC	0	1	0	574	1063	37	202	356	7
MLPH	2	0	0	313	674	29	101	241	8
IMMP2L	0	0	0	88	209	16	29	72	2
ALS2	0	1	0	709	1608	69	203	511	16
CSTA	0	0	0	35	113	10	16	33	5
OR52R1	0	0	0	150	406	15	47	130	5
UTP18	0	0	0	293	723	25	89	243	4
VWC2L	2	1	0	107	199	4	41	55	2
TRAPPC9	0	0	1	594	1207	49	228	423	13
MYEOV	0	1	0	160	374	12	53	130	4
DEXI	0	0	0	72	137	5	26	39	0
SRGAP2C	0	0	0	0	0	0	21	59	5
NPY1R	1	1	0	154	343	13	62	95	3
CEP41	1	0	0	150	399	17	54	133	5
ENSG00000285791	0	2	0	105	308	5	41	94	1
SARDH	1	4	0	528	1113	53	196	429	17
ARFGAP2	0	1	0	245	572	22	92	193	3
PDZK1	0	0	0	146	421	19	39	99	5
GJC2	0	1	0	315	596	12	107	179	11
CPZ	3	5	0	511	1357	62	217	533	25
CHD4	2	18	2	897	1216	15	306	330	1
GGT6	1	3	0	299	611	14	121	218	5
ELFN2	2	5	1	513	821	16	214	296	1
DEFA1	0	0	0	0	0	0	0	0	0
NDUFA12	0	0	0	72	173	11	27	57	3
PACC1	0	5	0	137	362	17	54	117	7
FCGR2A	0	0	0	137	312	8	55	123	6
OR8K5	0	2	0	133	419	19	41	134	8
LBHD1	0	0	0	113	313	15	32	105	1
OR14K1	0	0	0	0	0	0	38	109	3
H3C14	0	0	0	0	0	0	0	0	0
PREX2	1	2	1	686	1650	46	188	517	11
CDC42EP2	0	0	0	104	241	8	39	85	1
DCSTAMP	0	0	0	237	503	26	73	165	9
ZNF592	0	4	0	603	1330	14	201	441	3
DMTF1	1	4	0	302	710	17	112	193	1
C1S	0	2	0	279	670	18	91	209	5
HAUS2	0	1	0	106	279	11	30	89	2
ADIPOR1	1	1	0	168	272	7	57	64	2
RAB27A	1	0	1	88	254	12	38	94	2
ENSG00000249773	0	0	0	107	214	15	35	80	5
PRDX6	0	0	0	92	194	8	30	61	3
CGREF1	0	0	0	153	319	16	59	106	8
CYP2W1	2	2	0	361	675	18	148	271	5
EMILIN2	1	3	0	555	1292	51	204	446	12
GAS6	0	1	0	420	779	21	170	278	1
CAB39	0	0	0	150	254	4	47	55	2
CDC6	0	1	0	221	556	21	69	169	6
PDE2A	0	4	0	504	715	17	170	204	1
HSPH1	2	2	0	404	832	21	132	233	3
DYNC2I1	0	2	0	486	1206	44	175	418	12
VPS51	0	2	0	450	876	27	157	266	3
METAP2	0	1	0	205	356	5	64	91	1
PANK4	2	4	0	508	853	19	202	260	7
RIT2	0	3	0	111	233	17	41	59	2
PANK1	0	1	0	243	415	9	0	0	0
KRT20	0	0	0	199	515	23	68	164	6
INPP5B	0	0	0	389	934	44	134	340	8
ALDOC	0	0	0	162	352	16	58	119	7
NME1-NME2	0	1	0	133	316	14	55	103	5
C19orf25	0	0	0	83	159	8	32	74	2
ATP1A3	3	27	2	505	468	6	217	111	1
PSG3	0	0	0	275	726	43	110	265	23
PRDM5	1	5	0	271	625	31	95	201	7
F10	0	3	0	256	492	12	103	173	3
SPIC	0	0	0	105	223	12	32	66	2
CEP295	1	3	0	1023	2784	123	326	968	43
OTX1	1	1	0	209	361	6	66	98	1
RAB11FIP2	0	0	1	225	465	9	0	0	0
OR10H2	0	0	0	189	360	13	66	126	4
FABP4	0	1	0	52	136	7	18	45	0
HSPA14	1	1	0	205	536	17	0	0	0
SYNPO2	1	3	0	566	1433	43	199	485	12
PRPSAP2	1	0	0	143	246	12	45	72	3
RD3L	0	1	0	74	221	12	16	75	5
KCNQ3	0	12	0	453	822	17	154	260	4
CYP4A22	0	0	0	213	563	36	72	223	11
PLXNA2	1	7	1	973	1862	50	347	627	14
SPINK14	0	0	0	33	85	5	16	24	1
ADAMTS2	0	3	0	617	1320	30	219	453	10
HCRTR2	0	0	0	246	473	13	90	140	4
ENSG00000275163	0	1	0	107	203	9	32	65	1
PDE10A	0	1	1	358	699	23	198	339	5
SUMF2	0	0	0	153	377	26	51	152	5
CTAGE15	0	0	0	94	273	10	4	37	2
ATP8A2	2	0	0	546	1181	48	180	360	8
RAB8B	0	0	0	87	165	3	29	46	1
RPA3	0	0	0	61	175	10	16	50	1
PHF13	0	0	0	185	273	0	78	100	1
NECAP2	1	1	0	128	307	16	46	87	6
SELE	0	2	0	256	690	34	82	219	6
IL12A	0	0	0	81	196	2	20	49	0
PCGF2	0	4	0	186	386	6	74	124	0
SEMA3F	1	1	0	384	791	14	165	299	4
ACY1	0	1	0	191	449	18	68	169	4
ZNF598	2	1	0	701	1284	21	283	458	5
KIZ	0	0	1	291	725	37	88	242	12
TXK	0	1	0	208	558	30	67	182	8
CHD6	2	9	1	1113	2371	26	389	727	4
OR10A6	0	1	0	166	465	21	53	158	12
MRPL57	0	1	0	76	167	7	27	55	0
YY1	2	5	2	262	270	0	86	65	0
IL19	0	1	0	76	181	13	27	58	1
IPMK	0	0	0	182	408	13	0	0	0
PCDHB3	1	0	0	447	930	27	163	307	7
TEAD2	0	1	0	232	458	22	87	143	7
TPTE2	0	0	0	202	496	23	65	191	10
COPS5	0	0	0	120	137	4	39	36	0
RAB6D	0	0	0	98	259	15	27	61	3
GSG1L	0	3	0	203	391	6	65	121	4
KRTAP1-1	0	0	0	76	212	8	29	68	5
PRSS41	0	0	0	181	418	25	63	130	8
ZNF580	1	1	0	131	236	6	48	77	0
ZNF808	0	0	0	371	1104	61	125	368	8
GPR22	0	1	0	192	364	9	53	79	3
GALP	0	0	0	72	149	5	20	46	1
LYPLA2	0	0	0	136	205	3	48	44	0
CEACAM8	0	1	0	147	366	22	60	137	11
BCL6	1	3	0	317	621	3	104	199	1
CCHCR1	1	3	0	360	877	62	109	260	17
DCAF13	0	3	0	170	466	19	55	174	8
ZNF664	0	0	0	112	179	6	47	39	0
PTPN6	0	2	0	312	477	15	101	131	2
OR4N5	2	0	0	154	402	11	50	152	2
SLC25A29	0	0	0	222	427	8	81	140	2
CELSR2	1	2	1	1560	3074	46	601	1129	7
ADGRA3	0	5	0	633	1513	48	215	490	9
BATF	0	1	0	74	117	2	37	30	0
SLC2A1	1	13	4	246	342	1	101	126	0
DUOX1	1	3	0	771	1710	86	253	579	24
C19orf67	0	0	0	206	409	24	76	113	8
PCBP3	0	2	0	164	336	8	66	123	3
IMPG2	2	3	0	528	1320	59	155	391	18
LCORL	0	0	0	714	2048	45	221	612	6
KCNH1	0	11	0	429	754	21	134	227	7
MORN2	0	0	0	46	159	8	15	65	2
USP45	1	2	0	288	837	54	88	266	17
MRPL1	0	0	0	126	315	14	43	112	2
NSMAF	0	2	0	355	955	40	126	323	14
NOB1	0	1	0	245	572	16	94	209	7
SF3A1	0	3	0	365	582	10	132	157	2
ALKBH6	1	1	0	137	244	8	49	73	5
KMO	0	1	0	209	458	16	66	136	8
ZNF345	0	0	0	151	499	35	48	151	7
DUSP2	0	0	0	187	390	11	83	171	5
BOK	2	0	0	145	306	14	55	125	4
HNF1B	1	2	0	304	537	2	102	148	0
NRROS	0	1	0	438	794	21	147	233	6
XCR1	0	1	0	170	314	11	54	124	2
FOXD2	3	1	0	364	633	9	126	205	2
TMEM141	1	1	0	74	158	8	23	52	1
NUDT22	0	0	0	149	342	26	40	111	10
BID	0	2	0	94	205	5	40	84	1
POLR3H	0	0	0	117	251	13	48	96	1
PAK2	0	0	0	221	350	2	65	79	0
ZNF454	0	0	0	208	484	29	69	114	9
OR5M3	0	0	0	158	456	19	47	142	9
CBFA2T3	0	3	0	487	973	14	210	342	3
CASTOR2	0	0	0	158	206	3	67	54	0
ZBBX	1	2	0	339	898	47	113	282	12
GOLGA6L25	0	0	0	0	0	0	6	20	1
KLC3	5	2	0	372	743	40	142	283	14
PAQR4	1	0	0	178	387	16	70	134	5
MXRA7	0	0	0	130	239	6	45	67	0
LEUTX	0	1	0	83	235	13	32	80	3
CLEC2D	0	0	0	58	191	12	23	62	0
RBM15	2	1	0	551	1036	8	193	290	4
UNCX	0	2	0	460	781	5	147	244	2
MCM3	1	1	0	376	887	37	136	283	12
OR13F1	0	0	0	153	382	16	56	109	4
HSD11B1L	0	0	0	185	351	12	64	106	5
NELFCD	0	0	0	280	510	27	91	126	5
S100A7	0	0	0	54	136	6	25	48	0
ZBTB26	0	0	0	158	277	12	46	78	0
SIGLEC11	0	0	0	340	763	50	122	250	13
RTTN	3	5	0	960	2431	115	319	738	35
UNC50	0	0	0	103	263	13	34	80	1
OTUD4	0	1	0	476	1097	19	151	314	1
PPP1R17	0	0	0	69	209	4	18	76	1
VEGFC	0	1	0	216	431	4	63	147	1
CPSF4	0	1	0	139	147	7	53	42	1
SNX31	0	1	0	191	484	31	63	154	10
GABRA2	1	0	0	195	242	12	58	61	0
SLC22A9	0	1	0	276	695	36	78	229	10
ENSG00000284554	0	0	0	190	489	33	77	185	6
PYDC2	0	0	0	51	110	6	13	34	5
RPS2	1	2	0	235	278	5	76	76	1
C2orf73	0	1	0	125	352	22	41	119	8
KNSTRN	0	0	0	154	369	22	55	127	11
ABCG4	1	2	0	319	534	19	115	172	8
LBX1	0	0	0	194	307	3	0	0	0
KRT8	2	1	0	229	504	17	77	166	4
HASPIN	1	1	0	400	964	34	128	290	7
KIF2B	0	1	0	344	850	37	120	296	13
SCN3A	1	10	0	801	1578	34	267	409	7
NTF4	0	0	0	120	243	9	37	101	5
OR52P1	0	0	0	0	0	0	0	0	0
ATP5MC3	0	1	0	70	114	3	19	33	2
COX8C	0	0	0	51	105	2	15	41	0
PELO	0	0	0	209	446	16	62	141	2
THAP12	0	0	0	304	649	22	109	178	5
MYH7	1	6	0	957	1600	71	400	495	13
SLC46A3	0	0	0	183	493	25	60	149	8
NOVA1	0	1	0	285	433	2	98	118	0
CCP110	0	0	0	326	924	24	109	281	12
TADA1	1	1	0	142	311	12	50	103	3
SPAG11B	1	0	0	26	77	6	8	49	1
PPFIA4	0	4	0	577	1353	49	211	450	13
EPDR1	1	1	0	140	303	23	47	86	10
NCOA3	1	5	0	525	1410	37	180	461	14
IRX2	0	0	0	415	709	13	141	201	4
TNFRSF13B	0	1	0	161	362	27	58	155	10
ARHGDIA	0	2	0	147	220	6	53	75	0
CFH	1	0	0	519	1303	43	169	383	10
H2BC15	0	0	0	82	122	9	29	42	4
UBAP1L	0	0	0	237	505	26	86	171	9
FAM229B	1	0	0	29	93	1	11	31	1
CASKIN1	5	3	0	1075	1951	27	417	695	2
MAP3K10	0	4	0	566	1083	14	213	353	2
PLAAT3	0	0	0	67	214	8	24	73	4
SCYGR1	0	0	0	0	0	0	19	39	3
SUSD3	0	0	0	129	302	6	48	99	1
EEF1AKMT1	0	0	0	110	226	12	39	66	4
ESPNL	2	5	0	640	1378	39	276	534	17
OR5H6	0	0	0	173	432	19	54	137	6
PPA2	0	3	0	139	388	18	38	126	6
H2BC3	1	2	0	112	226	8	42	61	0
FAM110C	1	0	0	249	479	17	97	177	6
BAD	0	0	0	100	249	10	38	79	5
NCAPD2	0	4	1	543	1382	57	183	508	22
TLE4	0	2	0	374	632	2	128	163	0
EPB41	1	2	0	331	800	27	102	256	5
ATRN	1	7	0	587	1295	22	232	412	4
ENSG00000277971	0	0	0	0	0	0	0	0	0
TRIM51	0	0	0	207	604	34	70	184	10
EIF2S3B	0	0	0	0	0	0	54	181	4
PPP2R5E	1	1	0	182	268	4	60	56	0
ONECUT2	1	1	0	340	616	7	138	195	0
LGALS4	0	0	0	157	364	11	62	119	6
RABGAP1L	0	0	1	442	1007	36	138	283	13
TRIP13	0	1	0	205	365	9	81	96	2
THBS1	3	1	0	499	1086	20	171	343	4
ANKRD40CL	0	0	0	0	0	0	13	41	4
TFAM	0	1	0	117	234	8	0	0	0
INSM2	1	2	0	406	724	12	126	238	2
ELK4	0	0	0	192	415	12	57	148	3
CCDC150	1	0	0	439	1193	75	146	396	23
IFIT3	0	2	0	183	458	18	0	0	0
CNOT3	1	13	1	450	601	0	168	184	0
PATZ1	2	2	0	392	604	7	131	181	0
TOM1	1	0	0	267	527	19	94	180	7
CPA6	1	2	0	178	516	34	65	183	9
KRTAP19-4	0	0	0	41	98	8	13	32	2
IGLL5	1	0	0	170	424	21	136	313	9
GABPB2	0	0	0	193	455	16	61	149	6
KL	1	4	0	490	1140	48	177	377	15
PPFIA1	0	3	0	552	1267	9	178	425	2
TNNT3	0	1	0	118	268	10	48	86	2
MARK1	1	1	0	316	672	22	93	174	3
TMEM33	0	0	0	103	229	10	33	77	1
RGS6	1	0	0	203	465	19	66	153	3
KBTBD13	1	1	0	414	829	28	142	304	10
ENSG00000260729	1	3	0	89	247	15	30	85	5
NDST4	0	0	0	388	880	41	113	255	8
HES3	1	0	0	105	243	9	39	70	1
PKMYT1	0	0	0	288	615	20	105	215	5
CCDC96	0	1	1	305	716	50	85	241	15
RABL2A	0	0	0	88	229	8	26	71	4
USF2	1	0	0	240	373	7	93	117	0
CTSF	1	1	0	250	569	28	75	180	9
CCR9	1	3	0	166	361	13	56	109	1
KIAA1549L	2	11	0	872	1972	59	407	764	12
TMEM100	0	1	0	63	131	1	19	45	0
ZNF701	1	0	0	177	537	25	67	198	7
TMEM167A	0	0	0	25	82	2	10	25	1
CYSRT1	0	0	0	78	183	11	23	63	2
CIDEC	0	1	0	117	297	9	47	99	2
TMEM132E	0	2	0	654	1256	25	239	421	9
KTI12	0	0	0	193	430	13	60	152	3
PHOX2A	0	2	0	215	343	6	60	105	1
SREBF1	2	4	0	642	1168	24	231	435	7
HCN1	2	5	0	527	761	14	160	192	5
TMA7B	0	0	0	0	0	0	14	30	2
NSG2	0	0	0	93	186	3	36	58	0
PRXL2B	0	0	0	123	234	9	39	70	4
CYP7A1	1	0	0	221	602	18	72	189	8
FEZF1	1	2	0	247	512	6	80	140	2
C22orf31	0	0	0	120	336	21	35	103	10
CEBPG	0	0	0	64	166	7	20	63	0
AQP7	0	0	0	181	430	15	56	141	5
KCNG1	1	1	0	344	432	12	120	115	1
LILRB5	3	3	0	356	720	39	130	268	16
NXPH1	0	0	0	125	301	7	49	93	1
RNF182	0	1	0	125	291	11	49	92	2
DEFB105A	0	0	0	21	41	1	2	6	0
CLCF1	0	2	0	98	221	7	42	76	1
USP29	0	3	0	375	1014	52	120	303	25
ICAM2	1	1	0	136	291	12	51	113	3
CDKN1B	0	0	0	144	300	2	52	115	0
PSMB2	0	2	0	98	204	5	32	58	1
PACRGL	1	1	0	119	285	16	43	91	4
TNIP1	0	2	0	275	635	17	103	223	0
DEFB131B	0	0	0	32	84	2	9	31	0
NAT2	0	2	0	130	421	21	42	135	9
FANCL	0	0	0	166	508	34	48	160	8
COMMD10	3	0	0	99	305	21	30	92	5
HMGXB4	0	1	0	272	577	20	79	158	2
ZNF555	1	1	0	247	706	41	86	240	14
CANX	0	0	0	233	523	10	73	156	2
IYD	0	1	0	132	344	22	31	113	7
SPRYD4	0	0	0	94	270	13	39	77	5
EMC4	0	0	0	80	162	8	25	42	1
VAMP3	0	0	0	40	110	9	20	42	2
ZNF473	0	1	0	354	835	9	128	288	3
ANKAR	1	2	0	471	1409	66	128	416	20
TSEN15	0	0	0	75	191	6	30	58	1
DAZL	0	0	0	121	289	3	35	94	0
SLC7A1	1	1	0	322	509	4	134	118	0
OR14C36	0	0	0	138	389	14	49	112	3
GPR62	0	1	0	251	478	10	80	132	2
FANCC	1	1	0	238	636	34	77	209	12
MYLK4	0	0	0	166	444	21	68	141	7
ADORA3	0	1	0	160	329	10	51	120	4
NRBF2	0	0	0	119	299	11	0	0	0
HS1BP3	1	3	0	178	447	16	69	169	4
UCMA	0	0	0	75	156	12	0	0	0
CHRNE	2	0	0	366	743	33	156	251	5
RREB1	2	4	0	1221	2390	16	513	839	3
CILP	0	2	0	538	1381	58	177	486	21
FAM83B	1	1	0	388	1106	56	121	384	13
GTPBP4	0	0	0	271	758	6	0	0	0
ADAMTS10	0	6	0	578	1054	21	213	336	4
EEF1G	1	2	0	208	351	12	59	81	0
PCYOX1L	1	1	0	263	554	22	101	183	7
IFT46	0	1	0	124	328	11	41	90	0
FAM210A	0	0	0	109	295	12	37	81	4
MYO15A	5	7	0	1832	4119	166	621	1494	41
ADAM19	1	1	0	443	951	37	150	280	9
CHRNB2	1	1	0	298	564	21	105	165	1
SENP2	0	1	0	216	533	5	65	154	0
TRPV3	0	5	0	421	925	36	161	341	8
ENSG00000256566	0	0	0	48	107	10	15	32	2
CNKSR1	1	0	0	348	748	56	113	262	19
CDH22	0	2	0	506	915	15	193	296	6
PDZRN4	1	2	0	551	1320	46	176	398	10
ZNF775	0	0	1	342	771	32	132	245	3
FDX2	0	0	0	113	239	10	38	87	1
ZNF888	0	0	0	252	713	34	85	250	8
WDR59	0	3	0	576	1164	52	214	357	11
LRRN2	1	3	0	356	651	12	134	231	3
CWF19L1	0	1	0	203	538	35	0	0	0
KLF1	1	0	0	249	487	22	78	136	8
LILRB1	0	0	0	339	726	41	151	297	14
RAD50	1	7	0	499	1223	94	151	386	26
ZBTB9	1	0	0	212	471	18	64	162	2
ZNF681	0	1	0	232	718	30	61	217	8
SLC7A4	1	1	0	330	757	21	134	282	8
ACVR2B	0	1	0	286	475	7	99	132	1
WDR4	0	3	0	257	543	21	89	218	7
DOCK4	4	3	0	884	1921	52	318	588	9
ZFYVE26	2	6	1	1074	2590	103	385	834	22
SLC35G6	0	0	0	168	385	13	62	130	5
APOBEC3A	0	0	0	89	218	12	29	69	3
GLI4	0	0	0	265	643	31	96	209	7
PTF1A	1	1	0	264	429	8	0	0	0
C9orf64	0	0	0	141	380	22	43	129	3
THAP1	0	1	0	93	165	4	36	44	0
VEGFA	0	1	1	193	454	14	77	146	3
WARS2	0	0	0	160	398	15	50	112	5
GCNT4	0	0	0	162	458	19	52	155	8
CAMK1G	2	2	0	238	464	11	81	149	3
PARN	0	1	0	286	761	26	95	215	4
MARCHF4	0	2	0	213	439	17	74	137	2
ZSCAN16	0	0	0	118	311	23	45	105	4
PIANP	0	1	0	126	272	9	55	95	3
FBXW7	1	12	0	289	450	6	99	133	1
COL11A2	1	2	0	764	1707	49	280	566	10
ABHD5	0	1	0	154	402	23	52	116	5
NOX3	2	1	0	262	643	33	99	261	9
LRRC19	0	0	0	165	427	21	48	122	8
HPSE2	1	1	0	283	657	24	0	0	0
NDC80	1	3	0	224	553	36	58	165	10
WFDC13	0	0	0	30	99	4	10	37	1
FN3K	0	1	0	177	397	21	69	131	7
UQCRQ	0	0	0	42	100	6	20	31	0
BPIFB4	1	1	0	344	670	28	125	237	10
PCM1	0	7	0	1073	3312	77	362	1088	14
SPSB2	1	0	0	143	375	20	52	119	6
HOXB13	2	0	0	168	380	18	41	113	7
CASP7	1	1	0	119	312	14	0	0	0
PHACTR3	0	3	1	291	568	8	107	188	3
GAB4	1	1	0	324	706	14	123	262	4
PDIA6	0	0	0	188	473	13	64	156	0
TIMMDC1	0	0	0	121	327	19	43	95	3
TBC1D2B	0	0	0	482	1038	40	165	322	7
DET1	0	4	0	301	673	18	102	196	1
ZNF713	0	1	0	172	437	24	56	139	7
MSANTD5	0	0	0	0	0	0	31	92	0
INTS1	4	7	1	1582	2839	89	611	931	17
SLC4A2	0	5	0	690	1156	13	257	409	3
CASP1	0	1	0	186	445	19	51	140	8
GINS2	1	0	0	125	309	17	43	113	7
CPNE4	0	3	0	243	442	14	81	120	2
LMOD2	0	1	0	220	541	18	71	209	8
RNF167	0	1	1	191	451	10	70	140	4
MAPK7	1	2	0	456	886	23	178	277	1
MAP3K19	0	4	0	486	1353	85	144	401	18
H4C14	0	0	0	0	0	0	0	0	0
CNTRL	0	9	3	867	2318	139	294	748	52
CSDC2	0	0	0	85	156	5	34	55	0
DDR2	0	0	0	348	693	18	110	207	5
AAAS	0	1	0	269	601	37	82	197	12
STK36	0	3	0	606	1309	54	181	428	12
PRKAR1A	0	5	1	175	237	2	75	65	0
WNT2	0	0	0	152	365	13	54	117	2
ANAPC13	0	0	0	30	72	7	15	24	1
ELMOD1	0	1	0	125	293	9	38	109	2
USP17L2	0	0	0	297	739	44	165	368	26
HPS5	1	2	0	427	1177	57	131	383	14
LRRC57	0	1	0	105	228	13	40	62	2
FBXO46	2	2	0	428	693	9	143	205	3
TOGARAM2	0	3	0	537	1155	35	216	416	15
GPATCH1	1	0	0	410	995	37	163	329	15
NAGA	0	2	0	189	460	22	65	160	5
IL1B	0	1	0	119	245	8	44	83	1
DPM1	0	0	0	129	306	13	43	90	3
UGT2A2	0	1	0	216	657	47	71	228	8
INSYN2A	0	1	0	235	558	17	0	0	0
DDX24	1	2	1	384	919	23	119	294	5
CCSER2	1	2	0	398	1174	35	0	0	0
C2orf76	0	0	0	48	127	3	18	38	3
SMIM3	1	0	0	29	81	3	9	34	0
RNF187	0	0	0	164	313	18	55	92	2
FKBP14	0	1	0	82	235	5	27	65	2
SLC25A37	0	1	1	199	384	10	72	133	3
POLR2D	0	1	0	64	109	4	13	33	0
EMP2	0	0	0	100	235	9	40	91	2
IGBP1C	0	0	0	0	0	0	43	117	4
OGFOD3	1	1	0	188	402	18	71	154	3
INPP4A	1	0	1	478	879	13	182	284	4
SP5	0	4	0	339	592	8	100	172	1
BDKRB2	0	3	0	223	418	12	82	148	3
FAM90A11P	0	0	0	0	0	0	1	2	0
CD86	0	1	0	129	337	8	43	98	1
IER3IP1	1	0	0	44	100	8	19	37	1
PCNX3	6	7	0	1259	2126	22	500	753	6
CHSY1	1	1	0	451	943	21	160	314	2
TAF4	2	2	0	922	1493	2	315	463	0
MAJIN	0	0	0	84	247	8	28	73	1
SERINC2	0	0	0	268	550	38	104	215	5
CRNKL1	0	2	0	274	571	29	99	202	7
LRRC18	1	0	0	148	354	12	0	0	0
DDAH2	0	0	0	135	277	5	42	60	1
ELF3	0	0	0	171	308	11	70	110	4
MED7	0	1	0	89	233	10	33	63	1
OR2T6	1	0	0	135	404	12	54	130	5
ICOSLG	0	4	0	10	20	2	1	0	0
VPS37C	0	0	0	203	430	19	78	160	5
NPIPB8	0	0	0	14	49	2	9	26	2
C4orf48	0	0	0	36	60	0	25	47	0
OR6S1	0	0	0	177	423	10	50	151	3
IZUMO4	0	2	0	154	356	23	65	110	9
TTC22	0	1	0	334	704	24	104	246	12
DOCK1	2	8	0	839	1709	56	0	0	0
MRPL18	1	0	0	85	223	16	24	79	7
C20orf173	0	0	0	93	203	16	39	68	8
DBN1	0	0	1	350	800	13	127	261	2
MEPCE	1	0	0	452	808	8	169	225	2
GRPEL2	0	1	0	98	240	17	32	80	4
FGF2	0	0	0	87	155	9	27	34	1
INPP5J	1	3	0	499	1155	45	168	395	14
SNX15	0	0	0	183	389	15	60	144	4
ANKRD61	0	0	0	202	498	21	69	175	4
VAV1	2	0	0	384	642	13	141	188	5
PDP1	0	2	0	231	512	12	71	141	2
DTD1	1	1	0	91	174	8	24	60	0
AMY2A	0	0	0	120	370	28	42	117	7
ENSG00000289764	0	0	0	0	0	0	4	12	3
OR10J5	0	0	0	156	367	15	39	131	3
PEX1	0	3	0	474	1282	58	157	394	19
HELQ	0	1	0	443	1113	49	129	346	13
PICALM	1	1	0	286	637	11	83	162	1
CHKB-CPT1B	0	0	0	30	68	2	10	20	0
DDX4	0	1	0	248	564	8	81	179	1
ENSG00000283952	0	0	0	26	77	2	12	14	0
STKLD1	0	3	0	382	747	35	132	268	10
PPIH	0	1	0	68	134	4	25	31	1
SLC25A36	0	0	0	139	251	4	37	67	1
PDK2	1	1	0	208	355	15	82	115	6
LRR1	0	1	0	185	476	18	69	171	7
CMTM4	0	0	0	116	215	5	40	64	1
MPDU1	0	0	0	136	253	10	54	76	5
SNAPC4	1	4	1	978	2020	90	369	692	35
MRTO4	0	0	0	116	291	5	42	92	0
DSPP	1	2	0	486	1185	29	124	376	9
NSMCE1	1	1	0	130	297	10	53	117	0
PMF1-BGLAP	0	1	0	103	216	14	37	82	5
GSG1L2	0	0	0	0	0	0	61	128	6
LYPD1	0	1	0	87	157	10	33	42	2
ALAD	0	2	0	158	309	12	60	116	3
PTPN13	3	0	0	940	2556	89	301	871	24
FCMR	1	0	0	201	467	22	75	146	6
CACNA2D1	1	2	0	458	825	21	155	203	2
LYPD6B	1	0	0	96	210	7	37	59	4
TPK1	0	1	0	90	289	10	35	91	4
MS4A7	0	0	0	100	255	16	22	98	4
TWF1	0	1	0	125	313	10	39	97	4
CST9L	0	0	0	83	172	15	18	66	2
CTSH	0	1	0	174	358	20	60	118	3
SDF2L1	0	1	1	149	230	13	58	88	2
PPCS	1	1	0	166	343	13	60	101	6
GPX3	0	0	0	0	0	0	0	0	0
ZNF410	0	1	0	205	376	5	66	108	1
PSG1	0	0	0	248	778	36	114	328	15
ARL6	0	0	0	62	190	13	22	60	3
FAAP24	0	0	0	108	229	9	39	73	5
TMED7-TICAM2	0	2	1	190	400	21	57	131	6
SLC4A1	2	4	0	452	900	10	158	293	2
POU6F1	1	0	0	149	316	4	119	212	2
SMG6	2	3	0	752	1671	44	264	523	4
SHD	0	1	0	192	471	20	66	148	7
LAIR1	0	0	0	158	376	12	53	122	3
ANKRD31	1	1	0	665	1909	86	225	635	24
CYP2D7	0	0	0	0	0	0	0	0	0
SOX13	1	4	0	295	592	21	107	189	4
SCAND1	0	0	0	131	253	9	44	66	3
CD164	1	0	0	122	247	2	34	77	0
RLN2	0	0	0	111	287	22	31	80	4
FBXW5	1	7	0	493	992	44	206	397	15
NRIP2	0	1	0	150	352	14	52	129	8
RPL21	0	1	0	67	147	0	25	29	0
ZNF267	0	0	0	282	796	50	78	226	12
POLR2H	0	0	0	66	98	1	22	26	0
SIRT5	0	0	0	141	377	17	50	139	8
E2F6	0	2	0	138	268	15	50	85	2
TRMT10C	0	0	0	129	390	19	46	120	3
EBF1	0	3	0	293	464	2	103	152	1
CPSF2	0	0	0	272	604	23	83	146	3
FCGRT	0	0	1	225	430	17	74	119	2
RAD1	0	0	0	117	312	20	29	88	7
ZNF234	0	0	0	256	673	36	86	200	11
REM2	0	1	0	190	387	18	49	125	2
DEGS2	0	0	0	197	333	19	85	126	2
NLRP2	2	3	1	653	1418	74	235	500	31
MCAM	1	0	0	334	697	23	134	253	4
CLIC6	0	2	0	456	982	31	151	316	6
FER1L5	0	1	0	946	1900	91	356	635	28
OR2A12	0	1	0	141	355	12	48	116	5
TIPIN	0	1	0	106	291	14	39	83	9
TUBB3	1	1	0	309	233	6	121	53	1
SRRM3	0	1	1	386	876	10	142	281	0
CGRRF1	1	0	0	143	379	25	42	108	4
ZNF582	0	0	0	178	517	26	72	177	7
UBXN2B	0	2	0	151	364	10	55	104	2
CHD1	1	7	0	677	1313	17	212	354	2
MAP3K4	2	2	0	704	1419	31	223	432	8
GPD1L	0	1	0	181	335	11	65	109	1
TMEM67	2	0	0	378	1073	66	108	318	18
LOXL4	0	3	0	351	882	52	0	0	0
KRT18	0	1	0	205	447	1	69	132	0
OR4C15	0	1	0	201	634	24	67	224	10
CSAD	0	2	0	242	559	24	82	183	6
TBC1D3B	0	0	0	188	497	26	14	39	5
BDNF	1	0	0	90	178	1	35	50	0
TIMM9	0	0	0	33	71	7	15	23	3
COLQ	0	0	0	232	550	21	79	170	6
PROSER2	0	2	0	362	810	21	0	0	0
OR5I1	0	0	0	174	396	16	52	119	5
GPRIN2	0	4	0	156	370	15	0	0	0
RNPS1	0	1	0	181	327	0	62	104	0
THOC7	0	0	0	82	179	8	28	52	5
TMEM116	0	1	0	147	335	16	43	105	6
FKBP7	0	0	0	92	237	15	25	83	3
ZNF440	0	0	0	255	665	32	84	210	6
SDC3	1	1	0	285	561	10	103	203	0
CCDC38	1	0	0	193	585	36	73	181	13
CKMT2	0	2	0	206	450	25	63	158	14
TDRD7	0	1	0	426	1080	25	145	315	8
IER5L	1	0	0	371	643	0	144	213	0
OR2T4	0	0	0	148	342	7	54	117	2
