gene_name	DDdenovo_syn	DDdenovo_mis	DDdenovo_stopgain	gnomAD_syn	gnomAD_mis	gnomAD_stopgain
ELOVL1	0	2	0	21	32	1
GSTZ1	0	0	0	26	55	3
B4GALT3	0	0	0	32	75	2
ZC3H11A	0	4	0	56	117	0
IFNGR1	2	0	0	40	75	1
OCIAD1	1	0	0	18	47	2
TRAM2	0	0	0	27	57	0
SLC22A2	1	4	0	61	145	1
ALOX15	0	2	0	72	141	8
OR8H3	0	0	0	33	72	1
GOLGA6C	0	0	0	6	20	1
POLR2C	0	1	0	28	27	3
TMEM114	0	0	0	36	74	0
ST8SIA3	0	1	0	33	50	2
ALK	0	5	1	193	317	6
SATB2	1	32	15	76	60	0
EEF2	1	11	0	209	102	0
SELPLG	0	0	1	40	89	2
SPATA4	0	0	0	28	53	3
DAAM1	0	2	1	93	169	5
C4orf45	0	1	0	19	45	3
C1R	0	2	0	67	113	4
MTX2	0	0	0	16	48	4
ZNF197	2	1	0	68	157	9
FRAS1	2	5	0	368	860	22
DHRS7B	0	0	0	28	58	2
PGGHG	1	2	0	117	188	5
P3H2	0	1	0	75	184	9
ZBTB7B	2	2	0	66	79	1
PRKAG3	0	0	0	53	122	1
TBL2	0	2	0	49	95	2
REXO4	0	0	0	45	95	4
CHURC1	0	0	0	7	24	2
C1orf198	0	1	0	43	67	2
FBXO3	0	1	0	32	58	4
NSUN5	0	0	0	55	108	6
POLE	4	9	0	281	540	18
ZFYVE19	1	2	0	44	102	10
RPRD2	2	3	0	114	227	1
CPT1C	0	1	0	83	174	5
EYS	1	2	0	255	650	39
CLK1	0	1	0	38	85	2
PYURF	0	0	0	11	26	1
LARP6	3	1	0	62	92	1
ERLEC1	1	2	0	35	87	1
SCARF1	0	1	0	0	0	0
NELL2	3	2	0	59	144	3
GFOD1	1	4	0	47	47	2
ZNF398	1	0	0	62	130	1
DHCR24	0	3	0	56	73	1
ZNF214	0	0	0	43	124	3
ZFAT	1	5	0	157	272	0
DUSP8	0	0	0	0	0	0
G3BP2	0	5	0	28	42	1
RASA3	2	2	0	133	165	2
UBOX5	0	2	0	62	103	2
PDZRN3	1	0	0	156	258	4
NFATC2	2	3	0	137	177	3
CHUK	0	1	0	44	89	0
UNC5A	0	4	1	103	136	1
RNF175	0	0	1	33	77	4
POU6F1	1	0	0	67	127	2
DMKN	0	2	0	50	118	6
ENSG00000284691	0	0	0	41	59	0
NXPH1	0	0	0	31	48	1
FAAP20	0	0	0	19	46	3
BTBD16	3	0	0	65	118	6
LHX9	0	1	0	30	74	1
GZMK	0	0	0	22	56	3
RPP25L	0	0	0	15	29	1
ABHD12B	0	2	0	30	80	5
CDC37L1	0	0	0	21	68	2
PRPSAP2	1	0	0	32	44	2
C1orf141	1	1	0	32	64	3
GIT1	0	3	0	95	115	0
ENTPD4	0	0	0	65	145	10
KRT26	0	0	0	30	106	9
XCL1	0	0	0	10	23	1
POLR2A	2	7	1	295	178	1
CCM2	0	1	0	61	85	1
LRRC39	0	0	0	22	59	3
CERS3	0	0	0	41	75	1
RBL1	0	3	1	71	189	7
RUFY4	0	5	1	58	149	11
ASAP2	0	3	0	122	184	1
FAM90A18	0	0	0	0	0	0
AASDH	0	0	0	72	200	9
MINDY4	3	3	1	82	171	8
ENSG00000213204	0	1	0	47	112	10
USP6NL	1	2	0	70	157	3
YPEL4	0	0	0	16	19	0
TTC12	1	0	1	54	144	4
CCL22	1	0	0	14	30	0
SNRPB	0	0	0	19	23	0
SLC27A3	0	2	0	0	0	0
IL17RD	0	2	0	74	197	10
CFAP97D1	0	1	0	14	29	2
PRAMEF6	0	0	0	0	0	0
RB1	0	4	0	49	125	2
SLC5A3	0	1	0	65	97	1
EPN3	2	1	1	74	184	6
PODN	0	2	0	77	177	4
SFTPA1	0	0	0	21	43	2
RNF10	1	1	0	70	143	1
PNN	1	0	0	60	138	1
ORC2	2	0	0	38	84	2
OR6C65	0	1	0	21	53	1
BSPRY	0	0	0	45	130	5
MT4	0	0	0	6	16	1
HSPA4L	0	3	0	56	130	2
ENSG00000285827	2	16	11	50	119	0
RAB13	0	0	0	13	42	2
PELI3	0	1	0	47	72	1
CDHR5	3	2	0	0	0	0
AHRR	2	1	0	89	174	6
TBCC	0	0	0	33	83	2
CPLX3	0	0	0	12	42	3
KANK2	1	1	0	131	242	2
PHOX2B	0	0	0	32	37	0
C2orf80	0	0	0	18	43	1
ARIH2	0	1	0	49	43	2
PTH2R	1	2	0	48	142	6
LAMC3	2	0	1	206	412	9
WDR90	2	7	0	313	567	14
TBC1D3H	0	0	0	0	0	0
FCGR2C	0	0	0	0	0	0
AFMID	0	0	0	38	77	4
IL6R	1	2	0	70	97	1
EPGN	0	0	0	11	37	1
NUTM2F	0	0	0	29	52	1
GGCT	1	0	0	13	26	2
BLVRA	0	0	0	27	62	2
ZFP69	1	3	0	31	86	5
GARIN1B	0	1	0	33	56	4
MAN1B1	2	4	0	106	223	8
WSB2	1	2	0	47	38	1
BTBD19	1	0	0	32	54	1
SPDL1	0	0	0	44	127	9
ERFL	0	0	0	56	78	1
DCAF16	0	0	0	22	42	2
PAAF1	0	1	0	34	65	2
PROK2	0	0	0	13	35	0
KCTD17	1	1	0	40	45	0
XPO4	0	2	0	67	125	2
MOCS2	1	0	0	13	47	1
GABRG3	0	1	0	45	59	1
CD7	1	1	0	38	72	1
UGT2B7	0	2	0	53	138	7
SLC17A3	0	1	0	42	97	5
ENSG00000256861	0	0	0	43	93	0
KLK6	0	0	0	17	45	3
UMPS	0	0	0	38	90	2
RAP1A	0	0	0	19	14	0
COQ5	0	0	0	30	65	2
LAMP3	1	1	0	46	87	1
IFNA14	0	0	0	22	72	0
TMA7	0	0	0	5	19	1
DEFB135	0	0	0	13	27	1
CDAN1	1	1	0	176	313	8
EDDM13	0	0	0	17	31	0
HECTD3	2	2	0	101	161	5
GRIN3A	3	4	0	95	224	2
EIF3C	0	0	0	2	9	0
LILRA1	0	0	0	0	0	0
ACP1	0	0	0	19	38	2
EEF1B2	1	0	0	24	42	1
HLA-DQA2	1	1	0	0	0	0
TMPRSS11A	3	0	0	33	83	3
UGT1A6	0	1	0	51	125	3
OR52A1	0	1	0	21	70	0
RAB32	0	0	0	13	43	2
RCAN3	0	1	0	24	40	4
KRTAP9-1	0	0	0	17	51	4
TACC2	1	6	1	298	605	21
LGALSL	0	0	0	11	26	0
CLEC4M	1	1	0	38	53	1
ACTMAP	0	0	0	61	99	5
PDK1	1	0	1	36	69	6
CCL3	0	0	0	0	0	0
KRTAP4-16	0	0	0	0	0	0
MMAB	0	0	0	27	72	3
PYDC2	0	0	0	11	19	2
RAB5IF	0	1	0	9	19	1
CUEDC2	0	1	0	28	35	0
ST3GAL4	0	1	0	38	56	0
MYO6	1	1	0	86	198	5
GFRA1	0	3	0	63	94	0
ADM5	0	0	0	17	28	1
OR51B5	0	0	0	38	81	6
PTS	0	1	0	13	34	1
SNRPE	0	0	0	8	5	0
TAF15	0	2	0	0	0	0
CSMD2	3	9	0	395	646	5
TBC1D32	2	4	0	94	241	10
SOST	0	2	0	27	49	1
OSTF1	1	2	0	21	37	2
THUMPD2	1	0	0	37	100	9
APPL1	1	1	0	42	115	2
CFLAR	0	1	0	34	56	0
ZNF652	1	1	0	50	85	1
CECR2	2	0	1	151	312	1
TDRD3	0	0	0	45	107	4
TNRC6A	1	3	2	151	380	2
GPR4	1	2	0	44	54	1
SMIM13	0	0	0	8	12	0
EYA1	1	1	0	48	90	0
TRARG1	0	0	1	26	50	1
WSCD2	0	4	0	56	110	3
INTS9	0	1	0	70	127	6
HJV	0	2	0	41	73	3
HEXA	1	4	0	43	96	3
TBR1	0	2	1	58	59	0
ALDH1A1	1	1	0	42	80	0
TMEM86A	0	0	0	33	41	1
SPICE1	1	2	0	67	158	5
TTI2	0	1	0	37	100	3
ATP6V1G2-DDX39B	0	0	0	0	0	0
CDKN2B	0	1	0	12	37	0
CSNK2A2	0	0	0	23	26	0
REXO1	2	5	0	235	397	2
ZNF559-ZNF177	0	0	0	20	67	2
KLK10	0	0	1	37	78	4
TOPORS	0	2	0	79	168	0
NUBP2	0	2	0	52	94	4
ACTR8	0	0	1	64	97	8
CERCAM	1	2	0	82	158	7
FGF11	0	1	0	27	62	1
ENSG00000291240	1	1	0	93	170	5
TBX20	0	1	0	43	67	1
ECI2	2	0	0	42	86	3
ENSG00000260092	0	0	0	0	0	0
ST3GAL3	2	0	0	39	55	2
PTGDS	0	0	0	19	36	0
ABAT	1	4	0	59	130	2
LRRC25	0	0	0	34	56	0
HES3	1	0	0	25	39	0
LCE2D	0	0	1	12	37	0
PARP16	1	2	0	41	70	4
MSL1	0	2	1	63	97	0
ACSS1	1	2	1	88	140	3
CYP3A43	1	1	0	39	113	3
EZR	1	3	1	76	129	0
TEAD2	0	1	0	57	77	3
GALNT4	1	0	0	50	112	4
GGA1	1	2	0	85	124	2
RELA	0	2	0	57	76	0
PLAU	0	2	0	42	92	1
ANKS6	0	1	0	109	225	6
COA4	0	0	0	11	24	0
APLNR	0	2	0	43	89	0
EOMES	0	2	0	74	125	2
BSCL2	0	1	0	35	91	3
NAGK	0	2	0	38	95	2
PLPP6	0	0	1	44	75	3
ENSG00000259784	0	0	0	35	32	0
FGD5	1	0	0	177	395	1
KCNMB3	0	0	0	11	29	2
CMIP	1	7	0	146	110	0
XKR4	0	2	0	63	86	2
RBL2	1	1	1	74	175	0
OXCT1	0	0	1	36	50	0
MRPL43	0	0	0	18	22	0
KATNA1	0	0	0	44	78	6
SCNN1A	1	0	0	86	173	3
KRTAP4-7	0	0	0	10	16	1
KRTAP19-4	0	0	0	7	16	0
MYBPHL	1	1	0	48	90	6
CACNA1S	5	3	0	224	445	11
TXNDC17	0	1	0	13	31	0
VPREB3	0	0	0	17	37	2
SLC43A2	0	0	0	0	0	0
TM4SF20	0	0	0	23	47	4
PPP1R12C	0	3	0	101	187	1
TAF1L	2	2	0	140	337	6
CYP3A5	0	2	0	26	87	7
NDN	0	0	0	44	75	2
TVP23C-CDRT4	0	0	0	7	14	0
CDK5RAP3	0	0	0	51	103	4
CLPSL2	0	0	0	7	26	0
CBLC	1	0	0	45	98	5
ENSG00000170846	0	0	0	26	55	1
KBTBD7	0	5	0	58	107	4
GRK5	1	2	0	60	102	2
NUDT21	0	1	0	18	4	0
OSR1	1	1	0	21	47	0
CCDC93	0	4	0	54	129	2
ZNF605	0	0	0	43	92	6
SYNC	1	1	0	34	106	5
RSPO2	1	1	0	15	45	1
WNT8B	0	0	0	26	51	3
WDR74	0	0	0	28	55	3
FTMT	0	0	0	29	66	1
TUBB3	1	1	0	83	26	1
C1orf232	0	0	0	27	46	1
ENSG00000284762	1	2	0	76	96	0
HSPB7	0	0	0	30	37	1
TPRKB	0	0	0	12	31	1
LRRC74B	0	1	0	36	83	3
FAM118A	0	2	0	58	75	1
FAM47E	0	1	0	44	76	4
FBXO48	0	0	0	13	18	2
CELSR2	1	2	1	356	651	4
PSMD1	0	5	0	67	100	0
SUMF1	0	0	0	41	97	2
ATP2C1	0	3	0	45	96	2
VWA5B1	0	3	0	148	363	13
TOP1MT	3	2	1	77	166	9
CST8	0	2	0	18	45	3
CHTOP	0	0	0	23	44	1
EP300	4	25	15	239	420	0
ELAVL4	0	1	0	28	36	0
AP1S3	0	0	0	11	31	0
UBL5	0	0	0	8	4	0
CDH22	0	2	0	114	182	2
ARHGAP40	0	1	0	70	155	4
TYMP	0	1	0	76	137	2
ZNF148	1	3	2	63	72	0
TMEM134	1	1	0	22	54	4
TBX4	0	3	0	70	110	1
ZCCHC9	0	0	0	15	47	2
SEC23A	0	3	0	50	102	2
CACNA2D2	3	3	0	134	171	1
PPIP5K1	0	1	0	22	73	1
DLGAP3	1	1	0	135	180	1
HENMT1	1	0	0	31	76	2
SLA2	0	2	0	22	55	2
MFAP5	1	0	0	20	39	2
OR52K1	1	1	0	43	93	2
WSCD1	0	3	0	85	178	7
ENSG00000272410	0	6	0	53	132	6
PLEKHA4	0	2	0	75	196	5
GPA33	0	1	0	52	83	2
CLTA	0	1	0	19	43	0
RNF214	0	2	0	51	109	0
TSR1	0	1	0	59	164	10
SPA17	0	0	0	12	28	0
C8orf88	0	0	0	10	26	1
KCNJ9	0	0	0	49	36	0
RSF1	0	3	0	104	213	1
TMEM62	2	1	0	49	106	5
ENSG00000237378	0	0	0	9	15	2
SSR3	0	1	0	16	26	2
IGSF22	2	2	0	114	302	13
ENSG00000285953	1	1	0	54	146	2
ANKRD34B	1	1	0	30	81	2
HORMAD2	0	0	0	21	65	2
CRTAM	0	0	0	36	67	4
PHC2	0	0	0	92	165	3
STRIT1	0	0	0	4	4	0
SPACA9	0	0	0	28	47	3
KPNA2	1	1	0	32	81	0
IFFO2	0	1	0	70	93	1
CCL1	0	0	0	10	16	1
ENSG00000272297	0	0	0	0	0	0
MAPK8IP1	2	4	0	96	147	0
CDC37	0	0	0	48	61	0
SLC26A9	3	3	0	107	167	0
TGM4	3	3	0	74	166	11
APOA1	1	0	0	33	63	0
SCO2	1	1	0	47	85	3
PTPN9	0	2	0	47	80	3
MPHOSPH9	1	1	0	68	187	6
OR2T1	1	0	0	0	0	0
ENSG00000284695	0	0	0	0	0	0
CENPK	0	0	0	21	35	2
RASSF7	0	2	0	0	0	0
DISC1	0	2	0	75	176	4
CPVL	0	0	0	31	105	7
ADAMTS12	1	4	0	110	252	6
PSD2	3	0	0	82	208	4
TRIL	0	1	0	101	149	2
MZB1	0	1	0	20	29	1
CAMK2A	1	5	0	68	27	1
ZNF571	0	1	0	36	123	6
ADA2	0	0	0	40	116	2
TNFAIP8L1	0	1	0	26	35	0
CAMK4	0	5	1	29	69	2
TTC23L	1	0	0	22	73	5
RSL24D1	0	0	0	9	33	0
ENSG00000280571	2	2	0	63	163	5
EXOC5	1	0	0	38	89	1
NBAS	1	10	2	188	510	23
FMC1-LUC7L2	0	3	1	29	74	2
COMMD9	0	0	0	21	37	0
ZNF689	0	0	0	38	76	4
SNX17	0	2	0	37	90	3
COX15	1	2	0	39	65	8
ABCC2	1	5	0	114	318	13
MRE11	0	2	0	60	135	6
RABGGTA	1	2	0	52	119	2
CENPF	0	8	0	241	576	32
UBR7	0	0	0	0	0	0
SLC14A2	1	1	0	99	205	9
ZNF615	0	0	0	44	154	12
ZNF320	0	0	0	34	72	0
RECK	2	2	1	74	141	6
DNAAF8	0	1	0	65	154	10
BCAR3	0	3	0	83	184	5
RASSF3	1	0	0	14	43	2
THAP10	0	1	1	36	49	3
QTRT1	0	1	0	58	76	5
KLF12	1	2	0	59	52	0
SLC25A34	0	0	0	30	79	4
LILRA2	0	0	0	0	0	0
BPIFB2	1	0	1	57	112	3
ARMC12	1	0	0	45	76	5
HNRNPCL2	0	0	0	0	0	0
TOMM6	0	0	0	6	25	0
GARRE1	0	2	0	80	154	2
GBP2	0	0	1	39	114	2
XPR1	0	3	0	54	67	1
CTLA4	0	0	0	20	24	0
GPR146	1	0	0	67	108	1
ENSG00000285943	1	2	0	67	158	5
CHMP4C	0	1	0	18	45	3
SNUPN	0	0	0	23	57	5
CCDC134	0	0	0	26	46	3
CNTN4	1	2	0	108	211	3
PLPPR1	0	1	0	0	0	0
NCL	1	0	2	86	119	0
NHLRC2	0	0	0	45	90	4
CTSK	1	1	0	20	46	3
PLCL2	0	3	0	92	126	1
USP38	0	1	0	78	163	2
ENSG00000288643	0	1	0	3	11	0
C22orf23	0	2	0	19	45	6
SRPRA	0	1	0	61	113	2
CYP4V2	0	1	0	43	113	9
CCDC8	0	0	0	50	123	7
BFAR	0	1	0	0	0	0
HDAC7	0	2	0	121	199	0
ITGA2B	0	3	1	97	178	5
PTGES2	0	1	0	52	93	4
MYORG	0	2	1	96	178	7
SOX6	0	2	2	67	109	1
DGKH	0	5	0	105	176	5
ZBTB46	0	2	0	115	138	1
ENTHD1	0	1	0	34	100	4
OR2Y1	0	2	0	25	84	4
TFEC	0	1	0	27	69	4
FAM171A2	1	2	0	88	155	1
PSMB8	0	1	0	0	0	0
ENSG00000263620	0	4	1	14	20	1
TMPRSS2	1	1	0	68	125	5
ENSG00000272916	0	1	0	61	159	2
CYP27B1	0	1	0	50	81	1
BAIAP2	1	3	0	106	96	3
QPCT	0	0	0	22	102	7
RAD50	1	7	0	80	216	15
SDR9C7	1	1	0	32	93	0
OR4F29	0	0	0	0	0	0
PMAIP1	0	0	0	6	11	0
ATRIP	0	3	0	74	137	1
USHBP1	1	2	0	67	181	11
FCRL3	0	2	0	72	160	7
TRIM26	1	2	0	0	0	0
DDAH2	0	0	0	0	0	0
FAM170A	1	0	0	21	77	3
ADAMTSL4	1	5	0	120	311	12
MED15	0	4	0	102	125	1
ZBTB8OS	0	1	0	13	27	2
SHISA5	0	1	0	39	54	4
UMAD1	0	0	0	15	28	0
SNX25	0	1	0	79	192	2
PAFAH2	1	2	0	32	105	5
PGPEP1	0	1	0	31	48	2
ERI2	1	1	0	33	112	7
E2F6	0	2	0	26	44	0
SMARCD1	0	2	1	40	54	0
PSMA2	0	1	0	21	16	0
ELOA	0	1	0	64	133	3
CA2	0	0	0	19	40	1
TBC1D3L	0	0	0	0	0	0
TP53TG3C	0	0	0	0	0	0
POU5F1B	0	0	0	41	86	5
SLC25A35	1	0	0	22	67	6
ZNF670	0	0	0	22	79	3
OOSP4A	0	0	0	19	34	2
H2AJ	0	0	0	16	20	0
ATE1	0	0	0	54	82	2
MGME1	1	1	0	23	66	5
PET117	0	0	0	4	18	1
AMDHD2	0	1	0	89	101	1
SPRN	0	0	0	51	73	0
FOLR3	0	1	0	42	66	2
C1orf43	0	0	0	23	43	1
USP17L12	0	0	0	0	0	0
STEAP4	0	0	0	31	77	9
TMCO4	0	2	0	81	139	8
TMEM41B	0	1	0	21	46	0
SMAD7	1	2	0	77	87	1
RFLNA	1	1	0	29	65	0
JAML	0	2	0	32	85	2
YAF2	1	0	0	15	18	0
WDR64	2	2	0	76	221	14
PEPD	0	2	0	79	168	6
LDLRAD4	0	0	0	35	62	0
UCP2	0	0	0	22	97	6
PATE4	0	0	0	4	17	3
ILDR2	0	0	0	65	125	2
GNL3	0	1	0	37	85	4
TMPRSS13	0	3	0	63	112	4
BTBD6	0	0	0	90	107	4
RND2	0	2	0	14	55	4
RILP	1	1	0	0	0	0
COASY	1	2	0	53	126	4
CHRNE	2	0	0	97	152	3
RIMS3	0	1	0	31	69	1
BCAS1	0	0	0	63	133	3
MVB12A	0	0	0	27	68	1
SLC22A25	0	0	0	56	128	6
CDH5	1	1	0	100	186	5
PLPP1	1	1	0	26	45	0
CTTNBP2NL	1	0	0	52	103	2
USP33	0	1	0	61	104	1
AP4B1	0	0	0	64	145	6
IL36RN	1	0	0	19	34	2
USP17L24	0	0	0	0	0	0
SLC6A5	2	2	2	89	164	8
DCP1B	0	0	0	45	126	8
NCAPG2	0	5	1	72	185	5
CRYBB2	0	0	0	18	42	1
FAM13A	1	2	0	74	178	5
P2RY14	0	0	0	35	69	3
ORC3	1	2	0	53	136	5
RALGAPA2	0	4	1	164	340	15
POU2F2	1	4	0	66	97	0
UFSP2	0	0	0	29	66	1
FIG4	0	1	0	74	150	9
ADAR	0	5	0	114	177	2
APBB1IP	1	1	0	66	113	1
TNNI1	0	0	1	24	34	0
TEKT3	1	1	0	41	119	6
HSD3B7	1	0	0	43	98	3
ORAI1	0	2	0	41	87	2
ARHGAP24	0	4	0	57	150	2
DUS1L	2	3	1	77	115	0
SMIM43	0	0	0	7	11	0
ADIRF	0	0	0	5	17	0
SNRNP27	0	0	0	8	16	2
BCAM	2	4	0	110	193	5
PPME1	1	1	0	15	52	1
FSD1	0	6	0	68	111	0
FETUB	0	0	0	35	88	3
FNDC11	2	1	0	50	94	3
LHX3	1	0	0	53	107	0
ADAM11	2	1	0	90	124	4
SLC35G4	0	0	0	43	82	4
SUSD4	0	5	0	61	103	4
BOLL	0	1	0	14	32	1
TCN1	0	0	0	47	83	6
EFNA5	0	1	0	26	28	0
KCNJ15	0	1	0	38	65	2
CFAP298-TCP10L	1	0	0	40	89	6
HEXB	0	1	0	43	100	4
PLPP3	0	2	0	23	56	0
NECTIN1	1	1	0	61	123	0
PRSS50	0	2	0	48	92	2
MMP27	0	0	0	50	111	8
NRM	0	0	0	0	0	0
MMP26	1	1	0	22	48	2
FAM240A	0	0	0	6	30	2
CYP26A1	1	3	0	51	98	3
RNF169	0	1	2	68	159	3
EDN2	0	2	0	23	40	2
MYOF	2	6	0	190	412	29
AANAT	0	1	0	33	67	0
PF4V1	0	0	0	6	22	0
CDK5R1	1	0	0	29	32	0
AGPAT5	1	1	0	54	97	4
ENSG00000289282	0	0	0	0	0	0
BUB1B-PAK6	0	0	0	0	0	0
ANXA9	1	1	1	25	75	5
SPX	0	0	0	8	21	0
CCDC169-SOHLH2	0	1	0	41	63	3
VPS41	1	0	0	64	138	2
FLRT1	2	2	0	99	157	2
SAXO2	0	0	0	36	106	5
L3MBTL1	0	2	0	91	154	9
OR6Y1	0	2	0	22	93	2
FASTKD3	0	1	0	51	99	7
ZFP2	0	1	0	23	84	10
FAM53B	0	1	0	55	95	0
GATM	1	2	0	34	50	4
CBLB	4	1	0	94	169	3
METTL21EP	0	0	0	14	46	4
ISM1	0	0	0	45	97	1
MVB12B	0	2	0	38	51	0
DEFB123	0	0	0	5	13	1
WASHC4	0	1	0	76	199	4
CSTF3	0	2	0	38	51	4
IQCD	0	0	0	44	86	8
JPH4	0	0	0	72	94	0
ENSG00000286132	0	0	0	0	0	0
OR6B2	0	0	0	33	63	1
ABO	0	0	0	64	113	3
TMEM17	0	0	0	20	47	0
DNAJC19	0	1	0	10	21	1
ELK4	0	0	0	32	87	1
LRATD1	0	3	0	33	58	0
PRDM5	1	5	0	44	114	5
ZFP91-CNTF	0	1	0	53	82	0
LIMS1	0	0	0	23	30	2
APBB3	0	0	0	39	90	5
UEVLD	2	2	0	35	69	3
LAMTOR1	0	1	0	15	29	0
PRSS38	0	0	0	45	78	3
GPX5	0	0	0	0	0	0
MCAM	1	0	0	76	138	1
GPD2	0	1	0	56	130	8
CRTC2	0	1	0	47	111	0
CHAF1B	0	3	0	50	92	0
RNF168	0	1	0	49	111	6
PTTG1IP	0	1	0	20	40	0
HACD4	0	0	0	20	43	4
PLPP5	1	0	0	24	53	3
SLC2A2	2	0	0	39	84	3
DYNC2I1	0	2	0	102	243	8
RBIS	0	0	0	7	15	0
OR5T3	0	1	0	0	0	0
JDP2	0	0	0	21	35	0
SMG5	2	2	0	82	216	3
CHP2	0	0	0	20	57	1
TAOK1	0	9	4	75	72	0
NRDC	1	1	0	86	155	2
OR6S1	0	0	0	32	93	1
ENSG00000260234	0	0	0	0	0	0
MBD3L3	0	0	0	0	0	0
GRSF1	0	1	0	59	104	2
HELQ	0	1	0	71	191	6
SHISA2	0	1	0	46	74	1
AVPR1B	0	2	0	42	119	6
HEXIM1	0	0	0	40	59	0
DNAJB4	0	2	0	11	43	1
SHISAL2A	0	1	0	20	49	1
ZNF84	0	0	0	62	111	4
SF3B3	0	5	0	90	111	0
FAM24A	0	0	0	6	21	0
ILF3	2	0	0	129	127	0
TRAPPC10	3	5	0	106	190	0
ZNF146	0	2	0	15	19	0
RNF5	0	0	0	0	0	0
APOL5	1	0	0	0	0	0
AMDHD1	0	2	0	41	95	1
NBPF20	0	0	0	28	72	9
NUP153	1	6	0	118	270	0
PATL1	1	3	0	47	112	2
A2ML1	0	4	0	145	304	18
CHERP	1	1	0	140	141	0
DAP3	0	1	0	24	74	2
MMADHC	0	1	0	18	54	4
TNFAIP8	0	1	0	17	35	1
DSCC1	0	2	0	23	73	1
KCTD12	0	1	0	49	58	0
SKOR1	1	1	0	112	195	0
ZHX3	0	5	0	73	180	4
NOTUM	0	3	0	74	107	2
ENSG00000254553	0	1	0	40	95	5
KIAA1586	0	2	0	56	141	10
PAPPA2	2	3	0	160	353	11
ZNF467	0	1	0	67	150	5
ODF1	0	1	0	28	56	2
TGFBR1	0	3	0	42	64	1
GGNBP2	0	4	1	0	0	0
ALPK3	1	4	0	187	413	7
FAH	0	0	0	49	86	4
CXCR2	0	1	0	38	82	0
PHLPP2	2	3	0	113	274	7
OR52E4	1	0	0	28	69	4
FANCF	1	1	0	51	92	1
AMPH	1	2	1	65	126	3
UBE2F-SCLY	0	1	0	10	16	0
SNRPD2	0	0	0	14	6	1
ISOC1	0	1	0	35	58	1
C12orf76	0	0	0	6	16	0
TMEM81	0	0	0	28	39	5
PCNX4	0	2	0	87	247	10
SCML4	2	3	0	52	97	3
OR5AN1	0	1	0	29	51	3
BEND6	0	0	0	21	41	2
ENSG00000287694	2	1	0	122	295	3
KLHL26	1	2	0	109	150	2
SMIM40	0	0	0	0	0	0
TSPO	0	1	0	18	46	1
CCDC85A	1	0	0	74	135	2
MATCAP1	0	0	0	39	90	5
ARHGAP1	0	2	0	48	81	0
PPP4R4	0	1	0	0	0	0
ZNF587B	0	0	0	55	136	13
GTF2I	0	1	0	24	31	0
ENSG00000267748	0	0	0	6	34	2
SDS	0	1	0	47	71	4
SINHCAF	0	1	0	0	0	0
ZNF90	1	0	0	46	145	4
C1GALT1C1L	0	0	0	22	66	2
EFCAB2	0	0	0	13	36	5
UGT8	0	2	0	46	80	0
SEC61B	0	0	0	12	18	0
LRRC73	1	1	0	31	41	0
ABHD4	1	1	0	39	67	5
ALAD	0	2	0	42	70	2
LMTK2	1	7	1	201	318	0
NANOS1	0	2	0	46	81	1
GOLIM4	0	0	0	60	158	6
GPBP1L1	1	0	0	54	88	2
WNT2B	0	0	0	36	93	0
ERMARD	1	0	0	0	0	0
MMACHC	0	0	0	32	77	7
RPS7	0	0	0	16	18	0
NAP1L5	0	1	0	22	45	0
KCNA4	1	4	0	60	106	1
PARP2	0	3	0	44	116	6
KPNA6	1	0	0	33	48	1
TGFBI	1	0	0	70	144	1
PECR	1	2	0	33	67	4
XPO6	0	3	0	96	152	0
SGSM2	2	2	1	148	271	3
SDHC	0	1	0	10	33	3
HTD2	0	0	0	8	28	0
SLC31A1	0	0	0	14	17	1
HHEX	1	0	0	32	38	0
PNLIPRP2	0	0	0	0	0	0
RAD51	0	3	0	28	37	1
LARS1	0	2	1	78	181	4
NLRP1	1	2	2	160	291	11
KLF15	0	0	0	47	86	1
PCM1	0	7	0	185	553	10
MARK2	1	5	1	60	94	0
NUP58	1	0	0	55	95	1
SPSB1	0	2	0	28	26	0
OSBPL8	0	0	0	60	117	3
TAS2R19	0	0	0	0	0	0
ENSG00000260851	0	0	0	0	0	0
AKAIN1	1	0	0	6	14	0
GRAMD2B	0	0	1	32	67	4
RFC5	0	0	0	25	44	5
MROH6	5	0	0	0	0	0
INTS1	4	7	1	395	535	11
ZNF837	0	2	0	78	168	7
FAM227A	0	1	1	47	113	5
COQ10B	0	1	0	17	40	2
HOXD3	0	1	0	42	80	1
ATP6V1H	1	4	0	33	82	2
CASC3	0	1	0	54	134	4
ERP27	1	0	0	21	64	1
CMBL	1	0	0	22	58	2
SLC9C2	1	5	0	56	146	3
PKIB	0	0	0	3	13	1
ENSG00000255730	1	1	0	76	126	5
OXR1	0	3	0	47	142	3
CALB2	0	0	0	33	52	3
NDUFA11	0	1	0	21	35	1
DCLK1	1	2	0	77	74	0
HS6ST3	0	1	0	41	96	0
CFHR2	0	0	0	21	39	3
ENSG00000267059	0	0	0	6	20	0
FAM90A11P	0	0	0	0	0	0
URB2	2	4	0	154	337	12
NDUFB8	0	1	0	15	49	4
SERPINI1	0	0	0	21	63	0
ASXL3	1	3	26	184	390	1
TTPAL	0	1	1	28	48	2
DAPL1	1	0	0	10	29	4
ENSG00000267157	0	0	0	11	24	0
COX6A2	0	0	0	10	29	2
TMEM272	0	0	0	28	44	2
COX7A2	0	0	0	6	16	0
CXCR5	0	0	0	53	63	0
PTP4A1	0	0	0	17	13	0
VMP1	2	1	0	32	45	1
DEFB106A	0	0	0	0	0	0
RSPO4	0	2	0	23	83	2
OR56A5	0	1	0	23	69	4
PAX9	0	0	0	33	59	0
IL4	1	0	0	17	25	0
RIN1	1	2	0	110	214	8
TAS1R1	0	0	0	83	175	9
CCZ1	0	0	0	6	21	0
IDO2	0	3	0	34	82	7
RHOU	0	1	0	27	44	1
SDR39U1	0	0	0	28	74	2
MRPS34	0	1	0	31	76	2
PFDN1	0	0	0	9	15	1
PAX2	1	0	0	43	63	0
ZNF23	0	0	0	57	103	3
ABR	2	2	0	5	2	0
TRIP6	2	1	0	61	118	5
STRC	0	0	0	32	64	5
RAB40B	0	2	1	42	51	1
ZYG11B	0	0	0	59	55	1
PPP1R13B	0	3	0	120	229	2
USP17L29	0	0	0	0	0	0
TMEM115	0	2	0	37	52	0
CCDC186	0	1	0	61	135	5
CDK18	0	3	1	47	99	4
TXNDC8	0	1	0	9	25	0
SLC38A3	0	2	0	57	70	0
PLA2G4B	1	2	0	98	232	7
NFIL3	0	0	0	46	55	1
OR8B12	0	1	0	29	73	2
NME3	1	0	0	36	49	4
RPL14	0	0	0	15	35	1
PADI3	0	0	0	69	168	6
CRCT1	0	0	0	14	26	1
OTOG	5	11	0	368	813	25
ARID1A	2	12	4	232	399	1
TMEM54	0	0	0	29	50	3
GPR137C	2	2	0	57	75	1
ZNF442	0	0	0	38	134	12
TULP3	0	2	0	43	101	2
SZT2	1	10	1	333	658	20
PTGR1	0	0	0	23	63	0
SPESP1	1	0	0	20	71	3
ZNF57	0	2	0	57	115	9
LY96	0	0	0	7	30	0
ATG7	1	1	0	48	128	2
TRIM27	0	1	0	0	0	0
SCARA3	0	1	0	79	164	4
ALKBH4	0	3	0	42	95	1
SEMA6B	1	4	1	119	214	0
DCST2	1	4	0	90	201	10
PAM16	0	0	0	0	0	0
MIF	0	0	0	0	0	0
CWC15	0	0	0	15	23	0
ENSG00000267561	0	1	0	22	60	0
CDC42BPG	0	4	0	218	372	8
SPIN1	0	1	0	20	9	0
PIAS1	2	1	0	65	70	0
ALYREF	0	0	0	46	42	0
ZC3H4	4	3	0	237	328	0
ABL2	3	4	0	96	205	5
SH3BP5	0	0	0	52	93	2
PCDH18	0	0	0	91	198	4
TIA1	0	1	0	21	53	1
SUSD5	0	2	0	60	147	5
DRD4	1	1	0	0	0	0
HLF	0	1	0	20	41	0
CWC27	0	0	0	26	74	3
CDH24	0	5	0	93	184	5
HNRNPA0	0	1	0	46	42	0
BAK1	0	1	0	18	39	2
TEN1-CDK3	0	0	0	16	32	2
BICDL1	0	1	0	76	127	4
DNAAF4	0	1	0	37	93	6
GOLGA6L9	0	0	0	1	6	0
IRF2BPL	2	6	2	186	158	0
ST6GALNAC5	0	0	0	31	80	2
HGS	0	4	0	134	192	1
FGF9	0	1	0	12	19	0
ARSG	0	3	0	65	109	3
KIF26B	2	4	2	26	33	0
C3orf80	1	1	0	30	55	2
UACA	0	0	1	109	242	15
INHBB	0	0	0	48	81	0
SETDB2	0	0	0	43	91	3
ENSG00000266728	0	1	0	3	20	1
NOL4	2	3	2	63	86	1
NBPF10	0	0	0	34	63	4
EFCAB9	0	0	0	19	38	2
ANKRD34C	0	1	0	57	85	0
ARPIN-AP3S2	0	1	0	39	97	1
SERPINF2	1	1	0	3	6	0
SLC25A48	0	0	0	41	83	3
NDUFA2	0	0	0	10	22	0
ANKDD1A	0	1	0	68	132	7
TMEM140	0	0	0	19	59	2
CPA2	0	2	0	37	84	5
TTC13	1	2	0	83	123	2
SHQ1	0	1	1	49	123	4
PKDCC	1	0	0	56	133	1
CLEC12B	0	0	0	19	50	3
C22orf42	0	0	0	28	54	0
ESF1	1	4	0	55	118	2
RTP3	0	0	0	20	51	1
GPR75	0	1	0	53	97	3
SYNCRIP	0	2	1	43	52	1
OR2M4	0	3	0	33	58	4
MACF1	4	7	0	525	1193	14
MS4A18	0	1	0	41	85	5
ALPK2	2	6	0	193	396	9
DAG1	1	3	0	83	169	0
ZKSCAN3	0	1	0	41	88	1
RASGRP4	0	4	0	72	130	7
MLX	0	0	0	25	33	1
ADH7	0	1	0	30	91	0
TRPV3	0	5	0	106	202	4
SLC16A3	1	0	0	92	170	3
ZNF300	2	0	0	30	87	6
TMED9	0	0	0	30	51	1
MPPED2	0	2	0	28	27	0
TXNDC16	0	2	0	65	157	3
GTPBP8	0	0	0	21	68	1
SLC28A3	0	1	0	63	119	5
NCBP3	1	3	1	70	105	1
NPC1	3	2	0	144	260	4
OCEL1	0	0	0	37	64	4
C21orf140	0	0	0	0	0	0
KIAA1958	0	1	0	51	127	1
FAM181A	1	2	1	0	0	0
ARHGEF26	1	3	0	0	0	0
LCTL	1	0	0	71	122	5
CABP2	0	1	0	30	57	2
PMM2	0	1	0	27	88	3
XIRP1	5	0	0	183	462	24
C10orf67	0	0	0	44	105	2
TAAR8	0	0	0	22	80	2
MMP16	1	1	0	38	53	0
TLCD1	0	0	0	34	67	2
TADA1	1	1	0	23	67	1
RAB11FIP1	0	3	1	137	263	2
SEPTIN5	0	4	0	46	41	0
CDC34	0	0	0	44	40	3
ZNF622	0	2	0	32	84	2
KPRP	0	2	0	51	144	7
MPC1	0	0	0	10	17	0
UAP1L1	0	0	0	53	126	4
ATP6V1B2	0	5	0	63	58	1
MUSTN1	0	0	0	11	28	1
CDK13	0	23	2	182	272	3
MED30	0	0	0	15	37	0
PTP4A3	0	0	0	0	0	0
ALMS1	1	3	0	312	851	29
ZSCAN20	0	2	0	97	173	10
FAM171B	0	1	0	61	135	0
TRMT112	0	0	0	16	35	0
PYGO1	0	1	0	36	75	0
ASIC4	2	1	0	69	120	2
ZNF830	1	2	0	26	70	1
RCCD1	0	2	0	47	88	5
ITGB2	2	4	0	152	198	5
SGCE	0	2	0	36	75	1
RCAN1	0	2	0	35	43	0
RSPH14	1	1	1	49	91	1
MSH4	0	3	0	57	163	8
HOOK2	0	3	0	79	184	6
KHDC3L	0	1	0	20	52	2
S100A3	0	0	0	9	30	2
SNTG2	1	2	0	33	71	3
SEMA4F	3	4	1	88	181	9
DMRTA1	0	3	0	59	144	3
OR8B8	0	0	0	31	62	2
PHF7	0	1	0	41	50	1
OR52B6	0	0	0	26	69	2
OMA1	0	2	1	38	100	6
USP29	0	3	0	61	157	8
CBLN4	0	1	0	20	24	2
CYP46A1	2	0	0	58	46	0
ALG10	0	0	0	33	72	4
TIFAB	0	0	0	16	48	4
CHCHD4	0	0	0	12	19	0
DIPK2A	1	2	0	48	82	4
GPR89B	0	0	0	7	15	0
TRPM1	1	2	0	3	6	0
BDH1	0	0	0	0	0	0
ABHD17B	0	0	0	32	24	1
NCOA2	2	6	0	118	220	2
POTEE	0	0	0	38	59	0
KRT5	2	0	0	82	149	1
CYP2B6	0	0	0	58	163	4
OLA1	1	3	0	28	49	1
DIRAS3	0	1	0	24	38	0
LYPD8	0	0	0	22	34	2
IFITM1	0	0	0	21	29	1
FMO1	0	1	0	34	107	9
TMEM204	0	2	0	28	44	2
DISP1	2	5	0	134	286	6
ENSG00000284057	0	1	0	61	124	9
IAPP	0	0	0	13	11	0
FCRL5	0	1	0	71	209	8
BHLHE23	0	1	0	34	66	2
RSPH4A	0	1	0	44	154	12
SPTA1	3	5	0	234	594	14
ZAP70	1	3	0	82	103	1
FAM149A	0	3	0	93	226	4
TIGAR	0	1	0	25	34	0
VSTM4	2	1	0	49	89	1
MASTL	2	3	0	49	139	7
SCFD1	1	1	0	40	101	0
ENSG00000288529	0	0	0	1	7	0
ACKR1	0	2	0	32	70	2
NUDC	1	1	0	24	58	0
SYTL3	2	1	0	62	164	7
MIER2	0	1	0	106	141	3
STAT3	0	5	0	64	64	0
LIAS	0	1	0	26	61	4
YIPF7	0	0	0	25	49	4
SPDYE17	0	0	0	0	2	0
DUSP14	1	0	0	0	0	0
APOBEC3G	0	0	0	32	81	6
POLD3	0	0	0	33	71	3
TOM1L2	0	2	0	59	100	0
NYAP2	2	4	0	82	153	1
PDE4B	1	2	0	54	93	2
PLOD3	0	4	0	105	199	6
ZFYVE28	4	6	0	184	279	2
AKIP1	0	0	0	14	49	0
NFS1	1	0	0	26	88	1
SIGLEC14	0	0	0	9	37	0
TRIM10	0	0	0	0	0	0
PPBP	0	0	0	11	29	0
ZNF3	0	0	0	32	70	4
SLC38A7	0	1	0	52	91	1
OR2B2	0	1	0	21	54	5
MEAF6	0	0	1	16	20	0
NUDT12	0	2	0	34	89	5
ABITRAM	0	0	0	15	33	2
NOSIP	1	0	0	34	36	3
MPHOSPH8	0	0	0	72	144	4
ADGRF4	1	0	0	73	158	3
MAN2B1	1	5	0	112	227	7
DKK3	0	1	0	37	70	4
HPR	0	0	0	43	90	4
HBEGF	0	0	0	14	27	0
ZNF446	2	1	0	58	138	6
HMGCS2	0	3	0	52	112	3
ZNF620	1	1	0	23	66	7
CCR2	0	1	0	41	76	5
EHBP1	0	1	0	81	193	6
OSBPL7	0	3	0	96	161	2
YBX1	0	0	0	28	62	0
RETREG1	0	0	0	40	92	3
ENO2	0	2	0	35	67	0
MON1B	0	2	0	70	114	1
OPCML	0	0	0	26	55	0
B3GNT6	0	1	0	52	88	1
SPIDR	2	2	0	83	198	12
HIGD1B	0	0	0	12	31	0
KCMF1	0	0	0	25	46	0
PTDSS2	1	3	0	14	13	0
TSSK6	0	0	0	27	37	0
SEL1L3	1	2	0	108	200	4
LRCH3	3	3	0	81	162	3
GPR33	0	0	0	22	69	6
ZNF205	0	0	0	79	119	5
CDK4	0	1	0	22	45	1
HNRNPAB	0	1	0	47	55	1
NRBF2	0	0	0	13	41	1
SETD9	0	0	0	24	50	6
SLURP2	0	0	0	13	18	0
BDNF	1	0	0	24	34	0
OTOR	0	1	0	15	22	1
LGI4	1	4	0	79	131	5
DENND1A	1	3	0	135	225	2
H4C6	0	0	0	18	43	1
AKAP7	0	1	0	21	68	1
RGL3	1	1	0	79	186	20
CCDC18	0	3	0	81	182	14
CRB1	2	4	2	101	248	11
PSKH2	0	1	0	34	85	5
CYP4F2	0	2	1	63	143	5
TRIM36	2	1	0	50	131	2
TFAP2E	0	0	0	63	104	2
ZNF391	0	0	0	26	66	7
NOXO1	0	2	0	61	123	6
LURAP1	1	1	0	21	57	1
KRCC1	0	0	0	21	43	2
KDM4E	0	1	0	51	103	4
SPTLC3	0	0	0	35	115	5
IL1B	0	1	0	19	35	1
SEMA4G	0	1	0	70	177	5
BNC1	0	3	0	74	189	1
BTG1	0	0	0	17	20	0
EVA1C	0	0	0	39	91	4
SETD3	1	0	0	65	101	0
TMEM154	0	1	0	12	40	1
PPIAL4E	0	0	0	0	0	0
DCDC1	0	3	0	160	335	20
DZIP3	1	2	0	72	205	4
ENSG00000249141	0	0	0	0	0	0
KRI1	0	2	0	82	202	4
SPRR2G	0	0	1	3	15	2
ATAD2	0	1	0	110	221	5
ADIG	0	1	0	11	15	0
CUL5	0	0	0	58	51	0
RPS13	1	0	0	12	14	0
TNFAIP6	0	0	0	15	51	1
TSSK4	0	2	0	28	70	8
GNB1	0	14	0	37	17	0
FAHD1	1	1	0	33	64	3
SPRTN	0	1	0	33	77	1
MEOX1	1	0	0	28	65	0
STIMATE-MUSTN1	0	1	0	43	65	3
RHBDD3	2	0	0	54	91	5
PAQR3	1	1	0	30	54	3
CDH20	0	2	0	92	150	2
FXYD5	0	1	0	19	48	1
MYL12B	0	0	0	15	11	1
SLC5A9	0	0	0	76	158	10
UPK1B	0	1	0	15	54	5
VANGL2	1	0	0	71	102	1
CYP2A7	0	0	0	60	132	2
AURKC	0	1	0	27	64	2
TCFL5	0	0	0	68	116	0
GIMAP6	0	0	0	38	74	3
ENSG00000258677	0	0	0	8	10	0
BLZF1	0	0	0	20	61	2
ALPP	0	0	0	68	129	5
FIBP	0	2	0	45	77	1
ELAC2	0	1	0	91	180	12
CTAGE6	0	0	0	3	24	0
CEBPB	1	1	1	61	66	0
MIS18BP1	1	2	1	63	215	6
FNDC3A	1	3	0	88	158	0
ACADS	0	0	0	49	103	1
C2CD6	1	4	0	93	270	15
BCAN	2	1	0	81	172	7
LITAFD	0	0	0	12	25	1
ARRB2	2	1	0	47	50	1
SOX15	0	1	0	20	44	0
ENSG00000269242	0	0	0	0	0	0
SYCE2	0	3	0	26	37	0
DENND2A	1	1	0	105	208	4
CCNDBP1	0	0	0	31	63	3
RPLP1	0	0	0	11	16	0
SMDT1	0	1	0	0	0	0
CYFIP1	0	1	0	52	67	0
SEPSECS	0	1	0	23	102	6
RIOK1	0	0	0	50	123	3
GABRB2	2	18	0	45	50	1
AQP7	0	0	0	42	92	5
ATP5PF	0	0	0	6	10	0
SLC6A18	0	1	0	95	169	12
SAE1	0	1	0	35	60	0
ZNF628	5	3	2	158	235	0
ZNF284	0	0	0	26	113	4
ENSG00000286070	0	0	0	10	7	0
LEFTY1	0	0	0	26	70	4
TAF11L10	0	0	0	0	0	0
TCEA3	0	3	0	30	67	1
CCDC184	1	1	0	19	48	1
TMEM186	0	0	0	25	66	1
CTDSPL	0	0	0	26	41	1
DFFB	0	1	0	31	70	4
CAB39	0	0	0	27	27	1
ADRA2B	0	0	0	36	96	2
CXCL11	0	0	0	5	20	1
SLC22A1	0	1	0	68	146	6
GALNT6	0	1	0	58	122	3
TRIB2	1	2	0	39	58	1
LILRB3	1	0	0	1	3	0
OXA1L	1	1	0	38	115	5
RARS1	0	1	0	46	124	5
KRT1	2	0	0	64	97	2
FLT3LG	0	1	0	31	48	1
ODF4	0	0	0	23	46	1
GAS2L2	1	4	0	109	228	9
SCRN3	0	1	0	33	63	5
TBX19	0	1	0	43	84	2
TMCC1	0	2	0	42	54	0
DEFB132	0	0	0	15	32	1
KIF11	1	4	1	68	102	0
ENSG00000214265	0	0	0	6	21	0
OR2T33	0	0	0	21	56	1
ORAI3	0	0	0	38	66	3
USE1	1	1	0	22	62	4
ZFP36L1	0	1	1	24	35	0
WFDC5	0	2	0	9	21	1
ZNF222	0	0	0	30	92	5
COQ8A	1	6	0	78	182	5
HOXD4	0	1	0	32	57	3
MPIG6B	0	0	0	0	0	0
CXCL5	0	0	0	9	30	0
CRADD	0	2	0	23	52	1
BDP1	2	3	0	0	0	0
QSOX1	0	1	0	80	187	7
GRB2	0	0	0	28	13	0
IL20	0	1	0	12	41	2
SOX11	0	19	1	66	65	0
ATXN1	0	3	1	133	201	0
ERI3	0	0	0	38	45	2
MAPK13	0	0	0	42	69	4
ULK2	0	1	0	99	198	5
HBZ	0	0	0	9	9	2
CCL18	0	0	0	0	0	0
ENSG00000285330	0	1	0	51	130	3
FZD2	1	1	0	46	62	1
AMIGO1	0	4	0	43	45	0
MBOAT7	1	4	0	0	0	0
CYP2A6	0	0	0	55	110	1
ENSG00000255054	0	0	0	5	4	1
CLMN	0	1	0	102	205	5
LZIC	0	0	0	8	29	0
CTNNA2	0	7	0	96	106	3
GNA12	0	1	0	49	63	1
UQCR10	1	0	0	9	15	1
NUDT4	0	0	0	4	8	0
CATIP	0	1	0	45	90	2
IPO11	0	1	0	66	162	4
LCN15	0	0	0	30	48	2
ELFN2	2	5	1	140	183	0
STYXL1	0	0	0	25	60	1
PDCD7	1	2	0	47	110	5
GPR141	0	1	0	31	63	4
FLG	0	1	0	579	1671	125
LRRC74A	0	2	0	47	93	2
TASOR	1	5	0	131	254	3
BTF3L4	0	0	0	5	12	0
TGDS	0	0	0	20	60	3
CCNB1	1	0	0	37	66	1
ERICH6B	0	1	0	69	139	4
ZFP30	0	0	0	35	97	8
ADGRA2	3	6	0	166	337	2
PADI6	0	1	0	83	158	5
PSMC1	0	1	0	33	17	2
KRTAP17-1	0	0	0	0	0	0
ASAH2B	0	0	0	0	0	0
GET1	0	0	0	15	34	1
ENSG00000187186	0	0	0	7	18	0
ZCCHC17	0	1	0	11	52	0
ADAMTS13	2	6	0	141	285	6
PARD6B	1	2	0	32	58	0
ENSG00000289791	0	2	0	26	45	5
MMS22L	0	3	0	92	198	5
ADH4	0	0	0	19	91	1
SMIM19	0	1	0	8	22	2
DNAAF10	0	0	0	32	56	4
DCBLD1	0	4	0	65	169	4
IRX6	0	1	0	64	133	5
USP4	0	3	1	79	168	4
RAP1GDS1	0	1	0	43	93	3
KRTAP4-6	0	0	0	23	41	1
RFC1	1	1	0	91	180	3
RAB34	0	0	1	22	44	4
DYNC1I1	0	1	0	51	86	1
SEMA5A	2	3	0	158	217	3
OR6K2	0	2	0	24	78	4
UBN2	0	5	0	125	254	1
MRPL38	1	0	0	48	107	4
CA6	0	1	0	37	76	6
SF3A3	0	1	0	36	47	0
DPH3	0	0	0	4	13	1
PPID	0	0	0	29	64	3
AKT1S1	0	2	0	43	67	0
XAF1	0	1	0	28	66	4
HSPB8	0	0	0	17	43	0
CIR1	0	0	0	32	53	3
LPCAT2	0	0	0	40	89	5
CES5A	1	2	0	15	13	0
PCDHB1	2	1	0	63	116	5
MPL	0	5	1	38	123	8
POLR1H	0	0	0	0	0	0
PKHD1	2	12	1	342	849	29
RELN	3	9	0	279	629	3
OR10AG1	0	0	0	29	80	1
SMIM26	0	0	0	7	15	0
TULP2	0	3	0	55	116	3
FIZ1	1	1	0	72	84	0
OR2A5	0	1	0	34	83	5
MCPH1	0	1	0	93	269	13
CDCP1	0	1	0	79	169	5
ZBP1	1	0	0	45	106	7
ENSG00000288711	0	0	0	0	0	0
LRCH4	2	2	0	69	187	3
KIF16B	2	3	1	113	254	6
TEX33	0	0	0	27	72	3
APOC1	0	0	0	6	21	0
SF1	2	4	0	78	85	0
CCDC70	1	0	0	20	63	2
CIART	0	1	0	32	57	0
RNF7	0	0	0	12	13	1
HOXA4	0	0	0	42	101	3
NRBP2	1	0	0	67	109	2
GDF3	0	3	0	33	61	5
KIF1C	0	2	0	131	250	7
CTCF	1	17	1	73	75	0
DDAH1	0	1	0	32	47	3
ZNF671	0	1	0	38	92	8
SLC10A7	0	0	0	23	44	1
KRT35	0	2	0	56	123	1
ZPBP2	0	1	0	35	53	3
YTHDF3	0	2	0	42	74	0
PTGES3L	0	1	0	12	30	0
FAM184A	0	0	0	69	178	16
ABRACL	0	0	0	10	18	0
PLEKHG7	0	1	0	66	146	7
CDON	1	6	0	108	250	6
PXMP4	0	0	0	24	43	0
OTP	0	0	0	36	60	0
PHF10	0	0	0	41	70	4
C1orf53	0	0	0	16	37	3
MKLN1	0	0	0	47	84	0
GMPR2	0	0	0	24	65	3
DCAF17	0	2	0	38	86	4
TMEM106C	0	1	0	25	52	1
TFAP4	3	2	0	33	55	0
ESM1	0	1	0	19	17	0
PCP4	0	0	0	5	9	0
SLC39A1	0	1	0	39	59	2
KHDC4	0	0	0	48	85	1
ITGA3	0	3	1	118	199	7
ENSG00000272772	0	1	0	14	8	0
TSPO2	0	0	0	9	29	1
NMNAT1	0	0	0	18	49	1
RAI1	1	5	1	271	412	0
CASP14	0	0	0	25	79	2
GTSF1L	1	0	0	13	36	1
KRT33B	0	1	0	0	0	0
CAVIN2	0	0	0	38	100	1
TRPM7	2	6	1	120	274	5
LPAR2	1	2	0	42	64	2
ENSG00000282278	0	1	1	66	104	1
APCDD1	0	4	0	76	123	3
ALKBH2	0	1	0	20	51	3
COX8A	0	1	0	10	17	0
FFAR4	0	0	0	43	63	4
CFAP20DC	0	0	0	69	170	5
PRSS2	0	0	0	0	0	0
ATF1	0	0	0	22	42	0
C12orf57	0	1	0	21	47	3
URM1	0	0	0	17	24	1
GOSR1	0	1	0	20	48	1
KLHL17	1	6	0	180	238	10
MS4A2	0	1	0	22	45	2
ZNF761	0	0	0	57	162	9
ZNF180	0	0	0	42	134	3
VXN	0	0	0	23	48	0
CLASP2	2	4	1	124	198	2
TRA2A	0	1	0	26	44	4
MMP13	0	1	0	48	102	2
REV3L	2	4	0	221	490	2
SLC35D1	0	1	0	26	62	2
CYTH2	0	0	0	59	49	1
LAMC2	0	3	0	100	260	5
C10orf53	0	0	0	8	17	1
CHAC1	1	2	0	34	50	2
GPR152	1	1	0	62	122	6
SCRN2	0	0	0	49	100	3
MCOLN2	0	0	0	41	103	7
HNRNPLL	1	2	0	39	65	1
SERPINI2	0	0	0	25	72	5
TUBGCP3	1	0	0	68	99	1
RHOA	0	0	0	12	6	0
UBE2R2	0	0	0	22	10	0
CCDC28A	0	0	0	9	35	2
KIAA1328	0	1	0	45	97	4
NCAPG	0	1	0	61	145	5
MDFI	0	0	0	32	59	1
C15orf40	0	0	0	15	45	1
UPB1	0	0	0	55	104	4
GAP43	1	0	0	28	36	1
FAP	0	1	0	75	129	5
AGGF1	0	0	0	52	133	4
CCDC171	1	2	1	117	350	19
EMC7	0	1	0	14	28	0
NGFR	2	1	0	45	82	2
BMP10	0	1	0	46	70	1
ACTN3	1	5	0	97	260	16
PTGES3L-AARSD1	0	2	0	46	112	3
HIGD2B	0	0	0	13	33	0
SMG8	0	3	0	58	161	7
INTU	2	2	0	57	156	8
C11orf68	0	1	0	38	59	0
COX4I2	0	0	0	19	43	2
MKX	0	1	0	48	76	0
KDM3B	3	9	0	151	202	0
TRAPPC3	0	0	0	8	27	1
COX17	0	0	0	2	7	0
MBLAC1	0	0	0	33	58	2
ANKRD24	1	1	0	155	298	8
ATP13A1	1	4	0	194	241	1
NPEPPS	0	2	0	47	76	1
PAX1	0	4	0	79	121	4
VDAC3	0	0	0	17	47	1
MT1E	0	1	0	16	27	3
HOXB4	0	0	0	38	35	0
IQCF5	0	0	0	9	39	0
MROH9	1	2	0	71	172	5
APC	2	10	0	196	491	3
OCM2	0	0	0	15	16	1
GDPD4	1	1	0	40	102	2
ZNF510	0	1	0	36	113	10
MLEC	0	0	0	26	32	0
AQP6	0	0	0	37	71	3
DPP7	1	2	0	83	179	9
MARCHF10	0	5	0	56	157	5
ATP5ME	0	0	0	10	22	0
CRH	1	0	0	21	38	0
TRMT10B	0	0	0	29	59	5
GPX8	0	0	0	14	31	0
ZNF618	2	2	1	159	191	0
TUBA1C	0	0	0	44	46	2
OR10K2	1	1	0	32	78	1
H3Y2	0	0	0	20	44	2
C5orf58	0	0	0	7	19	0
LRSAM1	0	1	0	73	145	6
VWA3B	0	1	0	105	245	10
C12orf56	1	1	0	60	102	9
ENSG00000275740	1	3	0	75	142	2
TNNC2	0	2	0	15	19	0
ENSG00000281039	0	0	0	10	20	1
CKLF-CMTM1	0	0	0	13	28	2
OR5BS1P	0	0	0	24	48	2
BMP6	1	1	0	93	134	0
CCNT1	0	2	0	41	114	2
PSKH1	0	1	0	42	93	4
CAPN15	1	8	0	286	344	4
ROPN1B	0	0	0	15	30	4
RAP2A	1	0	0	16	10	0
RBM23	0	3	0	45	117	7
RBM11	0	0	0	31	65	2
SLC51B	0	0	0	15	20	1
CCDC88A	1	4	0	141	237	0
ENSG00000283877	0	0	0	3	5	1
NRN1L	1	0	0	19	56	2
ZNF385A	0	1	0	38	45	0
NPM1	2	1	0	29	32	0
INPP1	0	2	0	26	58	2
SC5D	0	1	0	18	50	1
ME2	0	0	1	37	97	8
FSCN2	1	1	0	101	189	5
ADGB	2	4	0	125	329	17
ELOF1	0	0	0	14	9	1
IRF2BP1	0	2	0	65	85	0
HOXD12	0	1	0	29	76	1
SUCNR1	0	1	0	31	62	3
EBF2	2	1	0	66	88	2
IPO7	0	3	0	72	96	0
ZC3H14	0	2	0	53	98	1
ALG1L2	0	0	0	41	78	1
BRINP3	2	1	0	46	148	0
CTDSP1	1	1	0	38	36	1
LCN6	1	0	0	20	38	3
PHF13	0	0	0	45	50	0
ERP44	1	0	0	21	41	0
VPS29	0	0	0	5	16	0
NLRP8	1	1	0	129	226	9
CEP85	1	6	0	52	157	9
ZNF132	0	3	0	56	132	7
ENSG00000285526	0	1	0	13	26	1
ACTR5	1	0	0	71	139	3
MGAT4B	2	3	0	87	125	3
IFNA16	0	0	0	27	67	4
FBLN5	0	2	0	48	70	0
ZNF582	0	0	0	38	85	4
ZNF215	0	2	0	44	131	10
ZNF530	0	0	0	42	108	8
ART5	0	2	0	32	88	1
METTL6	0	0	0	21	43	2
PM20D1	1	1	0	47	107	2
GDF9	1	0	0	34	87	8
TWIST2	0	0	0	9	17	1
VEGFA	0	1	1	53	77	4
APLP2	0	1	0	68	175	2
PARN	0	1	0	0	0	0
OR2T4	0	0	0	0	0	0
MXD3	1	0	0	27	62	3
ENSG00000282804	0	0	0	8	14	1
SARNP	0	1	0	21	40	0
ABHD13	0	0	0	23	39	1
PAK6	0	4	0	78	171	3
MAZ	2	0	0	141	139	0
ANO8	3	3	0	138	250	6
NACAD	0	2	0	135	271	5
KCNE2	0	1	1	16	30	2
PCGF2	0	4	0	0	0	0
ENSG00000284820	0	0	0	0	0	0
FRMPD1	0	1	0	149	325	12
CHTF18	6	9	0	269	447	14
NACA2	0	1	0	24	44	2
ZNF432	0	0	0	40	128	12
GHRL	0	1	0	9	32	2
LY6K	0	0	0	12	39	0
ZNF669	0	0	0	37	73	1
ICOSLG	0	4	0	0	0	0
FAM205A	0	0	0	60	159	3
ENSG00000188897	1	0	0	560	1184	42
LGALS9C	0	0	0	18	16	2
NAPSA	1	0	0	46	100	7
OR2T2	0	0	0	0	0	0
CILP2	4	3	0	157	273	5
XKR3	0	1	0	28	78	2
SERPINA5	0	0	0	53	135	3
PTPN6	0	2	0	73	74	2
APBA1	0	0	0	63	79	1
LPCAT4	1	1	1	43	71	3
PCMTD1	0	0	0	19	26	1
HOMEZ	1	0	0	40	106	2
MICOS10-NBL1	0	0	0	3	22	1
MYBPC3	1	5	0	184	340	4
TMEM200A	1	1	0	46	101	1
THEM4	0	1	0	20	58	0
OR2T11	0	1	0	35	72	3
GFPT1	0	5	0	40	61	2
KCNH5	2	4	0	96	134	5
CCDC43	0	0	0	11	43	2
TOX2	2	3	0	74	112	0
ARHGAP26	0	2	0	69	90	2
FES	0	3	0	99	182	6
PTGS1	1	3	0	62	134	5
CLEC1A	0	0	0	22	64	1
LRP3	3	6	0	123	206	3
WDR35	0	3	0	98	219	13
ZNF735	0	0	0	43	83	1
HSD11B1L	0	0	0	37	56	4
CLINT1	1	0	0	41	87	1
OXSR1	1	2	0	37	64	1
TOR2A	0	1	0	36	83	0
PGK2	1	0	1	33	87	5
IGFLR1	0	2	0	44	91	6
TRPM5	1	4	0	178	385	9
DNMT3B	3	3	0	90	163	6
RTN1	2	3	1	87	149	1
KRTAP16-1	0	1	0	0	0	0
AQP8	0	2	0	49	60	1
ARHGAP28	2	1	0	61	131	6
FGGY	0	1	0	62	116	5
LRRN1	0	0	1	74	121	1
SULT1E1	1	0	0	25	62	3
CNTRL	0	9	3	148	420	25
COX7A2L	0	1	0	10	26	4
PDGFRA	1	4	1	95	172	2
ENSG00000267140	0	0	0	15	27	2
KIR3DL3	0	0	0	0	0	0
ZNF727	0	0	0	40	101	4
BTN1A1	1	1	0	33	88	5
ENSG00000289697	1	0	0	107	237	9
NFX1	0	5	0	78	161	4
ZNF70	0	1	0	57	92	4
UGT2A1	0	1	0	45	119	9
KALRN	1	6	0	304	424	2
FGF18	1	1	0	27	34	0
PCDHA6	1	0	0	140	239	6
SAPCD2	0	1	0	55	116	4
PLK1	0	2	0	63	92	0
TAX1BP3	0	0	0	12	29	0
FMNL1	1	1	0	106	200	1
NFIC	1	3	0	67	101	0
TAS2R14	1	1	1	0	0	0
ITFG2	0	2	0	37	76	3
OIP5	0	2	0	17	52	4
ZNF556	0	1	0	61	109	6
IREB2	1	2	1	81	127	2
UBXN10	0	1	0	29	53	3
PLAAT2	0	0	0	9	36	1
CCDC201	0	0	0	18	43	3
PKM	0	0	0	49	75	1
P2RY2	1	0	0	46	116	3
HSD17B14	0	1	0	21	58	2
PAX6	0	3	0	44	37	0
RGS13	0	0	0	17	29	0
MUC19	0	0	0	0	0	0
CLIC3	0	0	0	24	44	2
HSDL1	0	0	0	43	92	1
PSMF1	0	0	0	26	80	1
RPL27	0	0	0	13	26	0
GABRA5	2	5	0	55	48	1
RPS9	1	1	0	0	0	0
GRK4	1	0	0	48	126	5
TCP11L1	0	0	0	35	91	1
ZC3H7A	0	3	1	68	148	1
ZBTB41	1	2	0	52	117	2
AUP1	0	0	0	47	84	2
HGH1	0	0	0	40	85	4
ACP7	0	1	0	53	103	8
LDLRAD1	0	0	1	22	49	3
TLDC2	0	0	0	18	55	1
EGFLAM	1	6	0	102	230	4
SMCHD1	3	4	0	133	269	0
LAMA2	3	8	0	267	683	24
FAM166C	0	1	1	21	49	2
CDO1	0	1	0	20	37	0
TBCEL	0	2	0	41	39	2
PCDHB3	1	0	0	63	125	1
CCDC125	0	0	0	1	1	0
ITGB4	2	11	0	248	477	9
CTXN1	0	1	0	12	10	0
PIGK	2	1	0	33	65	3
RPP38	0	0	0	24	67	2
CR1L	0	1	0	56	153	6
PFDN4	0	1	0	13	15	2
PHF20L1	1	2	1	61	143	0
NPIPB15	0	0	0	12	22	3
CDH15	2	1	0	113	260	13
TMEM221	0	1	0	45	84	2
ZNF235	0	1	0	53	112	5
PAFAH1B1	0	4	0	26	32	0
OR4F3	0	0	0	0	0	0
PFKL	2	2	0	124	184	5
DMAP1	0	1	0	50	72	4
PCDHGB7	0	1	0	91	196	3
FGF1	0	0	0	19	27	0
CTNNBIP1	0	0	0	16	16	1
TP53INP1	0	1	0	10	45	1
SCYGR5	0	0	0	20	27	1
FBXO10	2	1	0	92	182	3
RABIF	0	0	0	16	30	1
DNAJB1	0	0	0	61	79	2
CEACAM21	1	1	0	0	0	0
IGFBP5	0	1	0	34	55	0
CYTIP	0	1	0	29	66	2
ZSWIM6	1	6	1	133	207	0
DSG4	0	1	0	99	232	12
GZMH	0	1	0	22	67	0
GCC1	0	0	0	62	145	4
POLR2I	0	0	0	15	19	1
SLC35F6	0	0	0	35	71	0
ERVV-2	1	0	0	15	48	0
C1QBP	0	0	0	35	55	1
CPSF4	0	1	0	24	17	0
KCNMB1	0	0	0	29	57	2
MFAP2	0	0	0	17	37	0
SFXN1	0	0	0	37	88	3
ENSG00000285245	0	2	0	132	210	3
ENSG00000268133	0	0	0	5	29	0
FAM177A1	0	0	0	17	44	1
PARM1	0	1	0	37	68	2
ZNF662	0	2	0	23	90	4
ULBP1	0	0	0	26	69	1
EXTL2	0	1	0	23	54	3
SPCS3	1	0	0	19	17	0
CDK14	0	1	0	45	80	3
SNAPC1	0	1	0	29	66	4
MORC1	1	2	0	79	134	3
TMEM147	0	0	0	18	50	2
ACSM6	0	0	0	29	97	6
FAM76A	0	0	0	27	37	1
USP44	0	0	1	48	146	11
MAP2K5	0	0	0	32	64	2
LLGL1	1	4	0	157	236	3
TFPI	0	0	0	25	29	3
ZNF764	1	0	0	52	122	4
FCHSD2	0	2	0	49	106	1
GARIN3	0	2	0	56	143	3
EDN1	0	0	0	19	42	1
TPCN2	0	2	0	106	200	3
HSF5	0	3	0	44	78	1
RNASE1	0	0	0	10	36	0
BUB1B	0	1	0	73	140	3
NMT2	0	2	0	44	66	0
PRSS33	0	0	0	33	74	5
BRAT1	0	0	0	140	248	5
AMY2B	0	0	0	46	116	5
NAALADL1	1	1	0	68	181	8
ENSG00000283201	0	0	0	38	82	3
OR10W1	0	1	0	21	78	1
MYO9A	2	4	0	172	445	7
SPG7	0	5	0	117	237	8
ENSG00000258529	2	2	1	74	133	10
EHMT1	2	12	11	194	287	0
VRTN	1	0	0	78	145	2
PNLDC1	1	2	0	69	100	7
CDC14A	1	2	0	48	108	3
PLCD1	0	2	0	96	180	12
IRX3	0	0	0	69	126	1
MAPK7	1	2	0	107	154	0
CEP170	0	0	0	0	0	0
ENTPD3	1	1	0	37	103	5
OR13C5	0	0	0	18	61	0
NEXN	0	0	0	42	128	10
DEFB131A	0	0	0	6	32	0
INPPL1	0	3	0	136	263	3
PTK7	2	2	0	121	211	3
ZNF577	0	1	0	48	102	2
ATP1B3	1	0	0	22	37	0
KIF15	1	2	0	97	209	18
NLN	1	2	0	45	126	9
KLF1	1	0	0	33	71	4
TRUB2	0	1	0	33	76	2
LAMA3	1	7	0	285	689	14
ZNF133	0	2	0	59	111	5
ZKSCAN7	0	1	0	56	127	7
VAMP4	0	1	0	4	28	0
ZNF862	1	3	0	127	272	8
SNX16	0	0	0	17	48	2
PPIL6	0	0	0	25	63	2
SFTPB	1	3	0	54	87	4
SS18L2	0	0	0	6	11	0
NR1I3	1	0	0	29	68	3
PRKAR1B	1	8	0	68	88	0
PPM1A	0	0	0	28	28	1
CSTF1	2	2	0	51	42	0
HSBP1	0	0	0	7	22	0
S100A7A	0	0	0	16	36	0
CATSPER3	1	0	0	39	79	1
SEMA3F	1	1	0	109	151	2
ARF6	0	0	0	24	4	0
H2AC12	1	1	0	42	39	4
RIN2	0	2	0	100	192	2
PRUNE2	2	8	0	260	593	18
COL10A1	0	0	0	39	154	5
CMYA5	2	6	0	282	705	32
VASH1	0	1	0	39	69	0
ITSN2	0	4	1	124	285	8
NASP	0	1	0	57	115	2
SLC26A11	0	1	0	86	159	5
NEURL1	0	2	0	88	127	2
EFCAB11	0	0	0	15	37	4
IL17RC	0	3	1	102	153	10
METTL2B	0	0	0	25	58	2
CPM	0	0	0	34	70	1
ENSG00000285749	0	0	0	16	40	1
ATP5MJ	0	0	0	7	10	0
SRP19	0	0	0	12	30	0
ASB1	2	0	0	41	74	2
NEIL3	0	0	0	52	140	2
TARP	0	0	0	1	15	0
POMGNT2	2	2	0	70	149	1
KCNB1	1	24	0	76	91	0
KCNA3	1	7	0	42	82	3
DPM3	0	0	0	6	10	0
SPDYE18	0	0	0	8	21	2
KLHL14	0	2	0	64	97	3
SLC4A2	0	5	0	171	237	1
SMC6	1	1	0	64	138	8
DEFA4	0	0	0	19	50	3
TRIM29	1	3	0	64	129	4
AGPS	0	1	0	54	77	1
PRKAB1	1	1	0	28	44	1
TLX3	2	0	0	36	60	2
RBBP8NL	2	2	0	109	194	5
TCIRG1	3	2	0	121	229	6
CCDC102A	0	3	0	72	151	3
TNFRSF10C	1	2	0	18	40	1
UBE2V2	0	1	0	10	18	0
UBXN6	0	0	0	95	150	6
UBA3	1	0	0	37	76	2
NIPAL4	0	0	0	48	83	0
PLTP	0	2	0	50	138	4
PERCC1	0	0	0	54	100	2
MCHR2	0	0	0	19	76	4
LRGUK	1	1	0	64	186	5
PGAM1	0	0	0	15	33	0
TNNT2	0	1	0	30	47	3
RCE1	0	0	0	51	74	0
DENND5B	0	2	0	97	159	1
SFTPD	1	0	0	28	72	1
CPT1B	1	3	0	74	170	7
NPRL3	0	1	0	71	141	1
UTP25	1	0	0	61	132	5
SDCBP	0	3	0	22	52	2
TGM5	0	1	0	73	142	4
HTR3C	0	3	1	43	100	3
TMEM210	0	1	0	22	32	0
HCST	0	0	0	16	21	1
MMP24OS	0	0	0	9	19	2
RFPL4AL1	0	0	0	7	26	1
ATAD3C	0	3	0	54	142	2
C2orf69	0	0	0	31	69	1
FOXN4	2	1	0	68	85	0
H1-6	1	0	0	65	122	4
SHISAL2B	0	0	1	11	35	2
TSLP	0	0	0	21	33	1
GDE1	0	0	0	22	56	2
FBLN7	0	2	0	57	113	4
ITIH2	0	2	0	100	193	6
LIM2	0	0	0	21	51	1
GABPB1	0	0	0	19	31	0
DUSP15	0	2	0	23	72	3
NEU2	1	0	0	41	95	3
ACAA2	0	1	0	29	86	3
CHRNG	2	1	0	68	144	4
ZIC4	0	0	0	40	67	1
TBC1D7	0	0	0	30	67	2
LCE1C	0	1	0	20	24	1
ENSG00000291239	0	0	0	31	123	12
CACNG7	0	0	0	27	39	0
CD1D	0	0	0	36	68	3
NODAL	0	1	0	37	65	2
C1orf159	1	0	0	35	59	1
FBXO6	1	1	0	30	65	5
SLC10A2	1	4	0	49	118	6
RIPOR2	0	0	0	86	173	5
SPN	0	1	0	35	100	2
HBM	0	0	0	23	36	2
ASDURF	0	0	0	8	18	3
TK2	0	1	0	22	49	3
MOGS	2	3	0	82	181	5
JOSD1	0	1	0	15	26	0
ZC3H10	1	4	0	57	59	0
PRSS22	0	1	0	25	55	1
KRTAP20-4	0	0	0	3	7	0
TERF2	2	1	0	45	83	0
WNT4	0	0	0	51	68	1
SPHKAP	3	1	0	163	374	3
CXCL6	0	1	0	14	22	0
EPB41L4A	0	1	0	60	189	7
RBAK	0	1	0	71	125	4
PGM1	0	3	0	70	119	4
KLHL3	0	1	0	52	83	1
NR6A1	1	4	0	48	67	0
PRPF8	6	17	1	0	0	0
IMP3	0	1	0	30	36	2
KCTD1	0	2	0	102	128	1
PLAAT4	0	2	0	12	34	4
FOXB2	1	0	0	57	95	6
HSD17B4	3	1	0	60	154	3
GRM3	0	1	0	74	115	1
SIGLEC7	0	0	0	53	75	5
GEMIN2	0	0	0	22	41	4
UBE2H	0	1	0	16	6	0
AURKAIP1	0	0	1	29	43	3
ENSG00000271741	2	0	0	37	135	2
PRR14	0	3	0	45	139	3
FAM90A16	0	0	0	0	0	0
ARPIN	0	1	0	23	63	1
TAF1C	3	3	2	134	285	5
ENSG00000276302	0	0	0	3	12	0
ENSG00000288708	0	0	0	1	3	0
FAM90A20P	0	0	0	103	234	10
TNFRSF11A	1	2	0	72	126	2
DAP	0	0	0	12	25	1
UGT1A10	0	1	0	65	152	8
NIF3L1	0	1	0	27	85	4
BPGM	0	0	0	18	56	1
IL18BP	2	0	0	15	42	3
DACT3	0	2	0	74	136	0
C12orf29	0	0	0	23	53	2
ARF4	1	2	0	10	10	0
CX3CR1	0	0	0	30	77	1
NOP10	0	0	0	3	13	0
LASP1NB	0	0	0	3	3	0
GLIS3	1	4	0	139	308	3
DEFB134	0	1	0	4	18	0
BTBD17	1	1	0	48	92	4
NUDT18	0	0	0	39	66	3
NMI	0	1	0	25	55	2
CYTL1	0	0	0	19	49	1
EFHD1	0	0	0	27	58	1
PCDHGA1	0	1	0	97	183	6
BTBD9	1	3	0	55	98	5
LIME1	0	2	0	20	65	3
SEMA5B	0	6	0	140	259	4
ULK1	1	2	0	196	272	2
CNOT9	0	2	0	18	12	0
TSPAN32	0	0	0	38	101	2
DEFB1	1	1	0	10	38	2
NPW	1	0	0	24	45	1
RIDA	0	0	0	9	30	2
ENTPD5	1	4	0	39	67	2
ENSG00000281883	0	0	0	0	0	0
NSUN4	0	1	0	36	86	7
MACROH2A1	1	1	0	32	31	1
MOGAT3	0	0	0	43	89	3
SLC15A3	1	1	0	77	133	5
CBX1	1	0	0	11	10	0
PRRT1B	0	0	0	31	74	0
TRIM23	0	1	1	52	55	3
MTHFR	0	2	0	67	141	5
NID1	2	3	0	172	312	4
SMG1	0	7	0	264	517	0
ICMT	0	0	0	30	41	1
PLAGL2	0	0	0	41	59	1
PPP1R21	2	1	0	86	185	10
OR5K4	1	2	0	21	79	3
CPNE4	0	3	0	43	66	1
GOLGA6L1	0	0	0	0	0	0
CHD3	3	46	1	208	236	1
CCDC90B	0	0	0	22	51	3
TWIST1	0	0	0	20	47	0
CCL26	1	0	0	8	17	2
STOML2	0	1	0	34	46	1
TUBA1B	0	0	0	28	4	0
BCL2L2	0	0	0	21	34	0
ZNF506	0	0	0	26	58	3
TUBB8B	0	0	0	53	108	6
MEX3A	1	0	0	53	59	0
PRLH	1	0	0	16	27	1
GINS2	1	0	0	34	54	5
IFITM3	0	0	0	25	34	1
FUT5	0	1	0	50	81	2
ACOD1	0	0	0	33	91	1
KIRREL2	0	3	0	80	138	7
PCDHB12	1	0	0	109	209	6
GXYLT1	1	1	0	45	79	1
GBP3	0	2	0	51	104	11
OSTM1	0	0	0	37	49	2
GPR62	0	1	0	46	87	1
CNTNAP2	3	1	0	103	218	3
CD34	0	0	0	36	56	3
FOXO1	0	2	0	67	126	0
MEF2B	0	1	0	37	83	2
CDH18	0	2	1	58	153	0
INTS4	0	0	0	46	133	6
PRAMEF33	0	0	0	0	0	0
CLDN4	0	0	0	37	44	2
SULT1B1	0	0	0	19	65	4
SLC39A5	0	0	0	63	128	3
RCBTB2	0	0	0	58	109	4
GBP5	0	2	0	42	122	6
PRC1	0	1	0	48	123	6
FOXK2	2	3	0	112	160	0
ELOVL2	1	2	0	27	57	2
DRAP1	0	1	0	35	39	1
HLA-DPB1	0	0	0	0	0	0
ENSG00000251357	0	1	0	0	0	0
ENSG00000272741	0	1	0	5	11	0
WWP1	1	1	0	54	126	1
ENSG00000272647	0	0	0	8	20	1
SSNA1	0	0	0	17	34	2
PALD1	1	1	0	108	213	4
BTN2A2	0	0	0	54	113	2
NALF1	0	0	0	37	80	0
FBLIM1	1	0	0	46	88	4
ANKH	0	3	0	59	75	1
SCIMP	0	1	0	13	25	1
TSSK3	0	1	0	23	56	0
ZNF708	0	0	0	27	115	4
MAPRE2	0	0	0	28	25	1
RALGAPB	1	4	0	93	200	0
ECSCR	0	1	0	19	34	1
PGF	0	1	0	29	56	0
CLCNKB	0	0	0	95	162	7
TECR	2	0	0	29	37	1
BCAP29	0	1	0	17	47	1
BAG5	1	1	0	30	69	5
IL1F10	0	0	0	15	46	1
SLAMF6	0	1	0	35	54	1
GPR150	1	3	0	49	109	8
MAP3K19	0	4	0	71	208	11
UQCRC2	0	0	0	30	73	2
UTP14C	0	0	1	67	127	6
ENTPD1	1	1	0	43	81	1
ALDH3B2	0	2	0	60	140	5
RNASEH2A	0	1	0	35	77	1
IL17F	0	0	0	26	38	0
WDCP	0	1	0	43	107	2
FLACC1	0	0	0	35	87	5
LIX1	0	0	0	18	49	2
AP5B1	0	1	0	138	235	6
EGLN2	1	4	0	67	98	1
DPYD	0	2	0	78	223	14
CNP	0	0	0	61	88	0
SERPINB7	0	0	0	29	92	4
GPSM1	0	1	0	128	211	4
AP1B1	0	1	0	111	135	0
USP17L22	0	0	0	0	0	0
PTAR1	1	0	1	28	64	1
ADNP2	1	4	1	135	220	1
PTGDR	0	1	0	52	81	6
ENSG00000284188	0	0	0	34	59	4
HOXC9	0	1	0	35	55	1
PALM3	0	1	0	79	142	3
RPRD1B	0	1	0	30	32	0
SLC13A1	2	0	0	50	122	7
RALA	0	4	0	13	13	0
ENSG00000266076	0	0	0	0	0	0
ACYP1	0	0	0	6	14	0
ZBTB7A	0	2	1	100	79	0
TNFAIP2	3	5	0	81	130	4
ACVRL1	0	1	0	57	92	1
HBD	0	0	0	12	24	0
USF3	1	6	0	142	391	3
NPBWR1	0	0	0	39	71	3
MDH2	2	1	0	49	78	0
ARPC4	0	2	0	13	9	0
CNTN2	2	6	0	104	189	3
FUT7	0	3	0	56	106	4
RHBDD1	0	0	0	26	66	2
DYNLT1	1	0	0	13	27	3
RPAP3	0	1	0	47	118	5
BBS10	0	0	1	48	108	5
RASL11A	0	0	0	26	47	2
ALKBH5	1	0	0	63	50	0
RARRES2	0	0	0	19	43	1
ANKRD40	0	2	0	19	59	2
ZNF559	0	0	0	30	120	5
SOX14	0	0	0	18	30	0
NUDT13	0	0	0	22	63	6
KLRF2	2	0	0	18	57	4
PLA2G2E	1	0	0	19	26	2
ABCA3	0	6	0	255	423	5
ONECUT3	0	1	0	69	110	4
MCU	0	1	0	36	56	0
PLCXD2	1	2	0	30	73	3
PUF60	1	6	4	1	4	0
SPTY2D1	1	2	0	37	122	1
RARS2	0	1	0	41	125	6
NAA80	0	0	0	21	81	2
HAAO	0	0	0	29	68	5
TCF19	0	1	0	2	8	1
COL4A1	2	21	0	198	246	1
CWC25	0	0	0	0	0	0
ZNF737	0	0	0	38	134	4
SPRYD7	0	1	0	10	23	1
FUT4	0	0	0	66	122	8
GAL3ST2	0	1	0	2	4	0
OR10J3	0	2	0	29	69	2
CNOT1	2	9	2	173	210	0
MASP1	0	2	0	80	154	12
NUP133	0	1	0	93	187	3
LYN	0	0	0	52	41	1
ESPL1	2	4	0	155	259	2
DIRAS2	0	0	0	18	19	0
SLC24A3	1	3	0	75	129	1
FGF7	0	0	0	8	12	0
TSPAN13	0	0	0	31	22	2
KCTD5	0	2	1	28	37	0
RSPH9	0	0	0	27	65	1
RNF123	1	4	0	129	264	3
EYA2	0	1	0	57	107	2
SIAH3	1	1	0	26	64	3
AEBP2	0	1	0	57	77	0
TRMT13	0	0	0	40	72	3
PPIL2	0	6	0	56	95	4
SRSF10	0	0	0	26	31	0
TTC1	0	0	0	25	53	3
SCGB2A2	0	1	0	13	18	0
JHY	1	0	0	72	145	8
PHKB	1	4	0	77	223	14
B3GAT1	0	0	0	49	59	3
ANGEL2	0	2	0	29	88	2
TSHR	2	2	0	69	135	6
S100A11	0	0	0	10	15	0
EPHA3	1	2	0	74	157	4
TRRAP	2	21	0	450	421	1
OSBP2	2	2	0	105	196	3
OR2T12	0	0	0	26	70	1
SIKE1	1	0	0	24	39	1
PPWD1	2	2	0	29	105	3
IL9	0	0	0	8	34	2
FAM81B	0	0	0	27	77	7
SERPINA11	1	0	0	56	75	3
PPM1E	1	0	0	50	98	0
MECOM	2	1	0	110	189	0
RPS2	1	2	0	52	33	1
WDR76	1	2	0	38	110	1
VAV1	2	0	0	83	107	5
SMC2	2	2	0	86	188	1
MPDU1	0	0	0	32	40	4
S100B	0	0	0	9	11	0
ENSG00000259060	0	0	0	9	20	1
LMNB1	0	6	0	60	104	0
GRIN2B	1	49	5	150	151	1
PPP1R26	0	0	0	184	359	3
OR5D3P	0	0	0	25	81	4
PKD1L2	0	0	0	0	0	0
MIEN1	0	1	0	16	25	2
SPATA32	0	0	0	45	64	4
PDGFB	0	0	0	27	66	0
RNASE4	0	1	0	12	41	2
PPM1M	0	2	0	57	84	4
MRPL19	0	2	0	27	62	3
CLPX	0	1	0	43	96	2
DCLRE1C	1	2	0	54	131	5
FASTKD2	0	3	0	48	113	5
KCNG2	0	2	0	89	144	1
CHRNB3	0	1	0	45	79	3
C6orf89	0	2	0	41	65	1
TMEM209	2	0	0	47	96	3
DOCK4	4	3	0	184	322	3
IL7	0	0	0	5	29	0
PFKP	2	7	0	166	221	10
ZNF417	0	0	0	22	46	3
CRTAC1	1	4	0	88	160	3
METTL9	0	0	0	27	35	0
CHID1	0	0	0	43	88	9
METTL18	0	1	0	24	73	3
DPP4	1	1	0	63	129	6
RBM12	0	5	1	70	171	2
IVD	2	0	0	42	85	2
DDX28	0	0	0	59	130	4
MSH3	4	1	0	89	227	10
ALOX15B	1	1	0	71	157	9
CXXC5	0	0	0	34	55	0
RPN1	0	3	0	55	115	0
NMRK1	0	0	0	9	39	3
FKTN	0	1	0	32	90	5
SNRPA1	0	0	0	23	29	0
KCNK4	0	5	0	44	89	1
ZACN	2	1	0	57	123	8
LNPEP	1	2	0	55	150	2
LEAP2	0	0	0	9	25	0
RBMXL1	0	0	0	23	76	4
CPNE5	0	5	0	72	102	1
L3MBTL3	1	2	0	65	140	0
TAF6	0	3	0	90	139	2
INTS8	1	2	0	74	139	4
C9orf85	0	1	0	8	24	0
ADAL	0	0	0	30	70	6
TCAF2C	0	0	0	0	0	0
MCM3AP	3	4	0	187	405	6
GCA	1	0	0	14	35	4
KLHL11	1	0	0	63	85	2
IFT140	3	3	0	217	399	14
ATG4D	1	1	0	49	103	3
ENSG00000267001	0	0	0	19	20	0
MSTN	0	0	0	34	74	1
GABRA2	1	0	0	37	33	0
LBP	0	1	0	52	117	3
GABARAP	0	0	0	6	7	0
FCRL6	0	0	0	52	104	7
RWDD1	0	0	0	11	26	1
CASTOR2	0	0	0	44	38	0
ZDHHC18	1	2	0	46	89	0
SRRM4	0	1	0	63	149	2
EIF6	1	1	0	25	34	1
BUB3	0	1	0	21	42	1
ENSG00000241962	0	0	0	12	36	1
MYO1D	0	0	1	78	189	3
SIX3	0	4	0	51	51	1
ENSG00000173867	0	4	0	64	109	1
RIOX2	1	0	0	42	100	3
VIL1	0	0	0	81	183	4
CBX3	0	2	0	18	12	0
EIF4EBP1	0	0	0	11	21	0
RNASET2	0	0	0	27	60	4
PPP2R5E	1	1	0	44	28	0
ALDH3A1	0	1	0	64	128	4
STAP2	2	0	0	40	103	9
ZNF251	0	1	0	0	0	0
DUSP6	0	3	0	42	59	0
PSME3IP1	0	0	0	19	34	2
NLRP9	0	0	0	100	200	8
CST5	0	1	0	22	46	4
TFF3	0	0	0	10	11	0
CDKN1C	1	0	1	9	10	0
CARD16	0	0	0	7	26	1
ARHGAP18	1	1	0	54	115	5
TICAM2	0	1	1	13	47	3
KIF20A	0	1	0	56	163	5
TRIM56	0	1	0	120	189	3
C1orf56	1	0	0	21	48	3
NME2	0	1	0	12	23	1
ETHE1	1	0	0	28	44	0
IL1RL1	0	1	0	59	134	4
PDCL3	0	1	0	20	52	3
NTMT2	0	0	0	24	78	2
FAM237A	0	0	0	16	36	3
HIVEP1	4	7	0	244	510	2
RNF19A	1	3	0	42	118	3
FKBP8	2	0	0	69	78	0
IRF3	1	3	0	47	91	0
ANKRD28	0	3	0	78	168	2
DFFA	1	0	0	22	63	3
ENDOD1	0	1	0	44	110	5
CARD6	0	1	0	74	193	11
CCL15	0	0	0	2	3	0
KTI12	0	0	0	32	77	2
OR5D13	0	0	0	29	73	1
ERMAP	0	3	0	37	90	1
RPTN	0	1	0	50	161	17
RASEF	0	3	0	62	154	9
NPC1L1	0	1	0	159	295	14
DBX2	0	1	0	40	93	2
RNF44	0	2	0	63	119	3
SEMA4A	0	2	0	61	148	2
CALML5	0	0	0	20	45	1
DDX21	0	1	0	39	113	2
BCLAF1	0	1	0	46	92	0
PPIB	0	0	0	23	38	2
APELA	0	0	0	5	11	1
MAFK	0	0	0	31	40	0
FAM90A14	0	0	0	0	0	0
RELB	0	4	0	90	125	1
TPH1	0	0	0	27	78	7
SV2A	0	3	0	77	124	0
NR2C1	1	2	0	36	96	1
HTN3	0	0	0	5	17	3
ATP2B2	2	11	0	188	152	0
ZNF107	1	0	0	44	148	5
THEGL	0	3	0	38	85	6
TEX15	2	5	0	232	602	28
SERPINB4	0	0	0	29	80	4
ATG101	0	1	0	28	38	1
DENND1B	0	0	0	65	130	2
RPL29	0	0	0	11	21	1
H2BC8	1	3	0	31	32	2
SLCO3A1	1	1	0	104	108	0
PARP6	0	3	0	37	61	0
CCDC105	0	0	0	48	100	2
TTC30B	0	0	0	53	132	2
MSX2	0	0	0	33	50	0
GIMAP7	0	0	0	29	58	3
OR1L6	0	1	0	19	71	2
GAPDH	0	0	0	45	50	0
WNT3	1	1	0	0	0	0
ENSG00000267228	1	0	0	8	21	0
MCUB	0	0	0	20	66	2
LTK	0	3	0	94	218	10
CASKIN2	3	10	0	177	302	0
LRRC4	0	2	0	76	106	0
SPOPL	0	1	0	21	60	2
OR9H1P	0	0	0	0	0	0
TRIM69	0	0	0	0	0	0
SMIM22	0	1	0	15	25	2
SKIDA1	0	1	0	100	151	0
MARCHF2	0	2	0	27	61	2
ZDHHC8	1	0	0	126	180	1
ZSCAN5B	0	1	0	59	165	10
MRPL18	1	0	0	10	49	3
BPIFB4	1	1	0	73	151	6
TAB1	2	2	0	68	100	2
NFATC4	0	4	0	97	168	4
NSRP1	0	0	0	35	104	3
CA8	0	1	0	24	40	1
COTL1	0	0	0	30	35	0
KLF11	0	1	0	71	148	2
LRRC58	0	1	0	39	57	0
CLEC4E	0	0	0	17	37	3
GRTP1	2	1	0	42	100	3
CTSH	0	1	0	39	65	0
SOCS6	0	0	0	61	87	0
FABP3	0	1	0	10	22	0
MBNL1	0	0	0	38	42	0
CTNS	0	2	0	55	97	2
PODNL1	0	4	0	102	185	2
GNPTAB	1	1	0	103	171	8
CTRL	0	0	0	36	71	4
CD2BP2	0	2	0	38	79	4
TRIM68	2	0	0	36	114	6
NTSR2	1	0	0	59	101	3
ABLIM2	0	4	0	101	180	1
SH3D19	0	2	0	66	182	6
NXPH3	0	1	0	12	55	0
PACSIN2	0	0	0	65	93	2
LMOD3	1	0	0	43	138	5
DOCK2	2	5	0	183	267	3
ZDHHC11	0	0	0	43	112	2
KRT83	0	1	0	75	127	6
ATF7	0	2	0	34	60	0
SERF1B	0	0	0	0	0	0
MRTFA	2	2	0	160	237	2
OR13C9	0	0	0	24	54	1
LRG1	0	1	0	46	102	2
STMN1	0	0	0	9	10	0
TSC1	0	4	2	107	175	1
CARD19	0	0	0	30	55	2
PYROXD2	3	3	0	73	135	5
SEMA3A	0	2	0	70	125	1
SF3B4	0	0	0	41	35	0
GAL3ST3	2	3	0	71	133	4
ENSG00000254536	1	2	0	55	103	5
TRMT1	2	0	0	86	153	7
PRF1	1	1	0	76	143	4
HNRNPA1L2	0	0	0	21	36	1
CALCA	1	0	0	16	43	1
ENSG00000255508	0	0	0	54	99	5
TBC1D5	1	1	0	58	126	6
OR9A1P	0	0	0	0	0	0
GPR12	0	1	0	26	43	0
RANBP1	0	1	0	29	44	1
APOL2	0	0	0	24	89	8
SSR1	0	0	0	21	36	0
SLC2A10	0	2	0	66	141	5
CAMKK1	0	1	0	63	94	0
GLTPD2	1	0	0	37	65	6
FAM25G	0	0	0	6	5	0
ALKBH3	0	1	0	18	59	6
SLC25A2	0	1	0	27	57	5
ENOX1	0	3	0	58	93	2
SLC5A11	1	2	0	68	117	5
SNX10	0	0	0	14	28	4
MAP3K13	0	1	0	92	157	1
ANO7	4	1	0	148	268	14
CASZ1	1	5	1	265	427	2
SMR3B	0	0	0	6	19	1
LGALS13	0	0	0	8	40	2
KRTAP10-2	0	0	0	35	64	1
PCDH9	0	3	0	92	171	1
OXCT2	0	0	0	10	28	0
DDIT3	1	0	0	9	35	4
SPEF2	0	2	0	139	372	17
ZNF277	2	2	0	33	75	2
ENSG00000256646	0	1	0	12	12	0
PPP2R2D	1	0	0	47	54	1
SLC39A3	0	0	0	78	79	0
ENSG00000261793	0	0	0	2	9	0
PURA	2	21	13	50	22	0
PDP2	1	1	0	45	102	5
ZNF26	0	0	0	44	93	1
EFCC1	2	1	0	72	154	6
CCNB1IP1	0	0	0	24	56	0
KRTAP9-8	0	0	0	1	1	0
EEF1E1	0	0	0	20	23	0
CCR4	0	1	0	34	41	1
SH3GL3	0	0	0	40	40	3
TPR	1	3	0	164	342	0
UNC119	0	1	0	25	59	3
SLC35E1	0	1	0	55	71	1
PHLDB3	1	2	1	73	183	13
HERC1	2	8	0	412	751	6
CEP126	1	0	0	72	184	10
COMMD2	1	0	0	13	39	2
TSPAN19	0	0	0	10	40	3
EFCAB13	1	0	0	68	151	14
NAIP	0	0	0	0	0	0
LPAR6	1	0	0	20	54	1
CABIN1	1	6	0	225	397	7
RPS6KB1	0	0	0	40	28	1
PPM1G	0	0	0	38	56	0
ENSG00000258691	0	0	0	5	21	2
CTNND2	1	5	2	148	243	1
SMCR8	1	0	0	106	205	3
ZUP1	1	0	0	39	105	5
LYPD2	1	1	0	19	40	0
SLAIN1	1	1	1	51	102	1
SHC4	1	1	0	53	114	5
CCDC195	0	0	0	12	39	0
ANKEF1	0	0	0	65	157	7
NXPE4	0	3	1	49	100	3
NKX6-1	0	0	0	46	72	1
PRSS53	1	0	0	52	130	7
ELMO2	0	1	0	69	77	3
HES4	0	0	0	38	78	1
SPATA45	0	0	0	6	25	1
PLB1	2	3	1	135	351	21
HOXA6	0	0	0	19	57	1
OR6N2	0	2	0	31	67	1
NOSTRIN	0	0	0	11	14	1
ENSG00000284989	0	0	0	17	28	0
XPNPEP3	0	1	0	30	108	5
LMAN1L	1	3	0	60	103	4
TMEM127	0	0	0	27	61	3
SRPRB	0	0	0	19	48	1
TSGA13	2	1	0	19	64	4
GPR31	0	1	0	32	86	1
SNCAIP	2	2	0	68	152	2
STARD4	0	0	0	14	26	5
DTX3	0	0	0	30	50	1
CAV3	1	0	0	27	28	1
PRB4	0	0	0	0	0	0
CAMK1	1	1	0	37	63	3
FOXC2	1	4	0	63	146	0
FRRS1L	1	0	0	26	59	1
MCM4	0	3	0	86	202	3
ENO4	1	1	0	57	116	5
ZNF317	2	2	0	74	127	3
CD93	4	0	0	88	163	9
WDR49	0	0	0	57	185	8
GP9	0	1	0	30	44	0
CD28	0	0	0	16	48	0
ID3	0	2	0	33	43	0
DTNBP1	0	0	0	37	66	1
NPIPB5	0	0	0	5	12	1
PRMT6	0	2	0	42	88	4
RPS6	0	0	0	30	47	2
GSTP1	0	0	0	18	49	3
DRD3	0	0	0	38	56	2
TMEM63B	0	7	0	105	87	1
TOMM22	0	0	0	19	26	0
AGTRAP	0	1	0	17	35	1
CYP4A11	0	0	0	39	104	2
NRXN3	1	4	0	160	255	1
ASTE1	0	2	0	50	119	6
RAPGEFL1	0	2	0	74	138	3
TTC33	0	0	0	12	40	4
OR9K2	0	0	0	22	79	7
CACNA2D1	1	2	0	99	124	0
ANKRD61	0	0	0	48	101	2
DGKA	1	0	0	61	100	2
IFT43	0	0	0	30	54	6
TCF4	0	21	9	54	71	0
SHISA6	2	2	0	84	115	1
GUCA1ANB	0	0	0	13	33	1
PITX2	0	2	0	29	30	0
SLCO4A1	0	1	0	123	188	10
USP45	1	2	0	52	131	17
MARCHF6	0	1	1	71	105	0
RDH16	0	1	0	32	85	1
PKIG	0	0	0	7	15	0
PNPLA6	0	1	0	167	222	4
DYDC1	0	1	0	9	29	1
OR5B2	0	0	0	27	62	0
SOAT2	0	1	0	60	131	9
HACE1	0	5	1	65	102	3
PPM1J	0	3	0	45	106	6
ATP1A4	1	8	0	105	257	5
CYREN	0	0	0	17	34	0
ENSG00000258064	0	0	0	6	20	0
EXOC6B	1	2	0	69	111	3
SRGAP2	0	1	0	66	102	0
VSTM1	0	0	0	0	0	0
DDX19B	0	2	0	30	51	0
INTS3	0	3	1	0	0	0
SNX8	1	5	0	80	121	1
IFIT2	0	0	0	37	90	6
ENSG00000289565	0	0	0	0	0	0
IL5RA	1	1	0	29	90	4
DDX60L	1	4	0	116	307	18
CDK17	0	1	0	32	63	0
PPCDC	1	0	0	19	53	0
PLPP7	0	0	0	41	77	1
BTN2A1	0	2	0	62	156	5
MAPK10	0	1	0	36	40	0
THNSL1	1	1	0	41	139	16
KICS2	0	2	0	33	66	2
ZNF76	0	1	0	73	127	6
LCT	1	11	1	182	280	8
CCR5	0	0	0	38	98	7
TTC28	2	5	0	259	481	7
MYH4	1	4	0	141	356	21
NBPF19	0	0	0	32	73	4
ZBTB49	0	3	0	83	153	2
USP17L2	0	0	0	72	166	11
DRAM2	0	0	0	21	55	3
ZDHHC2	0	0	0	41	76	1
CHN1	0	2	0	38	65	2
MTF1	1	0	0	67	101	1
CASQ2	1	1	0	37	88	3
EIF4G3	0	0	0	116	231	1
ZSCAN23	0	2	0	29	82	6
LUC7L	0	2	0	40	74	4
PSMB3	1	0	0	0	0	0
B3GNTL1	1	1	0	6	10	0
TUSC3	0	3	0	34	74	7
ENSG00000258790	0	0	0	44	98	5
LRIT2	0	0	0	50	126	6
UNC119B	1	0	0	25	67	0
ENSG00000290317	0	1	0	12	24	1
NOTCH4	1	2	1	0	0	0
RAB3B	0	1	0	19	50	0
FDCSP	0	1	0	6	21	1
LIPC	0	2	0	74	160	5
CCT4	0	3	0	43	89	1
TIGD4	0	0	0	27	99	6
NEK1	1	3	0	97	213	11
GSTM3	0	1	0	24	38	2
ZNF343	0	0	0	33	108	11
ZNF114	0	1	0	36	72	6
SOCS3	1	2	0	16	20	0
MPRIP	2	2	0	274	491	4
C19orf81	0	1	0	17	51	1
GCLM	0	0	0	19	33	1
AP1M1	0	2	0	59	39	1
BTG3	0	0	0	10	15	0
ACBD3	1	1	0	44	99	1
SLC38A9	0	0	0	45	88	0
PRAMEF20	0	0	0	44	112	3
XKR5	2	0	0	96	212	13
UBE2L6	0	0	0	13	28	1
ZNF593OS	0	0	0	2	18	2
UBAP2L	0	3	2	89	142	0
HDAC11	0	0	0	44	72	2
WNT2	0	0	0	31	64	1
RPL34	0	0	0	6	13	1
EXTL3	0	2	0	92	178	3
MIOX	0	1	0	47	82	4
ABCF2	0	1	1	57	75	3
PRAP1	0	0	0	20	32	1
SPATA6	1	0	0	39	106	6
ENSG00000261459	1	0	0	36	82	4
ZBED2	0	0	0	19	49	2
ENSG00000285589	0	0	0	22	46	1
FCER1G	0	0	0	7	13	1
FZD7	4	0	0	71	101	1
EIF3H	0	0	0	25	55	2
PSTK	0	2	0	32	72	5
MVK	0	2	0	43	79	5
ENSG00000273734	0	1	0	16	45	0
KRTAP6-1	1	0	0	10	21	1
ENSG00000258728	0	1	0	21	47	2
STAT5A	0	0	0	60	84	0
ZNF706	0	0	0	3	1	0
RECQL	0	0	0	47	120	9
HGFAC	2	3	0	152	238	4
IFIT1B	0	1	0	30	100	7
ENSG00000285458	0	1	0	11	24	3
OR6T1	0	0	0	33	90	5
DNAL1	0	1	0	9	22	1
WFDC1	0	0	0	26	70	5
ENSG00000268643	0	0	0	14	17	0
ENSG00000287725	0	1	0	45	105	3
ACAA1	0	0	0	39	102	4
IL2RA	0	1	0	22	53	0
IFNAR2	0	0	0	47	95	3
GCNT2	0	0	0	46	102	5
CCDC9	1	4	0	60	156	3
SPINK7	0	0	0	13	18	0
RAB4A	0	0	0	17	35	2
LDHD	1	1	0	73	130	2
LYRM9	0	1	0	6	12	0
UTP18	0	0	0	46	114	2
SETBP1	2	10	8	148	277	0
ENC1	2	4	0	48	49	2
KASH5	3	1	0	47	111	2
GABRR2	2	0	0	52	116	2
YOD1	0	1	0	33	66	2
NHLRC3	0	1	0	34	71	4
SCGB3A1	0	0	0	11	15	0
RAC1	0	8	0	20	2	0
E2F1	0	0	0	50	78	0
LRRC31	0	2	0	41	106	6
TNFRSF21	0	0	1	73	117	3
ZNF804B	1	2	0	103	247	5
AGBL3	1	1	0	57	161	13
CYP19A1	0	1	0	45	90	3
KDM8	0	1	0	49	85	3
PRTG	1	4	0	98	229	4
ASGR2	0	0	0	48	63	2
CAPN2	0	2	0	78	150	9
STK33	2	0	0	36	107	4
GAS2L3	1	5	0	69	110	7
CST6	0	0	0	18	23	2
PRAM1	1	2	0	90	165	2
MAPKAPK5	0	0	0	37	60	0
PPP1R11	0	0	0	0	0	0
IL17RE	0	0	0	54	141	4
CPB2	0	2	0	47	64	4
FZD3	0	0	0	48	78	2
TFCP2	0	0	0	30	36	3
RGS6	1	0	0	34	91	2
NAT1	0	1	0	29	59	7
COIL	0	0	0	47	116	3
SYNGR1	0	2	0	41	59	3
TMEM59	0	0	0	18	50	6
SAR1B	0	1	1	10	30	0
ZNF311	1	0	0	0	0	0
RHEBL1	1	0	0	11	29	0
ENSG00000284512	0	0	0	13	38	2
CHMP1A	0	0	0	36	37	2
AAMP	0	1	0	46	61	0
KITLG	1	3	0	23	43	0
EPS8L3	0	1	0	58	128	7
CHIA	0	3	0	49	106	6
TOMM20	0	1	0	7	12	0
C4orf36	0	1	0	11	24	3
ANO3	0	4	0	75	135	5
KCNH8	1	2	0	96	182	4
MED1	2	2	0	101	232	1
FBH1	1	1	0	112	136	2
SMIM17	0	0	0	9	29	2
SUN1	1	3	0	109	199	3
CARNMT1	0	2	0	29	61	1
AURKA	0	0	0	25	50	0
KRTAP4-1	0	0	0	11	44	3
PSORS1C2	1	0	0	0	0	0
SLC39A10	0	1	0	47	112	0
SPDYE3	0	0	0	15	40	0
LACTB2	0	1	0	19	61	1
SSX2IP	0	2	0	40	104	6
LZTS1	2	0	0	76	152	2
LAIR1	0	0	0	2	10	0
ZC3H11C	0	0	0	0	0	0
NOVA2	2	1	0	53	52	0
LIFR	1	0	0	72	219	6
HAUS3	0	2	1	26	105	3
STMN4	0	0	0	23	26	1
SOX8	0	2	0	105	135	0
B4GALT4	0	0	0	25	57	0
CHST3	2	3	0	56	97	2
PRPF31	0	2	0	0	0	0
EPS8L1	0	4	0	30	58	5
ALPG	0	0	0	65	103	5
HYLS1	0	0	0	26	48	5
PGLS	0	1	0	39	63	3
IDNK	0	0	0	21	41	1
TUBG1	0	0	0	41	32	1
MAVS	0	4	0	56	134	2
SPC24	0	1	0	14	50	1
IQCB1	0	1	0	30	106	9
ENSG00000269403	0	0	0	3	13	0
TRAPPC3L	0	0	0	15	29	3
RMND5A	0	2	0	25	27	0
MGA	0	8	1	222	563	1
PDZD9	0	0	0	20	39	5
HEMK1	1	0	0	36	72	2
UFSP1	0	0	0	31	41	4
OR6A2	0	1	0	20	78	1
MOV10	1	1	0	91	169	0
TRIM61	0	0	0	20	64	7
TSEN54	1	1	0	61	148	6
CD81	0	0	0	38	46	0
SHPRH	1	3	1	134	251	7
OR4P4	1	0	0	14	73	4
HSF4	0	1	0	50	104	5
ZFP91	0	1	0	55	86	0
SLC38A6	1	2	0	37	80	6
PTGER2	0	1	0	35	62	3
TPSAB1	0	0	0	10	31	3
FBXL20	0	1	0	23	36	0
DLGAP1	1	2	1	101	156	1
TSPAN2	0	0	0	29	56	0
PCSK6	2	2	1	127	233	4
KIN	0	0	0	30	71	5
DNAJC5B	0	0	0	19	35	4
TSPYL4	0	1	0	29	84	4
TP53INP2	0	0	0	20	57	0
CLVS2	0	0	0	22	32	1
ZNF511-PRAP1	0	0	0	0	0	0
HSPA12B	2	0	0	82	138	0
SNTB2	2	2	0	33	60	0
MARS2	0	0	0	67	90	3
TRIM33	1	0	0	103	113	0
MCUR1	0	2	0	30	80	6
SLCO5A1	0	0	0	88	161	4
TMEM250	0	0	0	27	31	2
AQP11	0	0	0	22	43	0
KIF3B	0	5	0	62	98	4
CHCHD1	0	0	0	7	18	0
LILRA6	0	0	0	0	0	0
OR14A2	0	0	0	19	70	0
INVS	0	2	0	66	193	11
RET	3	8	1	130	231	0
PCDHAC1	2	0	0	92	198	5
MARCHF7	0	2	0	53	130	1
ARAP1	3	5	0	176	317	3
RPL7L1	0	1	0	19	45	2
LIN7B	0	0	0	33	47	0
ENSG00000285188	0	0	0	76	135	5
GRIN2C	2	0	1	183	277	6
RFX6	0	3	0	78	135	5
EPB42	0	3	0	53	141	1
PCDHGC4	0	0	0	77	145	2
FOXF2	0	1	0	72	96	1
ZBTB7C	1	2	0	90	128	1
SSH1	1	4	0	118	227	2
BUD23	0	0	0	22	59	0
LMO4	1	0	0	21	15	0
RXRB	1	0	0	0	0	0
DBX1	1	0	0	37	68	2
TNFAIP8L3	0	1	0	16	48	0
COL25A1	1	0	0	65	107	1
CASP8AP2	0	4	1	128	308	1
KCNJ14	0	0	0	51	118	3
TMA16	0	0	0	17	37	4
GOLGA6L10	0	0	0	6	11	3
CYP24A1	0	1	0	54	151	8
TRABD	1	0	0	61	96	1
ELOVL7	0	0	0	21	51	3
COL28A1	2	4	0	85	257	8
ENSG00000285779	1	0	0	10	12	0
MAT1A	0	0	0	58	53	0
TRIM55	1	0	0	54	106	4
RIPK1	0	2	0	58	139	2
FXR2	3	1	0	60	104	0
MED20	0	0	0	19	39	1
ACOX1	0	1	0	61	95	1
RANBP3	0	0	0	77	107	0
MAMSTR	0	1	0	46	101	2
RCOR3	0	0	0	44	64	0
RPL37A	0	0	0	12	13	0
TP53I13	0	1	0	31	94	0
TMEM200B	1	0	0	36	75	4
NRP2	0	1	0	117	157	3
LILRB5	3	3	0	0	0	0
PIGM	0	1	0	27	82	3
PSMC2	0	2	0	21	28	0
DENND1C	1	5	0	91	167	11
SERPINE2	0	3	0	38	61	2
FBXW2	0	0	0	33	56	0
SPEF1	0	0	0	11	37	2
KLC3	5	2	0	93	182	10
INPP4B	0	1	0	80	137	3
ARHGEF5	0	0	0	10	26	2
PTCD3	0	0	0	52	149	8
C17orf67	0	0	0	6	23	3
R3HCC1	0	0	0	55	112	4
CD1A	0	1	0	31	97	14
PPM1K	0	0	0	28	65	0
HCFC1R1	0	0	0	11	38	0
HSPA12A	0	2	0	82	122	2
LIG1	2	1	0	126	188	4
CNNM2	0	3	0	74	93	0
GYPC	0	1	0	21	48	1
PLEKHA1	0	2	0	43	83	2
TBC1D22B	1	0	0	37	86	2
TMEM132A	1	2	1	118	267	7
ACAN	2	2	0	264	541	3
SNX18	1	2	0	95	125	5
SECTM1	0	0	0	34	52	1
TMEM65	0	1	0	22	36	1
CAPRIN2	0	0	0	91	173	3
RNF213	3	13	0	623	1084	20
SULF2	2	3	1	112	190	2
COPS9	0	1	0	10	6	1
ERGIC2	0	1	0	28	54	1
TRAPPC13	0	1	0	22	58	2
C19orf47	0	2	0	49	95	0
CD52	0	0	0	7	12	0
CDC42SE2	0	0	0	8	17	0
ZFP3	0	0	0	33	57	2
FOXO3	0	2	0	46	57	1
RAMP2	0	0	0	22	22	2
MED8	1	0	1	13	45	3
G6PC2	1	1	0	0	0	0
ADAMTS20	0	5	0	137	385	26
SCN7A	0	0	0	95	316	12
PCBP1	1	0	0	55	28	0
MICALL1	0	1	0	101	202	1
GCNT4	0	0	0	26	88	4
CALHM4	1	0	0	21	56	3
KRT222	1	1	0	21	26	1
MRPL1	0	0	0	29	71	2
FGFRL1	2	1	0	113	187	4
PRR20E	0	0	0	0	0	0
CZIB	0	1	0	15	24	0
WDSUB1	0	1	0	43	89	4
FAM193A	2	2	0	175	331	0
EFHD2	0	1	0	24	39	0
NDST1	1	2	0	119	168	2
IFNA17	0	0	0	17	57	0
LHCGR	0	2	0	51	112	5
STK35	0	3	0	70	83	3
ZFHX2	2	7	1	232	548	7
ENSG00000289761	0	0	0	1	5	0
TET2	1	2	1	139	361	44
NOTO	0	1	0	32	69	3
SLC10A4	0	1	0	39	81	1
B3GALT1	0	0	0	25	40	0
PCDHB9	0	0	1	108	167	6
SFRP4	0	2	0	31	61	3
CD2	2	1	0	22	74	4
HCN4	0	2	0	159	241	0
TAF11L8	0	0	0	0	0	0
F2	1	2	1	61	103	1
IL18R1	0	1	0	45	89	3
MISFA	0	0	0	3	8	3
TMED4	0	1	0	22	43	1
AKT2	0	0	0	55	70	1
DVL1	4	2	0	136	254	1
LRIF1	0	0	0	46	137	4
GNB1L	1	0	0	56	105	4
PRPF38B	0	0	1	36	82	2
CSNK1E	0	5	0	56	49	2
SEPTIN2	0	5	0	24	50	2
GABRP	1	1	0	50	89	5
NARS2	1	1	0	38	110	6
PAX3	0	4	1	47	73	0
IL17RA	0	4	0	117	199	5
KAT2A	1	3	0	97	115	1
SSUH2	0	0	0	56	103	5
ENSG00000289809	0	0	0	17	29	1
DDX41	2	3	0	67	107	6
CAST	3	1	0	73	171	2
CHCHD7	0	0	0	7	16	0
PDS5A	0	5	0	110	105	0
OGFOD1	0	2	0	47	102	2
SLC49A3	0	0	0	89	161	4
ARNT2	0	2	0	85	136	2
CBFA2T2	1	0	0	61	99	2
CAPRIN1	0	3	0	54	102	3
B3GAT3	0	0	0	36	84	1
FREM1	4	8	0	241	584	8
PFAS	2	3	0	144	334	6
TTN	18	61	3	2516	6812	101
BPIFB6	0	1	0	43	100	2
GMEB1	0	1	0	37	69	0
TYRO3	1	2	0	85	145	2
PRELID1	1	1	0	18	38	1
CXCL12	0	0	0	11	20	0
TMPRSS11E	0	1	0	1	3	0
STK4	1	1	1	28	74	7
ARHGAP31	0	1	0	107	234	5
KATNIP	2	3	0	186	402	15
CRTC1	1	1	1	94	101	1
LCE3E	0	0	0	8	24	2
RPL41	0	0	0	1	0	0
RUBCNL	0	1	0	46	125	7
PSRC1	0	1	0	37	94	5
ITPK1	1	1	0	0	0	0
HERC2	2	6	0	110	193	0
DIO1	0	0	0	0	0	0
RNFT2	0	2	0	49	89	5
ATG13	0	2	1	52	91	0
EPOR	1	1	0	61	78	1
NUP62	0	1	0	85	135	0
EXPH5	3	4	0	142	403	14
CNN1	1	0	0	49	56	1
TWF2	2	0	0	44	82	0
POGLUT3	0	0	0	40	97	5
PRR30	2	0	0	42	103	4
TBC1D8	2	1	0	142	232	7
TNNT3	0	1	0	36	49	0
IL22RA1	0	2	0	63	122	1
KIF5C	1	5	0	17	15	0
FERMT3	0	2	0	92	143	3
OR2S2	1	1	0	34	59	3
ANXA2	0	0	0	38	60	0
FEM1B	2	2	0	42	57	0
ZNF600	0	0	0	52	200	7
TNFRSF9	2	1	0	34	57	0
SLC25A12	0	0	0	49	77	2
ENSG00000284626	0	1	0	29	69	5
AXIN1	2	1	1	137	201	3
C16orf92	0	0	0	14	24	0
ENSG00000269469	0	0	0	0	0	0
TP53TG5	0	0	0	24	70	7
MTFR1	0	0	0	22	60	0
GTF3C1	1	4	1	221	375	2
RP9	0	0	0	18	37	2
DDTL	0	0	0	0	0	0
EN1	0	1	0	64	81	1
PRADC1	0	0	0	17	45	1
ADTRP	0	0	0	25	46	1
TUBB	0	0	0	0	0	0
GVQW3	0	0	0	18	33	0
DDX24	1	2	1	0	0	0
ENSG00000125695	0	0	0	0	0	0
RBBP9	0	0	0	18	35	1
RNF222	0	0	0	22	56	4
PAQR7	0	1	0	35	56	2
BSDC1	0	0	0	47	73	3
LIN7A	0	0	0	20	40	1
GPR87	1	0	0	35	72	4
TULP4	2	8	0	220	339	0
CSAD	0	2	0	44	107	5
DTL	0	1	0	63	98	1
ADRA1A	1	1	0	60	105	3
NPHS2	0	1	1	43	67	2
RAP1B	0	2	0	15	10	0
KLHDC3	0	3	0	34	37	0
EPC2	0	0	0	62	121	1
BNIP3L	0	2	0	24	29	1
RGS1	0	0	0	17	43	0
ABCA2	9	9	0	410	480	2
BLOC1S3	1	0	0	26	50	2
KRTAP10-7	0	0	0	46	99	1
PSG9	0	0	0	69	167	12
EXOC7	1	2	0	73	114	4
ELAC1	0	0	0	23	62	2
CXXC4	0	1	0	43	48	0
OR52E6	0	0	0	36	94	1
TREM2	0	3	0	18	51	1
SYT7	2	0	0	87	140	1
SPO11	1	0	0	22	55	3
C2CD4A	0	0	0	57	118	1
CWF19L2	1	2	0	69	175	9
LRRC28	1	0	0	52	81	3
TEX37	0	0	0	18	52	0
NPIPB12	0	0	0	0	0	0
GJB3	1	0	0	37	78	3
ENSG00000284209	0	0	0	0	0	0
CRAT	1	0	0	77	155	5
DPY19L4	0	1	0	52	146	10
KDM7A	1	0	0	77	130	0
KRT19	1	1	0	52	87	3
CEP162	0	3	0	97	230	6
FXYD3	0	0	0	10	19	1
SEC14L4	0	0	0	56	91	6
CPEB2	1	4	0	145	233	7
CRYBA4	0	1	0	30	39	4
ENSG00000196826	0	0	0	35	91	10
CSF3	0	0	0	27	42	0
LRP11	0	3	0	61	109	3
CDC42EP4	2	2	1	51	91	1
SEC61A1	1	2	0	41	28	0
ZIK1	0	0	0	27	90	3
ITGBL1	0	1	0	58	113	4
CARS2	0	1	0	79	148	4
CBY1	0	0	0	11	30	0
PTPN14	2	2	1	145	238	4
ENSG00000268279	0	0	0	0	0	0
PIK3R1	0	9	0	56	92	2
OR4F5	0	0	0	0	0	0
BCAS4	0	0	0	21	48	1
ELOVL3	1	1	0	19	44	2
FXYD2	0	0	0	9	20	0
THBS2	1	5	0	177	234	3
CHMP4B	0	1	0	19	14	0
ENSG00000258465	0	1	0	22	52	2
LCA5	1	1	0	55	129	6
FASN	6	7	0	465	601	0
ZNF397	1	2	0	28	111	2
HNRNPU	0	4	9	76	103	0
ENSG00000286143	0	0	0	0	0	0
INHA	1	1	0	42	87	3
TBC1D3G	0	0	0	0	0	0
ENSG00000288635	0	0	0	8	6	0
LPIN3	0	2	0	94	201	3
VTI1A	0	1	0	16	47	4
PITX1	0	0	0	38	60	1
ENTREP3	1	1	0	0	0	0
TMEM249	0	0	0	35	66	1
BRD7	0	2	0	50	120	0
ST8SIA4	0	1	0	29	40	1
CCDC158	0	1	0	81	219	13
STK31	0	2	0	73	169	8
BOD1L2	0	1	0	16	39	1
HS2ST1	0	1	0	29	61	0
LRRC15	1	1	0	80	128	9
KRT37	0	1	0	0	0	0
CYLD	1	0	0	66	100	1
CHRM4	2	1	0	68	84	0
CCDC86	1	1	0	40	71	6
POGK	1	5	0	52	90	1
APEH	0	1	0	56	124	5
SESN3	1	2	1	25	64	1
TSPAN3	0	0	0	24	30	1
TRIM75	0	1	0	28	75	2
UNC45B	1	3	0	92	210	5
SLFN5	1	3	0	62	170	7
CYP4F3	0	0	0	47	126	4
SH3BGRL3	0	0	0	5	18	1
SSU72L6	0	0	0	14	36	1
RAB8B	0	0	0	21	24	0
ACTG2	1	3	0	36	30	1
TMEM239	0	0	0	21	28	2
GUCY1B1	1	1	0	38	70	2
ZGRF1	3	1	0	134	335	14
LIPH	1	0	0	43	79	3
VSX1	0	0	0	53	89	3
NPL	1	1	0	24	48	1
PHLDB1	1	7	1	151	289	7
AHCYL1	0	1	0	31	48	1
NFE2	0	0	0	28	68	1
DERL3	0	0	0	0	0	0
SLC16A7	0	0	0	34	91	4
SFT2D2	0	0	0	14	27	0
KCTD9	0	0	0	25	31	0
SNAPC5	0	1	0	9	30	2
OR1P1	0	0	0	0	0	0
ZNF461	1	0	0	23	85	6
INPP5F	1	1	0	91	197	8
PFN3	0	1	0	11	42	1
CHPF2	0	1	0	80	210	17
SIRT2	1	1	0	46	85	2
MGAT5B	0	4	0	127	160	3
ACVR1C	0	1	0	46	71	2
DKK2	1	0	0	18	48	1
UBE3D	0	0	0	29	78	3
ANKS1B	0	1	0	113	148	1
NOL9	0	0	1	59	135	3
NUDT14	0	0	0	30	55	1
TUG1	0	0	0	32	38	0
GGPS1	0	1	0	19	37	1
OR8B2	0	0	0	15	36	1
UCN2	0	0	0	11	30	1
FUBP3	0	1	0	55	86	1
H4C12	1	2	0	0	0	0
NSFL1C	1	3	0	46	67	0
TMX3	0	1	0	25	67	2
FAM90A9	0	0	0	0	0	0
CCSER1	1	1	0	65	148	3
KRTAP8-1	0	0	0	7	12	1
OPA3	1	0	0	16	32	1
HPDL	1	0	0	41	72	5
GJA3	0	2	0	60	89	0
FAM151B	0	1	0	16	60	5
DYNLT2	0	2	0	0	0	0
CELSR1	4	9	0	553	820	0
C20orf144	0	0	0	30	58	4
PCOLCE2	0	2	0	28	84	5
TMEM14A	0	0	0	5	17	1
OR52N5	1	0	0	23	59	2
OBSCN	13	20	0	1258	2558	82
NXPE2	0	0	0	40	94	8
PROCA1	0	1	0	38	80	2
LGI1	0	0	1	42	53	0
ANKK1	2	0	0	84	196	10
FANCL	0	0	0	23	81	5
UBE2L5	0	0	0	17	24	1
TCF7L2	1	6	2	96	102	1
SEH1L	0	0	0	37	53	1
SEPTIN1	0	0	0	36	77	1
CDC20	1	1	0	40	78	6
CRACR2A	2	0	0	65	174	2
JPH3	3	4	0	177	243	2
CACNB1	1	1	0	46	93	2
SIK3	2	5	0	124	216	2
SGIP1	1	1	0	71	131	0
RSPRY1	1	0	0	38	61	1
KIAA2012	0	2	0	87	243	10
NTN3	1	1	0	73	170	2
LCORL	0	0	0	126	325	4
CAVIN1	1	0	0	41	74	3
CDC16	1	2	0	57	98	2
EFCAB5	1	4	0	106	275	15
GC	1	2	0	43	64	4
MKI67	0	3	0	274	702	20
ARRDC1	1	0	0	65	109	2
GOLGA8A	0	0	0	0	2	0
KLHL12	0	3	0	47	73	3
AHSA1	0	1	0	30	55	0
SNCG	1	0	0	15	35	0
ENSG00000261732	0	0	0	0	0	0
SCYGR6	0	0	0	28	48	0
ENSG00000272442	0	0	0	0	0	0
MTAP	1	2	0	37	57	4
MMUT	0	3	0	36	137	8
POLR2K	0	0	0	5	12	1
C1orf87	0	0	0	46	103	8
SERINC2	0	0	0	64	150	3
OR10G4	0	2	0	38	72	2
LRRC47	1	1	0	67	128	2
KIFBP	0	1	0	36	91	3
CUL2	0	1	1	44	78	0
NRARP	0	0	0	13	11	0
TAS2R46	0	1	0	0	0	0
C14orf39	0	1	0	42	113	4
MBD3L5	0	0	0	0	0	0
ANK2	3	7	2	320	689	4
CST2	0	0	0	30	61	4
A4GNT	0	1	0	36	65	2
ZNF805	0	2	0	49	110	4
SPATA6L	0	1	0	35	113	4
C19orf84	0	1	0	22	38	1
NPAS3	1	3	0	123	182	1
GAPDHS	1	0	0	31	98	4
MYF6	0	1	0	24	54	1
TESK2	0	1	0	43	122	9
MGAM2	0	4	0	0	0	0
CSH1	0	0	0	6	11	0
CALU	0	1	0	22	43	2
MEF2D	0	4	0	67	84	0
ZNF202	1	0	0	43	98	0
DGKE	1	3	0	54	83	7
H3C1	2	1	0	57	70	3
OR10D3	0	0	0	23	77	3
FARP1	0	5	0	133	248	6
AHSG	1	1	0	39	82	2
TMEM177	1	0	0	27	64	2
SPEM3	0	0	0	116	222	4
SIGLEC11	0	0	0	68	117	2
ADAM12	0	1	0	97	173	2
NUMB	1	2	0	47	103	1
SHISA7	0	0	0	50	101	0
NLRC4	0	6	0	69	139	8
ZNF593	0	0	0	14	30	1
USP12	0	1	0	26	43	1
NDUFV3	1	2	0	45	109	3
OR52B2	0	0	0	27	89	4
TCF3	2	2	0	144	230	1
ATAT1	1	1	0	0	0	0
TRERF1	3	4	0	150	231	2
RPS27	0	1	0	10	11	0
ENSG00000268173	0	12	0	96	146	2
RGS5	0	0	0	11	35	1
PEG3	1	5	0	137	354	3
NID2	1	4	0	154	326	7
FGF6	1	1	0	26	55	1
MRPL41	0	1	0	10	23	1
ATP6V1G1	1	0	0	13	28	0
ZNF532	0	0	0	144	198	0
CALR	0	2	0	52	72	0
EMILIN3	1	2	0	105	213	4
PINK1	1	1	0	71	145	6
FEM1C	0	2	0	48	64	0
TMEM88	0	0	0	24	34	3
SNU13	0	0	0	19	11	0
OTULINL	0	0	0	27	66	4
ZNF134	0	1	0	33	90	6
SERPINB2	0	2	0	46	83	5
ITGA1	0	0	0	111	216	7
JAM2	1	0	0	19	51	4
OSGEP	1	0	0	22	61	6
TPSG1	0	1	0	74	151	7
LRTM1	1	0	0	36	86	8
FAM124B	0	0	0	39	92	2
HBE1	0	0	0	15	39	0
GALE	0	0	0	40	81	1
GTF2A1L	1	1	0	44	122	2
RGPD3	0	0	0	33	98	5
POPDC3	0	0	0	17	46	4
FADS3	1	2	0	44	55	1
ZNF843	1	1	0	42	81	3
TBC1D10C	0	0	0	58	114	10
ZNF562	0	0	0	36	68	1
TTK	1	4	0	61	139	3
MEDAG	0	0	0	20	67	3
SET	0	1	0	29	27	0
C17orf107	0	1	0	28	39	3
CYCS	0	0	0	8	11	0
CAPN7	1	2	0	52	127	7
GRIN2D	0	2	0	120	218	0
CFAP251	1	2	0	93	220	7
CCNK	0	2	0	54	63	2
BBS9	2	1	0	73	182	9
SMPD2	1	0	0	39	86	6
ZSWIM2	0	0	1	45	120	4
ENSG00000288591	0	1	0	54	121	1
PPP1R9B	1	2	0	107	122	1
RAD54L2	0	6	0	117	239	1
FBXL15	1	0	0	32	46	0
NPRL2	0	0	0	21	60	1
PREPL	0	3	0	46	177	4
MYO15A	5	7	0	400	848	28
PLS1	0	2	0	44	93	5
ACE	0	3	0	181	346	15
PPP4C	0	2	0	37	13	0
MEF2C	1	14	4	38	22	1
LRP12	1	1	0	55	144	0
AHNAK2	3	3	0	1080	1937	23
RHCG	0	1	0	53	91	2
FCAR	0	0	0	0	0	0
NDUFA12	0	0	0	15	31	1
WASF2	0	1	0	49	76	0
UBAP2	2	4	0	102	233	0
RAB4B-EGLN2	0	1	1	28	60	1
RPL6	1	1	0	27	48	0
NOMO3	0	0	0	0	0	0
ENSG00000259900	0	0	0	0	0	0
PPP1R1B	0	0	0	7	35	0
TPT1	0	1	0	15	21	0
DUSP11	0	0	0	21	50	1
KCNK10	1	0	0	71	98	4
CPPED1	0	1	0	48	100	9
ORMDL3	0	0	0	18	30	0
PITPNC1	0	0	0	22	41	0
ATP6V0D1	0	0	0	38	29	1
MRPL42	0	1	0	12	40	1
CFAP52	1	0	0	61	133	8
TMEM129	0	0	0	53	109	5
C8orf44-SGK3	0	0	0	31	54	1
CNKSR3	0	0	0	57	113	0
HSPG2	7	4	1	608	1178	9
HOXA7	0	0	0	36	62	1
ENSG00000255872	0	1	0	58	100	2
ENSG00000262730	0	0	0	0	2	0
HTR3D	1	0	0	36	92	2
LXN	0	0	0	16	35	2
ARHGAP23	0	4	0	0	0	0
FRMD6	1	0	0	52	123	0
ENSG00000272305	0	0	0	0	0	0
ZNF570	0	0	0	36	72	7
RPL10A	0	2	0	18	18	1
TSPEAR	3	2	0	115	212	10
B3GALT5	0	0	0	32	50	3
PAH	0	1	0	41	142	7
TMEM200C	2	1	0	87	185	2
MTARC2	0	0	0	28	58	0
ZMYM5	0	1	0	39	113	3
PCBP3	0	2	0	48	69	1
PNPLA1	0	0	0	59	115	5
PACRGL	1	1	0	23	59	3
AZGP1	0	2	0	26	66	1
POP7	0	1	0	12	30	1
TEDC2	0	1	0	56	128	4
KCNK2	1	0	0	33	51	0
ADAMTSL5	0	2	0	57	162	7
TMEM33	0	0	0	17	43	1
SEPTIN14	0	0	0	18	80	7
PSG8	0	0	0	58	148	6
FCGR1A	0	0	0	4	15	0
SAP18	0	0	0	26	17	1
CACNA2D3	2	1	0	106	180	3
ASNSD1	0	0	0	41	118	8
FER	0	2	0	62	116	2
ETFBKMT	0	0	0	8	45	4
SGTB	0	1	0	17	30	0
GOLGA8N	0	0	0	0	0	0
SLC29A4	0	0	0	141	171	3
MUS81	0	1	0	52	144	5
CEP152	1	2	0	118	300	12
SLC44A4	0	1	1	0	0	0
TMEM202	0	0	0	19	50	2
FFAR2	0	1	0	32	94	3
NMD3	0	1	0	39	107	2
NBPF14	0	0	0	37	92	9
NBPF9	0	0	0	26	84	3
SDC3	1	1	0	73	109	0
WDR7	2	2	0	126	256	2
RBM4	0	0	0	58	65	0
GUCD1	0	0	0	24	49	3
ENSG00000285382	0	0	0	24	50	2
UBE2K	0	1	0	13	4	1
HMGB1	0	0	0	18	11	0
RIPK4	2	3	0	135	189	1
PRB2	0	0	0	5	13	3
KIAA0753	0	0	0	65	194	14
MORC2	0	10	0	97	129	1
NPLOC4	1	3	0	77	76	0
HTRA1	0	0	0	82	100	3
RASSF4	0	1	0	33	89	3
BOLA2	0	0	0	0	0	0
ENSG00000289747	0	0	0	60	90	8
URGCP	1	2	0	106	166	1
BCCIP	1	0	0	24	69	1
G6PC1	0	0	0	32	71	6
CTAGE1	0	0	0	65	171	4
OR4X1	0	1	0	33	91	7
IQCJ-SCHIP1	0	2	0	46	82	3
SNAPC4	1	4	1	219	441	22
ZNF7	1	3	0	61	125	9
TMEM100	0	1	0	10	26	0
NPB	0	0	0	18	43	1
OR5AP2	2	0	0	31	71	2
MPZL1	1	1	0	17	46	0
ZNF541	0	2	0	141	256	2
ZNF181	0	0	0	34	83	5
RNF144B	0	0	0	26	56	2
SELENOP	0	0	0	0	0	0
OSBPL3	1	1	0	92	156	4
EIF4EBP3	0	0	0	6	27	3
CDHR2	1	3	0	181	287	9
HNRNPC	0	1	0	24	15	0
HIBCH	0	1	0	26	63	3
CDH12	1	0	0	64	136	2
MYBBP1A	6	4	0	223	418	14
CNNM4	0	4	0	82	112	2
HTR4	1	0	0	32	70	2
TEX9	0	4	0	37	68	6
GINM1	0	1	0	23	48	2
CACNA1E	4	14	0	221	339	0
C11orf58	0	0	0	14	19	0
SIN3A	2	4	7	109	133	0
KRTAP1-4	0	0	0	0	0	0
DCPS	0	1	0	41	94	1
ANKS3	2	3	0	114	207	4
CCDC42	0	0	0	30	75	5
KIF27	0	0	0	69	211	19
ENSG00000249773	0	0	0	21	47	5
TTC4	0	1	0	23	63	4
LHFPL2	0	0	0	26	42	1
NCR2	0	0	0	31	65	5
TMEM60	0	0	0	11	15	0
LSM11	0	2	0	40	78	3
UNC5D	2	4	0	77	145	1
FAM241B	0	1	0	14	22	1
OSBPL5	1	1	0	130	215	7
C4orf47	0	1	0	33	45	4
OR4C16	0	0	0	43	132	10
SPATA5L1	1	2	0	73	155	11
EFCAB6	1	2	1	145	336	14
CHRM2	0	0	0	35	44	0
RAPGEF4	0	1	0	82	178	3
EIF3F	0	3	0	43	76	0
OOSP4B	0	0	0	16	28	1
APOLD1	0	1	0	36	73	5
CDH26	1	3	0	74	195	10
SNIP1	0	3	0	27	72	2
PCDH17	0	4	0	103	189	5
PARP10	1	2	0	111	220	8
LDB1	0	3	0	40	43	0
GPRC5B	0	1	1	76	98	1
LRRC17	0	0	0	32	87	8
GGH	1	1	0	30	61	0
HDAC5	1	4	0	125	173	1
ABI3	0	0	0	45	86	2
KLK8	0	2	0	24	42	1
QDPR	1	1	0	28	59	1
GDF7	0	1	0	67	105	3
GLDN	1	2	0	51	117	5
SLC25A24	1	1	0	38	92	7
EML3	0	2	0	94	156	4
RPL31	0	0	0	8	13	0
COMMD3	0	0	0	21	37	6
ARID5A	0	2	0	68	113	1
USO1	1	0	1	77	133	1
DUSP10	1	1	0	54	78	0
CEP78	1	0	0	43	134	6
RNPS1	0	1	0	33	56	0
ENSG00000256206	0	0	0	11	17	0
REEP2	1	2	0	21	35	0
BTBD10	0	0	0	27	71	3
FZD4	0	0	1	34	87	2
VPS53	1	1	0	84	152	6
MTERF1	1	0	1	26	71	5
MTERF3	0	1	0	17	76	4
ZNF695	2	0	0	30	110	6
HIRIP3	0	1	0	50	123	2
PVALEF	0	0	0	24	34	1
LRRIQ4	0	1	1	47	97	3
MFSD4B	0	1	0	45	98	4
USP17L3	0	0	0	0	0	0
PDCD2L	0	0	0	35	83	4
LRRC1	0	0	0	47	77	2
GIMAP1-GIMAP5	0	1	0	65	124	4
METTL27	0	1	0	35	60	4
ZNF480	0	0	0	29	106	10
LY86	0	0	0	18	34	1
NIPSNAP2	0	0	0	32	59	5
HPX	1	0	0	52	114	6
ENSG00000267168	0	0	0	10	17	1
OR9A2	1	1	1	0	0	0
OR8I2	0	0	0	29	67	1
ENSG00000269307	1	0	0	12	18	1
ENTR1	0	2	0	68	129	1
PYHIN1	0	1	0	36	117	7
FGFR1OP2	0	0	0	20	38	2
TRIM38	1	0	0	35	103	3
OR56A4	1	1	0	32	71	0
CCSER2	1	2	0	78	207	5
MAP3K10	0	4	0	122	199	1
NUP37	1	0	0	22	48	1
MCF2L	1	5	0	161	257	1
C11orf98	0	0	0	11	25	1
VHL	0	1	0	25	43	1
CRIP3	0	0	0	19	41	0
THBS1	3	1	0	105	199	4
C3orf14	0	0	0	5	26	1
NRIP2	0	1	0	30	77	4
ANP32D	0	1	0	15	28	1
KLK4	0	0	0	28	52	3
CD300E	0	1	0	30	47	3
CELA2A	0	0	0	46	66	3
TADA2B	0	3	0	41	46	1
SPAG9	1	3	0	97	178	1
FIGLA	0	0	0	20	53	3
FNDC4	1	0	0	19	36	0
TEX50	0	0	0	10	24	0
EIF3A	0	4	0	97	227	2
NSUN3	1	1	0	30	46	4
GTPBP2	0	1	0	60	67	3
OMG	0	2	0	33	56	1
ENSG00000268083	0	0	0	0	0	0
NR1I2	1	1	0	62	102	8
OCIAD2	1	1	0	12	29	1
RNF225	0	1	0	52	108	4
FREM3	2	4	1	180	410	18
ACVR1B	0	1	0	49	46	0
FOXJ3	0	2	0	54	103	1
GCNT7	0	0	0	27	67	5
ABCG4	1	2	0	67	91	3
COPZ1	0	0	0	14	18	1
MARCKSL1	0	0	0	24	34	1
MRPS31	0	0	0	39	78	3
ZNF318	0	7	0	193	438	3
TMX4	0	0	0	36	71	2
AHCY	0	0	0	52	89	2
ELSPBP1	0	0	0	22	46	4
OR51A2	0	0	0	11	29	2
PGP	1	0	0	45	45	0
PLEKHO1	0	2	0	31	85	1
ZNF667	1	1	0	44	120	3
TNNI3K	0	1	0	53	196	12
P2RY11	1	1	0	93	152	7
ITGAD	0	3	0	149	259	12
EMG1	0	0	0	19	47	2
EBF4	1	1	0	90	127	1
CDX1	0	0	0	42	71	3
YJEFN3	0	1	0	42	96	3
UNC13A	1	9	0	188	222	2
PSG2	0	0	0	55	128	5
CNOT6	0	0	0	38	65	1
PTPRH	0	1	0	136	297	20
RDH14	0	0	0	32	85	2
TBC1D17	1	2	0	79	183	6
DCK	0	1	0	16	47	1
UBE2D1	0	0	0	11	5	0
BANP	0	0	0	105	91	0
NDUFV1	1	0	0	63	120	3
TMEM106B	0	2	0	23	40	0
TLCD3A	0	0	0	28	56	4
SLC16A4	1	1	0	39	79	4
PNPLA7	3	7	0	212	379	10
ZNG1B	0	0	0	5	10	0
LMCD1	1	0	0	39	90	2
ERVW-1	0	0	0	44	102	4
FXN	0	0	0	26	39	0
SLC2A14	2	0	0	45	86	5
ERN2	3	4	0	97	243	9
CNTNAP4	2	1	0	125	305	5
SMAGP	0	1	0	11	21	0
ZNF558	0	1	0	38	71	1
IFNA6	0	0	0	19	40	4
CRX	0	1	0	39	64	0
AFG1L	0	0	0	43	96	3
NPHP1	0	2	0	44	121	5
TNFSF18	0	1	0	12	28	0
MPV17	0	0	0	17	30	3
GPRC5A	0	1	0	34	94	3
TRAF5	0	0	0	34	94	6
GNLY	0	0	0	14	38	2
IGIP	0	0	0	4	11	0
RWDD4	0	1	0	18	45	1
ETFRF1	0	0	0	9	22	0
PPP1R37	1	1	0	122	161	2
PACSIN1	0	1	0	39	62	1
HEPHL1	1	2	0	100	240	19
FAM180A	0	0	0	19	47	2
KRT9	0	2	0	76	134	6
ZNF230	0	1	0	28	98	3
PXK	2	0	0	47	107	2
ATP6V1D	0	1	0	15	32	3
DHFR2	0	0	0	28	36	0
PPP1R13L	2	0	0	101	179	8
PKP3	1	3	1	152	301	6
NDUFA9	0	2	2	36	94	3
STKLD1	0	3	0	90	148	6
PKP2	1	0	1	74	197	8
YIPF1	0	0	0	24	64	3
PPARGC1B	2	5	0	118	249	4
ALKBH1	0	1	0	30	91	5
BRD2	0	3	0	0	0	0
BCKDHB	0	0	0	31	73	7
RNASE10	0	1	0	19	34	2
DCBLD2	1	1	0	71	143	0
CYP2U1	0	2	0	51	85	7
TNFRSF10D	0	2	0	49	107	4
SLC24A4	1	1	0	88	128	1
SAMD14	0	2	0	51	89	4
FIBIN	0	0	0	13	46	1
PRDM2	1	3	1	151	311	4
ENY2	0	2	0	11	10	0
MFSD14A	1	1	0	40	52	3
ZDHHC23	1	0	0	38	82	3
MUC2	4	4	0	10	9	1
ARL6IP1	0	0	0	12	31	0
SLC43A3	0	0	0	42	96	3
SLC46A3	0	0	0	31	77	7
ABCC3	2	3	0	154	362	9
MRPL46	0	1	0	23	63	9
IFRD2	1	1	0	69	115	2
SEC23B	0	1	0	61	149	14
RBM33	1	6	0	129	248	0
MLLT10	0	1	0	95	170	2
SCGB1C1	1	0	0	6	10	0
GSKIP	0	2	0	16	20	1
PLA2G6	2	1	0	80	184	5
ME3	1	1	0	65	132	7
GSTO2	1	0	0	20	51	3
DCANP1	0	1	0	25	69	7
CPTP	0	0	0	46	85	4
CDC123	2	0	0	28	46	1
ITGB1	0	3	0	60	86	2
SPNS3	1	0	0	95	135	1
DERL2	0	0	1	24	21	0
C1QTNF3	0	1	0	21	47	4
MADD	1	7	0	147	364	6
PRMT8	2	2	0	38	38	0
ILVBL	2	1	1	75	141	4
ADORA2A	1	1	0	56	82	0
NPIPB3	0	0	0	0	0	0
NECTIN4	1	1	0	52	99	6
MS4A6E	0	0	0	18	37	1
TENM4	1	3	0	278	615	2
ZNF334	0	2	0	47	138	9
C11orf87	0	1	0	18	42	0
FNIP1	0	0	0	77	184	4
DDI2	0	2	0	39	47	0
ADCY10	3	6	0	106	287	17
KLF17	0	0	0	40	93	6
H3C11	1	1	0	31	12	1
SRC	0	0	0	62	57	0
AKR1B10	0	0	0	33	72	4
BCL2A1	0	0	0	14	26	1
SLC6A20	0	1	0	84	136	5
CDSN	0	1	0	8	17	0
PRDM9	0	0	0	53	168	12
ZNF479	0	0	0	13	55	5
XKR7	0	1	0	58	112	1
SCFD2	0	2	0	47	135	6
PLCD4	0	3	0	56	171	6
GTF2B	0	0	0	18	28	2
SCAND3	1	1	0	1	0	0
DESI2	0	1	0	13	16	1
PAIP2B	0	0	0	8	16	0
NUGGC	1	2	0	89	170	7
OTOP1	0	0	0	77	161	8
APOA5	0	0	0	41	71	5
VAV3	1	4	0	59	145	6
ABTB3	1	1	0	131	215	0
NCOR1	4	6	1	186	340	0
DMAC2	0	0	0	26	76	5
HES7	0	1	0	29	46	1
CAV1	0	0	0	20	34	0
TLR10	1	2	0	43	170	13
ENSG00000251537	0	0	0	53	107	5
SLC22A13	1	2	0	61	135	5
CTRC	0	0	0	37	70	2
BFSP1	1	4	0	75	155	4
ENSG00000289764	0	0	0	2	8	1
KLHL23	0	1	0	38	81	2
ZSCAN10	1	6	0	99	175	5
TMED7-TICAM2	0	2	1	31	71	4
OR56A3	0	0	0	32	50	3
ENSG00000264668	1	1	0	34	59	3
GASK1A	1	2	0	65	135	12
CAGE1	1	1	0	53	120	5
KLHL25	0	6	0	84	200	8
ELANE	0	0	0	3	2	0
ENSG00000267173	0	0	0	9	26	0
FSHB	0	0	0	7	15	3
RRP1	1	0	0	57	101	2
CDCA7L	0	3	0	51	107	6
HBG2	0	0	0	0	0	0
TBC1D23	1	1	0	47	118	2
C11orf71	0	0	0	11	24	1
ZBBX	1	2	0	64	158	8
OR5J2	0	0	0	27	80	0
IRAK3	0	1	0	43	139	8
ZBTB32	0	0	0	42	79	3
IPO9	1	3	0	83	121	2
ALDH7A1	0	1	0	47	101	3
C10orf62	0	0	0	17	46	5
RNF112	1	2	1	66	122	1
IL2RB	0	0	0	65	112	1
OSBPL1A	2	1	0	63	145	8
CAMK2D	0	5	0	32	63	2
IER5L	1	0	0	79	116	0
CNTN5	1	4	1	94	187	4
COPE	2	2	0	55	82	1
ENSG00000249240	0	0	0	22	60	3
PCBP2	0	4	1	45	14	0
GATD3	0	0	0	0	0	0
DENND10	0	0	0	22	55	2
TMEM14C	0	0	0	8	38	1
PIAS3	1	4	0	56	111	1
SKI	2	4	2	116	154	1
FER1L5	0	1	0	206	342	13
FAM186B	0	2	0	64	176	10
NOM1	0	2	1	91	215	5
DKK1	0	0	0	17	49	1
SNED1	1	2	0	203	311	1
UNC5C	0	1	0	104	191	0
IL4I1	1	0	0	67	110	3
GP2	0	5	0	52	93	9
KLK9	0	0	0	20	57	2
PNLIPRP3	0	2	0	39	96	4
TANC2	1	4	3	157	327	0
PLEKHF1	0	1	0	42	67	1
MYH10	2	6	0	159	256	3
ACBD4	0	0	0	31	76	3
CLPTM1L	0	3	0	0	0	0
COPS7A	1	1	0	22	42	1
MOAP1	0	0	0	0	0	0
CHP1	0	0	0	14	25	0
BRF1	2	4	0	118	203	2
KCNN4	0	0	0	41	75	1
ARHGEF28	0	5	0	148	344	7
ENSG00000267952	0	0	0	6	10	2
KLC1	1	1	0	54	89	2
TUSC2	0	0	0	8	21	0
NDUFAF7	0	0	0	31	96	6
FAM90A23	0	0	0	0	0	0
ACTL6B	0	5	0	46	35	3
OR52E8	0	1	0	23	90	3
PLCB3	2	3	0	166	231	1
FOXA3	1	1	0	49	87	0
HRH3	0	1	0	74	72	4
PRH1	0	0	0	0	0	0
ST6GALNAC4	0	2	0	52	75	2
GPR182	0	1	0	44	86	3
PPARD	0	2	0	55	62	0
FAM78B	0	2	0	25	35	0
HNRNPUL1	1	3	0	99	127	1
CCDC154	1	4	0	114	207	6
ARSB	2	3	0	59	112	5
PRR23C	0	0	0	27	64	2
CIDEB	0	2	0	13	51	6
TOMM5	0	0	0	6	8	0
RIT1	0	7	0	16	32	0
PTPRM	1	3	0	136	238	1
RIPOR1	0	3	0	112	242	4
TMPRSS9	2	1	0	181	340	12
DEFB4A	0	0	0	0	0	0
KIF13A	2	2	0	142	273	6
CYP11B2	0	0	0	67	128	0
FOXC1	1	4	0	108	129	0
SVEP1	2	8	0	326	692	6
ATIC	0	0	0	56	138	5
PDE3B	0	3	0	88	228	8
NOL10	0	0	0	55	117	2
CTXN2	0	0	0	5	12	2
VIT	0	0	0	84	197	8
SGK3	0	0	0	31	54	1
AK1	0	0	0	24	35	0
TAGLN	0	0	0	24	52	0
HNRNPF	1	1	0	58	51	0
ENPP3	1	1	0	67	164	9
ITGA7	2	0	0	109	258	6
NFATC1	2	3	0	197	263	0
ALKBH6	1	1	0	30	36	4
OLR1	0	0	0	19	49	2
H2AC25	0	0	0	18	27	0
TRPM4	3	3	0	131	287	12
TMPRSS11F	2	1	0	39	72	5
GPS2	0	2	0	50	38	0
VSTM5	0	0	0	18	46	3
C1QB	0	0	0	28	48	0
SBF2	2	7	1	144	307	5
HMG20A	0	2	0	19	54	4
STXBP4	0	1	0	38	89	4
POLDIP2	0	2	0	44	47	3
FAM135A	0	4	0	109	200	0
MORN1	1	1	0	79	166	10
MED25	0	1	1	86	160	2
ZNHIT6	0	1	0	32	82	5
ENSG00000288000	0	0	0	0	0	0
DBF4	0	1	0	35	108	0
SNX6	0	0	0	29	49	4
SHANK3	2	10	10	273	316	0
TTL	0	1	0	34	37	0
ASCC3	1	6	1	161	322	18
SYNPO2L	1	1	0	87	169	9
RUNX2	0	1	2	47	87	0
DPH6	0	0	0	18	60	2
RBP7	1	0	0	13	24	2
CALD1	0	0	0	50	156	0
MLLT3	1	2	0	61	77	0
AGBL1	2	3	1	129	307	16
LALBA	1	0	0	11	19	2
ZBTB37	0	2	0	35	86	1
BMP3	0	1	0	43	106	2
NUP98	2	4	0	143	328	0
ZNF410	0	1	0	33	67	0
COG3	0	0	0	63	106	1
PRKAB2	0	1	0	22	33	0
NAXD	0	0	0	47	85	1
SNN	0	1	0	14	14	1
CRY2	0	1	0	58	101	2
INTS7	2	2	0	75	131	4
GGACT	0	0	0	24	54	0
ACSBG2	0	0	2	60	116	3
GRID1	0	2	0	131	186	0
MFSD10	0	1	0	89	158	4
GGT1	0	0	0	36	67	1
PAF1	2	3	0	52	63	2
TOB1	0	1	0	22	54	0
SLC25A18	1	1	0	27	77	3
QRICH2	3	3	1	156	412	18
DR1	0	1	1	11	16	0
CDKN2A	0	0	0	23	44	0
GRM8	1	2	2	66	162	3
C16orf86	0	1	0	35	61	1
ARL2	0	1	0	19	44	0
MYT1L	1	14	2	142	143	0
IBA57	0	0	0	56	89	2
SLC25A19	1	2	0	31	65	3
SLC2A4RG	0	2	0	70	111	1
FBLN2	1	2	0	194	312	8
ZNF454	0	0	0	35	64	4
OR5AU1	0	0	0	35	81	4
SPRED1	1	3	0	31	59	1
TAF12	0	0	0	16	20	0
MGLL	0	1	0	31	64	0
OR1M1	0	1	0	27	85	3
DEFA5	0	2	0	8	33	0
SCAF1	2	2	0	194	333	2
ZNF274	2	0	0	60	123	3
FHIP2B	2	1	0	101	196	3
ARHGEF40	2	4	1	154	327	9
ENSG00000284686	0	0	0	0	0	0
ACSL6	1	0	0	70	119	4
KRAS	0	5	0	19	13	0
MPI	0	1	0	42	74	4
ENSG00000283228	0	0	0	18	25	0
CCDC85B	0	1	0	16	22	0
SLC39A7	0	1	0	0	0	0
SLN	0	0	0	4	10	0
ADAMTS4	0	1	0	80	196	7
TSPOAP1	3	5	0	196	403	5
C1orf21	0	0	0	9	12	0
CCDC71L	1	0	0	40	71	0
MCEE	0	0	0	13	30	2
TACR1	0	1	0	28	83	3
DMTF1	1	4	0	64	110	1
PHIP	1	13	4	132	176	4
PLIN2	0	2	0	38	95	3
FLRT2	0	3	0	82	120	0
SIM1	1	3	0	78	156	2
SMAD6	1	5	2	85	170	8
TIMM23B-AGAP6	0	0	0	14	27	1
NEBL	0	3	0	107	232	21
TOPAZ1	1	2	0	108	303	0
DYNC1I2	0	3	0	27	85	2
ADAM30	1	1	1	66	165	6
CD164	1	0	0	19	46	0
XPNPEP1	0	3	1	61	92	3
ADGRB1	1	5	1	258	273	1
NTN4	1	1	0	45	104	5
SCRN1	1	0	0	46	70	1
EHD1	0	1	0	73	93	0
HOXD1	1	0	0	42	77	2
PRDM15	1	3	0	155	202	0
IFNA2	1	0	0	14	29	2
KLHL33	0	3	0	86	205	8
MTFP1	0	1	0	15	40	0
KLF14	0	1	0	45	87	0
VWC2L	2	1	0	28	25	1
ENSG00000288658	0	0	0	45	76	1
TP63	1	4	0	80	92	1
UPK3BL2	0	0	0	0	0	0
NT5C2	0	0	2	39	53	4
COPB1	3	1	0	53	124	0
IL26	0	0	0	12	40	3
GPHN	1	2	0	46	89	0
BCO2	1	2	0	40	105	8
NUS1	0	0	1	25	29	0
CAMSAP2	2	3	0	75	182	0
RND1	0	0	0	23	43	1
LMAN2	1	0	0	58	109	1
PPT2-EGFL8	0	0	0	0	0	0
GGTLC1	0	0	0	25	52	2
CAMK2N2	0	0	0	6	12	0
PCDHGA8	1	0	0	95	216	7
MEPCE	1	0	0	96	126	0
TAS2R38	0	0	0	20	64	1
AP5M1	0	2	0	40	81	4
GFOD2	0	1	1	45	100	1
MED16	2	2	0	94	101	4
ENSG00000269755	0	0	0	4	12	0
CNEP1R1	0	1	0	7	10	0
PRR20C	0	0	0	0	0	0
TNFRSF6B	2	1	0	81	123	4
OR12D2	0	0	0	0	0	0
SCMH1	0	1	0	48	117	3
PTER	0	0	0	31	79	4
FAM234A	2	0	0	79	163	5
SLFN13	0	0	0	55	164	7
C2orf72	0	1	0	42	77	3
ERRFI1	2	2	0	45	87	2
FMO5	0	1	0	29	94	4
DNAJC30	0	0	0	34	56	2
DDI1	0	1	0	46	97	7
SPOCD1	1	4	0	102	227	8
SURF2	0	1	0	24	78	5
CCDC81	0	0	0	38	121	9
TFDP1	1	1	0	54	61	0
FAM90A7	0	0	0	0	0	0
FBXO17	1	0	0	40	74	7
GTF2F2	1	0	0	20	33	1
LCE3A	0	0	0	7	18	0
PDYN	0	1	0	19	58	1
ARPC5	0	1	0	18	22	0
PMCH	0	0	0	8	27	1
WDR1	0	3	0	106	108	1
UBE2J2	1	0	0	40	36	0
CLDN20	0	1	0	13	43	1
ZNF333	0	2	0	60	126	6
LYRM7	0	0	0	6	17	0
TDRD10	1	0	0	38	64	4
OLFML3	0	1	0	36	87	3
OR2A4	0	0	0	9	9	0
VSIG10L2	0	0	0	111	227	6
OR51F1	0	0	0	36	85	2
CHST5	2	1	0	55	117	4
ZNF827	0	3	1	109	176	0
TKFC	0	2	0	51	145	4
MED24	1	3	0	112	171	7
NMBR	0	0	1	45	101	1
XPA	0	1	0	31	57	2
BIRC3	0	0	0	30	99	2
VPS35	0	0	0	46	101	3
OPN4	0	0	0	59	137	4
PATE2	0	0	0	8	20	2
THTPA	1	1	0	22	49	1
ZNRF1	0	0	0	30	43	0
DNMT3L	0	1	0	31	58	5
SLC37A2	0	1	0	60	111	2
RHOQ	1	0	0	19	21	1
DCUN1D4	0	0	0	21	35	1
C1QTNF2	0	2	0	40	78	1
MYO1C	1	2	1	176	310	7
MLANA	0	0	0	13	33	0
SPECC1	0	2	0	105	239	2
ENSG00000286112	0	0	0	41	121	2
OR1L4	0	0	0	20	64	0
PEAK1	0	3	0	121	347	3
CD1C	0	1	1	31	83	8
SLC44A3	1	1	0	63	129	8
NAGLU	0	0	0	113	160	9
ADAMTS9	1	5	0	192	387	4
MXRA8	1	1	0	74	120	1
RFC4	0	0	0	44	80	3
DDB2	0	2	0	39	69	5
TMC5	0	0	0	89	183	7
CTXN3	0	0	1	14	16	0
B3GNT4	2	1	0	57	131	4
TMEM120B	2	1	0	43	64	0
DEFB105B	0	0	0	0	0	0
SENP1	0	0	0	38	103	0
EID3	0	0	0	28	70	1
MC4R	0	0	0	34	74	2
PDPN	0	0	0	14	40	1
NELFB	3	3	0	110	130	1
CTTN	1	1	0	75	115	4
USP2	0	1	0	57	121	5
DCAF11	0	2	0	50	112	3
FMNL2	2	2	0	66	159	1
LIG3	0	5	0	68	175	6
GLRA3	0	2	0	48	83	4
SCGB1A1	0	0	0	10	12	0
BAD	0	0	0	27	40	2
DNAJA3	0	0	0	0	0	0
NKX6-2	0	3	0	37	84	1
HYOU1	2	3	0	109	182	1
LGI3	1	0	0	67	138	3
EXOC3L2	0	2	0	94	211	1
ZDHHC5	1	4	0	60	130	0
LRIG3	0	5	0	98	201	5
BOD1L1	1	4	0	251	544	6
CCDC62	0	2	0	52	119	7
SAA2	0	0	0	6	15	1
SMARCD3	0	4	0	52	64	0
SIAE	1	0	0	48	131	7
KLK15	0	0	0	20	69	0
MYO3A	0	3	0	99	312	16
APOL3	0	0	0	30	70	3
MED31	0	1	0	9	18	0
CMTM2	0	1	0	21	51	2
ENSG00000267179	0	0	0	34	88	9
SLIT3	0	4	0	205	339	4
DNAH6	2	8	1	275	779	39
CCR1	0	3	0	47	52	0
PGC	0	1	0	44	72	2
ESRRA	0	0	0	50	58	1
CYP1A2	0	0	0	54	131	7
ENSG00000285043	0	0	0	17	43	3
SERPINB10	0	0	0	40	87	4
TDO2	1	0	0	0	0	0
UGT2B15	0	0	0	0	0	0
AMZ2	0	0	0	28	63	6
ECH1	0	2	0	36	80	2
NEK6	1	0	0	48	44	1
MRPL23	0	2	0	0	0	0
MYH2	2	3	0	157	312	4
KCNK1	0	0	0	33	74	3
RAB7B	0	0	0	17	44	2
L2HGDH	2	1	0	34	68	3
PCNP	0	0	0	8	28	0
MRPS36	0	0	0	0	0	0
KIF1B	1	2	0	133	234	1
PRUNE1	0	1	0	32	90	5
GLRX3	0	0	0	28	66	1
PRR20G	0	0	0	18	58	4
QKI	0	2	0	34	29	0
FGF4	0	2	0	36	39	2
ATM	3	6	2	216	548	23
RNASE8	0	1	0	6	32	0
ENSG00000288637	1	3	0	86	125	2
TTC8	0	1	0	35	89	3
LRRC4B	2	1	0	113	97	1
LYPD6	0	0	0	22	37	5
OR4M2B	0	0	0	2	9	1
PTPDC1	0	1	0	47	157	2
MAD1L1	2	1	0	103	230	13
NOXRED1	0	0	0	28	61	0
HACL1	0	1	0	52	114	4
REX1BD	0	0	0	25	46	3
TAF6L	1	2	0	81	138	0
FRS3	0	1	0	51	137	2
CLVS1	1	1	0	37	45	1
MCMBP	1	0	0	57	118	0
CLC	0	2	0	11	29	1
HEY1	0	0	0	37	55	0
NRN1	0	1	0	16	14	0
CTSS	0	1	0	15	36	2
SNAPIN	0	0	0	15	23	0
SH2D7	0	1	0	36	104	3
SIGLECL1	0	1	0	14	29	2
C20orf203	0	1	0	22	54	1
TIMMDC1	0	0	0	24	57	1
ANKRD37	0	0	0	17	29	1
TEX22	0	0	0	22	27	1
PLOD2	0	1	0	45	159	5
P2RY1	0	1	0	39	41	0
RIOX1	0	1	0	66	117	1
HYI	0	0	0	43	82	3
N4BP2L2	0	1	0	31	105	11
SP4	1	2	0	65	127	1
OR1C1	0	0	0	38	62	0
RIMS1	2	2	0	153	315	7
ENSG00000266302	0	0	0	37	58	4
UNC13D	2	2	0	139	264	8
CRIP2	0	0	0	40	65	1
TIMM29	0	2	0	30	63	2
GALNTL5	0	4	0	36	89	3
MTFR1L	1	3	0	26	52	0
HTRA2	0	1	0	50	56	4
XRCC4	0	0	0	14	71	5
SYNJ2BP	0	0	0	16	32	2
BRK1	0	0	0	3	8	0
DHRS1	0	2	0	30	63	1
FKBP10	1	2	0	72	151	4
VAX1	0	0	0	52	50	0
RPL37	0	0	0	16	16	0
GUCY2C	1	2	0	91	194	10
ALG6	0	3	0	39	76	0
EGLN3	0	0	0	26	36	2
HINT2	0	0	0	20	22	2
NCS1	1	0	0	25	16	0
CTRB2	1	0	0	22	36	0
ENSG00000287856	0	0	1	9	9	0
NFE2L3	0	0	0	79	184	3
DCAF12	0	0	0	37	76	1
PCBD1	0	0	0	7	16	1
VWA1	1	1	0	74	133	3
FAF1	0	2	0	51	84	0
SEC14L1	2	3	0	79	113	1
PIGZ	1	2	0	88	170	4
PCDHB16	1	0	0	77	163	5
FN3K	0	1	0	44	77	2
ZNF578	0	0	0	41	148	6
UCK2	1	0	0	23	23	0
SPECC1L	0	1	0	90	195	10
JAK1	1	1	0	105	113	1
UHMK1	0	1	0	37	76	1
MFN1	0	3	0	51	131	1
RPS18	1	1	0	0	0	0
OR13C4	0	1	0	23	75	4
SYT16	0	1	0	64	155	4
H1-4	1	5	0	104	152	0
C11orf80	1	1	0	41	104	4
RAB26	0	0	0	54	63	2
ZNF121	0	0	0	22	52	0
TRDMT1	1	2	0	42	74	6
PEAR1	1	3	0	98	232	8
CYB561A3	0	0	0	26	35	0
DCAKD	0	1	0	29	70	0
NUCB1	0	1	0	52	112	6
HEATR3	0	2	0	43	113	2
ZNF853	0	3	0	96	159	5
OR4C45	0	0	0	0	0	0
NXPE3	0	2	0	36	106	4
PSMD8	0	1	1	43	71	7
C2CD2	0	1	0	105	164	3
TAS2R43	0	0	0	5	8	1
TLE1	3	1	0	108	130	0
P4HB	1	0	0	73	90	0
ABCG8	0	3	0	103	203	12
KHDRBS2	1	1	0	39	77	2
TSNAXIP1	0	1	0	57	170	12
SHANK2	1	5	0	245	395	5
GCC2	1	3	1	108	317	5
H2BC6	0	0	0	27	32	4
NOC3L	0	3	0	62	144	4
CDH1	0	2	0	99	149	1
ACSF3	0	1	0	88	169	7
NUTM2D	0	0	0	4	12	0
TUBGCP6	3	4	0	279	530	14
GPATCH3	0	2	0	42	125	6
MEP1A	0	2	0	64	148	3
ALG10B	0	0	0	25	93	8
KRT6B	0	0	0	58	108	4
TRAF3IP2	0	0	0	35	81	1
SCN9A	0	3	0	150	362	13
BMPER	1	2	0	59	144	3
SLC26A3	1	4	0	54	129	6
LSG1	0	3	0	61	156	6
CFAP73	0	0	0	33	59	0
INO80D	1	2	0	81	142	2
SMARCE1	1	3	0	37	33	1
FAM246B	0	0	0	0	0	0
ARL4D	0	1	0	24	36	0
TACC1	2	1	0	83	149	2
SPRYD4	0	0	0	13	30	0
SOX17	0	2	0	62	113	0
POLR1D	0	1	0	8	13	0
GNAI2	0	3	0	37	36	0
OR5D18	0	0	0	27	69	1
FAM210A	0	0	0	18	56	1
SLX9	0	2	0	34	80	3
FAM89A	0	1	0	29	44	3
KLHL24	0	2	0	37	76	1
DUSP16	0	1	2	65	122	4
GAL3ST4	0	1	0	45	140	8
FLG2	0	0	0	181	446	28
TANGO2	1	0	0	30	61	3
ARMH3	0	1	1	39	94	2
LYSMD2	0	0	0	18	29	1
ENSG00000286185	0	0	0	32	73	4
STIMATE	0	1	0	32	39	2
FBXO21	1	2	0	72	69	0
ITGA8	1	3	0	108	229	3
ECT2	0	1	0	49	136	8
ACOT13	0	0	0	13	27	1
NALCN	1	14	0	149	203	9
ZSWIM3	0	3	0	57	129	4
OR52N4	0	1	0	27	77	5
PPAN-P2RY11	1	1	0	153	290	7
FCER1A	0	0	0	20	56	1
CHMP3	0	2	0	18	35	0
TRIM71	1	3	0	125	176	0
TCTE1	0	1	0	45	118	8
TARDBP	0	0	0	31	30	0
RNF187	0	0	0	28	49	1
LCN10	0	0	0	31	44	1
PCNX1	1	3	0	180	404	4
ARPC3	0	1	1	8	31	2
TMEM236	0	0	0	30	92	4
KRTAP5-6	0	0	0	0	0	0
OR2AP1	0	0	0	33	99	3
TBXT	0	1	0	47	88	2
WFIKKN1	0	0	0	128	189	5
METTL7B	0	0	0	26	64	2
MAPK8	0	0	0	30	41	0
PALM	0	1	0	73	111	1
GRXCR2	0	0	0	30	66	5
STK17A	0	0	0	28	72	2
TBK1	0	1	1	47	108	1
WDR18	0	2	0	64	118	3
RPS26	0	2	0	12	3	0
UQCC5	0	0	0	2	18	1
CLK3	1	0	0	48	80	3
OR2J1	0	0	0	0	0	0
KRTAP4-8	0	0	0	12	42	2
GLRX5	0	1	0	19	28	1
PRR19	1	0	0	28	76	4
DDX25	0	2	0	48	109	8
ZNF569	0	0	0	35	91	4
AKAP12	1	3	0	183	356	1
MLH3	0	4	0	93	253	13
CHST12	0	2	0	70	93	2
RABL6	1	1	0	138	229	1
MED21	0	0	0	13	17	3
TMEM26	1	2	0	32	80	2
GBX1	0	1	0	35	70	2
CILP	0	2	0	108	284	14
FGF21	2	0	0	36	57	2
DACT2	0	4	0	114	227	7
PSMA8	0	0	0	21	53	2
MEIOSIN	0	0	0	64	144	1
C17orf49	0	0	0	27	26	1
USP40	0	2	0	107	242	16
SLC9A2	1	1	0	67	120	5
NPY1R	1	1	0	35	56	2
NAV2	1	5	0	291	515	3
OR6C1	1	2	0	24	87	2
HCAR1	0	1	0	32	75	2
FMO2	0	2	1	45	122	8
FBXL17	1	0	0	96	141	3
PLEKHS1	1	0	0	35	77	9
C10orf90	0	1	0	78	179	4
PDSS2	0	0	0	19	72	1
ATXN2	0	2	2	99	173	0
EGLN1	0	0	1	56	80	2
AGBL2	0	2	0	60	154	13
CTDSPL2	0	0	0	29	48	0
RGPD1	0	0	0	7	9	2
TSTD3	0	0	0	7	23	0
IL17REL	0	0	0	75	113	4
TAS2R4	0	0	0	24	53	3
CA9	0	2	0	47	94	2
SLC35F3	1	1	0	55	77	1
TUBB4B	0	3	0	115	14	0
FAM50B	1	0	0	32	53	2
BMP8A	0	0	0	28	60	0
ASTN2	0	5	0	156	295	1
ADAM23	1	2	0	73	131	4
DHDH	1	1	0	43	101	2
OR13C7	0	0	0	0	0	0
DMPK	1	0	1	97	163	3
OR5D16	0	1	0	27	83	6
DNAH10	4	7	0	124	280	16
CASP10	0	1	0	46	93	2
INTS11	0	1	0	115	159	7
RGPD4	0	0	0	25	86	4
GPNMB	1	1	0	61	126	7
HS3ST3B1	0	0	0	23	56	2
ADORA3	0	1	0	33	68	3
NOL12	0	0	0	22	54	4
OR4E2	1	2	0	24	73	4
ACO2	2	0	1	103	130	3
RAD51AP2	1	0	0	82	219	12
POGLUT1	0	1	0	28	61	6
FARSB	0	0	0	30	90	2
DDIT4	0	0	0	25	37	1
EFNA1	0	0	0	10	36	0
PKD2L2	0	1	0	33	111	5
DEFB109B	0	0	0	0	0	0
IDO1	0	1	0	24	87	1
GALP	0	0	0	10	33	0
OR51M1	0	1	0	25	94	3
MRPL17	0	0	0	17	34	0
SPINT2	0	1	0	33	43	0
TBP	0	0	0	48	35	1
OR10J4	0	0	0	0	0	0
OLAH	0	0	0	21	48	1
PEAK3	0	1	0	55	129	2
STRADB	0	1	0	20	66	3
TFEB	2	2	0	56	76	2
TMEM71	0	0	0	31	63	4
RAB21	1	1	0	14	41	0
CLPTM1	1	2	0	94	114	0
PPP1CB	0	15	0	21	6	0
PRAMEF15	0	0	0	11	36	1
MORN2	0	0	0	11	38	2
ZNF705B	0	0	0	0	0	0
FRA10AC1	1	2	0	17	61	2
ISX	0	0	0	21	70	3
CLEC1B	0	0	0	22	65	3
SIX5	0	0	0	124	204	1
SP9	1	4	0	74	86	0
SPSB4	0	2	0	37	60	3
SCCPDH	0	0	0	35	77	0
MTMR11	0	0	0	55	136	12
HMGA2	0	0	0	6	14	0
BTNL2	0	1	0	0	0	0
NIPSNAP1	0	1	1	24	39	0
NIPAL2	1	0	0	27	65	5
RBBP5	0	0	1	44	34	1
IL6	0	1	0	13	28	0
UBE2Q2	0	1	0	24	75	6
LAMB4	3	1	0	147	361	15
WDFY2	1	0	0	39	69	1
SNCA	0	1	0	12	19	0
MCM3	1	1	0	71	152	6
ENSG00000284946	0	1	0	47	117	3
ACP5	1	1	0	38	86	2
PCIF1	1	1	0	85	110	1
ZC3H12D	0	0	0	60	108	4
SH2B1	3	4	0	88	153	0
SFTA3	1	0	0	20	18	0
CXCR1	2	1	0	37	91	1
PALS1	0	2	0	54	97	2
RFX3	0	6	0	79	70	0
SLC10A1	0	1	1	37	111	4
PPTC7	0	0	0	27	29	0
RNASE7	0	1	0	13	28	1
GRXCR1	1	1	0	26	69	8
APOC2	1	0	0	12	19	1
PVRIG	0	0	0	47	79	5
JTB	1	0	0	12	19	0
RHOBTB2	0	14	0	113	140	4
HCRTR1	0	0	0	42	100	3
CELA1	0	1	0	27	52	2
TMEM160	1	1	0	32	40	0
DNAJB12	0	2	0	41	75	0
SERTAD3	0	0	0	19	31	1
AMER3	1	2	0	114	222	2
TRMT10C	0	0	0	32	62	2
CCKAR	0	0	0	47	84	1
LHX2	0	1	2	57	50	0
TMEM63A	0	0	0	77	153	1
OGA	1	0	1	54	80	1
MMP15	0	6	0	109	182	0
LEKR1	0	3	0	34	116	9
UVSSA	0	2	0	109	265	6
ENO3	1	0	0	53	104	3
DNTTIP1	0	0	0	25	52	2
PTHLH	0	0	0	8	18	0
WDR70	0	1	0	57	97	0
PHF19	0	2	0	44	61	2
ULK3	0	1	0	56	108	1
SPINK9	0	0	0	6	19	0
TRMT61B	1	3	0	45	85	6
LIMS3	0	0	0	0	0	0
MAPKAPK3	0	1	0	29	71	5
CD86	0	1	0	25	51	0
BLTP3A	0	1	0	108	275	11
TMDD1	0	0	0	46	95	5
RAET1E	0	0	0	18	61	4
DUSP13	0	0	0	33	87	4
ARL5C	0	1	0	12	39	0
THAP5	0	0	0	19	77	2
OVCH2	0	0	0	51	130	9
CLK2	2	1	0	0	0	0
OVOL1	0	1	0	21	51	1
EPHB3	2	1	0	118	179	1
CTAGE4	0	0	0	0	0	0
MMP14	1	2	0	69	142	0
APOA2	0	0	0	7	15	0
PMF1	0	1	0	21	46	2
SLC22A7	0	2	0	52	101	7
NBR1	0	0	0	53	165	3
FSTL3	0	1	0	43	47	1
SLC8A2	0	0	1	123	100	1
ADAMTS8	1	3	1	101	231	8
CYB561	0	0	0	29	39	0
NFKBIB	1	1	0	53	92	0
TRAF2	0	1	0	80	111	0
FTSJ3	0	0	0	81	183	3
GAR1	0	0	0	15	43	1
FAM246C	0	0	0	0	0	0
MYB	0	0	0	75	95	2
RPL30	0	1	0	5	8	0
VSTM2L	0	1	0	32	53	0
RPS27A	1	0	0	16	18	0
CSNKA2IP	0	0	0	53	163	8
TMEM121	0	1	0	36	55	0
COX10	0	0	0	56	99	3
PPP3R1	0	1	0	8	3	0
CCDC178	0	2	0	48	170	9
TMEFF2	0	0	0	21	53	0
RPRD1A	0	1	0	27	29	0
CD59	0	1	0	14	21	0
ENSG00000288640	0	2	0	41	82	0
RPL22L1	0	0	0	9	28	2
TTC17	1	2	0	105	207	2
PRSS8	2	0	0	31	55	0
DIDO1	5	8	0	269	489	2
TIAM1	2	2	0	186	323	0
HDAC4	4	8	1	198	210	2
IFITM5	2	2	0	24	59	2
PGLYRP3	0	2	0	43	78	4
TAS2R41	0	1	0	20	55	7
NKAIN3	0	0	0	17	37	1
ST8SIA1	1	1	0	22	52	1
TTC7A	2	4	0	133	254	3
SPEGNB	0	0	0	21	51	0
PLET1	0	0	0	22	41	2
JMJD4	0	0	0	64	105	4
MARK1	1	1	0	48	92	2
DCAF4L1	1	0	0	46	58	2
PRKAG2	0	2	0	65	106	1
ENSG00000256950	0	1	0	10	24	0
TSN	1	1	0	20	12	0
THOC6	0	1	0	37	74	3
QPRT	2	0	0	31	64	2
ENSG00000281348	0	0	0	0	0	0
SLITRK6	0	3	0	67	150	6
ZNF723	0	0	0	32	98	2
COL9A2	4	3	0	82	164	5
WDR19	0	5	0	111	226	6
NCALD	0	0	0	17	34	0
MRPL48	0	0	0	11	33	0
ANGPT4	2	0	0	47	97	5
SLC25A32	0	1	0	22	55	2
SLC26A2	1	1	0	48	132	5
STX5	0	2	0	32	74	1
DPYSL3	1	0	0	68	122	1
TM7SF2	0	0	0	36	103	4
USH2A	6	12	0	466	1111	34
OSTC	0	0	0	12	19	1
ISL1	1	1	0	25	52	0
MAP3K20	1	1	0	53	136	2
GAS7	0	1	0	54	79	1
RAB31	0	1	0	18	31	0
GYPA	0	0	0	12	53	2
CRKL	0	0	0	31	27	0
CPA3	1	1	0	30	100	6
NPTX1	0	2	0	59	81	1
SPATA21	0	0	0	57	102	3
WAC	0	2	9	54	106	0
TMEM98	0	0	1	21	39	2
SLC35E4	2	0	0	46	74	4
MPP7	0	0	1	48	124	5
SRSF1	0	4	2	20	9	0
CD46	0	1	0	27	68	2
SHLD2	0	0	0	35	74	2
OC90	0	2	0	66	114	3
OR11A1	0	2	0	0	0	0
PAX7	1	2	0	77	102	0
ARHGAP11A-SCG5	0	1	0	0	0	0
TMOD3	0	1	0	16	57	2
AP2A1	2	5	0	137	121	0
ENTPD7	0	2	0	53	114	9
VEGFB	1	2	0	33	54	0
CUL4A	2	3	0	91	99	0
NELFA	3	3	0	97	115	2
CCN5	0	0	0	32	69	5
KRT72	0	1	0	57	139	1
TMEM179	0	0	0	0	0	0
C3orf33	0	1	0	25	68	4
AHI1	2	0	0	74	245	16
ZNF20	0	1	0	31	82	2
DPYSL5	2	5	0	57	63	2
ZMYM4	0	3	0	90	203	1
MSLNL	0	1	0	129	261	8
PTGES	0	0	0	24	26	0
CRNN	0	1	0	36	100	4
UBD	0	0	0	0	0	0
ZNF496	0	4	0	56	105	1
CBX7	0	2	0	35	46	1
SEC14L3	1	2	0	40	91	7
ADAMTSL2	3	2	0	177	230	2
GOLGA6L25	0	0	0	0	0	0
PLGLB2	0	0	0	0	0	0
LUM	0	2	0	27	32	0
CGNL1	2	0	0	112	328	8
NELFCD	0	0	0	65	69	4
C10orf120	0	0	0	26	86	4
MAP1LC3B2	0	0	0	12	19	2
STAC2	2	2	0	52	108	2
CLEC18A	0	0	0	8	13	3
ORC4	0	0	0	18	87	1
ENSG00000285585	0	4	0	49	188	6
FBXO47	0	0	0	22	90	4
FBXO9	1	0	0	36	61	1
OR2AG1	0	0	0	28	84	3
ELOB	1	0	0	15	14	0
ENSG00000274944	0	0	0	5	11	1
SNAPC2	2	0	0	53	109	2
HIF1AN	0	0	0	20	49	2
SYCN	0	0	0	23	32	2
CD247	0	0	0	21	31	1
ANKRD13C	0	0	0	40	77	2
CPNE8	0	0	1	41	90	1
RNF113B	1	0	0	37	66	1
JSRP1	1	1	0	46	75	4
ENSG00000288646	0	0	0	1	3	0
DHX16	0	3	1	0	0	0
CISD3	0	1	0	0	0	0
SH3PXD2A	2	1	0	127	254	2
TNFSF15	1	0	0	20	41	1
ATF7IP	2	4	0	93	213	2
POLR1B	4	0	0	77	161	1
HILPDA	0	0	0	8	6	0
SLC12A7	7	4	0	5	1	0
UIMC1	0	3	0	54	123	4
ERO1A	0	1	0	32	67	1
DAO	0	0	0	30	85	2
KDM1A	0	8	0	80	80	2
GAD2	0	0	0	51	100	0
DRAM1	0	0	0	23	34	0
TMEM183A	0	0	0	33	42	2
MDGA1	0	1	0	120	197	3
OTUD6B	0	1	1	12	60	2
MUCL1	0	0	0	11	20	1
SRA1	0	0	0	18	58	3
CHL1	1	3	0	117	285	0
CCPG1	0	0	1	51	148	6
SNX19	0	0	0	81	219	7
SH3RF2	1	1	0	80	166	7
MAP3K6	2	1	0	136	292	10
ZNF519	0	0	0	29	106	9
RASSF5	1	2	0	48	80	3
MRGPRF	0	0	0	49	92	1
OST4	0	0	0	5	7	0
OR4M2-OT1	0	0	0	0	0	0
GLIPR1L2	1	0	0	17	75	5
DLL4	0	0	1	73	124	0
TNNI3	0	1	0	30	33	4
LRRC63	0	1	0	34	98	5
P2RX3	0	1	0	36	78	2
TALDO1	1	2	0	35	101	1
FOXN3	0	4	0	54	92	0
PDLIM4	0	1	1	31	74	0
MEIOB	0	0	0	32	90	4
TCTA	0	0	0	11	16	3
SPATA31C1	0	0	0	75	131	2
FLT3	0	4	0	85	172	1
UBE2V1	0	1	0	13	23	0
BNIPL	0	1	0	33	71	3
DCD	0	0	0	8	24	0
MFGE8	1	0	0	54	108	3
PLSCR5	2	0	0	28	51	2
TMEM170B	0	0	0	9	23	0
ATPAF1	0	0	0	31	58	1
HOXC4	1	0	0	21	51	1
ZNHIT2	0	1	0	74	106	5
TRIM28	1	1	0	119	129	1
MSI1	0	5	0	52	48	0
RPP14	0	0	0	13	18	0
VCAM1	2	3	0	61	119	2
CCDC77	0	1	0	28	122	13
DNM1	1	19	0	80	78	2
ZBTB47	1	8	0	102	142	0
CCDC12	0	0	0	24	31	2
METTL14	0	1	0	31	50	2
TRPC7	0	5	0	88	133	5
ZNF544	1	0	1	53	159	13
NRAP	3	1	0	170	429	16
HARS1	0	1	0	36	87	4
HEG1	0	4	0	153	292	5
RASL11B	0	1	0	30	45	2
COL15A1	1	7	0	168	347	3
ENSG00000269026	1	0	0	10	26	0
MOBP	0	0	1	21	45	2
EIF2B2	0	1	0	35	48	2
PEX12	0	0	0	20	59	2
DEPDC4	0	1	0	30	89	8
ENSG00000283321	0	1	0	61	136	1
THUMPD1	0	1	1	27	61	3
FAHD2A	0	0	0	31	35	4
ZFYVE26	2	6	1	214	518	14
SLC16A13	0	0	0	39	75	4
C4B	0	0	0	0	0	0
KDM1B	2	1	0	64	128	5
HMGB2	0	1	0	12	21	0
TBC1D3	0	0	0	0	0	0
DNAJB5	0	1	1	28	43	1
TBC1D21	1	1	0	29	87	2
ARL4A	0	0	0	3	13	1
EID2B	0	0	0	21	29	2
PASK	2	1	0	163	293	13
PMS1	0	2	0	70	152	8
SCN2B	0	0	0	21	61	0
MTNR1A	1	0	0	56	86	4
TNFRSF4	0	1	0	43	80	1
PCDHB6	0	0	0	107	175	2
PHF20	0	0	1	80	151	2
KLHL28	0	2	0	43	79	1
HNRNPL	1	2	0	88	69	0
WBP1L	1	2	0	31	59	3
MTMR2	0	2	0	41	99	7
TTC31	0	2	0	32	119	6
RIOK2	1	1	0	37	98	5
ZNF112	1	1	0	59	151	0
MSRB1	0	0	0	0	0	0
USP49	0	2	0	72	113	5
ATP9A	3	2	0	131	155	1
DCLK3	0	3	0	75	163	4
TMEM121B	1	1	0	88	121	2
DUS4L-BCAP29	1	2	0	33	104	4
CISH	1	1	0	29	58	3
TRPC3	1	2	0	81	109	5
ZNF610	0	0	0	33	96	4
PTPRO	0	2	0	101	204	3
DUOXA2	0	2	0	36	76	0
EVI2B	1	1	0	26	75	2
RBM15	2	1	0	94	154	1
TMEM151A	0	1	0	67	103	0
CLEC14A	1	0	0	69	94	2
PTGER3	0	0	0	35	59	2
EPO	0	0	0	23	39	0
SPCS2	0	0	0	6	18	1
FER1L6	0	5	0	174	362	20
AIF1	0	0	0	0	0	0
DAOA	0	2	0	17	45	3
RAP1GAP	3	0	0	87	113	2
FOXI2	1	1	0	34	94	2
CCR7	1	3	0	42	58	0
SMC1B	2	3	1	97	174	6
EBNA1BP2	0	1	0	18	51	4
TMEM158	0	2	0	41	47	1
PPP2R2B	0	4	0	45	51	0
TNFRSF17	0	0	0	17	50	1
OR2M5	0	1	0	32	96	4
PLCD3	0	0	0	92	188	3
CYTH1	0	2	0	35	60	0
UCKL1	0	2	1	77	122	1
MTMR9	0	2	1	62	146	3
OR8K5	0	2	0	20	70	5
PRPF4B	0	0	0	77	109	1
H4C7	0	1	0	16	23	1
C9orf43	0	0	0	42	95	3
SPINK5	2	1	0	70	186	14
CCL16	0	0	0	0	0	0
PUS7	0	1	0	49	101	5
RCSD1	0	2	0	42	104	3
TAAR2	1	0	0	26	71	6
CEP170B	1	6	0	274	453	1
AVP	0	0	0	15	45	1
TCF20	1	9	9	0	0	0
CYB5R2	0	1	0	39	72	2
ANKRD50	1	3	0	117	224	2
EXOSC10	0	1	0	81	179	6
NOMO2	0	0	0	6	6	0
NLRP12	2	1	0	124	261	12
SNX2	0	1	0	47	72	1
CADM1	2	3	0	67	68	1
TMPO	0	0	0	44	57	1
TSPAN18	0	1	0	34	53	2
ACAT2	0	1	0	20	62	2
MAP2	1	4	0	119	318	1
COPS8	0	2	0	17	27	0
ING4	0	2	0	19	24	1
VSTM2A	0	1	0	20	49	0
MAPK12	2	1	0	62	93	3
CCNE2	0	2	0	23	55	2
EFNA4	1	0	0	26	38	0
HTR7	1	0	0	32	68	2
UGT2A3	1	0	0	0	0	0
SLK	1	2	0	51	177	2
FLCN	2	2	0	62	137	1
CCDC194	0	0	0	25	52	2
ENSG00000285635	0	0	0	0	0	0
GYS1	4	3	0	82	153	3
ACVR2A	0	1	0	38	31	0
NCAPD3	1	7	0	166	340	6
VIPR2	0	0	0	63	100	5
SP2	2	1	0	73	105	0
KCNK9	0	4	0	43	39	1
IL11	0	1	0	28	59	1
ANAPC10	0	1	0	11	28	1
ZNF699	0	0	1	40	99	9
ANO5	2	4	0	67	168	10
VTA1	1	0	0	22	66	1
CNN3	0	0	0	21	37	1
RUSF1	0	2	0	57	130	5
UBE2QL1	0	0	0	10	9	0
INSIG2	0	0	0	22	29	1
OR5L1	0	0	0	43	70	2
SNORC	0	0	0	11	26	0
PRKCI	0	1	0	49	67	2
SLC22A17	1	0	0	78	120	0
EFNA3	1	0	0	15	43	0
ENPP6	0	0	0	65	117	3
TFAM	0	1	0	16	30	0
ENSG00000273025	0	0	0	49	87	0
CPT2	0	0	0	68	145	3
TCAIM	2	2	0	24	64	2
RAP2B	0	0	1	23	10	1
CC2D2A	1	3	0	126	315	13
MMP25	0	1	0	88	167	8
SPIB	1	2	0	44	49	0
JPT1	0	0	0	11	28	0
TEPSIN	1	1	0	98	168	4
STAMBP	1	1	0	29	74	4
ATOH8	1	0	0	41	81	0
PLEKHG4B	1	3	0	234	457	15
STARD5	0	0	0	15	46	1
XBP1	0	0	0	32	68	2
WNT7A	0	2	0	48	74	0
OBP2A	0	0	0	19	53	2
OXER1	0	2	0	46	118	2
PER2	2	4	0	160	240	6
PRICKLE2	0	1	1	85	132	0
ARHGAP19	0	2	1	40	106	3
TP53TG3D	0	0	0	0	0	0
RPL18A	0	1	0	26	36	0
EMSY	0	1	0	89	186	1
CEP295NL	1	0	0	65	153	10
TMF1	2	1	0	80	175	4
LRIT3	1	3	0	55	130	5
ZCCHC7	1	2	0	42	92	8
ZSCAN30	0	0	0	22	86	5
ZNF732	0	1	0	44	113	5
FADS1	0	0	0	28	47	3
SYNE1	10	20	1	693	1648	36
CCL4L2	0	0	0	0	0	0
DHPS	0	2	0	61	92	1
PRTN3	1	2	0	0	0	0
CEP97	2	0	0	62	152	8
SLCO1B3	1	0	0	65	168	6
ADH6	0	0	0	25	72	1
PCDHB11	0	0	0	114	200	5
TPST1	0	0	0	26	59	4
ZNF655	0	0	0	32	97	1
RPAIN	1	1	0	19	48	4
CYP26C1	1	4	0	71	129	4
MEA1	0	1	0	14	37	4
BTRC	0	3	0	38	77	1
OR4D10	1	0	0	31	63	2
CDPF1	0	0	0	11	25	3
PARPBP	1	1	0	48	111	9
NOD2	2	2	0	129	277	6
SCGB1D4	0	0	0	6	18	0
PAFAH1B2	0	0	0	21	31	0
NUP50	0	1	0	36	70	0
ATP23	1	0	0	0	0	0
HLA-DMA	0	0	0	0	0	0
EVA1A	0	0	0	18	38	3
LECT2	0	2	0	15	25	1
ZNF560	1	2	0	55	147	9
BAG2	0	0	0	13	21	0
ANXA8L1	0	0	0	3	3	0
TUBB8	0	0	0	61	61	6
TEX45	0	2	0	54	136	1
ADAM7	2	2	0	65	165	7
MCAT	1	0	0	47	104	3
ABHD15	1	1	0	51	128	6
ENSG00000266086	0	4	2	17	10	0
DHFR	0	0	0	11	18	1
ZNF549	0	0	0	44	110	10
MCM5	0	4	0	82	176	1
STAG3	0	2	0	91	199	9
ACAD11	2	1	0	57	144	8
LATS2	2	0	0	135	215	0
IWS1	1	1	0	52	112	1
SNAP29	0	2	0	18	49	2
TNK2	2	6	0	206	373	7
NEFH	2	1	0	124	229	5
FMC1	0	0	0	9	24	0
PAFAH1B3	0	0	0	20	47	3
NVL	0	1	1	49	132	13
C1orf146	0	0	0	9	34	4
DOK1	0	0	0	41	83	2
SLC9A4	0	1	0	73	187	8
C3orf18	0	0	0	14	32	1
OR1S1	0	0	0	32	93	2
GIT2	0	0	0	84	105	1
TYW5	0	0	0	18	42	6
NOX5	1	2	0	66	166	6
BLM	0	4	0	108	227	8
N4BP2	1	2	1	122	285	6
ENSG00000260914	2	4	1	66	63	2
BCAR1	0	4	0	153	279	1
TMEM131L	2	3	0	127	316	3
ATP10D	1	3	1	108	286	15
MEI4	0	0	0	29	84	4
CXCL1	0	1	0	19	28	0
ENSG00000284934	0	0	0	3	6	0
HCLS1	0	1	0	52	107	4
NMNAT2	0	0	0	26	38	0
TNFRSF18	1	1	0	50	84	4
SSTR2	0	0	0	36	67	0
AIRE	0	2	0	86	164	3
ZNF296	2	2	0	54	110	1
TRIM67	0	3	0	104	147	2
AGRP	0	1	0	19	34	1
RAB6D	0	0	0	2	8	0
KLRF1	0	0	0	19	39	2
HHIPL2	1	1	0	44	157	10
NLRP4	0	2	0	137	197	3
CRNKL1	0	2	0	43	108	5
OR8G5	0	5	0	29	57	2
GAD1	0	0	0	49	72	0
SLC25A3	0	0	0	33	64	0
OR51T1	0	1	0	34	80	3
DYNLL1	0	0	0	7	1	0
COBL	0	0	1	138	307	3
SOWAHA	0	0	0	68	124	2
ABCA9	1	4	0	119	292	17
TBX21	1	1	0	70	94	0
ZIM2	1	0	0	55	118	5
USP17L13	0	0	0	0	0	0
AATK	2	4	0	247	410	3
NUPR1	0	0	0	6	24	2
APOBEC3C	0	1	0	21	59	2
ERAP1	1	5	0	97	166	8
AP2M1	0	2	0	39	23	0
SVBP	0	0	0	3	8	0
ZNF649	0	1	0	39	80	5
TPCN1	1	2	0	102	145	5
MSANTD3-TMEFF1	1	0	0	26	61	0
PHYHIPL	0	0	0	31	50	1
E2F4	0	1	0	44	63	2
CIRBP	1	3	0	37	77	1
UGT3A1	0	1	0	45	95	2
RDH11	1	0	0	29	60	3
RALGPS2	1	2	0	48	80	2
LRIG2	1	2	0	96	204	7
KRTAP12-3	0	0	0	12	21	1
PTK2B	3	0	1	111	206	1
SLC45A2	0	2	0	33	54	2
CEP290	1	5	2	146	422	33
MAGI3	0	1	0	90	239	5
VAV2	3	1	0	117	167	4
ZNF714	0	0	0	38	108	6
USP17L21	0	0	0	0	0	0
ANKRD31	1	1	0	130	313	15
RNPC3	0	0	0	45	98	5
UGT1A3	0	1	0	67	161	6
CARD9	0	4	0	94	167	3
UBR1	1	5	0	131	241	5
ABCC11	0	5	0	151	303	12
PTPRK	0	3	0	0	0	0
KANSL1	0	8	7	0	0	0
DLEC1	1	3	0	180	384	18
TNR	0	1	0	158	281	5
CABP1	0	0	0	32	63	0
RHOH	0	0	0	22	25	1
PATE3	0	1	0	7	20	1
NEURL2	0	1	0	24	55	2
MX1	1	0	0	63	142	4
LGALS1	0	0	0	15	30	1
LENG1	0	1	0	0	0	0
LMNTD1	0	1	0	32	73	5
ME1	0	2	0	48	112	3
PRDM14	1	0	0	52	72	3
ATP8A2	2	0	0	82	146	3
C10orf105	0	1	0	25	41	2
LSM12	0	0	0	17	18	0
C3	1	5	0	186	267	0
GHITM	0	0	0	24	62	1
MAK16	1	0	0	22	52	1
RBM15B	1	2	0	105	164	0
SIDT1	0	1	0	96	189	5
CCDC63	0	1	0	49	127	10
BHLHE22	0	1	0	59	90	0
RHOC	0	0	0	21	20	1
CPA5	0	3	0	50	104	1
FGL1	0	0	0	43	116	14
NEK3	0	0	0	37	102	3
TJP1	0	5	0	1	3	0
IQANK1	0	0	0	0	0	0
THRB	0	1	1	51	45	0
ZNF135	0	0	0	65	146	9
PRG3	0	5	0	15	48	1
GOLGA8O	0	0	0	0	2	0
AQP4	0	1	0	28	69	2
CROCC	1	2	2	280	615	16
SLC44A2	0	1	0	57	136	4
C5orf46	1	1	0	12	12	0
DEFB116	0	0	0	11	30	0
POLA2	0	1	0	59	106	5
CFAP210	0	2	1	34	116	10
POU4F1	0	1	0	56	81	0
HRAS	0	7	0	0	0	0
C6orf15	0	0	0	0	0	0
MTRFR	0	0	0	12	31	3
PEX16	1	0	0	44	64	2
CLOCK	2	1	0	46	103	1
FBLL1	0	0	0	42	76	2
CNGA1	0	0	0	57	110	10
BCL7B	0	0	0	28	28	0
ANO2	0	3	0	98	249	13
USP47	1	3	0	88	193	1
OCA2	2	2	0	12	26	0
ZNF473	0	1	0	82	171	1
TRIM48	0	0	0	29	80	3
FAM53A	1	0	0	69	146	4
DNAJC4	0	1	0	16	55	2
DHX57	1	3	0	100	287	10
CAPG	0	1	0	29	69	2
ATRN	1	7	0	133	230	2
CSRP1	0	0	0	20	32	1
THADA	2	4	0	172	488	16
DMBT1	2	3	0	241	482	21
KIF22	2	2	0	55	146	3
BMP2	0	2	0	41	65	0
TGFBR2	0	0	0	52	65	1
DNAJC25	0	0	0	27	56	0
STUM	2	1	0	14	22	0
GSX1	0	0	0	37	53	0
MRTFB	0	3	0	125	190	2
ZNF700	0	1	1	57	162	9
OR4E1	0	0	0	28	79	3
SERP2	0	1	0	5	5	0
ERCC1	0	0	0	38	61	1
SPRR5	0	0	0	4	11	1
ZNG1F	0	0	0	6	22	0
KCTD7	0	0	0	35	55	1
ANKS4B	0	0	0	35	69	5
DNAJC28	0	0	0	0	0	0
CCDC157	0	0	0	87	198	6
SWAP70	0	3	0	39	87	2
FGF17	0	2	0	31	29	1
FAU	0	1	0	7	12	0
SMIM38	0	0	0	9	15	0
LRRC72	0	1	0	25	62	3
ABCD4	0	1	0	67	149	2
IL5	0	0	0	8	20	1
PPA2	0	3	0	21	79	5
CCDC146	1	2	2	65	172	13
MLXIP	2	1	0	106	183	1
CNN2	0	4	0	46	70	3
SMPDL3B	1	1	0	47	119	6
TMEM275	0	0	0	28	44	1
AGR3	0	1	0	15	33	2
ATP6V1E1	0	1	0	17	32	1
C2orf81	0	0	0	58	132	5
CACNA1C	2	18	3	234	258	1
GDPD5	1	1	0	87	129	2
HSPA6	0	0	0	42	100	4
SCN10A	1	7	0	200	465	25
LATS1	0	4	0	76	157	1
ZCCHC10	0	0	0	12	25	1
SAMD11	0	3	1	179	313	10
HIP1	2	2	0	99	183	0
RHPN1	2	4	0	88	175	5
RPL28	0	0	0	21	37	0
CERK	1	4	0	80	123	3
VPS16	0	2	0	75	180	4
CYB5D2	1	0	0	34	68	2
DYNLT5	0	0	0	13	28	1
ZDHHC16	1	2	0	35	73	6
KCTD3	0	2	0	60	99	2
ARSI	0	0	0	79	143	11
EPYC	0	0	0	21	72	4
ANKRD13A	0	2	0	55	96	6
ZNF219	0	3	0	96	134	1
CBLN2	0	0	0	38	34	1
TEX43	0	0	0	10	31	0
CCDC153	0	0	0	19	52	6
TMEM138	0	0	0	14	26	1
HEPACAM	0	2	0	41	86	1
KRTAP29-1	0	1	0	0	0	0
ENSG00000256029	0	0	0	9	16	1
PHB1	0	3	0	27	30	1
C9orf72	0	2	1	36	72	2
RBPMS	0	0	0	20	28	1
ATP8A1	1	5	0	87	178	5
SNAI2	0	0	0	16	32	0
ZNF485	0	1	0	22	76	6
KIF23	0	1	0	60	158	1
SNPH	4	3	0	76	126	0
FAM136A	0	0	0	19	73	0
IQCA1	2	2	1	64	165	4
ZNF572	1	1	0	36	99	5
IRF5	1	0	0	35	79	5
ZNF17	0	0	0	44	115	7
COL9A1	2	3	0	81	198	7
SNRNP35	0	2	0	30	50	7
ODF3L2	0	0	0	44	95	3
MACC1	0	3	0	53	187	13
HSF1	0	0	0	84	107	0
LONRF1	1	2	0	80	147	1
TIGD7	0	3	0	39	109	9
KIAA1549L	2	11	0	237	432	4
MSANTD4	0	0	0	28	47	1
TMCO6	0	4	0	41	101	7
TM7SF3	0	1	0	55	85	4
ALOXE3	1	1	0	59	166	2
GDF1	0	0	0	58	86	7
PAQR9	0	0	0	42	53	0
PIANP	0	1	0	36	51	3
VAMP5	1	0	0	12	26	0
ZBTB17	1	0	0	85	120	1
NUP35	0	1	0	21	60	2
TIGD6	1	0	0	26	115	4
AGMAT	1	0	0	49	89	4
AFAP1L1	1	1	0	70	157	9
SNX32	1	0	0	56	111	7
COCH	1	0	1	36	89	1
KBTBD6	1	3	1	52	78	1
DES	2	4	0	44	85	6
ROR2	1	2	0	139	246	1
MTG1	0	0	0	55	102	2
NMUR2	0	0	0	35	75	4
UNK	3	3	0	104	106	0
ADAT2	0	0	0	20	46	4
IARS1	1	1	0	95	220	8
CAMK2G	0	9	0	57	67	1
SERINC3	0	0	0	44	101	3
MMP24	2	3	1	63	130	1
IDH2	0	4	0	54	89	3
FSTL5	0	1	0	59	160	2
SLC9B1	0	0	0	25	68	4
ZFC3H1	1	4	0	140	268	4
PPP4R3A	1	1	0	63	61	0
PDHA2	0	0	0	30	96	5
CGB8	0	0	0	0	2	0
SNRNP25	1	0	0	16	35	2
RESP18	0	0	0	20	56	4
H3C13	0	0	0	14	21	0
ADAM22	2	2	0	71	142	4
NBL1	0	0	0	25	22	3
ENSG00000273167	2	4	0	114	259	5
CDIPT	0	0	0	14	34	1
TMED7	0	1	0	22	34	1
SETD1A	2	7	2	234	361	0
IGF2BP1	0	2	1	59	64	0
MRPS11	0	1	0	21	59	2
ACSM1	0	1	0	53	122	18
MYH9	4	6	1	241	312	1
ITPA	0	1	0	25	42	0
DOK4	0	2	0	37	70	0
LRRC55	1	3	0	39	67	2
OVCH1	1	5	0	84	208	13
WFDC10B	0	0	0	5	18	2
FPR3	0	3	0	28	59	2
GPR21	0	0	0	29	63	2
OTX2	1	2	1	30	42	0
RUFY1	0	0	0	83	146	6
MPND	0	0	1	87	135	2
ACOT4	0	0	0	33	107	8
LDLRAD2	0	0	0	28	65	0
ARMC9	0	1	0	84	182	6
CXCL14	0	0	0	10	16	0
ANGPTL5	1	2	0	28	49	1
SLC8A3	0	3	0	87	179	2
FBXO40	0	0	0	47	159	7
RING1	0	2	0	0	0	0
ALDH3A2	0	0	0	43	85	1
FXYD1	0	0	0	10	12	0
SLC11A1	1	0	0	72	145	6
FAM110B	0	1	0	32	60	0
NDUFA4	0	0	0	5	17	1
RUFY2	0	2	0	39	74	1
GAMT	0	0	0	40	79	3
RGS3	3	3	0	133	234	4
PLA2G12B	0	0	0	19	37	3
TMPRSS11D	0	1	0	31	80	4
OVGP1	0	1	0	61	159	4
DNAI2	0	2	0	83	152	4
KRTDAP	1	0	0	10	19	1
TPBGL	0	1	1	74	90	0
ZNF746	0	2	0	96	134	1
OR56B1	0	0	0	18	65	2
C1QTNF9	0	0	0	27	36	2
MTHFD1L	1	1	0	94	205	4
FCHSD1	1	0	0	56	172	5
PLCZ1	0	0	0	38	104	5
KCNK13	0	0	0	45	94	0
DTD1	1	1	0	21	35	0
NDUFC2-KCTD14	0	1	0	13	32	0
SRGAP2B	0	0	0	0	0	0
MAFF	0	1	0	19	24	0
ACSM2A	0	0	0	39	99	11
HIRA	3	1	1	112	132	0
USP10	0	1	0	100	197	0
CFAP126	0	0	0	8	36	3
INHBE	0	1	0	29	64	5
GNPTG	0	0	0	50	101	2
ENSG00000267699	0	0	0	4	11	0
CHRM5	1	1	0	38	95	0
GPAT2	0	1	0	46	86	3
ARID3B	1	1	0	25	88	0
SLC5A8	0	1	0	0	0	0
SORD	0	0	0	25	61	2
EGF	2	3	0	99	207	12
CTSF	1	1	0	37	113	6
SLC2A4	1	1	0	48	102	0
ACY3	0	1	0	37	87	2
EML1	1	1	0	80	113	1
OR4F15	0	1	0	30	63	1
CCL27	0	0	0	12	24	3
C1orf52	0	1	0	16	44	0
JMJD1C	3	4	1	174	402	1
TM4SF19-DYNLT2B	0	0	0	19	45	2
SUSD3	0	0	0	31	63	1
KMT2E	1	7	1	129	291	1
FAM114A1	0	1	0	58	111	5
ZNF705A	0	0	0	15	36	2
RIPK3	1	1	0	45	106	6
TCN2	1	2	0	54	114	7
GADD45B	0	0	0	25	17	0
DMWD	1	2	0	115	123	1
DEFB118	1	0	0	14	33	0
H1-3	1	4	0	54	136	3
MTO1	0	2	0	58	145	6
PLEC	15	23	1	1064	1761	19
TMEM39A	0	0	0	39	62	2
RMDN2	0	2	0	33	97	6
POLH	0	1	0	60	122	4
NDOR1	1	2	0	94	171	4
SLC25A38	2	2	0	28	67	4
DPH7	1	1	0	51	90	3
RBM17	0	0	0	33	36	0
ZNF32	0	0	0	20	38	3
VENTX	0	0	0	36	69	2
POTEG	0	0	0	1	4	0
CIROP	0	0	0	87	156	9
MARF1	1	3	1	0	0	0
GARIN4	0	1	0	66	143	11
TXNDC9	0	0	0	11	26	0
TM4SF1	0	0	0	28	44	2
PRIMA1	0	0	0	0	0	0
TYMS	1	0	0	30	50	1
TTLL9	0	0	0	40	114	6
TEC	1	2	1	54	80	3
CCDC148	0	1	0	43	110	4
INSRR	3	4	0	135	322	7
PLEKHG3	3	4	0	122	307	10
EZH1	0	2	0	45	56	1
POPDC2	1	1	0	27	72	6
ZNG1A	0	0	0	8	26	0
NEUROD6	0	1	0	27	51	0
AGER	0	1	0	0	0	0
ALS2CL	0	0	0	116	230	8
MDH1B	0	0	0	32	98	4
NUTM2E	0	0	0	0	0	0
CEP43	1	0	0	32	89	2
ACADSB	1	3	0	41	84	5
RTBDN	0	0	0	19	55	2
TAF5L	0	0	0	75	109	1
IPO4	1	4	0	115	235	4
GPR162	0	3	0	90	150	2
ZEB2	0	5	9	96	123	0
ARHGAP39	1	3	0	172	241	2
GOLGA1	1	0	0	74	135	2
CEP112	0	2	0	68	176	12
TEX46	0	0	0	10	24	1
DNAH8	2	7	0	348	904	31
CRACR2B	0	3	0	51	136	6
NTN1	0	3	0	62	102	0
RASL10B	0	0	0	24	46	1
SLC10A5	0	0	0	36	88	1
PTDSS1	0	3	0	32	52	2
NCOA1	1	1	0	124	221	3
GNAT1	2	1	0	35	59	4
ARRDC4	0	1	0	42	97	2
KRT6A	0	0	0	61	127	1
RASA4B	0	0	0	0	2	0
OR5M9	0	3	0	26	91	1
LAMTOR4	0	0	0	15	20	1
CST4	0	0	0	24	56	2
SMIM42	0	0	0	6	7	0
TMEM225B	0	0	0	16	50	2
ITLN1	0	1	0	45	82	3
ATP1B1	0	0	1	27	29	0
ZNF595	1	0	0	44	134	6
ADGRF5	0	1	0	129	258	5
PIK3AP1	1	2	0	79	121	0
TMEM161B	0	1	0	43	77	2
WNK4	1	4	0	107	272	7
SRPK2	2	0	0	50	98	1
CCDC25	0	1	0	10	31	0
COPB2	1	2	1	54	113	0
ITGA4	1	2	0	92	150	2
ENPEP	0	1	0	81	210	16
PLCH1	0	1	0	124	256	7
ARL9	0	0	0	15	56	2
FHL5	1	0	0	24	62	4
CALHM5	0	1	0	27	55	3
LIMD2	0	0	0	7	23	1
RPF1	0	0	0	23	82	2
NAAA	2	0	0	35	89	1
IL7R	0	2	0	36	108	4
LRRD1	1	2	0	58	126	6
ZPBP	0	0	0	33	69	5
TMEM123	0	0	0	28	49	2
SNAI1	0	0	0	31	45	0
SIGLEC12	0	2	1	76	167	5
CCNA1	0	2	0	36	69	1
LBHD2	0	0	0	14	33	3
FANCA	2	5	0	224	493	15
GJC2	0	1	0	57	96	6
KLRD1	0	0	0	15	26	1
TBC1D14	0	2	0	87	134	2
NEUROD4	1	1	0	29	61	2
CTAGE8	0	0	0	0	0	0
CCDC92	0	0	0	0	0	0
ZNF607	0	0	0	43	132	6
H1-7	1	0	0	26	68	2
CST1	0	0	0	24	59	3
PPOX	1	1	0	35	70	4
B4GALT5	0	0	0	27	47	1
ARL5A	0	0	0	10	27	0
MLNR	0	0	0	43	92	4
KNG1	1	0	0	55	118	5
WFDC8	0	0	0	19	53	1
COL27A1	2	10	2	238	467	2
PRR33	0	0	0	69	145	2
BLOC1S1	0	1	0	14	35	1
MCRIP2	0	0	0	21	39	0
CSRNP1	2	1	0	57	134	1
SGMS2	0	0	0	34	53	0
PTPN13	3	0	0	185	469	15
BCL2L14	0	0	0	29	62	3
TVP23A	1	0	0	23	47	4
SMIM7	0	0	0	6	20	2
ZNF584	0	0	0	38	69	4
YWHAH	0	1	0	25	18	0
OR10G9	1	0	0	28	65	1
SWT1	2	1	0	46	136	0
PRKCB	0	6	0	74	69	1
UBE2M	0	1	0	19	17	1
SPINK14	0	0	0	10	11	0
FOXP4	3	2	1	105	132	1
TENT5C	0	1	0	45	55	0
TDRP	0	1	0	21	55	4
OR1A2	0	2	0	21	55	4
SIX4	0	0	0	62	120	1
COL6A1	2	7	0	183	339	2
WDFY1	0	0	0	41	89	1
CXCL17	0	0	0	12	16	0
MED28	1	0	0	15	42	3
UVRAG	0	5	0	58	118	1
TUBA3E	0	0	0	43	93	3
ZBTB6	1	0	0	18	54	1
TXN2	0	0	0	23	31	1
KCNQ4	0	0	0	95	131	1
C5orf15	0	2	0	23	45	0
MS4A15	0	1	0	24	68	4
COPS7B	1	1	0	15	26	0
ENSG00000284732	0	3	0	38	121	3
ANXA3	0	0	0	26	77	3
CABCOCO1	0	0	0	17	67	2
ELK3	0	1	0	64	88	0
RPL35A	0	0	0	12	13	0
LILRB4	1	1	0	0	0	0
RGS7BP	0	1	0	18	41	0
TUBA3C	2	1	0	70	97	4
ENSG00000284772	0	0	0	2	8	1
PRPF40B	0	5	0	100	191	1
DNAJA1	1	2	1	25	44	1
ANKUB1	0	0	0	42	110	6
AMPD2	1	2	0	96	119	4
PDE7A	0	1	0	35	68	1
POGLUT2	0	2	0	42	87	4
SNTA1	0	2	1	50	116	2
BANK1	1	2	0	60	150	9
FAM162B	1	0	0	14	42	2
RHOF	0	0	0	28	60	2
USH1C	0	1	0	96	228	9
C10orf82	0	0	0	23	43	0
PACC1	0	5	0	32	64	5
KRTAP5-11	0	0	0	12	32	2
FAM228B	0	0	0	22	50	4
EIF2AK2	1	3	0	48	69	2
INTS2	2	0	0	71	170	5
CTSV	0	1	0	26	74	2
GIPC2	0	1	0	25	55	3
LCE1E	0	0	0	18	33	1
MRM2	0	1	0	37	64	3
KCNK6	2	0	0	43	83	1
FGF19	0	1	0	22	45	1
HOXC11	0	1	0	28	76	2
SRSF4	0	0	0	39	90	1
TMEM178A	0	1	0	47	48	0
HOXC13	0	1	0	33	64	0
SRD5A1	0	0	0	34	56	2
ACER1	1	1	0	35	70	4
TREML2	0	0	0	32	62	1
ENTREP2	0	3	0	18	21	1
ETV2	0	0	0	33	75	0
LENG9	1	0	0	0	0	0
GPR42	0	0	0	3	5	0
CADM2	0	2	0	44	40	0
GALM	0	1	0	29	78	8
CLDND1	0	0	0	23	52	2
FRY	4	5	1	277	382	1
CMKLR2	0	1	0	24	52	4
MAPK8IP3	1	10	1	212	245	3
ZDBF2	2	3	2	160	389	9
SPAG11A	0	0	0	2	9	0
RBM14	1	5	0	85	129	0
SLC5A1	0	1	0	66	116	7
ZPR1	1	0	0	35	72	4
RNF151	0	0	0	38	73	1
BMP4	0	2	0	38	69	0
PGAP6	1	2	0	149	286	8
SAMD1	0	1	0	83	123	0
NLRP5	2	2	0	146	328	13
IGF1R	3	5	0	190	230	1
CCDC163	0	0	0	11	20	3
OAZ1	0	0	0	34	60	1
TMED1	0	1	0	23	55	3
OTUD3	0	1	0	36	66	1
TET3	0	4	1	223	324	0
MRPS18B	0	0	0	0	0	0
BRD3OS	0	0	0	9	15	0
CCDC59	0	1	0	22	54	7
LHX6	0	1	0	45	49	0
SSRP1	1	3	1	64	74	1
ANKRD42	0	2	0	37	95	5
PSMG4	0	1	0	22	27	1
PDZD8	3	4	0	102	212	0
SMCO1	0	1	0	19	40	4
DNAJC17	0	0	0	30	65	0
PLXNA1	1	9	0	311	374	4
RORC	0	1	0	59	83	1
IL4R	0	1	0	92	178	3
IRF6	0	0	0	37	43	0
USP17L10	0	0	0	0	0	0
KCNIP2	0	0	0	21	28	0
RBFOX2	1	1	0	5	16	1
INSR	2	2	1	167	212	4
C8B	0	2	0	52	145	11
CYB561D2	0	1	1	18	49	3
OTULIN	0	0	0	33	53	0
METTL25	1	1	0	51	127	3
EID2	0	0	0	21	54	0
SERPIND1	0	3	0	37	128	4
ENSG00000268400	0	0	0	5	9	1
SULT2A1	0	1	0	17	57	1
GDAP1	0	1	0	26	61	4
KLRC2	0	0	0	13	29	0
TTC32	0	0	0	13	35	0
SPDYA	0	0	0	19	40	1
AEN	1	0	0	35	105	3
CYBRD1	0	0	0	25	50	1
TMEM40	0	0	0	30	47	2
RGS14	0	0	0	45	103	1
NPNT	1	1	0	46	149	2
CRY1	0	1	0	39	79	4
RFX1	2	4	0	160	190	1
MKRN1	0	2	0	58	93	0
ATAD3A	0	0	0	79	144	4
ODR4	1	2	0	29	85	3
NFE2L2	1	8	0	54	83	2
KRT38	0	0	0	61	112	4
LRRC8C	1	2	0	54	104	5
PLA2G5	0	0	0	14	33	3
LRAT	0	1	0	31	46	2
DTX4	1	1	0	71	132	3
ZNF22	0	1	0	11	43	0
EXTL1	0	0	0	61	139	7
CD74	0	1	0	33	52	0
LRFN5	1	1	0	61	94	1
ALG14	0	1	0	15	41	5
THAP6	0	0	0	24	41	1
ZSCAN29	0	0	0	53	164	10
NAA38	0	1	0	12	23	0
KRTAP4-9	0	0	0	6	12	0
C1QL1	1	2	0	27	44	3
LIMCH1	2	4	0	128	332	8
FOCAD	1	3	1	158	432	15
OR10J1	0	1	0	34	93	5
UBTD1	1	1	0	31	52	2
CDKL1	0	2	0	21	69	4
DOK6	0	1	0	33	58	0
FOSB	1	0	0	39	55	1
CIB1	0	0	0	12	40	1
UBE2L3	0	1	0	12	2	0
MYOT	0	0	0	44	76	3
CSF1R	3	3	0	114	168	2
MEPE	0	0	0	40	110	2
COX7A1	0	0	0	12	19	2
CD3G	0	0	0	13	29	3
ST6GAL2	0	2	0	54	117	3
PCSK1	0	1	0	57	126	3
NCOA3	1	5	0	103	237	6
ALX1	0	0	0	19	48	2
HEATR1	1	4	0	186	404	2
VRK3	0	1	0	52	104	4
ZNF233	0	1	1	33	113	6
SLC25A40	0	0	0	26	48	4
ZNF785	0	1	0	33	88	7
RNF130	1	0	0	46	70	0
SLC20A2	0	2	0	78	89	0
TMEM59L	0	0	0	37	78	4
CCDC7	2	1	0	93	253	22
DDA1	0	0	0	13	19	0
KIRREL1	2	2	0	101	145	1
VN1R4	0	2	0	16	50	2
KCNE1	0	0	0	0	0	0
ENSG00000285064	0	0	0	0	0	0
ENSG00000248993	0	0	0	0	0	0
PDX1	0	1	0	34	68	1
RMI1	0	0	0	37	101	8
ZNF14	0	0	0	53	107	14
SP100	0	3	0	68	150	2
STK38L	0	1	0	24	31	2
MYADML2	0	0	0	54	91	4
ENSG00000282034	5	7	10	301	603	3
ZNF749	0	1	0	56	147	4
DPYS	2	1	0	47	126	8
TCTN1	0	1	0	48	110	5
SBK3	0	5	0	44	90	3
DUOX1	1	3	0	121	319	11
PLCG1	1	2	0	127	204	3
ENSG00000276087	0	0	0	14	29	2
ITCH	0	3	0	71	92	4
ZNF722	0	0	0	11	74	6
S100A16	0	0	0	12	27	1
PPP1R14A	1	0	0	15	37	2
ETF1	1	3	0	35	6	0
SHKBP1	1	4	0	88	161	6
OR10S1	1	0	0	35	73	1
SERPINH1	2	0	0	55	94	2
RND3	0	0	0	22	36	0
DNAJC13	1	3	1	146	350	1
TFAP2C	3	2	0	45	68	1
UQCC1	0	0	0	20	60	3
ATXN7	0	2	0	100	245	1
EEIG1	0	0	0	44	81	2
FAM83E	0	2	0	87	156	7
ZFYVE9	2	3	0	91	203	1
FCN1	0	1	0	52	79	4
OR1N1	0	0	0	36	74	2
ID2	0	0	0	29	19	0
RBMXL2	1	0	0	67	123	0
SHMT2	0	0	0	54	89	4
NCOR2	8	7	0	492	691	1
GALC	2	3	0	73	134	7
INSC	0	2	0	58	145	7
S1PR4	0	7	0	83	147	0
FKBP7	0	0	0	13	41	1
GOLPH3L	0	0	0	12	53	1
TMEM19	0	1	0	26	65	2
ZNF839	0	3	0	92	209	4
TAFA3	1	1	0	15	25	3
GHSR	0	2	0	43	85	3
PCDHGC5	2	2	0	82	178	8
RTL1	2	9	1	145	307	9
CFAP53	0	2	0	49	123	15
FZD1	2	0	0	75	117	3
SACS	4	5	0	332	750	14
CHST8	0	1	0	48	91	3
RHCE	0	0	0	28	57	0
CD68	0	0	0	32	80	1
TBC1D20	1	0	0	38	62	1
MDP1	1	0	0	9	37	1
IL18RAP	0	3	0	49	116	1
S1PR5	0	4	0	39	76	2
SLC15A2	0	2	0	54	141	10
ZCCHC2	2	1	0	145	262	0
MORN5	0	0	0	20	38	3
MTA2	1	2	0	65	71	1
GRM5	0	4	0	96	166	2
TBCD	0	1	0	86	150	6
PALS2	0	1	0	41	77	1
FGFR4	1	2	0	109	191	6
DYNLRB1	1	0	0	5	16	0
OASL	0	2	0	48	105	7
CDKL3	0	0	0	34	83	9
NRP1	2	3	0	92	174	2
DDHD1	1	1	0	80	157	5
TADA3	0	0	0	50	63	1
SIAH2	1	1	0	33	43	0
DEFB119	0	0	0	4	27	2
EIF3E	2	0	0	32	41	2
SLC15A5	0	0	0	57	107	3
SCGB1D2	0	0	0	8	27	1
WDR88	1	1	0	43	76	3
ITGB3BP	0	0	0	17	23	1
USP19	0	4	0	110	281	2
TTLL7	1	2	0	53	128	3
SLITRK3	2	4	0	81	149	4
TTLL10	0	6	1	109	223	6
H2AC17	0	0	0	18	31	1
ABI3BP	1	4	0	143	363	14
ZNF680	0	0	0	25	66	5
PIK3C2B	1	4	0	161	361	5
CACNA1A	5	44	2	325	431	0
TATDN1	0	2	0	15	62	2
RAVER2	1	2	0	48	103	5
TROAP	0	1	0	63	154	6
NF1	0	8	5	204	292	6
RHOT1	0	0	0	27	76	2
COA3	0	0	0	9	27	3
S100A13	0	0	0	9	16	1
OR2M7	0	1	0	29	83	3
PRR5L	0	2	0	49	76	5
GALNT7	1	1	0	40	85	5
PTGR3	1	0	0	38	100	0
HAND1	0	1	0	28	40	0
EDN3	0	1	0	17	51	1
RFPL4B	0	0	0	19	55	2
DEFB108B	0	0	0	7	26	1
IZUMO2	1	0	0	31	52	0
S1PR1	0	0	0	33	37	0
LRATD2	0	0	0	29	67	1
ANXA7	0	0	0	38	85	6
DEFB131B	0	0	0	5	18	0
CHKA	1	0	0	39	83	1
FAM117A	1	1	0	44	80	0
RNF146	0	0	0	30	56	0
SAV1	0	0	0	25	57	2
EIF4EBP2	0	0	0	12	29	1
DPYSL4	0	1	0	113	150	2
AEBP1	0	2	0	124	241	5
MED12L	1	6	2	222	328	2
CYP4B1	0	1	0	51	132	3
ALB	1	2	0	58	113	2
CAPZA2	0	1	0	15	37	0
TMEM241	0	0	0	24	51	3
LRTM2	1	3	0	42	99	2
DYRK4	1	5	0	61	113	2
HAUS4	0	0	0	21	52	1
SEC14L6	1	1	0	43	85	2
ECEL1	0	2	1	109	191	1
EDARADD	0	0	0	15	37	1
BCL2	0	0	0	24	33	0
TMEM243	0	1	0	11	30	1
BAIAP2L1	0	0	0	62	116	4
ARHGAP44	0	2	0	94	117	2
KRTAP2-4	0	0	0	0	0	0
SUN3	0	0	0	31	67	4
ZNF44	0	2	0	35	118	10
CD38	0	1	0	20	57	3
CCR3	0	1	0	29	83	1
PRKAA1	1	1	0	47	67	3
PSMD11	0	0	1	36	47	0
S100A1	1	1	0	12	21	2
ZNHIT3	0	0	0	0	0	0
DSC1	0	1	0	82	178	12
WASHC2A	0	0	0	41	97	2
NDUFAF4	0	0	0	22	29	0
KLC2	0	0	0	51	119	2
SYT14	0	0	0	43	80	0
SPON2	1	2	0	44	108	3
LFNG	0	0	0	64	106	1
UNC13B	0	7	0	340	808	27
RAMAC	0	0	0	2	11	0
ENSG00000249967	1	0	0	34	74	3
DLG2	1	0	0	85	146	1
CCR9	1	3	0	34	64	0
BARHL2	2	3	0	40	79	1
POSTN	1	3	0	61	146	3
WBP4	0	0	0	24	61	5
POLDIP3	1	2	0	40	96	0
TAF9	0	0	1	0	0	0
MT1HL1	1	0	0	3	16	1
ERAP2	1	1	0	73	178	10
PKD2L1	1	1	0	73	194	10
NHLH2	0	0	0	13	23	0
FAM220A	0	0	0	28	83	2
KIF26A	2	12	0	362	625	6
CALML3	0	0	0	18	27	2
BCAT2	0	0	0	35	83	7
PHF12	1	5	3	95	181	2
ENSG00000288914	0	0	0	0	7	0
CCDC169	0	2	0	18	30	2
CCL13	0	0	0	9	14	3
AP5Z1	3	3	0	205	309	11
USP1	0	2	0	63	118	1
PANK4	2	4	0	0	0	0
FRRS1	0	4	0	41	103	4
RBM47	1	2	0	77	118	0
METTL2A	0	0	0	22	56	6
FSTL4	0	0	0	90	192	4
NXNL2	0	0	0	15	33	3
ALKBH7	0	0	0	23	59	3
CSN1S1	1	0	0	19	30	3
KPNA3	0	2	0	41	38	0
KRTAP19-8	1	0	0	9	17	1
NOL7	0	1	0	27	55	5
AAK1	1	1	0	71	110	1
NUDT16	0	0	0	21	44	0
TMEM220	0	0	0	15	38	1
CACTIN	2	3	0	112	149	0
GRK1	1	2	0	47	80	0
HIC1	0	1	0	91	129	0
NR5A1	0	2	0	71	76	1
SPRED2	1	4	0	45	85	3
LRFN4	2	2	1	119	146	1
HIVEP3	2	4	0	247	547	4
SNX20	0	0	0	25	75	2
HCG22	0	0	0	0	0	0
SDF4	0	1	0	68	94	4
SMIM29	0	0	0	11	21	0
C1QTNF5	0	0	0	26	28	1
YTHDF2	0	0	0	37	68	0
CSNK2A3	0	1	0	39	92	9
RUVBL2	0	2	0	62	82	0
ENSG00000284952	0	1	0	30	47	1
NXNL1	1	0	0	32	55	2
SYNDIG1	0	2	0	41	62	1
AMD1	0	1	0	16	38	0
TPM1	0	1	0	27	15	1
TANC1	1	5	0	184	349	8
LRRC27	0	4	0	72	129	11
TXNDC2	0	1	0	51	96	3
OR56B2P	0	0	0	16	58	4
TEX14	0	3	1	119	282	16
PGLYRP4	1	0	0	29	80	5
SEPTIN11	1	1	0	23	53	0
STON2	0	4	0	86	214	5
GZMA	0	0	1	16	52	4
CDKN2AIPNL	0	1	0	8	23	2
PPM1D	0	1	9	43	87	13
TRIM63	1	0	0	38	84	2
PCDHA1	1	1	0	120	215	5
HUS1	0	1	0	22	64	2
PRAMEF19	0	0	0	37	101	3
TPPP	2	0	0	48	54	0
METTL15	0	1	0	33	75	2
CREB3L1	0	0	0	74	123	4
FAM110D	1	2	0	22	52	1
PLEKHH2	2	3	2	143	309	18
RXFP3	0	1	0	0	0	0
TIAM2	0	5	0	168	360	7
GPR176	1	1	0	49	105	4
POLR3K	0	0	0	10	25	1
PAXBP1	2	3	1	52	82	2
NCBP2	0	0	0	30	11	1
SUMO2	0	2	0	3	6	0
DYTN	0	2	0	50	126	10
LGALS16	0	0	0	21	31	3
OR4D9	0	2	0	35	82	3
NTNG1	2	1	0	43	57	1
ENSG00000289763	0	0	0	4	10	0
COL4A4	1	3	0	166	340	3
CDKN3	0	1	1	10	23	3
RAB25	0	0	0	23	56	2
DCAF8	0	2	1	50	75	1
COQ6	0	1	0	40	95	3
PARD3B	0	6	0	115	265	9
DCHS2	0	5	0	320	678	20
NINJ2	1	1	0	27	39	2
ZNF225	0	1	0	54	149	5
H4C16	1	0	0	14	16	1
PTPRD	1	7	3	227	379	6
ZNF304	0	0	0	40	104	5
MAF	1	5	0	62	91	0
GJA5	0	2	0	34	46	3
GALK1	1	1	0	48	86	3
TPRX1	1	0	0	47	85	4
KLK11	0	0	0	25	61	1
MORC3	0	1	1	73	114	2
KCTD13	0	0	0	43	73	1
ZBTB48	2	3	0	90	109	4
PSEN2	1	1	0	63	78	4
CHIC2	0	0	1	12	16	0
TTF1	0	2	0	79	186	4
AADACL3	0	0	0	49	96	4
RAD54L	1	3	1	62	153	10
ABI1	0	0	0	26	59	1
P2RX7	0	1	0	69	151	4
TCAF2	0	0	0	0	3	1
TREM1	1	0	0	22	49	1
SAA1	0	0	0	10	28	2
TBC1D30	0	1	0	61	147	1
FASLG	0	1	0	23	51	1
ZNF726	0	2	0	52	153	10
NLRP11	0	1	0	88	215	5
UBQLN1	0	2	0	58	67	0
DNAJC22	0	1	0	25	85	4
DEFB108C	0	0	0	0	0	0
C2orf42	1	3	0	45	109	3
ENSG00000267314	0	1	0	3	25	1
C1orf109	0	0	0	13	34	5
TIMP4	0	1	0	32	59	1
TLCD3B	0	1	0	41	55	0
KNDC1	3	4	0	266	490	10
OR11G2	0	2	0	32	58	4
DIMT1	0	0	0	26	57	2
CCT6B	0	0	0	38	89	2
ZNF30	0	0	0	47	107	8
TOP3B	1	0	0	78	132	5
FOLH1	0	0	0	45	85	2
FNBP4	1	3	0	91	147	0
ZNF514	0	0	0	28	68	6
CNNM3	0	2	0	112	169	6
TAFA1	0	0	0	18	27	0
ZNF347	1	0	0	54	172	12
SNX22	0	3	0	26	41	1
MYL3	0	0	0	15	33	0
ZMIZ1	0	4	0	155	187	0
ZDHHC20	0	1	0	30	51	1
TF	1	3	0	71	145	3
ZMYND8	2	6	0	117	160	4
PDCD6IP	0	0	1	75	121	1
HMX1	0	0	0	49	116	2
TRDN	0	1	0	44	161	12
JRKL	0	0	0	33	63	1
CYP2W1	2	2	0	89	155	3
PPP5C	1	2	0	64	73	0
RABEPK	0	1	0	34	84	5
PSMC6	0	0	0	23	20	0
LAG3	0	3	0	52	123	5
HAT1	0	0	0	26	46	2
AASDHPPT	0	1	0	18	59	1
JAG2	3	2	0	210	304	1
NDRG1	2	0	0	56	101	4
LMF1	1	2	0	104	189	9
BNIP3	0	0	0	19	26	1
UGT2A2	0	1	0	45	128	6
PSMA5	0	0	0	9	11	0
ARHGEF39	0	1	0	26	67	1
ZNF736	0	0	0	17	78	1
LEPROT	0	0	0	6	21	0
PSENEN	0	1	0	5	12	0
TEKT2	0	3	0	39	110	3
UCHL5	2	1	0	27	39	3
FAM76B	1	1	0	29	42	0
RAB39A	0	0	0	11	33	4
KLF13	1	2	0	0	0	0
SPPL2A	0	0	0	38	86	1
IL27RA	2	1	0	61	125	6
APOL4	1	1	0	32	98	3
CNPY1	0	0	0	16	22	2
MS4A4E	0	0	0	30	93	4
MEP1B	0	4	0	53	131	16
PLPPR5	0	0	0	26	45	0
ZNF33A	0	0	0	59	150	4
SLC16A9	1	0	0	35	79	0
CDHR4	1	4	0	68	175	6
RNF43	0	3	0	61	140	3
AMH	1	1	0	104	180	10
ZNF565	1	0	0	30	86	5
RSPH10B2	0	0	0	6	13	0
C4orf19	0	0	0	24	49	2
BPI	0	0	0	54	132	4
HDAC10	0	2	0	105	163	7
CNTN3	0	3	0	96	159	5
C1orf68	1	0	0	26	50	2
RNF40	2	5	0	95	160	3
RALYL	0	0	0	21	52	0
NDUFAB1	0	0	0	22	34	0
HEATR9	1	2	0	0	0	0
USP17L19	0	0	0	0	0	0
VPS13C	0	8	0	256	734	25
TATDN2	0	6	0	64	148	6
ADGRL1	3	4	1	225	290	1
PRMT7	2	2	1	80	139	3
CACNA1G	1	13	0	291	402	2
ZFAND6	1	1	0	12	29	0
OTOA	0	4	0	78	163	9
FARSA	3	0	0	60	114	1
ERCC4	1	4	0	81	207	7
MED17	0	1	0	54	99	7
CPNE2	0	1	0	77	129	5
M1AP	0	1	0	41	96	5
ZNF728	0	0	0	28	111	9
SLC25A30	0	1	0	22	59	3
LHX1	2	1	0	2	9	0
DEFB110	0	1	0	7	13	0
FAXDC2	0	0	0	24	76	5
RCBTB1	1	1	0	65	95	1
TRIM72	2	1	0	59	107	4
RLN2	0	0	0	17	57	3
PLA2G4F	3	1	0	106	222	9
KATNAL1	1	1	0	24	66	1
CRAMP1	0	4	0	168	308	1
HSD17B7	0	0	0	23	50	1
STEAP3	0	1	0	77	130	4
NAT8B	0	0	0	0	0	0
RNASE3	0	0	0	11	42	4
RGL1	0	3	0	67	122	1
DCAF10	0	0	0	49	71	2
DNAJC5G	0	0	0	14	35	2
STAC	0	0	0	47	86	1
PI16	0	0	0	52	93	5
NTRK1	2	2	0	100	191	3
ANKRD18B	0	0	0	68	199	11
FOXS1	0	2	0	36	96	0
EPHB4	1	7	0	144	229	3
KLHL31	0	1	0	58	113	2
PDE1C	1	2	0	68	144	3
ESYT2	0	0	0	89	185	1
STAM	1	0	0	53	102	0
MAML1	0	2	0	110	211	3
OR8K1	0	0	0	0	0	0
TMEM63C	3	5	0	95	139	0
ERAL1	0	2	0	25	76	2
CD3E	0	0	0	12	45	0
EHD4	0	0	0	58	134	5
SOHLH1	2	2	0	56	124	4
GAREM2	0	2	0	101	181	2
ZMAT3	0	1	0	19	50	3
ISLR2	1	0	0	85	129	0
SP8	1	1	0	74	89	2
NOB1	0	1	0	54	117	3
OBP2B	0	0	0	16	28	0
SPINT3	0	0	0	6	24	2
TACR3	1	0	0	31	87	4
UBTF	1	6	1	96	62	0
AGXT2	0	0	0	45	102	6
BATF2	0	0	0	32	61	3
PTGR2	0	0	0	21	62	2
KIR2DL4	0	0	0	0	0	0
FAM161A	0	1	0	52	145	9
USP6	0	0	0	123	269	18
MAB21L1	0	0	0	39	61	1
SPAG5	2	3	0	76	212	11
RPS19	0	1	0	18	20	0
H2BC12L	0	0	0	0	0	0
OIT3	1	3	0	52	138	4
PARVG	0	2	0	51	77	3
EPHB2	0	2	0	126	188	0
RASGEF1B	0	2	0	32	90	1
PCP2	0	0	0	22	52	3
IL20RA	0	1	0	52	97	6
ANKRD13D	0	4	0	78	115	1
GET1-SH3BGR	0	0	0	26	44	1
ZNF212	0	0	0	46	122	5
BICDL2	0	1	0	69	149	6
HSF2BP	0	3	0	25	45	4
ABT1	0	0	0	32	64	1
MESP1	2	1	0	52	102	8
CAP2	1	2	0	43	96	3
IGF2R	4	5	0	288	464	8
GATAD1	0	1	0	22	44	1
CES3	1	0	0	60	116	8
OVOL2	0	1	0	37	71	1
ADAMTS17	4	7	2	210	356	9
KIR2DL3	0	0	0	0	0	0
BSX	0	1	0	26	34	0
RPUSD4	1	2	0	42	91	3
SYCE3	0	0	0	12	18	0
TRAF6	1	0	0	34	59	1
PIK3C2G	2	4	0	98	285	16
NLRP7	0	2	0	0	0	0
CCL4	0	0	0	0	0	0
MAP3K21	0	0	0	97	205	12
HSPA2	3	1	0	67	74	1
RPL3	1	1	0	54	67	0
DCAF7	0	5	0	22	19	0
RB1CC1	1	2	0	125	247	0
NETO2	0	1	0	35	85	2
TM9SF3	0	2	0	47	64	0
MMS19	0	5	0	100	211	4
TM4SF18	0	1	0	20	44	3
DOK7	2	3	0	103	229	3
SNX7	1	1	0	40	83	4
SYDE2	1	0	0	88	250	18
PAICS	0	1	0	20	51	1
CLIC5	0	1	0	39	51	1
FAM98C	2	0	0	36	96	8
KCNA6	0	1	0	52	60	0
IPCEF1	0	1	0	36	74	2
MTA1	0	2	1	129	123	1
IFI6	2	0	0	23	19	1
RNF14	1	0	0	38	59	4
CFAP157	0	2	0	51	124	5
GALNTL6	0	2	0	53	89	2
PCDHB15	0	0	0	96	173	3
TMEM88B	1	0	0	38	60	2
PLEKHF2	0	1	0	8	27	1
CDADC1	0	3	0	32	69	2
CPHXL2	0	0	0	36	116	8
PAPOLB	1	2	0	63	138	1
CDC7	0	0	0	26	96	2
FBXW10	0	0	0	35	87	7
PLIN3	1	0	0	73	123	4
POC1A	0	1	0	46	82	2
IQGAP1	1	5	1	131	222	3
NPR3	1	1	0	54	91	5
CAMK1D	0	0	0	42	42	0
SASH1	1	1	0	147	253	2
CIAO2A	0	0	0	17	32	4
NOTCH2NLR	0	0	0	19	36	7
HOOK1	0	1	0	46	119	4
CSF2	1	0	0	12	28	0
PNP	1	0	0	19	47	3
CCNA2	0	0	0	31	48	0
H4C8	0	3	1	32	28	3
RNF183	0	1	0	23	48	0
CIITA	4	4	1	158	279	3
FCMR	1	0	0	38	79	4
ENSG00000283536	0	0	0	12	43	1
NT5C3A	0	0	0	29	73	2
ZNF891	0	2	0	34	98	5
PIP4K2C	0	1	0	40	78	4
ENSG00000265118	1	0	0	11	39	4
AZU1	2	2	0	0	0	0
SYT3	0	2	0	76	84	2
ZNF534	0	0	0	50	133	11
AIP	1	1	0	39	72	2
MSMB	0	0	0	8	22	0
ZNF280D	1	0	0	58	171	1
PDK4	0	1	0	24	53	6
IGF2BP3	0	2	0	50	84	2
SLC44A5	0	1	0	51	102	5
IL22	0	0	0	13	33	0
DCTD	0	1	0	23	34	1
SORCS1	1	4	0	124	244	4
LMO7	3	1	1	134	354	11
MS4A5	0	1	0	17	40	2
BROX	0	2	0	22	66	5
SPRY1	0	2	0	27	80	0
OR8H1	0	1	0	0	0	0
TMC1	1	0	0	64	141	9
LSM8	0	0	0	11	12	3
STK16	1	0	0	27	65	2
ZNF705D	0	0	0	0	0	0
OR5B3	0	2	0	35	78	1
PROSER1	2	1	0	96	190	0
BCL2L15	0	1	0	8	36	1
UNC79	2	5	0	0	0	0
PSD	2	1	0	109	202	2
GOLGA4	0	3	0	144	414	16
MANF	0	0	0	11	29	2
ENSG00000198211	3	1	0	164	198	3
FAM168B	0	1	0	26	29	0
VEPH1	1	1	0	65	151	8
ZNF341	1	1	0	115	211	3
STOX1	0	1	0	52	155	7
CFAP107	0	1	0	14	46	2
ENSG00000259316	0	0	0	8	20	0
RTN4IP1	0	1	0	38	61	5
SMKR1	0	0	0	7	9	1
C19orf44	1	1	0	77	133	7
FSD1L	0	2	0	32	83	2
ANO6	0	0	0	72	153	10
MBOAT1	0	2	0	42	101	10
OTX1	1	1	0	38	53	0
IFRD1	0	2	0	41	82	0
PPP2R5C	0	3	0	48	57	1
TEFM	0	0	0	17	54	4
ENSG00000280893	0	0	0	28	95	0
ACTL10	0	0	0	32	82	2
RAB3GAP1	0	3	0	53	152	3
TMEM64	1	0	0	51	83	2
C19orf33	0	0	0	13	13	0
GRIN1	3	32	0	95	58	4
CEP57	0	0	1	39	89	3
SIGLEC8	0	2	1	47	95	4
NUDT3	2	0	0	13	28	0
ZIC5	1	3	0	84	184	5
KRTAP9-4	0	0	0	0	0	0
ANAPC15	1	0	0	8	19	3
ATP6V0D2	0	1	0	30	71	4
ZNF354B	0	0	0	47	97	5
MOCOS	0	0	0	83	197	9
APOD	0	1	0	23	34	0
DTHD1	0	1	0	60	178	11
PNLIPRP1	0	1	0	51	95	4
GLYAT	0	0	0	15	69	3
C17orf75	0	1	0	24	53	3
LONP1	2	5	1	187	274	2
CENPH	0	0	0	12	37	2
F10	0	3	0	66	102	2
ZBTB20	1	11	1	87	77	0
ZNF257	0	0	0	22	106	7
ALG2	0	0	1	57	98	2
MRPL57	0	1	0	16	32	0
TSSK1B	0	2	0	52	96	3
NINL	3	3	0	169	338	20
TMEM101	1	0	0	32	39	2
SMARCB1	0	7	0	0	0	0
FRZB	1	0	0	18	76	1
ARF5	0	1	0	20	16	1
EPCAM	0	3	0	26	87	2
GLP2R	1	0	0	55	131	4
FAM90A12P	0	0	0	21	43	1
SPSB3	2	0	0	74	103	0
ZNF281	1	1	0	79	149	0
UBE2D3	0	1	0	15	1	0
CCNL1	0	3	0	42	61	2
MST1R	3	1	0	143	307	12
RAB28	0	1	1	19	35	3
CRISPLD1	1	1	0	35	96	4
SYT1	0	12	0	45	36	0
GSK3B	0	0	1	33	37	1
ZDHHC4	0	0	0	45	80	2
APEX1	0	1	0	31	74	6
MIA3	1	2	0	115	326	4
SLC28A2	0	0	0	58	126	4
RAB11FIP3	0	2	0	2	5	0
MC1R	2	0	0	82	166	2
RIOK3	2	0	0	35	85	1
CPA4	0	0	0	50	96	10
IFNA13	0	0	0	3	9	0
SPATA31A1	0	0	0	18	48	0
ZFAND4	0	0	0	44	163	7
CDK11A	0	0	0	47	98	5
ACAD10	0	3	0	109	216	16
BOP1	0	0	0	131	249	2
TIPIN	0	1	0	19	44	4
SPATS2	0	1	0	25	99	2
COPZ2	1	0	0	16	48	1
HOMER2	0	3	0	36	77	3
EXOC3	0	0	1	84	143	1
KRTAP10-12	0	0	0	41	69	1
RASA2	0	0	0	61	128	9
POLR2F	0	0	0	10	26	0
RNF11	0	0	0	11	16	0
PAIP1	0	0	0	33	90	1
KDM4B	3	7	0	197	216	1
TMEM52	1	0	0	24	60	2
GPT	0	1	0	85	170	7
EIF3G	0	1	0	54	52	0
COL5A1	2	4	0	273	410	1
NAA25	1	3	0	49	114	1
GARIN5B	0	3	0	127	242	2
ABCD3	1	2	0	53	79	2
PWP1	1	1	0	42	95	6
SFPQ	2	1	0	110	121	0
ZNF576	0	0	0	12	38	1
TMEM132E	0	2	0	126	240	3
THEG	1	1	0	45	134	9
PPIAL4H	0	0	0	1	11	0
MBTPS1	0	4	1	121	275	6
AMIGO3	0	0	0	41	127	3
GK5	0	0	0	38	55	2
GFUS	0	2	0	0	0	0
H2AC8	1	4	0	30	19	1
CPO	1	2	0	37	67	7
TIGD5	1	0	0	0	0	0
IZUMO1	0	2	0	15	51	3
MLF2	0	1	0	21	52	0
DDX23	0	6	0	61	80	4
RGS19	0	0	0	29	49	1
USH1G	0	1	0	43	105	6
SLC37A1	0	3	0	71	110	3
MYCL	0	2	1	39	57	0
ATAD2B	0	4	0	107	191	2
AKR7L	0	0	0	0	0	0
ZNF33B	0	0	0	53	139	3
NABP2	1	0	0	17	29	0
CLCA4	1	1	0	66	176	5
LETM2	0	0	0	28	77	3
DUSP12	0	0	0	27	57	1
CRYGB	0	1	0	18	41	2
ATP6V1G2	0	0	0	0	0	0
SCRT1	1	1	0	47	66	0
CHI3L2	0	0	0	43	82	4
UBE2N	0	1	0	14	7	0
ENSG00000289768	0	0	0	14	39	2
NDUFS3	0	2	0	18	54	1
SMG6	2	3	0	145	306	1
SLAIN2	0	0	0	40	124	0
WDR72	2	1	0	86	193	9
ASPA	0	0	0	28	58	2
DZANK1	0	2	0	73	162	3
FBXW11	1	2	0	40	47	3
PRR20B	0	0	0	0	0	0
TICRR	1	7	1	174	410	14
RRM2B	0	1	0	25	41	2
NCBP2AS2	0	0	0	21	29	0
TMEM259	1	1	0	134	171	3
PHF23	0	1	0	42	72	1
CSE1L	1	6	0	56	119	1
POLR3G	0	0	0	10	28	2
GCK	2	1	0	48	44	0
DNAI1	1	0	0	61	161	8
ENSG00000257184	0	2	0	10	23	1
CFAP418	0	1	0	11	36	0
HMOX2	0	0	0	0	0	0
OR10V1	1	1	0	27	70	3
STIM2	0	3	0	59	124	0
POMZP3	0	0	0	0	0	0
ZNF438	1	5	0	59	157	9
MYOM3	1	3	0	161	401	20
DHX40	0	1	0	30	59	2
CSDC2	0	0	0	25	25	0
TMEM185B	0	1	0	41	58	1
EEF1E1-BLOC1S5	0	0	0	16	21	0
DNAH11	2	3	0	488	1201	52
SMYD5	0	0	0	34	80	2
ZNF875	0	1	0	56	140	5
MGAT3	0	0	0	65	89	0
FOXO6	0	1	0	60	66	1
PYGL	3	2	0	67	160	9
ENSG00000285938	0	0	0	6	10	0
SFTA2	0	0	0	0	0	0
RPRML	0	1	0	12	33	0
SCNM1	1	1	0	16	45	2
NISCH	3	2	0	205	297	3
ERGIC3	0	2	0	41	55	1
ZNF98	0	0	0	9	41	5
ISOC2	1	0	0	25	51	2
TRMT12	1	2	0	25	75	4
KRT16	0	0	0	68	131	3
ENSG00000286192	0	1	0	26	40	2
PPIL1	0	1	0	16	27	2
BASP1	0	0	0	31	59	1
MPP3	0	1	0	56	114	4
GCG	0	2	0	18	33	0
L3MBTL4	1	1	0	51	112	7
POU3F3	0	4	2	78	67	1
PSMC3	0	7	0	42	29	4
ARHGAP11A	1	2	0	0	0	0
NFYA	0	1	0	22	30	2
MT1B	0	1	0	5	16	2
NETO1	0	1	0	53	78	3
KL	1	4	0	126	210	11
DYRK1A	0	14	24	64	74	0
IL33	0	0	0	22	62	1
ENSG00000289360	0	0	0	2	4	0
SLC4A4	0	4	0	85	131	0
SAMD8	0	2	0	26	47	2
CKAP2	0	1	0	50	127	3
PINX1	0	0	0	96	214	3
SF3A1	0	3	0	72	88	0
ARHGAP19-SLIT1	0	2	1	45	113	4
PRAMEF13	0	0	0	0	0	0
OR2AT4	0	1	0	30	75	1
HMGCS1	0	0	0	31	40	0
CABP7	0	1	0	29	40	1
TARM1	0	0	0	0	0	0
OTOP3	1	0	0	73	156	6
SCGN	1	0	0	18	59	3
STK24	0	0	0	49	60	1
TFG	0	0	0	32	63	3
ENSG00000269179	0	0	0	3	11	0
COP1	0	4	0	58	102	0
PTBP1	2	5	0	131	105	0
LASP1	0	3	0	43	42	1
CYP20A1	1	2	0	39	79	6
TXNRD2	0	0	0	0	0	0
STT3B	1	1	0	70	92	0
HACD2	0	0	0	18	41	0
SRF	0	0	0	58	59	0
REPIN1	0	0	0	72	141	2
ZBED3	0	1	0	34	55	2
SPHK2	0	2	1	97	147	2
CTXND1	0	0	0	6	14	1
TSTD1	0	0	0	15	24	1
ENSG00000287908	0	0	0	0	0	0
INS	0	1	0	16	19	1
TMX1	0	1	0	26	66	3
H3Y1	0	0	0	13	41	1
IMMP1L	0	1	0	3	32	3
ENSG00000285880	0	1	0	31	76	1
HEXD	1	1	0	72	117	2
MPZ	0	3	0	22	39	0
HEY2	0	0	0	39	77	0
TPGS2	1	0	0	19	52	2
COMMD5	0	0	0	26	50	4
E4F1	1	2	0	134	187	1
ANGPT1	0	0	0	36	68	3
NKG7	0	0	0	15	46	2
KLRC4	0	1	0	8	21	0
CDV3	0	0	0	19	49	0
S100A14	0	0	0	7	26	0
UHRF2	0	1	0	62	84	1
SPAG11B	1	0	0	0	0	0
JPH1	0	1	0	72	110	1
ARMC1	1	0	0	31	42	1
TRAPPC6B	0	0	0	14	27	1
ZNF138	1	0	0	25	69	7
SLC9A1	1	6	0	96	113	1
ODAD2	1	0	0	77	210	8
OR2G6	0	0	0	44	89	5
WWC2	0	0	0	120	221	6
CDH16	0	2	0	89	212	6
SMLR1	0	0	0	9	18	1
LRRIQ1	0	4	0	98	375	22
RAB33B	1	0	0	20	42	1
PPP6R2	2	0	0	118	205	2
SPACA1	0	0	0	27	63	0
SMIM32	0	0	0	14	20	0
AKAP1	1	1	0	83	179	3
MKNK2	0	2	0	65	103	1
MBD3L2	0	0	0	3	20	0
MDK	0	0	0	12	20	2
LSMEM2	2	1	0	25	42	4
MYH7B	2	7	1	278	579	22
GSTA2	0	0	0	27	59	1
ZFYVE1	2	0	0	84	99	0
RAB3IL1	0	3	0	47	100	5
IFNL1	0	1	0	22	43	3
CYP2R1	0	1	0	26	89	8
CLPB	2	1	0	54	139	0
NPAS1	0	4	0	86	133	1
LSM14B	0	1	0	45	73	1
PCF11	2	4	0	130	230	0
TRIM22	1	0	0	46	119	5
PSME4	2	6	0	144	275	5
PDK2	1	1	0	53	60	3
DMC1	1	0	1	19	39	1
PRRX2	0	0	0	26	61	0
MYO16	0	7	0	187	366	8
BTBD1	1	0	0	45	75	2
C2CD4C	0	2	0	71	133	2
ZNF416	1	0	0	52	103	2
RAG1	2	3	0	65	205	12
CHADL	0	2	0	81	167	6
BCL9	2	4	0	104	306	1
HIF3A	3	1	0	84	163	5
IRF2BP2	1	1	0	130	174	0
ART1	0	0	0	35	99	5
SASS6	2	1	0	39	97	2
NGF	0	0	0	21	64	0
MAP10	2	1	0	81	187	3
FICD	0	1	0	70	109	0
BORA	0	0	0	27	76	2
VIP	0	2	0	6	25	2
CYP2C9	0	0	0	54	153	2
FKBP4	0	2	0	35	89	1
ZNF616	1	2	0	55	151	7
CCDC28B	0	0	0	24	48	0
PPP2R2C	0	1	0	59	46	0
RAB24	0	1	0	23	21	0
SBK1	1	1	0	45	56	0
ZNRF2	1	0	0	36	63	2
TMEM91	0	1	0	19	39	2
MX2	0	2	0	83	148	7
COX7C	0	0	0	4	7	0
CLRN1	0	1	0	19	52	2
GLIPR1	0	1	0	29	65	9
OR1G1	1	0	0	28	42	0
SNRNP70	1	3	1	59	71	1
KANSL2	1	0	0	31	75	1
WDR83OS	0	0	0	11	24	0
PLPBP	0	0	0	31	54	0
RGR	0	2	0	44	60	3
EIF3M	0	1	0	19	52	0
FANCC	1	1	0	50	118	10
PRSS3	0	0	0	23	56	0
FOXK1	1	2	0	130	159	1
TMEM38B	0	0	0	24	64	2
ANO10	0	1	0	54	126	3
ZNF177	0	1	0	31	102	4
RWDD2B	0	0	0	22	56	1
PSMD9	0	2	0	33	63	1
ZNF619	0	1	0	41	79	3
PPT1	1	2	0	31	68	3
UBE2C	0	0	0	12	33	2
B4GALNT2	0	1	0	60	109	5
TSTD2	1	0	0	34	108	4
ENSG00000273155	0	0	0	10	23	1
CAMP	0	1	0	19	37	0
NUP42	0	1	0	32	87	3
AP1AR	0	0	0	25	54	3
PIWIL4	0	2	0	68	148	2
MOK	0	0	0	52	93	7
UBAP1L	0	0	0	49	97	4
NAA30	0	1	0	38	51	0
SLC38A8	0	0	0	121	187	7
MEIKIN	0	0	0	21	63	3
FBXO43	0	1	0	41	112	2
ZFP41	1	1	0	34	59	3
DDX60	1	5	0	136	256	15
PAXX	0	0	1	15	52	2
CAMTA1	2	4	3	198	293	0
C11orf42	0	2	0	32	76	5
ZNF330	0	0	0	17	50	0
SNRPN	0	0	0	21	25	0
CHAD	0	0	0	31	72	3
CDH13	0	5	0	110	190	1
PSTPIP2	0	2	0	24	46	3
TYW1	0	0	0	47	101	3
ZNF77	0	1	0	60	146	9
RIMKLA	0	2	0	41	65	2
ZNF729	0	0	0	110	252	8
ELP6	0	1	0	19	54	3
CELA3B	0	0	0	37	77	0
CFHR1	0	0	0	20	50	4
SLC18A3	0	4	0	59	131	2
IRGQ	1	1	0	66	99	2
NMUR1	0	1	0	42	111	3
KLHL22	1	1	0	82	84	0
TMEM208	1	0	0	15	31	4
RIMBP3C	0	0	0	0	0	0
CNOT6L	1	1	0	45	48	0
IL12RB1	1	1	0	93	169	7
PTOV1	0	4	0	90	108	1
ENSG00000277971	0	0	0	0	0	0
ENSG00000285713	0	1	0	8	20	1
KDM4C	1	0	0	105	216	1
STON1	0	3	0	60	187	8
GUSB	1	1	0	87	118	8
KIF2A	1	5	0	34	51	0
ACTL7B	1	1	0	54	106	3
HES5	1	1	0	0	0	0
GSTT2	0	0	0	0	0	0
YIPF5	1	1	0	21	35	1
ABCD2	0	2	0	49	102	4
LTBR	0	0	0	54	78	0
SEC11C	0	0	0	16	23	2
CTCFL	0	1	0	76	139	1
PTBP3	1	3	0	47	86	1
RAPGEF3	0	3	1	92	223	10
TCOF1	0	3	0	150	292	1
DICER1	2	5	0	160	228	3
RNF133	0	1	0	23	81	6
CAPN8	0	1	1	80	172	4
MCMDC2	1	0	0	51	105	6
ZNF35	0	0	0	36	69	1
DGKD	1	4	0	165	213	8
HERC3	0	3	0	85	113	1
TLE2	1	3	0	135	156	4
GFRA4	0	0	0	41	54	3
PCDHA5	2	0	0	118	221	7
PICALM	1	1	0	40	92	0
HAS3	0	3	0	83	87	1
SEMA3E	1	1	0	68	134	3
OR14C36	0	0	0	26	61	1
TEX53	0	0	0	6	18	0
PERM1	0	1	0	140	265	5
PRAMEF18	0	0	0	0	0	0
PLA2G4A	0	2	0	65	94	3
C1GALT1	1	1	0	25	65	0
HLA-DQA1	1	1	0	0	0	0
ZNF250	0	2	1	47	68	2
SEC16A	4	5	0	319	570	2
CD163	1	4	0	89	176	6
SYS1-DBNDD2	0	0	0	11	14	1
ENSG00000275674	0	0	0	0	0	0
H2BC9	0	2	0	37	54	4
C12orf43	0	1	0	30	63	2
COL8A2	3	2	0	103	141	2
ANAPC5	0	2	0	74	105	8
DCAF13	0	3	0	31	106	4
DGCR8	1	2	0	94	123	1
OR52L1	0	0	0	41	77	5
SUMO1	0	0	0	3	6	0
RTEL1	2	7	1	233	372	5
E2F2	0	1	0	44	93	2
OR10H4	1	1	0	31	77	2
CCDC27	0	0	0	88	165	11
TRIM11	0	3	1	69	82	2
CCNB2	1	0	0	36	82	3
HEPN1	0	1	0	7	26	3
LRRC7	2	3	0	154	229	0
C1orf112	0	0	0	64	129	3
TBC1D28	0	0	0	14	45	4
HOXB3	0	3	0	65	91	1
THRAP3	0	1	0	87	166	1
GKN2	0	0	1	17	47	2
LTBP1	2	8	0	161	364	3
TMEM192	0	0	0	21	58	5
PRKAR2B	0	1	0	36	39	2
SRP54	0	4	0	37	32	0
ENSG00000285446	0	0	0	16	34	0
RPL36AL	0	0	0	11	5	3
CCNI	0	2	0	23	54	0
NEO1	1	2	2	114	244	1
POLR3E	1	2	0	77	140	1
STIM1	0	3	0	82	142	1
SLC25A44	0	2	0	19	41	3
TAS2R20	0	0	0	0	0	0
SLC35G1	0	0	0	35	83	1
ENSG00000251184	0	0	0	5	20	0
RBM44	0	2	0	63	164	3
PTPRS	7	10	0	370	501	3
TMEM248	0	0	0	37	55	0
SHCBP1L	1	2	0	52	153	5
TRIO	2	27	1	369	502	3
CER1	0	2	0	30	69	0
OR4C15	0	1	0	30	124	9
SCGB1D1	0	0	0	12	29	1
H2AX	0	1	0	23	11	0
LTA	0	1	0	0	0	0
RC3H1	2	3	1	66	154	3
EREG	0	0	0	19	39	1
ESS2	0	1	2	54	114	0
HSPB3	1	1	0	11	31	4
CDCA5	0	1	0	23	41	0
KCNE4	0	1	0	24	32	0
TAGLN2	0	0	0	15	41	0
ARL6IP5	0	0	0	14	45	1
VOPP1	1	0	0	12	27	0
TIPRL	0	0	0	16	31	0
PARP15	0	2	0	55	128	6
ENSG00000251012	0	0	0	6	11	0
ERI1	0	6	0	37	87	3
MTMR6	0	1	0	42	119	4
ENSG00000286190	0	0	0	22	31	1
ACACA	1	2	0	1	2	0
PDLIM5	0	1	0	54	127	1
AHR	0	1	0	63	146	0
BRSK2	5	3	0	156	155	0
TMEM175	2	1	0	111	165	5
ZNF436	1	1	0	39	80	3
SLC17A8	1	0	0	49	121	7
KRTCAP2	0	0	0	11	17	2
SLC22A16	0	1	0	60	131	9
FAM241A	1	1	0	9	31	2
RNF39	0	1	0	0	0	0
RRAS2	0	4	0	6	20	1
H4C2	0	0	0	48	52	3
PHF21A	0	2	2	46	85	0
CHSY3	0	2	0	76	153	3
FCGR3B	0	0	0	17	37	0
ARL13B	0	0	0	28	73	4
CAVIN4	0	0	0	40	71	3
HMX3	0	2	0	43	79	1
TTI1	0	1	0	90	196	6
WDR46	0	0	0	0	0	0
PIPOX	1	0	0	36	84	8
TTYH1	2	1	0	0	0	0
CYP4A22	0	0	0	38	103	1
C2orf66	0	0	0	7	13	0
PREX2	1	2	1	106	271	3
KIDINS220	1	9	2	152	288	3
TSPAN5	0	1	0	28	24	0
PHGDH	0	0	0	71	102	2
CPEB4	0	1	0	46	78	0
CARMIL3	1	2	0	135	269	4
OR10H3	0	1	0	31	87	1
HM13	0	0	0	40	52	1
KCNQ2	0	55	0	79	91	1
HECTD1	4	9	1	180	307	1
TNK1	0	0	0	76	137	2
ENSG00000258461	0	0	0	10	31	3
OR2A25	0	2	0	23	67	2
NAF1	1	0	0	34	110	1
PNMT	1	0	0	26	71	1
COA1	1	1	0	18	27	1
KRTAP9-6	0	0	0	0	0	0
PLSCR4	0	1	0	27	68	0
MYO7A	3	3	0	308	589	26
PAX8	0	3	0	54	92	0
PJVK	1	0	0	15	52	6
TPM2	0	2	0	22	21	0
LACTBL1	1	0	0	68	158	7
HPS5	1	2	0	68	205	7
TRIM31	0	0	0	2	4	0
GOLGA8T	0	0	0	0	0	0
CLUH	2	3	0	239	322	2
KBTBD3	2	1	1	42	87	8
PRG4	2	4	0	131	252	3
S100P	0	0	0	15	15	0
RBM45	0	2	0	28	63	9
SPATA18	0	2	0	44	135	9
RSPH10B	0	0	0	4	15	1
SEZ6L	1	2	0	132	202	0
HLA-G	0	0	0	0	0	0
PLXNB2	3	7	0	322	402	2
TAF11L2	0	0	0	33	77	1
MYO1E	1	2	0	123	218	4
SDHAF1	0	1	0	15	25	0
CREG2	1	0	0	25	64	5
LRCH1	0	3	0	62	121	2
TNS3	3	4	0	201	328	1
C8orf33	0	1	0	17	57	1
OR9G1	0	1	0	0	0	0
HELZ2	9	5	0	449	847	11
TRAPPC12	4	1	0	49	121	0
MLPH	2	0	0	69	145	3
NT5DC1	0	0	0	32	92	1
NAPA	0	1	0	33	64	1
TBCB	0	0	0	31	49	0
ADAD2	1	3	0	121	208	10
THSD7B	2	3	0	127	278	7
SCEL	0	0	0	51	121	5
ZSWIM1	1	1	0	42	100	5
FRAT1	0	0	0	31	64	0
DNAJC18	2	1	0	25	64	4
B3GALT4	0	0	0	0	0	0
GRID2IP	3	4	0	200	327	8
ATP2A1	0	3	0	112	213	10
OCSTAMP	0	1	0	66	98	4
ZNF627	0	0	0	34	83	4
ATF2	0	5	0	34	58	1
HERC5	1	2	0	78	199	6
KIF21A	2	5	0	94	248	7
CRHBP	0	0	0	28	49	0
PAGR1	0	0	0	28	61	2
OR11L1	0	1	0	26	75	2
ZNF12	0	1	0	49	104	1
CENPE	2	5	0	168	401	2
CFAP90	0	0	0	17	46	2
ENSG00000285269	0	0	0	0	0	0
OPN3	0	1	0	36	70	2
SVOP	1	0	0	63	76	3
H6PD	1	6	0	124	269	9
GRK6	1	1	0	71	97	2
UBR3	1	2	1	140	202	3
MAP1A	2	3	0	206	479	1
DERPC	0	0	0	39	131	0
GCKR	3	1	0	60	153	11
NT5C3B	0	1	0	32	65	3
GRAPL	0	0	0	0	0	0
ENSG00000250424	0	0	0	0	0	0
CDK5RAP1	0	1	0	43	105	6
STING1	0	1	0	43	81	3
SCNN1G	0	3	0	57	113	0
LRIT1	0	1	0	67	148	4
OR6C3	0	2	0	30	99	5
TMEM52B	0	0	0	18	43	2
BAMBI	0	2	0	39	57	1
MYOM1	4	3	0	181	382	10
DEAF1	1	17	0	71	68	1
SNRPB2	0	1	0	12	24	0
MAP2K2	3	4	0	70	89	1
PI4K2A	1	0	0	39	70	2
PEMT	0	1	0	42	66	0
PPHLN1	0	1	0	22	70	2
LVRN	2	2	0	101	204	12
SERPINA12	0	1	0	41	102	3
PPM1F	0	1	0	55	95	2
ZNF345	0	0	0	24	79	9
KRT17	0	0	0	61	119	3
PRKAR2A	0	1	0	30	70	3
ARRDC5	1	1	0	40	89	1
TEX19	0	0	0	8	30	2
OR7G2	1	0	0	23	55	2
NWD2	2	6	0	128	274	5
ENSG00000256514	0	0	0	12	21	0
EPN1	1	3	0	114	129	1
SMIM30	0	0	0	2	7	1
TRAPPC1	0	0	0	13	31	2
IFI27L1	0	0	0	0	0	0
PPP1R35	1	0	0	37	64	2
GPX2	0	0	0	0	0	0
SLC6A17	1	3	0	102	137	0
COL7A1	4	11	1	302	657	26
CCDC3	0	0	0	27	84	0
OR51L1	0	1	0	26	75	2
RSU1	0	0	0	32	54	1
CBX5	0	4	0	14	20	0
ATP2B1	0	5	1	73	104	1
MATCAP2	2	2	0	39	73	3
C9orf78	1	0	0	27	46	0
BLNK	1	2	0	50	73	3
FAM98B	0	0	0	34	89	5
SCX	0	0	0	32	59	0
FOXE1	0	3	0	58	95	0
IMPDH1	0	3	0	71	119	4
HARBI1	3	0	0	26	65	3
SORT1	1	1	0	62	144	0
CCDC51	0	1	0	23	88	10
CAMLG	0	1	0	22	71	1
LPAR3	0	1	0	35	70	0
MCCC1	0	0	0	36	161	7
CCNI2	0	1	0	29	64	2
HNRNPCL3	0	0	0	0	0	0
FOSL2	0	1	0	37	46	0
KIAA2026	1	7	0	213	510	7
SPATA31D3	0	0	0	0	0	0
LEXM	0	0	0	40	109	5
TRNAU1AP	0	0	0	24	44	0
FYTTD1	1	0	0	31	53	0
EFCAB7	1	1	0	35	104	8
ARFGAP1	0	2	0	66	97	1
PAK4	1	5	0	92	172	5
PAK2	0	0	0	39	39	0
MEX3C	0	0	1	90	109	0
C4orf54	0	2	0	178	415	10
HR	3	0	0	136	306	7
CSDE1	1	2	1	55	83	0
ASB8	0	1	0	21	50	1
CYYR1	0	0	0	18	41	1
DNAJC11	0	2	0	58	85	1
FGD6	0	2	0	100	226	2
MAFA	0	1	0	38	79	2
ROMO1	0	0	0	8	18	0
NAA20	0	0	0	21	26	3
NDFIP2	1	1	0	35	73	1
EVX1	1	0	0	56	85	1
DNAH5	3	12	0	369	997	27
PPP1R12A	2	1	3	73	128	0
SYNPR	0	1	0	31	59	0
UBP1	0	2	0	37	66	0
HPGD	0	0	0	16	51	2
COL21A1	2	0	0	86	174	12
FLII	0	4	0	149	314	9
MAST3	3	12	0	184	265	2
SLC22A14	0	1	0	80	144	9
PXDNL	2	5	0	155	345	19
COPS2	0	1	0	26	20	0
MIX23	0	0	0	19	19	2
FEZF2	1	2	0	59	55	0
TRPV6	0	3	0	10	7	0
MKRN3	1	0	0	55	128	0
RPSA	0	0	0	16	17	0
RAET1G	0	0	0	38	65	5
RRP7A	0	0	0	21	66	2
MXRA7	0	0	0	17	26	0
SEPTIN8	1	3	0	52	100	1
FBXL14	0	1	0	62	60	1
ZFP57	0	3	0	0	0	0
SOX7	0	1	0	62	111	1
FCGR3A	0	0	0	22	60	3
CARTPT	0	0	0	9	17	1
TOMM40	0	0	0	46	58	0
LDHAL6A	0	0	0	34	51	2
ALDH4A1	1	2	0	93	165	5
MEF2A	0	0	0	51	92	1
KRTAP12-4	0	0	0	8	22	2
THBS4	0	3	0	93	186	7
KIF7	1	5	2	190	407	14
USP7	0	8	1	105	85	0
CYB5D1	0	1	0	19	40	5
SHC3	0	1	0	68	118	2
SUCLG1	0	1	0	32	72	0
TACC3	1	3	0	120	211	4
ENSG00000290263	1	0	1	48	187	6
MESP2	1	2	0	62	99	2
MT1F	0	0	0	7	19	1
SLC17A7	0	2	0	55	65	0
TPH2	1	0	0	39	75	2
PTPRT	4	8	0	156	270	3
IFT22	1	0	0	16	37	0
C1QTNF3-AMACR	1	0	0	20	43	2
ACTN2	0	4	0	90	172	4
FYB2	0	1	0	57	137	16
JAZF1	0	0	0	20	24	0
H4C4	0	0	0	43	46	2
ATP5MK	0	1	0	9	4	0
NCKAP1	0	2	0	91	112	0
CTNNA3	0	4	0	81	221	3
ZNF423	4	2	0	191	257	0
MGRN1	1	1	0	126	193	1
ZNF675	0	0	0	27	111	10
NUTF2	0	1	0	15	4	0
GNG3	0	0	0	6	5	0
EIF3I	0	2	0	24	36	0
ZG16B	1	0	0	12	36	0
PRRT4	1	2	0	100	204	5
ZNF324	0	3	0	77	124	3
ST8SIA6	2	0	0	46	81	3
GRB10	0	1	0	67	95	1
ZHX2	2	1	0	105	169	2
FAM90A3P	0	0	0	0	0	0
HGF	0	2	0	51	101	5
H3C14	0	0	0	0	0	0
FAT4	4	7	0	417	928	6
SPP1	0	0	0	28	66	4
CDH23	2	13	0	445	896	10
PNMA2	0	0	0	29	69	2
SCAI	0	1	0	47	74	0
PSAP	0	3	0	67	115	0
PITPNA	0	0	0	29	30	0
SFXN5	0	0	0	49	78	2
PCYT1A	0	1	0	43	67	3
BLACAT1	0	0	0	8	8	0
FNBP1	1	1	0	56	90	1
CTSA	0	1	0	43	78	1
TAAR1	0	4	0	25	74	2
PPP2CA	1	4	1	33	11	0
H1-1	2	1	0	62	93	1
RRP36	0	0	0	26	67	8
CCDC152	0	0	0	15	41	2
MLC1	1	1	0	43	99	2
MAPK8IP2	1	3	0	134	181	0
RPS20	0	1	0	13	7	0
GLYR1	3	3	1	69	85	1
CAPNS1	0	0	0	38	56	1
C1orf74	0	1	0	17	43	2
DDC	1	3	0	51	96	4
SNX30	0	2	0	38	95	1
COA5	0	0	0	8	11	0
MGAT2	0	1	0	36	81	1
ENSG00000111780	0	0	0	0	0	0
KIAA1522	1	3	0	124	294	4
ENSG00000261582	0	1	0	11	17	1
TMSB10	0	0	0	6	4	0
ZNF624	0	0	0	55	109	8
STN1	0	0	0	20	79	2
LARS2	2	2	0	86	161	7
ENDOG	0	0	0	35	73	2
POC1B	0	2	0	34	101	3
CMA1	0	1	0	24	72	2
DNAH9	3	8	0	407	1011	29
NOTCH2NLC	0	0	0	5	5	0
ACTB	0	0	0	78	4	0
ZNF276	1	3	0	92	203	1
IL12A	0	0	0	13	24	0
R3HDM1	0	2	0	82	177	0
CLDN6	0	0	0	27	66	4
TBL3	0	2	0	147	253	5
TGM3	1	0	0	104	184	8
SLC27A6	1	0	0	53	130	8
C5AR2	3	0	0	63	88	3
MTRES1	0	0	0	14	44	1
ATP11B	1	3	0	71	162	6
KIFC1	0	1	0	0	0	0
DYNC1H1	5	65	0	435	385	0
RINL	0	3	0	48	116	3
DARS1	0	1	0	33	84	1
CHST15	0	0	0	59	106	3
DLG5	3	4	0	0	0	0
SOX18	2	3	0	58	105	0
MPLKIP	0	1	0	18	46	2
TTBK1	2	2	2	148	273	0
TOM1L1	0	0	0	32	69	3
RGMB	0	0	0	47	75	1
RELL2	0	0	0	25	79	0
PCYOX1	0	1	0	40	105	6
FARS2	1	2	0	49	86	6
OR5D14	0	0	0	35	83	1
LINGO1	1	4	0	103	101	1
SPTBN1	2	14	0	285	353	0
CCER2	0	0	0	30	74	6
PRMT2	2	2	0	52	62	0
MEX3B	0	5	1	98	121	0
LARP4B	1	2	0	83	121	2
POLR2L	1	0	0	12	12	1
H3C2	0	4	0	38	11	1
MPDZ	1	8	0	211	541	13
PYROXD1	0	1	0	35	100	3
ADPRM	0	0	0	26	46	0
CACNA1I	5	10	0	310	403	2
MATN2	0	1	0	113	180	5
KRTAP10-1	0	0	0	54	104	1
DNAAF5	2	5	0	165	221	4
SENP2	0	1	0	31	77	0
PPY	0	0	0	13	22	1
TIE1	4	3	0	135	271	8
FAM229B	1	0	0	3	12	1
KIAA1614	1	2	0	130	259	8
OPRM1	0	1	0	41	96	4
NFYC	0	0	0	28	32	4
ABCB5	0	4	0	111	309	24
MTMR7	0	2	0	66	195	7
GPAM	1	2	0	64	126	8
HSPA9	0	0	0	55	107	3
TCF25	0	3	0	97	171	2
MCFD2	0	0	0	17	38	0
IFNL2	0	0	0	19	36	2
SLC51A	0	1	0	42	70	3
GPATCH2	1	0	0	38	96	6
ENSG00000284956	0	0	0	1	9	0
PIH1D2	0	0	0	17	39	3
PROX1	0	2	0	49	80	0
UGT1A1	0	1	0	52	127	4
FNTB	0	1	0	46	70	0
LMTK3	1	2	0	171	251	1
LNP1	0	0	0	12	33	3
PSMB5	0	1	0	24	31	1
PCDH7	2	4	0	147	218	2
EBAG9	0	0	0	21	23	2
DUSP28	0	0	0	31	60	1
HRH4	0	2	0	29	62	2
STATH	0	0	0	5	18	1
MDFIC2	0	0	0	23	39	0
OR51D1	1	1	0	35	77	3
CLRN2	2	2	0	30	48	1
OR3A1	1	0	0	26	87	4
EDC4	1	9	0	124	208	5
SQOR	0	2	0	47	104	5
INSL6	0	0	0	30	70	3
DNAJC15	0	1	0	14	32	2
KCNV2	3	1	0	119	236	8
FBXO46	2	2	0	83	118	2
PTPN20	0	0	0	3	15	1
PSEN1	0	0	0	42	57	0
C18orf25	1	1	0	27	73	1
EPHA8	1	1	0	131	284	2
LRRTM2	0	1	0	38	70	0
C17orf97	1	1	0	62	102	4
OR6K6	1	0	0	32	70	2
CTPS1	1	1	0	35	55	1
UBAC1	1	1	0	50	86	0
KCNS1	1	1	0	54	98	0
BRICD5	0	3	0	42	108	3
NAA16	1	0	0	70	149	8
RLF	0	1	0	131	231	1
DEFB106B	0	0	0	0	0	0
CPA1	1	1	0	48	90	2
C4orf33	1	1	0	18	29	2
FAM171A1	0	2	1	112	199	2
ZDHHC7	0	0	0	46	65	2
ZNF625-ZNF20	0	0	0	8	20	2
MS4A8	1	0	0	26	49	2
BBC3	0	0	0	16	32	1
ASTN1	0	6	0	124	254	3
UTS2B	0	1	0	11	22	4
ZFAND5	0	0	0	13	19	0
OPTN	0	1	0	56	106	5
HJURP	1	1	0	72	192	6
CMTM3	1	1	0	23	46	0
DPEP2NB	0	0	0	9	26	0
TSPAN1	0	0	0	25	45	1
NME4	0	1	0	30	67	1
TSPAN4	2	0	0	54	69	4
VSX2	1	0	0	56	73	0
ZNF763	0	0	0	30	83	9
GNPDA1	0	0	0	26	43	3
SLC36A1	0	1	0	62	98	0
WT1	0	2	0	52	82	3
KMT2D	4	18	16	550	1025	1
SPAG7	0	0	0	32	41	0
SERPINC1	0	2	1	44	83	2
CPLX1	0	1	0	18	44	0
CWH43	1	3	0	62	131	5
C17orf98	0	0	0	0	0	0
KCNC3	2	5	0	116	129	4
SLC47A1	0	0	0	62	130	4
ATG4B	1	3	0	51	79	2
SLC25A4	0	2	0	26	36	2
ZNF382	0	2	0	33	78	1
PALMD	2	1	0	37	99	2
OR1L1	0	1	0	29	65	3
USP39	0	0	0	60	92	1
HRNR	0	0	0	229	663	43
ZYX	0	2	0	71	133	7
OR8U1	0	0	0	2	3	0
ADRA1D	0	0	0	65	149	4
YRDC	0	2	0	43	62	2
CYP27A1	0	0	0	64	139	7
MUC4	2	6	0	0	0	0
CLPP	0	1	0	34	55	2
AXDND1	1	2	0	72	170	12
CGB1	0	0	0	4	8	0
F2R	0	0	0	29	54	2
C15orf62	0	1	0	20	45	3
FPR2	0	1	0	32	69	1
ZNF564	0	1	0	35	105	9
DCTN2	0	1	0	34	68	0
GPR15	1	2	0	37	77	3
PNRC1	0	1	0	44	82	0
FRAT2	0	0	0	35	62	2
ARHGAP8	1	1	0	123	227	7
TECTA	3	4	0	238	441	20
RMI2	0	0	0	30	46	2
ENSG00000285991	0	0	0	17	60	4
NRSN2	0	1	0	30	47	2
TRIR	0	0	0	18	18	0
PDCD1	1	1	0	0	0	0
PHAF1	2	1	0	32	50	1
TNNT1	0	1	0	21	45	1
ZNF254	0	0	0	58	182	11
PRSS23	0	1	1	37	89	3
CHIT1	0	1	0	45	126	2
CBX6	0	0	0	55	67	0
RPL9	0	0	0	16	36	0
NECAB1	0	1	0	28	59	1
PRH2	0	0	0	0	0	0
TMEM94	0	4	0	139	258	4
LRRN4	2	2	0	67	194	3
CAMK2N1	0	0	0	3	8	0
ERLIN1	0	2	0	31	41	2
FEN1	0	0	0	23	54	1
TAF1D	0	0	0	14	45	3
CBX2	0	2	0	92	149	3
STARD7	0	1	0	35	84	1
KPNA5	0	0	0	28	72	2
EIF4G1	0	2	0	157	306	1
UTP15	0	0	0	51	78	0
ZAN	1	5	0	292	639	22
CCIN	0	2	0	53	125	4
ACSM2B	0	0	0	54	101	8
ZNF80	0	0	0	20	60	7
CSRP3	0	0	0	16	50	1
NLK	0	2	0	39	64	0
SRCIN1	1	1	1	0	0	0
ZNF444	0	0	0	76	68	0
MED10	1	0	0	9	24	1
BHLHA9	1	1	0	38	58	1
CETP	1	1	0	62	115	7
PYCR1	1	0	0	50	74	0
JAGN1	0	0	0	26	33	1
NXN	1	1	0	42	63	0
CLCF1	0	2	0	26	40	1
RPS6KA5	0	1	0	72	111	1
GP5	0	1	0	72	107	1
ZNF451	0	0	1	62	143	6
MANSC1	0	0	0	52	104	3
CNPY2	0	0	0	12	37	2
EXOC3L4	1	4	0	110	185	8
WIPF1	0	0	0	58	96	2
KLK1	0	1	0	25	54	0
DEFB126	0	0	0	10	23	2
NLRP3	0	3	0	110	138	1
FXYD6	0	0	0	8	20	0
SIRT4	0	0	0	30	69	2
YWHAG	0	6	0	38	19	0
ATP6V0E1	0	0	0	7	9	0
DPY19L3	0	0	0	73	117	5
RNF115	1	0	0	19	54	2
ENSG00000284797	0	0	0	20	55	2
GFER	0	1	0	25	59	2
CARMIL1	2	1	1	113	204	7
ZNF552	0	0	0	19	35	1
PRXL2A	0	1	0	21	40	5
PTPRC	0	6	1	51	133	1
DNAH7	3	7	0	291	810	40
ISCA2	0	1	0	13	23	3
SLC1A1	0	3	0	72	133	2
OAZ3	0	1	0	17	56	3
STIL	0	1	0	93	214	2
POLR3D	0	2	0	46	93	3
SOX4	1	4	1	99	119	0
SYT15	1	0	0	0	0	0
AIF1L	0	0	0	14	42	2
VASN	1	0	1	0	0	0
HCN3	0	2	0	0	0	0
NELFE	0	1	0	0	0	0
ANGPTL2	0	1	0	60	108	4
TMEM205	0	1	0	12	41	2
PRAC2	0	0	0	6	27	0
ZNF394	1	2	0	57	102	2
AGPAT4	0	1	0	34	45	0
TMEM41A	0	0	0	30	46	0
GNAL	0	1	0	47	56	1
SPRING1	0	0	0	22	59	1
ORC1	2	3	0	72	168	7
ACAD8	0	1	0	35	82	6
EPM2A	1	1	0	38	84	3
WIPF3	1	1	0	57	128	1
CCDC180	2	3	0	141	341	25
MACIR	0	0	0	28	30	2
ANXA2R	1	0	0	15	38	2
PJA2	0	4	0	53	124	1
OR4C12	0	0	0	27	61	1
EMX1	1	0	1	34	56	0
HERPUD2	0	0	0	36	69	0
APPL2	1	3	0	61	129	10
MCOLN1	1	1	0	70	117	2
ITGA2	0	3	0	93	190	6
MNAT1	0	1	0	20	43	3
KYAT1	0	0	0	37	107	2
FAM86B1	0	0	0	0	0	0
NPIPB4	0	0	0	0	0	0
PTP4A2	0	0	0	7	9	1
HBB	0	0	1	21	25	1
CCDC197	0	0	0	0	0	0
TMEFF1	2	0	0	29	69	0
MVD	0	2	0	65	132	4
PRDM6	1	0	0	88	132	0
ACADM	0	1	0	42	77	1
ANKRD16	0	0	0	40	79	3
NUPR2	0	0	0	14	20	0
MGST3	0	0	0	8	25	0
PLEK	0	2	0	27	59	3
PDGFA	2	1	0	31	47	0
HOPX	0	0	0	9	26	0
LRRFIP2	0	3	2	48	137	13
APLP1	0	2	0	73	134	5
WRAP73	0	0	0	65	107	3
ADAM21	0	0	0	62	123	5
DMTN	0	0	0	43	77	1
FBN1	1	19	6	242	413	1
CNTNAP3C	0	0	0	3	4	0
RBM18	0	0	0	11	20	1
ZNF836	0	0	0	56	159	13
SGSM3	2	0	0	115	207	4
PTPN3	0	2	0	105	194	6
GABPB2	0	0	0	25	87	2
PICK1	0	2	0	53	77	3
NR3C2	0	0	3	86	141	0
ENSG00000267881	1	0	0	7	10	1
AKR1C1	0	0	0	19	46	5
FLI1	4	4	0	66	75	0
SBSPON	0	0	1	20	64	5
FAM78A	0	0	0	37	55	0
TBC1D2B	0	0	0	92	183	5
FBXW8	0	1	0	72	149	5
CENPC	1	1	0	52	163	2
GALNT14	0	1	1	63	152	4
RFX2	1	2	0	101	138	4
RRP15	1	1	0	28	47	1
IL13	0	0	0	16	29	1
FIGNL1	0	3	0	45	134	4
SLC25A47	0	2	0	52	111	4
TAC1	0	1	0	8	17	0
NPHP3	0	2	0	99	241	14
EIF4H	0	0	0	19	22	1
PHACTR4	0	2	0	49	125	3
C1orf226	0	0	0	15	52	0
CLIP4	0	1	1	54	122	3
APCS	0	1	0	16	43	4
UBE3B	2	2	0	99	210	7
TCL1B	0	1	0	16	35	2
ITPRIPL2	0	0	1	60	101	2
FLOT2	1	2	0	39	85	4
MDM2	1	1	0	32	49	0
LYG2	0	1	0	18	47	3
ETV6	1	2	0	47	64	1
RPS3A	0	0	0	23	21	0
DHRS7C	0	0	0	33	69	5
ZNF710	0	1	0	109	116	0
CPOX	1	2	0	48	89	0
FAM20C	0	1	0	62	93	0
SYCP3	0	0	0	12	33	1
DNASE2B	1	2	0	20	68	12
PSMB7	0	0	0	19	36	0
BRPF1	1	3	5	130	172	0
HDLBP	2	4	0	125	176	0
CTU2	2	2	0	108	230	9
OR5H6	0	0	0	39	78	3
RPS6KL1	0	1	0	61	123	3
RNLS	0	0	0	25	74	3
KLK7	0	0	0	34	69	0
ERP29	0	1	0	26	51	2
SPTB	3	8	0	300	548	0
POLR1A	3	9	0	186	311	2
CCDC127	2	0	0	22	31	3
FKBP6	1	0	0	32	57	1
ZMYND19	0	1	0	23	36	1
TTC5	0	0	0	30	67	9
SCGB2B2	2	1	0	5	22	3
FAM124A	2	1	0	62	103	2
CTDNEP1	0	1	0	15	21	0
TMEM69	0	0	0	11	34	3
SEM1	0	0	0	11	7	1
ENSG00000248710	1	3	0	68	150	7
ERBB4	1	3	0	95	232	1
SMPD4	0	0	0	94	146	6
CUL3	1	2	2	63	55	0
GAPVD1	3	3	0	103	213	0
NTS	0	1	0	7	31	1
FOXB1	0	1	0	43	50	0
SLC7A6OS	0	1	0	29	69	1
HK2	0	1	0	92	192	3
ASCL5	0	0	0	19	56	4
ENSG00000272980	1	0	0	31	96	1
HIGD2A	0	1	0	8	9	0
TGFB1I1	0	0	0	41	81	2
ANKRD49	0	0	0	15	25	3
ENSG00000285625	0	0	0	0	0	0
TDRD12	3	1	0	116	282	16
KDM3A	2	5	0	103	197	1
ULBP2	0	0	0	21	38	1
ENSG00000267706	0	0	0	0	0	0
EIF3L	1	1	0	47	72	1
OR51V1	0	0	0	30	73	5
LHX4	0	0	0	47	83	0
OR5B12	0	1	0	21	73	1
C2orf76	0	0	0	11	29	2
PRR20D	0	0	0	0	0	0
MAPK11	0	2	0	40	46	2
CCDC85C	4	2	0	56	95	1
APBB2	0	1	0	81	122	2
AMBRA1	1	4	0	115	213	6
SMIM34	0	0	0	0	0	0
PUS10	0	0	0	38	105	7
CCDC78	2	1	0	47	149	8
BMAL2	1	0	0	42	98	2
SPRR2E	0	0	0	4	16	3
POMGNT1	1	1	0	60	150	5
SCTR	2	1	0	38	85	3
OSBPL11	1	1	0	53	99	2
ZC3H18	1	4	0	136	246	1
GJA4	0	3	0	38	71	3
EIF3K	0	0	0	17	49	2
FAM118B	0	0	0	29	56	2
KRTAP13-4	0	1	0	19	49	3
FAM133B	0	1	0	13	34	2
JCAD	0	1	0	140	318	3
CCDC116	0	1	0	61	167	5
FCN3	0	1	0	24	68	2
GEN1	2	0	0	56	154	8
SPATA46	0	0	0	27	60	7
C2CD3	0	3	0	171	413	10
DAZAP2	1	0	0	17	27	0
ARHGAP10	0	3	0	76	183	5
EPB41L1	1	2	0	80	135	0
RPL7	0	1	0	24	43	0
DNAJC9	0	0	0	16	48	0
RGS18	0	0	0	15	45	2
OR1D5	0	0	0	11	26	1
ZNF865	0	2	1	127	206	0
MAGI1	0	5	1	156	288	1
ATP13A2	0	1	0	176	251	11
GNG2	0	0	0	8	7	0
EVL	0	0	0	53	83	1
ACP6	0	0	0	41	85	1
FAM227B	0	0	0	35	101	14
NAGS	0	1	0	59	102	3
ITIH3	1	3	0	92	189	3
H3-4	0	1	0	37	48	2
CYP4F22	0	1	0	53	129	4
CDR2	0	1	0	52	69	2
SYPL2	0	0	0	32	61	1
C16orf46	0	0	0	38	99	4
CIDEC	0	1	0	35	65	0
HKDC1	0	1	0	116	230	11
SLC6A2	0	1	0	73	95	0
DKK4	0	0	0	26	48	2
SAMD15	0	0	0	54	114	3
IMPACT	1	1	0	24	69	0
ZMYM6	3	1	0	67	222	6
IFNA7	0	0	0	18	42	1
ISG15	0	1	0	26	41	3
ENTPD8	2	2	0	68	122	6
FGFBP1	0	0	0	25	47	1
GGN	2	0	0	64	155	4
OR2T5	0	0	0	0	0	0
INSYN2A	0	1	0	59	117	1
CES4A	1	1	0	53	107	2
SPDYE16	0	0	0	0	0	0
C10orf88	1	1	0	22	85	4
FAM83F	0	1	0	61	113	3
ENSG00000258864	0	0	0	0	0	0
OVCA2	0	0	0	40	62	3
TGFB1	1	1	0	41	80	0
TFIP11	1	4	0	81	156	7
PRKAR1A	0	5	1	47	37	0
MRPL2	0	0	0	25	70	2
ATG14	0	2	0	49	84	2
EDDM3A	0	0	0	19	26	4
KIF5B	0	3	1	59	93	2
ARAP3	0	5	0	124	327	11
ASAP3	2	3	1	81	192	4
AKT1	1	4	0	63	60	0
MRPL10	0	1	0	20	73	3
STK19	1	0	0	0	0	0
MCRS1	0	2	0	35	72	0
GRID2	0	3	0	84	166	2
TMEM167B	0	0	0	5	21	0
LCE4A	0	0	0	2	19	3
MYLK3	0	0	1	95	171	7
FBP2	0	1	0	45	81	2
EXOSC7	0	0	0	24	63	5
MYRF	1	5	0	121	210	0
PCDHB7	0	0	0	115	229	5
ZDHHC21	0	1	0	25	48	1
OR4N4C	0	0	0	0	0	0
RPS24	0	1	0	17	10	0
TMED6	0	1	0	19	57	2
SMAP2	0	0	0	28	52	0
TLX1	0	0	0	42	55	0
IP6K1	3	2	0	34	66	1
FRG2C	0	0	0	2	10	1
FRYL	3	6	2	208	439	7
CCDC68	0	0	0	18	64	6
EPS15L1	3	2	0	129	168	1
COL11A2	1	2	0	0	0	0
RPL39L	0	0	0	3	5	1
ANO4	1	1	0	54	119	6
UBIAD1	0	1	0	33	54	1
STK11	2	2	0	79	89	0
NNAT	0	0	0	9	10	0
LAP3	0	1	0	52	127	2
WDR3	2	2	1	60	170	9
MTUS1	2	7	0	146	390	8
IL21	0	0	0	9	22	2
GPR32	0	0	0	37	68	0
UGT2B11	0	0	0	54	121	5
CDC5L	1	1	0	83	89	2
RTKN2	1	1	0	37	134	7
CASP12	0	0	0	0	0	0
IGSF6	0	0	0	20	46	1
PRKRA	1	0	0	19	43	1
SOX9	0	4	1	71	90	0
ZNF672	0	0	0	69	127	3
STH	0	0	0	0	0	0
VPS51	0	2	0	90	155	2
CDCA7	0	0	0	33	66	3
HSPB2	0	0	0	16	33	2
RAD21	0	3	1	53	66	1
FOXH1	0	0	0	60	109	5
TTYH3	1	1	0	93	149	0
TRIM77	0	0	0	36	96	6
ABTB2	0	1	0	124	227	6
AKIRIN1	0	1	0	21	24	0
CCDC138	1	2	0	57	124	5
ZNF517	1	2	0	81	124	4
ADORA1	1	0	0	34	50	1
PTPN2	0	0	0	28	59	0
IFT27	0	1	0	18	37	2
MCM9	0	1	0	86	231	10
B4GALT7	1	1	0	42	91	2
PRODH2	1	1	0	64	116	4
PHYH	0	0	0	37	84	1
CGRRF1	1	0	0	22	59	2
FOXQ1	0	0	0	67	133	0
SQLE	1	1	0	40	77	1
SLC35F2	0	0	0	35	58	3
ENSG00000288629	0	0	0	1	4	0
SENP5	0	2	0	63	99	0
IRF7	0	1	0	0	0	0
GLT8D1	0	0	0	16	68	3
ENSG00000279073	0	0	0	7	38	1
AGBL5	0	4	0	70	182	6
RTN4RL2	1	1	0	54	61	2
SIDT2	0	2	1	93	164	2
SMAD3	0	2	0	51	39	0
EDDM3B	0	0	0	17	29	3
EIF4E2	0	0	0	17	30	1
ZNF263	1	1	1	55	128	4
SULT1A3	0	0	0	0	0	0
UXS1	0	0	0	39	64	0
DCTPP1	0	1	0	19	33	1
PRKCA	2	3	0	65	77	3
ABCA10	0	2	0	114	297	12
RETREG3	0	1	0	44	96	1
ZNF813	0	0	0	55	137	7
EEF2KMT	0	0	0	47	106	4
IFNK	0	0	0	14	33	7
ITIH5	1	2	1	122	240	9
SMIM1	0	1	0	8	15	0
MINAR2	0	0	0	13	38	0
GOLGA8M	0	0	0	0	0	0
MSTO1	0	0	0	22	49	2
SUCLA2	0	2	0	27	94	2
TMEM267	0	0	0	12	39	6
CXCR6	0	1	0	32	47	4
RPH3A	2	4	0	68	154	1
PIP4P2	0	1	0	21	38	2
IZUMO1R	0	1	0	24	65	3
RRM2	0	0	0	29	41	0
C14orf28	0	0	0	20	49	3
SLC16A5	0	0	0	59	115	2
DDN	0	1	0	61	135	1
SSR2	0	0	0	22	31	0
PRKG1	1	5	0	63	76	0
TEP1	1	3	0	252	604	16
OR10G8	1	0	0	34	80	2
MARK3	0	5	0	70	143	3
PRAMEF14	0	0	0	40	75	4
OR4L1	2	0	0	25	72	4
ENSG00000288645	0	0	0	13	35	0
ENSG00000268533	0	0	0	0	0	0
CAMK1G	2	2	0	59	91	3
IGSF11	1	3	0	30	74	3
ORC6	0	1	0	28	51	1
CDC27	0	0	0	39	88	0
GNG10	0	0	0	5	11	3
ACTR3B	0	2	0	33	35	0
H2AC18	0	0	0	0	0	0
CHML	1	0	0	42	129	2
UBXN2A	1	0	0	19	33	3
ZSCAN16	0	0	0	26	63	2
CLDN16	1	0	0	18	36	1
PRIMPOL	0	0	1	43	98	3
DPY19L2	0	0	0	58	135	4
PLXDC1	0	3	0	45	102	1
VAPA	0	0	0	24	49	0
SIGLEC16	0	0	0	0	0	0
CSTL1	0	0	0	17	36	4
TRIM25	1	4	0	59	109	4
SYTL2	0	2	0	187	472	17
LPCAT1	0	0	0	8	12	0
SETD5	0	7	15	110	227	0
MYOG	0	0	0	26	45	0
ADD1	3	3	0	80	167	2
HGD	0	2	0	47	108	1
NDUFV2	0	0	0	14	53	2
GTF2IRD2	0	0	0	5	15	0
MPPED1	2	0	0	45	47	1
NDUFB4	0	1	0	8	28	4
RP1	2	8	1	150	350	9
POTED	0	0	0	0	0	0
TRUB1	0	1	0	30	58	2
ZNF880	0	0	0	38	100	7
CYP4F8	0	1	0	67	126	7
FURIN	1	4	1	111	168	0
TTLL3	1	1	0	57	203	10
PCID2	0	0	0	33	56	4
SLC25A33	1	1	0	20	45	0
EDRF1	2	3	1	98	161	4
LINGO3	0	2	1	69	106	0
DDX18	0	1	0	54	132	0
EEF1A2	1	18	0	83	16	0
CD244	2	1	0	33	76	5
ENSG00000267127	0	0	0	4	11	1
FBRSL1	0	2	0	205	328	0
DPEP1	0	3	0	62	133	5
HHIPL1	2	0	0	87	207	4
HCFC2	1	0	0	37	80	1
EIF1B	0	0	0	9	7	0
TNFRSF10B	0	1	0	37	88	4
DAAM2	1	4	0	97	274	1
LACC1	0	0	0	27	65	4
GPR39	0	0	0	55	106	4
KLHDC10	0	2	0	33	46	2
GOLGA6L6	0	0	0	10	37	2
TUBA1A	0	0	0	32	1	0
BANF2	0	0	0	12	20	0
GOLGA6B	0	0	0	3	8	0
MCCC2	0	0	0	26	53	2
HMGN3	0	0	0	12	28	0
RSPO1	2	2	0	37	66	1
AIPL1	0	0	0	46	99	2
GHRHR	1	0	0	63	111	0
OR2L3	0	1	1	28	83	5
RPA2	0	0	0	13	41	0
FMO3	0	0	0	41	121	4
HPD	2	3	0	49	89	2
NRL	0	0	0	26	50	1
ADHFE1	0	5	0	40	97	2
VPS33A	0	0	0	50	106	0
MRPS15	0	0	0	19	61	5
LYNX1	0	0	0	19	37	0
BRSK1	0	1	2	97	90	1
KIFC3	1	0	0	118	174	8
ZIM3	0	1	0	43	82	5
FAM3D	0	0	0	29	56	2
PRPH	0	1	0	42	88	8
SERPINB3	0	0	0	30	94	5
RBP4	0	1	0	30	37	3
CCT5	0	1	0	48	94	0
OR2C1	0	1	0	32	85	6
SMC5	0	2	0	70	171	7
SCD	0	0	0	30	46	0
CALHM3	1	1	0	32	95	2
RASGRP2	2	2	0	53	118	1
CD248	1	3	0	91	165	2
CHST14	0	2	0	30	78	2
PLA2G4E	0	1	0	108	191	11
GAL3ST1	0	3	0	60	82	2
NTRK3	2	3	0	101	153	1
PPP1R14C	0	1	0	17	32	2
GADD45A	0	0	0	16	18	0
PRDM1	2	0	0	68	132	0
IL1A	0	0	0	18	57	1
SORBS1	1	3	0	114	251	6
ZNHIT1	0	0	0	22	35	4
KANSL3	0	1	0	57	136	0
FAM110C	1	0	0	45	85	6
ITPR3	2	9	0	287	494	12
PRDM7	0	0	0	29	101	6
NEDD9	0	0	0	80	184	3
BOC	0	4	0	132	255	7
CP	0	2	0	75	197	4
LYZL4	0	1	0	12	38	0
CLEC10A	0	1	0	26	56	3
CD33	0	1	0	39	89	4
EIF2S1	0	1	0	14	22	0
GTPBP3	0	0	0	64	103	2
SYNPO	0	4	0	99	217	1
H3C7	0	0	0	20	17	0
CDK11B	0	0	0	63	64	2
NDUFAF6	1	2	0	33	79	4
MON2	0	2	1	117	237	7
SIRT6	0	2	0	51	96	1
ATF7IP2	0	2	0	55	141	3
PTCHD3	0	0	0	0	0	0
ADAMTS3	0	2	1	91	249	2
EEF1AKMT1	0	0	0	23	45	3
SHPK	1	1	0	65	127	6
SREBF1	2	4	0	134	233	5
ARSK	0	1	0	38	103	4
TMEM120A	0	0	0	57	86	3
DRD1	0	0	0	40	70	0
SPACA7	0	0	0	0	0	0
USP21	0	1	0	50	101	4
SEC22A	0	0	0	12	48	3
MARCHF11	0	0	0	47	81	1
MLN	0	1	0	14	21	0
MYBL1	1	2	0	51	98	0
H4C9	1	1	0	21	21	1
TIMM22	0	1	0	0	0	0
SMARCD2	0	1	0	56	84	0
SBNO2	4	4	0	0	0	0
OR56B4	0	1	0	26	73	3
NUDT6	0	2	0	27	80	5
GRIA4	1	3	0	68	98	4
PEA15	0	0	0	9	14	0
SP140	0	1	0	54	143	2
TRIM15	0	0	0	0	0	0
ETFDH	0	3	0	43	100	6
MNT	0	5	0	86	129	0
C2orf50	0	0	0	10	40	0
MAP7	0	2	0	76	177	9
CYP2D6	0	0	0	0	0	0
KCP	1	5	1	184	436	23
UBALD1	0	0	0	40	38	1
PPIG	0	3	0	58	115	2
GPATCH2L	0	0	0	47	64	2
S100A8	0	0	0	12	15	0
GPR161	0	1	0	69	109	2
TMTC2	1	2	0	69	154	3
NKX2-2	2	1	0	29	66	1
MFSD6	0	2	0	54	131	0
TMA7B	0	0	0	8	14	0
PLA2G10	0	0	0	0	0	0
ZNF709	0	0	0	35	91	10
EXOC1	0	1	0	50	131	8
SEC22B	0	0	0	20	33	2
SLC6A16	0	2	0	54	144	14
MFSD11	0	1	0	41	78	3
ZNF816	0	0	0	39	121	5
ABI2	1	2	0	33	72	1
KCNQ5	3	5	1	100	122	2
MUSK	0	2	0	69	187	2
FAM151A	0	2	0	75	128	8
C1QTNF8	0	0	0	38	112	4
ENSG00000289491	0	0	0	2	10	0
CRHR1	0	0	0	0	0	0
PROP1	2	0	0	4	4	0
PIGN	0	1	0	79	163	11
PRR22	1	0	0	77	118	5
NKX2-6	0	3	0	30	82	1
PAPOLG	0	2	0	44	82	2
GLYATL3	0	0	0	26	49	3
KCNC4	0	4	0	87	134	1
RNASEL	1	1	0	46	131	3
UQCC2	0	0	0	18	22	2
RNF139	0	1	0	50	103	3
GTF2H1	0	2	0	34	68	1
PDZD7	3	5	0	131	258	6
PRR20A	0	0	0	0	0	0
KBTBD2	2	2	0	39	79	1
GCAT	0	2	0	44	91	3
CIPC	0	0	0	29	56	1
B3GALT6	0	1	0	66	112	0
EXD2	0	3	0	38	129	6
KDELR2	0	1	0	26	46	0
SECISBP2	1	1	0	65	151	8
GALNT10	0	1	0	56	114	6
RBM7	0	0	0	13	51	0
SBDS	0	0	0	23	33	2
SGMS1	0	0	0	42	43	0
CYS1	0	0	0	15	64	2
PGGT1B	0	0	0	36	56	1
TMEM132B	1	2	0	116	165	0
ACAT1	0	1	0	34	69	3
NFKB2	1	3	0	98	124	0
ZNF232	0	0	0	29	86	0
CPHXL	0	0	0	39	97	4
TMEM87B	0	3	0	49	106	7
ENSG00000259171	0	0	0	1	5	0
ENSG00000273217	1	3	0	116	230	6
DIP2C	3	3	0	271	232	0
ATP6V1G3	0	0	0	0	0	0
FYCO1	1	4	0	127	320	8
AKR1B1	0	2	0	39	70	2
UBAP1	0	1	0	46	78	0
ITGA5	0	5	0	88	176	2
TRAPPC2L	0	0	0	33	45	1
PRDM13	2	2	0	83	148	0
DPYSL2	2	1	0	74	83	0
IGSF23	0	0	0	19	36	1
NME8	0	1	0	56	130	10
LRRC66	0	2	0	81	189	12
EZH2	0	7	0	68	54	2
RMC1	0	4	0	64	112	1
CTSE	0	0	0	52	88	3
PPP3CA	0	6	0	37	34	0
H3C10	1	1	0	26	22	0
BNIP1	0	0	0	27	34	3
PGM3	0	2	0	26	72	2
MARCHF8	1	2	0	3	8	0
SALL2	0	1	0	93	187	4
TMEM106A	0	0	0	20	43	3
ZNF585B	0	1	0	55	117	4
ATXN7L1	2	1	0	88	159	2
ZNF765	0	0	0	45	92	6
PIGR	0	0	0	84	181	2
FAM162A	0	1	0	12	41	0
MOB1B	0	0	0	13	33	1
ADCY8	0	6	1	117	237	2
EXOSC8	1	0	0	14	53	2
VSIG2	0	0	0	26	70	1
SHC1	0	1	0	55	119	1
VSIR	0	1	0	45	70	0
NT5C1A	0	1	0	34	101	4
AGPAT1	0	1	0	0	0	0
ARPC1A	0	0	0	27	49	1
OR5H14	0	0	0	49	81	7
RAD9A	0	2	0	52	80	2
ALDH16A1	2	1	0	123	256	14
OR6K3	0	0	0	39	78	0
DTX1	0	1	0	102	121	0
CDK5	0	1	0	29	28	0
STMN3	0	0	0	27	30	1
ENSG00000283765	2	0	0	39	73	1
GREM2	1	0	0	22	26	0
COL6A3	3	6	0	361	790	5
ENSG00000235007	0	0	0	10	16	1
MAPKAPK2	0	1	0	45	50	1
NBPF12	0	0	0	80	198	12
AGMO	0	2	0	54	128	7
SBNO1	1	3	0	121	205	1
MUC13	0	1	0	35	94	0
RABL2A	0	0	0	6	5	1
H2AC11	0	1	0	38	30	3
CWF19L1	0	1	0	38	93	4
SMIM35	0	0	0	11	22	0
UCHL1	0	0	0	21	33	1
TMEM235	0	3	0	27	62	1
SCD5	0	0	0	38	68	4
TMEM190	0	0	0	26	44	0
C2orf16	1	2	1	351	867	36
RGP1	0	1	1	24	93	4
FAM90A13P	0	0	0	0	0	0
C1orf100	0	0	0	10	30	5
ZMYND10	0	3	0	30	76	1
PYCR3	0	0	0	0	0	0
CDK2AP2	0	0	0	14	11	0
ADIPOR2	1	0	0	33	40	1
FUT3	0	0	0	38	77	1
IL19	0	1	0	18	30	1
ZSCAN32	0	1	0	79	164	6
KCTD10	0	0	0	40	37	0
COX5A	0	0	0	13	31	0
JADE2	1	1	0	91	152	0
RAF1	0	7	0	55	86	1
AHCTF1	0	3	1	126	321	0
NUP214	2	4	0	178	399	4
RAB5B	0	0	0	16	36	1
HBQ1	0	0	0	20	28	2
PIK3R4	1	1	0	87	186	2
JAKMIP3	2	4	0	124	196	3
PNPLA5	1	1	0	42	108	5
ADH1B	0	1	0	43	95	3
PPP1R3B	0	1	0	37	80	0
ADAMTS14	2	0	0	152	314	11
CILK1	0	1	0	58	99	5
PCLAF	0	0	0	6	17	0
CENPS-CORT	0	0	0	17	21	3
RAB7A	0	0	0	16	27	0
SLC25A27	0	0	0	26	47	3
ZFTRAF1	2	2	0	78	69	0
EPHB1	0	2	0	105	197	0
GANAB	1	5	1	89	163	0
CEBPA	1	1	0	48	73	0
MCM7	0	2	0	94	195	7
HSPB1	0	0	0	32	48	1
LARP1	0	4	0	109	171	1
ADA	1	0	0	40	90	1
CHODL	0	0	0	25	43	5
CST9	0	0	0	17	41	2
SRRM1	1	1	0	78	146	1
OR11H12	0	0	0	1	6	0
STK10	1	1	0	111	192	6
PWWP2B	2	2	0	123	160	1
APBA3	0	1	0	92	176	7
XAB2	0	4	0	119	197	4
COL5A3	2	6	0	203	375	10
PIK3IP1	0	2	0	32	42	3
MS4A6A	1	0	0	18	45	1
ENSG00000273269	0	0	0	0	0	0
PIGBOS1	0	0	0	4	10	2
HHIP	0	3	0	54	122	0
CELSR3	4	8	1	331	635	3
SNRPF	0	0	0	4	5	0
METTL16	2	1	0	54	75	0
CLEC19A	0	0	0	15	28	1
ENKD1	0	2	0	30	103	4
NOG	0	1	0	24	33	0
ZNF878	0	1	0	30	86	8
KLRC1	1	0	0	13	29	2
THAP4	1	2	0	79	120	1
MAP9	0	1	0	49	119	7
HEBP2	0	0	0	20	41	1
KRBA2	0	1	0	23	93	6
SNAP25	0	6	1	17	18	0
LRRC10B	1	1	0	21	54	3
ATP5MC2	0	0	0	13	19	3
CYSRT1	0	0	0	6	33	2
VPS13A	0	6	1	220	528	13
ZFP90	0	0	0	50	116	2
GNPDA2	0	1	0	16	45	1
YARS2	0	1	0	42	81	1
GULP1	0	0	0	20	55	0
MTTP	1	5	0	69	157	6
IGFL4	0	0	2	13	25	0
ACAP2	1	1	0	58	93	1
DRD5	0	0	0	68	131	5
B3GALT9	0	0	0	20	60	4
PSG6	0	0	0	95	206	12
FAM131B	1	1	0	36	65	3
BCS1L	0	1	1	34	61	5
SCOC	0	0	0	4	2	0
C3orf84	0	0	0	11	40	3
NFKBIL1	0	1	0	0	0	0
CAMK2B	1	7	1	97	100	1
SSH2	2	5	1	113	199	1
FGF14	1	1	1	30	27	0
FUT10	0	0	0	39	107	10
USP50	0	2	0	25	59	5
SLC12A5	1	3	0	121	123	1
ZFP42	0	0	0	20	71	3
GABRA1	1	14	0	52	33	1
KRT2	1	2	0	68	137	2
NIN	4	3	1	165	411	13
FGF22	0	1	0	34	75	2
CDYL2	0	1	0	81	130	0
GCLC	0	1	0	42	62	1
H2BC10	0	0	0	18	30	1
ACD	1	2	0	42	91	3
SRGAP2C	0	0	0	3	7	1
ADH5	0	0	0	26	55	5
DAZAP1	1	3	1	48	43	1
FAM83C	0	1	0	85	208	5
TECTB	0	0	0	37	75	1
ING5	0	0	0	29	35	2
FGF3	0	0	0	32	62	1
DCLK2	0	3	0	69	123	2
PPIH	0	1	0	11	22	0
CLDN10	0	0	0	25	38	3
H4C11	1	4	0	19	4	0
LGALS7	0	0	0	0	0	0
TSSK2	2	0	0	54	88	2
FABP7	0	0	0	11	26	0
LGR4	1	2	1	78	155	1
C1QTNF7	0	0	0	32	50	1
MAPK15	0	1	0	0	0	0
WDTC1	0	2	0	77	90	0
ZNF326	0	0	0	51	93	2
ZNF486	0	0	0	45	122	4
OGDH	0	2	0	122	136	1
PCDHB14	0	0	0	101	189	7
CCDC97	2	2	0	42	94	5
ZNF683	1	1	0	47	102	6
KLHDC8B	0	0	0	29	73	0
NOCT	0	0	0	43	76	1
TMC8	1	0	0	82	182	4
MSH5-SAPCD1	0	0	0	1	5	0
SPI1	0	1	0	33	34	0
BRMS1	0	1	0	27	64	1
KIF24	0	6	1	110	264	12
STK32A	0	1	1	34	86	4
LRRTM4	1	3	0	53	85	1
HS3ST5	0	0	0	27	52	0
TOMM20L	0	0	0	13	32	2
PCSK7	0	2	0	63	124	4
BCL2L2-PABPN1	0	2	0	32	62	0
MAP2K7	2	2	0	91	60	0
GPX7	0	0	0	24	40	4
CSRNP3	1	2	0	48	82	1
USP17L17	0	0	0	0	0	0
DLX5	0	0	0	26	50	2
SCGB2A1	0	0	0	9	12	1
IDI1	2	0	0	27	51	5
DPAGT1	0	0	0	38	56	2
OR10H5	0	0	0	41	72	2
MRPL28	1	0	0	53	78	9
SLC1A5	1	1	0	60	101	1
MRPL11	0	1	0	20	49	0
PEX19	0	2	0	30	67	1
DEFB115	0	0	0	5	30	0
INPP4A	1	0	1	118	141	2
ZNF24	0	0	1	29	43	0
ADGRL4	0	2	0	52	154	3
FBXW7	1	12	0	50	72	0
PARD6G	0	0	0	50	83	1
ZNF282	2	2	0	88	126	1
JMJD8	0	0	0	43	101	7
ANLN	1	1	0	86	194	4
ARHGDIA	0	2	0	22	40	0
TMEM170A	0	2	0	18	29	2
METTL7A	0	1	0	17	48	0
LHFPL3	0	0	0	17	36	1
ZFYVE21	0	0	0	36	53	0
TMEM72	2	0	0	30	60	0
OR1F1	0	0	0	41	102	3
MEN1	3	1	0	69	69	2
SLC41A3	0	1	0	42	107	2
ENSG00000284337	0	0	0	0	0	0
AP4M1	0	2	1	66	120	8
PNMA8A	1	3	0	52	96	3
HAUS2	0	1	0	21	47	1
OXSM	0	0	0	28	76	4
OR4F21	0	0	0	0	0	0
APRT	1	2	0	33	47	2
ENSG00000288623	0	0	0	9	17	0
CARD10	1	4	0	123	215	3
KREMEN1	0	1	0	39	99	0
DMRT3	0	2	0	73	130	3
CKAP5	1	6	1	118	254	0
ENSG00000270149	0	0	0	6	12	0
KCNG3	3	1	0	65	59	0
CCDC167	0	0	0	9	23	1
CRYM	0	1	0	30	51	2
SPAG6	2	0	1	29	80	5
ABCC12	3	5	0	127	291	15
SMPD1	0	0	0	76	156	6
LAMA4	1	5	0	137	340	7
RGSL1	2	2	0	68	221	7
TMEM252	0	1	0	20	47	2
S100A10	0	0	0	4	13	0
GLB1L2	0	2	0	69	134	8
SERPINA1	0	1	0	2	1	0
A1BG	1	1	0	67	125	2
SELENOF	0	0	0	0	0	0
BACH1	2	0	0	49	141	4
GIPC3	0	0	0	48	84	3
ALG12	0	0	0	81	123	2
TEAD1	1	0	0	31	57	0
TMEM165	0	2	0	32	45	0
IL22RA2	2	0	0	19	52	7
MCM2	1	1	0	92	209	3
GRM1	1	2	1	122	159	2
HDGFL1	0	0	0	38	78	0
SLPI	0	0	0	10	23	3
KDELR1	0	1	0	20	13	0
PPP4R3B	0	2	0	66	149	3
KCNK15	0	0	0	33	78	1
HOXC8	0	0	0	34	36	0
TTC36	0	0	0	23	45	2
CD63	0	0	0	24	43	0
LSAMP	0	1	0	34	47	1
HACD1	0	1	0	20	71	1
DLGAP5	0	1	0	53	142	9
EIF2S2	0	0	0	19	16	0
ENSG00000283886	0	0	0	0	0	0
CCDC30	1	1	0	62	133	9
SLC41A2	0	1	0	37	76	2
NECAP1	1	0	0	21	45	2
TMEM270	0	0	0	32	54	4
REEP1	0	0	0	31	41	1
KHDC1L	0	0	0	13	32	3
INTS6	2	1	0	56	78	0
TXNDC11	1	2	1	124	237	7
H2BC14	0	0	0	32	32	3
TLR4	1	0	0	61	140	9
RNF181	0	0	0	10	18	2
CFAP70	0	0	0	82	152	3
PRDM11	1	1	0	134	203	2
ENSG00000284393	0	0	0	0	0	0
PEX11A	0	0	0	16	50	4
IGFALS	2	3	0	112	215	2
NUP93	2	3	0	81	163	4
MYO18B	3	8	1	304	646	19
EEF1AKMT4	0	3	0	23	71	4
C6orf132	2	2	0	120	249	5
SLC44A1	0	3	0	50	114	2
PCDH12	1	3	0	112	242	9
ZNF592	0	4	0	112	231	1
HK3	2	3	0	125	290	9
ZNF696	0	0	0	53	101	2
KLHL6	1	3	0	72	108	7
ADGRE2	2	2	0	74	155	16
ZNF513	0	5	0	60	115	1
MTA3	1	2	1	54	110	1
OR5K3	1	0	0	40	85	2
ZNRF4	0	2	0	63	127	1
CD302	0	0	0	17	41	0
NFYB	0	1	0	14	14	0
AOC3	0	2	0	71	136	9
LYRM4	0	1	0	4	23	2
SMO	2	1	0	84	160	6
PLIN5	0	0	0	75	155	4
SOD1	0	1	0	13	13	0
MYOC	0	1	0	51	97	8
CIB4	1	1	1	16	38	2
MACROH2A2	0	0	0	43	48	0
RNASEK	0	0	0	5	14	0
PLSCR1	0	0	0	17	37	4
GDPD1	0	0	0	23	34	1
XNDC1N	0	0	0	21	46	4
PRODH	0	2	0	0	0	0
ERCC8	0	1	0	32	75	5
SETD1B	3	11	2	303	408	1
FAM170B	0	0	0	34	82	3
DEFB113	0	0	0	7	17	0
SFTPC	0	2	0	28	36	2
KCNJ13	0	0	0	23	42	1
ENSG00000283952	0	0	0	6	9	0
PROM2	1	2	0	106	202	5
LTA4H	0	2	0	46	79	2
RPP30	0	2	0	19	66	2
WARS1	0	5	0	48	74	0
GOLGA8B	0	0	0	2	0	1
B4GALT1	0	3	0	36	77	1
KRT31	0	1	0	0	0	0
TDG	0	0	0	20	58	2
DMRTC2	0	0	0	31	67	1
SLC35D2	0	0	0	27	56	3
YAP1	0	1	1	37	76	0
ADAM2	0	0	0	0	0	0
ZMYM2	0	2	4	81	152	0
SPECC1L-ADORA2A	0	1	0	72	156	7
RDX	1	1	1	38	97	5
YTHDF1	0	2	0	65	89	1
PLCG2	2	11	0	201	303	3
OTOP2	1	3	0	56	135	4
HOXC6	0	0	0	17	33	0
NTF4	0	0	0	17	64	4
SCUBE1	2	6	0	141	228	2
XRN1	0	1	0	93	258	2
PIAS4	0	3	0	98	98	1
ZNF547	1	0	0	30	76	4
SP5	0	4	0	58	87	0
PRELP	0	0	0	49	80	6
RAPGEF2	0	3	0	136	229	2
GRAMD2A	1	2	0	25	64	2
RD3L	0	1	0	11	46	3
ZNF879	0	0	0	41	96	4
C15orf48	0	0	0	6	10	2
TENT5A	0	2	0	39	43	0
NCEH1	0	1	0	29	59	3
C4orf48	0	0	0	13	29	0
COL13A1	0	4	0	82	158	4
TRIM49B	0	0	0	42	74	1
MINAR1	1	2	0	110	219	7
PLK2	0	2	0	72	66	0
STBD1	0	1	0	19	71	5
PODXL	0	4	0	75	104	2
DOCK1	2	8	0	197	330	6
CITED4	0	0	0	29	54	2
CTNNB1	0	2	25	65	87	0
PLXND1	0	11	2	250	405	2
TRAK2	0	2	0	57	172	10
PARD3	2	2	0	122	272	3
OR5B17	0	0	0	14	75	3
DHX35	0	2	0	69	131	8
MAD2L1	1	0	0	17	31	0
TMEM9	0	1	0	11	19	0
MINDY4B	0	1	0	42	89	5
ENSG00000285329	0	0	0	12	27	0
B4GALT2	0	2	0	56	72	0
PRKACG	0	1	0	30	63	3
PEX26	1	0	0	20	80	2
ENSG00000288721	0	0	0	19	39	1
EN2	0	0	0	53	84	0
EIF2B1	0	0	0	35	40	2
ABHD1	0	1	0	33	90	7
PHLDA1	1	0	0	39	88	2
USP17L1	0	0	0	18	49	3
SDHAF2	1	0	0	11	38	1
OR2L8	0	0	0	29	80	4
VWA3A	0	4	0	104	257	4
NR2F1	0	26	0	45	33	0
RBBP6	2	4	0	142	286	0
SLC22A3	0	0	0	66	129	6
LETMD1	0	1	0	24	69	3
MSI2	0	0	0	40	43	0
GADD45G	0	0	0	13	12	0
LELP1	0	0	0	6	22	0
PHF2	3	4	0	147	173	1
ZNF501	0	0	0	19	50	5
CA3	1	0	0	27	49	3
RGS12	0	5	0	191	372	5
ENSG00000256500	1	2	0	69	112	1
TARS3	0	1	0	77	160	10
OTOF	0	9	0	256	548	23
C16orf74	0	0	0	15	19	0
PSME3	0	0	0	14	30	0
PON3	0	0	0	24	78	2
APP	0	1	0	92	130	1
CACNG2	0	0	0	30	40	0
ZNF844	1	1	0	42	122	4
ENSG00000285816	0	1	0	56	102	3
C3orf22	0	0	0	22	39	1
ARFGEF2	0	6	0	143	260	7
SNX9	0	0	0	47	103	1
CDC26	0	1	0	2	15	0
CENPX	1	0	0	16	34	0
USP17L25	0	0	0	0	0	0
STAP1	0	0	0	23	61	1
JAG1	1	3	1	145	199	1
MXD4	2	1	0	37	58	0
RFX4	1	0	0	67	129	0
ABCG5	0	2	0	81	167	10
CHRM3	0	2	0	65	85	0
LCLAT1	0	0	0	28	62	2
STAG1	1	7	0	85	99	0
RAMP3	1	0	0	23	34	1
PTCD2	0	1	0	26	68	2
C15orf61	0	0	0	17	41	3
AADACL4	1	1	0	45	98	2
TMEM214	0	2	0	54	145	4
ANAPC11	0	0	0	11	4	0
PPP2R2A	1	2	0	27	40	0
GNAI3	0	5	0	24	42	3
LRFN2	3	1	0	114	184	2
CPED1	0	1	0	83	182	11
RASL10A	0	0	0	24	30	1
FSCB	0	0	0	58	181	5
EXD3	4	4	1	153	287	5
IL15RA	0	0	0	34	65	2
GALNT13	0	0	0	37	69	0
PBXIP1	0	2	1	69	149	6
TXNL4A	0	1	0	17	7	1
NCK1	0	2	0	28	51	2
CMTM6	0	0	0	20	31	0
EXOG	0	1	0	21	73	4
ALG11	0	1	0	42	92	4
ATRAID	0	1	0	25	45	1
AP3B1	1	3	0	71	165	5
ITGAX	1	3	1	150	263	11
MPC2	0	0	0	11	15	1
SPATA33	0	1	0	15	48	2
ENSG00000248751	0	1	0	69	101	0
BCL7A	1	0	0	27	47	0
FAM167A	1	1	0	43	84	1
ADCY7	4	4	0	154	253	6
FOXA2	2	2	0	54	119	0
ARGLU1	2	0	0	26	21	0
DGLUCY	0	2	0	81	148	3
CERS4	1	1	0	55	96	8
GPR37	3	3	0	55	127	1
CHD2	1	12	12	170	194	1
CSPG5	0	0	0	49	103	1
SLC35B1	0	0	0	31	60	0
ZNF404	0	2	0	32	86	3
CCDC141	1	4	0	121	304	17
WBP2NL	0	0	0	28	63	6
MUC5B	7	6	0	816	1398	4
MSH2	1	4	0	74	225	3
SERPINB8	2	1	0	45	94	4
LCN2	0	1	0	22	51	3
GNG4	0	0	0	9	11	0
TRIM49D1	0	0	0	0	0	0
AIDA	0	1	0	22	34	1
S100A12	0	0	0	10	14	1
XPO1	2	7	0	72	56	0
SPIC	0	0	0	15	33	1
YWHAB	0	0	0	22	22	0
THSD4	0	2	0	120	265	4
TREX1	0	1	0	43	63	1
CHST10	0	0	0	41	85	3
ZNF777	1	1	0	98	125	0
RPLP2	0	0	0	15	33	0
TBX3	0	2	2	94	149	1
ENSG00000266202	0	1	0	13	33	0
YPEL3	0	0	0	6	17	1
RWDD2A	0	2	0	12	48	3
C9	0	0	0	41	119	9
SDR42E1	1	0	0	34	103	4
ERICH5	0	2	0	27	59	4
CFAP36	1	1	0	27	69	3
OARD1	0	0	0	13	30	3
FUZ	0	1	0	50	86	2
AFDN	5	8	1	148	344	5
CRHR2	0	0	0	41	92	5
ZCCHC4	2	0	0	31	102	6
GABRG1	1	1	0	39	79	1
WDFY4	2	5	0	346	745	5
NAA40	0	1	0	32	38	2
CPLX4	0	0	0	12	22	2
DDOST	1	0	0	61	91	1
ANKRD23	1	3	0	31	76	5
SOX2	0	2	1	33	30	0
ECSIT	0	0	0	43	106	6
CLIC6	0	2	0	101	180	4
SPATC1L	1	1	0	0	0	0
EBF1	0	3	0	58	82	0
HYAL2	0	0	0	41	104	5
LARP1B	0	1	0	50	170	8
YKT6	0	0	0	13	31	2
SSU72L1	0	0	0	0	0	0
OR6C74	0	1	0	26	61	4
CLIC1	1	0	0	0	0	0
GSTM5	0	0	0	24	54	1
UBQLNL	0	2	0	39	119	5
ARL8A	0	1	0	19	13	0
TSPYL5	1	0	0	48	80	0
ZNF648	0	2	0	52	136	4
AKNA	0	6	2	152	369	7
CDH7	0	2	0	85	130	1
KIAA1671	0	0	0	220	446	1
PRKCQ	0	2	0	86	131	2
NRGN	0	0	0	8	8	0
CHRFAM7A	0	0	0	0	0	0
LPP	1	3	0	74	175	5
LDLRAD3	0	2	0	40	80	1
MTMR12	0	2	0	59	113	4
SPDYE10	0	0	0	0	0	0
LRRC49	0	4	0	41	109	3
C4BPB	0	0	0	16	42	2
LEMD2	0	2	0	61	107	0
MSH5	0	0	0	1	5	0
TTYH2	1	1	0	72	129	3
RABAC1	0	0	0	33	34	2
RAB10	0	0	0	17	9	0
UBE2F	0	1	0	12	19	0
BUD31	0	0	0	22	21	0
GFI1B	0	3	0	41	81	4
MPZL3	0	0	0	16	59	2
KLHL40	1	3	0	63	148	5
CRLS1	0	0	0	26	58	4
CRYBG2	2	3	0	166	377	12
EXOSC2	0	0	0	25	51	4
CTRB1	0	1	0	10	24	1
USP18	0	0	0	17	31	0
SLC12A9	2	5	0	122	224	6
CSTB	0	0	0	16	16	3
LAMB3	1	3	0	128	355	9
BARD1	2	2	0	64	168	9
SOGA3	0	4	0	98	146	2
GNGT1	0	0	0	7	18	1
ACSF2	0	2	0	56	110	5
KRTAP22-2	0	1	0	3	9	0
ZC3H8	0	1	0	24	41	0
UGGT2	1	7	0	93	282	17
RRP1B	0	4	0	86	126	5
TLE5	0	1	0	37	15	1
TP53RK	0	1	0	26	59	5
PHB2	1	2	0	32	47	0
PCDHA12	1	1	0	113	227	3
EIF2B4	1	1	1	44	99	1
TRIM21	1	1	0	43	100	6
GTF2H4	1	0	0	0	0	0
ZFP64	0	0	1	71	103	3
EFR3B	0	4	0	75	108	4
KIF13B	2	6	1	201	379	5
AP4S1	0	0	0	10	30	3
SF3A2	1	1	0	68	72	1
ZNF99	0	0	0	49	178	11
TSPAN8	0	1	0	24	51	0
C8orf58	0	3	0	40	102	2
AUNIP	0	2	0	15	70	6
TRIM24	1	0	0	89	115	0
C17orf114	0	0	0	9	18	1
OR14L1P	0	0	0	30	79	3
PAPLN	3	4	0	180	351	16
CPNE3	0	0	1	36	103	4
KBTBD11-OT1	0	0	0	0	0	0
OR52J3	1	2	0	23	92	3
IMP4	0	0	0	44	92	5
CBR4	0	0	0	16	47	3
PCDHGA4	0	0	0	77	185	8
ZBTB16	1	0	0	80	96	0
TBX5	0	1	0	60	95	1
CPN2	1	1	0	74	131	3
KRTAP19-3	0	0	0	12	20	0
RTN4R	1	3	0	67	109	0
TRIM60	0	1	0	26	87	8
FBXO38	1	3	0	69	178	3
DHX36	3	5	0	75	116	1
OR1J1	0	1	0	23	65	5
C2orf73	0	1	0	21	65	3
PLEKHD1	0	0	0	48	104	3
TBPL2	1	0	0	27	56	3
CSK	0	1	0	63	38	1
RIMS4	0	0	0	34	28	0
POP5	1	0	0	10	39	3
H3C4	0	1	0	17	26	5
SNX4	2	2	0	44	68	4
TEX55	0	1	0	35	94	4
MYO1F	1	2	1	159	253	3
GJB6	0	0	0	31	57	5
CCDC40	1	3	0	141	291	13
MUC1	0	0	0	72	133	2
MSH6	0	6	0	131	323	10
KRTAP6-2	0	0	0	13	18	1
MRGPRX4	0	0	0	42	77	2
SUSD1	1	0	0	70	149	9
LSP1	0	0	0	48	96	3
NAP1L1	0	2	0	26	48	0
LRP5	1	3	0	259	397	2
ZNF429	0	1	0	52	137	9
ANKRD39	1	0	0	19	43	1
PDE11A	0	2	0	79	206	12
ISY1-RAB43	0	1	0	30	54	0
BAG1	0	2	0	37	88	3
MTPAP	0	0	1	48	100	1
KRTAP5-1	0	0	0	0	0	0
GREM1	0	0	0	0	0	0
MRPL40	2	0	0	11	42	3
KDM5A	1	2	1	123	253	2
FDXACB1	0	1	0	53	112	6
CES1	0	0	0	4	7	1
MB	0	0	0	22	29	0
ADD3	1	1	0	45	131	1
NTHL1	0	0	0	39	90	8
MASP2	1	3	1	72	177	8
CD320	0	0	0	42	75	1
BST1	1	0	0	23	78	4
ST18	1	1	0	85	195	1
TECRL	1	0	0	22	78	4
RFC2	0	0	0	51	54	2
TOGARAM2	0	3	0	130	256	10
OR5M8	0	0	0	30	95	3
FEZF1	1	2	0	37	74	1
OR4C3	0	0	0	27	70	1
TSPAN11	0	1	0	38	61	1
TTLL6	1	1	0	84	169	8
NT5C1B	1	2	0	63	113	6
EXOSC5	0	0	0	32	65	0
PIGT	0	2	0	64	158	5
SEC14L5	1	3	0	116	204	15
JAKMIP1	0	1	0	92	154	1
TEX36	1	0	0	18	53	0
PLA2G12A	0	0	0	14	41	3
CEP131	1	7	0	145	334	8
AKNAD1	0	4	0	58	155	7
C11orf21	0	0	0	13	36	2
OR2T10	0	0	0	14	58	3
H1-10	0	2	0	38	41	0
LMLN	0	0	1	59	102	7
IGFBP1	1	0	0	20	53	4
SEC22C	0	0	0	20	57	5
TUFT1	1	1	0	40	74	2
TPD52L1	0	0	0	13	38	1
ENSG00000288608	0	0	0	0	6	0
KRTAP21-3	0	0	0	8	13	0
LDHA	1	0	0	25	52	1
DHX32	0	2	0	61	133	3
SEMA3D	0	3	0	71	120	7
MRPL37	0	0	0	35	92	4
MBD3L2B	0	0	0	0	0	0
MRM1	1	3	0	0	0	0
FRG1	0	0	0	0	0	0
MRPS35	1	0	0	32	82	2
KRTAP10-8	0	0	0	40	58	6
GPR156	2	2	0	60	165	5
ACTN4	2	3	0	140	143	0
CLEC4D	0	0	0	25	49	3
C3orf52	0	1	0	18	55	1
PKP4	2	6	1	102	215	8
USP17L28	0	0	0	0	0	0
OSTN	0	0	0	15	28	0
LCNL1	0	1	0	24	31	3
GABRA4	0	0	0	42	66	0
NUDCD3	1	0	0	39	79	0
STRN3	0	1	0	59	133	1
MRPS18C	0	0	0	9	21	3
PSG7	0	0	0	66	170	6
ZNF766	0	0	0	39	96	9
RSAD1	1	0	0	52	125	5
PDE1A	2	1	0	33	95	2
CCL23	0	0	0	0	0	0
TBXA2R	0	0	0	43	75	2
RPS23	0	0	0	14	8	0
SMIM21	0	0	0	6	19	1
DAB2IP	2	2	1	182	262	3
PFDN2	0	2	0	10	31	0
ORMDL1	0	0	0	11	23	1
PSME2	1	0	1	11	27	1
NLRC3	2	2	0	163	318	10
PUS3	1	2	0	31	104	4
SLC37A4	0	3	0	48	87	1
KIAA0930	1	3	0	65	78	0
ENSG00000197991	0	1	0	79	164	7
PDE1B	2	2	1	40	75	2
MICU2	0	0	0	31	95	3
GLOD4	1	2	0	30	61	1
CACNG4	0	0	0	43	56	1
FOLR2	0	0	0	15	44	4
UGT1A5	0	1	0	67	147	4
DNAJC16	0	0	0	68	152	12
GPC1	2	2	0	106	193	2
PTPN1	1	0	0	48	55	0
SPINT4	0	0	0	8	21	0
TEX47	0	2	0	30	57	4
FAM177B	0	0	0	14	28	4
SEC11A	0	3	0	10	22	1
BIVM	0	0	0	36	75	3
HECW1	3	4	0	166	288	5
KRT4	0	2	0	57	109	2
ITPKC	0	1	0	65	155	5
SEMA3C	1	3	0	70	148	5
USP17L26	0	0	0	0	0	0
TLN2	3	7	1	318	528	9
CDC42EP1	1	1	0	64	115	1
COMMD3-BMI1	0	3	0	40	50	5
ENSG00000288674	1	1	0	63	78	4
EPPIN	0	0	0	9	24	1
ARHGEF15	1	1	0	84	169	3
ENSG00000289258	0	1	0	103	238	8
SENP7	0	3	0	56	157	3
OR5G3	0	0	0	0	0	0
TSPAN31	0	0	0	12	28	2
LRRC57	0	1	0	24	30	2
PKD1L3	1	2	0	196	498	33
THAP7	0	1	0	39	72	0
MMP2	1	2	0	79	147	3
ZNF273	0	0	0	32	84	4
PPP1R32	2	1	0	47	106	5
CUZD1	0	0	1	44	112	5
SCRG1	0	0	0	8	22	0
CYP51A1	0	2	0	31	73	1
DYSF	3	11	0	251	495	18
GCFC2	0	0	0	56	156	10
WRAP53	0	0	0	59	118	2
POU6F2	0	1	0	85	154	4
HHATL	0	2	0	49	130	6
CACNA1H	10	12	0	581	926	5
BTD	0	1	0	40	116	2
PNPO	0	1	0	15	45	1
POM121L2	0	3	0	80	196	5
CATSPER1	1	2	0	83	173	3
DSG3	1	5	0	80	201	5
YEATS2	2	4	0	145	253	3
CREB3L3	3	1	0	63	109	7
TYROBP	0	0	0	15	31	1
LHFPL4	1	1	0	18	28	0
EPM2AIP1	0	2	0	51	63	0
DNAJB6	0	0	0	36	64	4
ZNF19	0	0	0	39	79	2
GNRHR	0	0	0	28	56	0
TFRC	0	3	1	69	144	4
ELL	1	4	1	85	135	1
SCARF2	0	2	0	88	179	1
MLLT11	0	0	0	6	11	0
TBC1D3E	0	0	0	0	0	0
RANBP6	0	2	0	85	185	4
CLYBL	0	0	0	39	76	6
MAP1S	2	6	0	167	268	0
NPHP4	7	5	0	214	435	11
MOB3C	0	0	0	22	51	3
KIAA0319L	0	1	0	75	152	6
ABRAXAS2	0	2	0	37	74	2
SPDYE2B	0	0	0	0	0	0
GOLGA7	0	1	1	7	8	0
PSMG3	1	0	0	14	27	0
LAX1	1	0	0	36	81	4
C19orf12	0	0	0	26	33	0
GPR89A	0	0	0	6	13	0
SLC45A1	2	4	0	118	184	3
PIGO	0	0	0	103	181	8
POLN	1	2	0	73	203	11
GJA1	0	0	0	42	59	3
DNAAF11	0	0	0	30	86	6
LRP1B	1	9	3	375	763	8
PXYLP1	0	0	0	43	99	1
H1-5	1	4	0	50	83	0
SCUBE3	1	3	2	73	164	0
RFX8	0	1	0	36	106	4
SCUBE2	0	3	0	87	228	12
NFAT5	1	3	0	101	185	2
C19orf85	0	0	0	32	60	0
ZNF441	0	0	0	50	90	4
NCF4	0	1	0	9	21	0
PLK4	0	2	0	56	164	5
HSPA8	0	0	0	86	43	0
PTPN4	1	1	0	54	124	4
NDST2	0	1	0	66	182	2
PTPRB	2	8	1	165	399	5
CTDSP2	1	2	0	22	42	1
PIK3R2	0	12	0	96	146	2
DNAJB13	1	1	0	30	62	3
ECPAS	1	6	0	156	273	0
TYR	0	4	0	50	121	8
DNAI3	0	3	0	61	140	13
DEDD2	1	1	0	40	65	2
ENPP4	0	1	0	32	74	2
KLHL41	0	2	0	28	100	4
USP22	1	3	0	50	46	1
ANGPT2	2	1	0	53	95	3
KRT73	2	2	0	66	153	4
FAM222A	1	0	0	84	111	1
SPATA3	0	0	0	16	57	1
HPS4	0	2	0	87	163	3
TM9SF4	0	6	0	67	88	1
CHKB-CPT1B	0	0	0	7	11	0
BBS12	0	1	0	52	121	4
RBM6	1	3	0	75	181	0
KDM2A	0	2	0	110	123	0
CRELD1	1	0	0	42	82	4
POLRMT	2	5	1	287	455	15
PLEKHG5	0	4	0	126	266	6
SPART	0	2	0	62	116	4
GIMAP4	0	0	0	26	62	2
MED22	0	0	0	27	40	3
YY1	2	5	2	44	43	0
COG1	1	1	0	86	205	5
LNX1	1	1	0	59	178	5
EIF3B	0	5	1	119	158	1
INMT-MINDY4	0	1	0	16	38	3
KCNIP1	0	0	0	24	20	1
SHROOM1	0	1	0	99	213	3
ITGB8	0	1	0	61	120	1
ZFR	1	3	0	75	104	0
IHO1	1	0	0	40	65	2
CD58	0	1	0	17	35	0
MITF	0	2	0	55	103	2
ZNF79	1	0	0	46	105	3
RIPK2	0	1	0	48	68	0
SH2D2A	1	0	0	37	81	4
VPS4B	0	2	0	28	57	0
SLC5A6	0	4	0	51	133	5
MIGA2	1	1	0	85	140	4
RASA4	0	0	0	0	3	0
CASP4	2	2	0	33	83	4
CLSTN2	1	4	0	113	203	2
PAX4	0	1	0	34	88	4
ATOSB	0	0	0	51	126	1
GPX4	0	0	0	0	0	0
STK39	1	4	0	59	54	0
OR6C76	1	1	0	28	57	2
CEL	0	0	0	91	118	5
TAF11L12	0	0	0	44	78	4
ANKRD22	0	1	0	13	40	3
CHRM1	0	2	0	43	59	0
ZNF644	2	3	3	108	211	0
GPT2	0	0	0	54	85	2
GPR107	0	1	0	48	102	2
VPS37C	0	0	0	42	110	0
DAPK2	0	0	0	41	88	3
GSTT4	0	0	0	0	0	0
CPLX2	0	0	0	14	18	1
LRRC59	0	0	0	20	52	1
ENSG00000258466	0	0	0	0	0	0
ADCK2	0	2	0	56	123	5
TRABD2A	0	0	0	42	116	6
TPMT	0	0	0	19	52	3
CHI3L1	1	0	0	42	111	4
RAD1	0	0	0	16	45	3
KCTD18	0	0	0	37	94	2
EAF1	1	1	1	26	46	2
ZNF492	0	0	0	17	55	2
NR2C2	0	2	0	55	60	0
NPAP1	2	4	0	104	253	6
STK17B	0	2	0	30	43	3
NMB	0	0	0	8	31	0
PUM1	2	4	1	113	138	0
CENPT	1	2	0	60	142	0
TAF11L6	0	0	0	0	0	0
SLC25A11	0	1	0	49	35	0
SHLD1	1	0	0	15	38	3
AIG1	1	2	0	17	39	2
FAM20B	0	1	0	35	61	2
SYT2	0	1	0	34	60	0
HERC4	0	1	0	68	78	0
CCDC87	1	2	1	66	178	11
ENSG00000286015	0	0	0	9	20	3
KDM4F	0	0	0	57	139	9
UBE2Q1	0	2	0	50	44	0
SPAAR	0	0	0	8	18	1
AK8	0	6	0	48	128	3
OXGR1	1	0	0	24	69	2
RAD23A	0	0	0	49	66	1
SDCBP2	0	1	0	34	75	2
MCTS2	0	0	0	16	32	0
DNAAF9	1	2	0	100	210	3
SMARCA4	4	44	0	232	192	0
SF3B6	0	0	0	10	8	0
NABP1	1	1	0	13	48	3
SERINC5	0	2	0	55	75	2
CCL7	0	0	0	6	22	0
RPS15	0	0	0	30	10	0
SLC6A4	1	1	0	70	88	2
HLA-E	0	1	0	0	0	0
TNFRSF19	1	1	0	47	105	1
SRPK1	0	1	0	57	97	4
PLPPR2	0	0	0	49	76	1
NAB1	0	1	0	45	78	1
ZNF716	0	0	0	36	97	6
TIMM50	1	2	0	43	76	6
CLDN5	0	3	0	35	31	1
TAS1R3	0	5	0	196	321	8
SLC30A4	0	0	0	27	57	1
OR1R1P	0	0	0	52	81	1
PHF5A	0	2	0	7	4	0
PPCS	1	1	0	29	48	1
SLC16A1	0	1	0	35	69	0
LCN8	1	0	0	18	46	0
SYF2	0	0	0	21	48	1
MBD2	0	2	0	45	59	1
SERPINB12	2	1	0	35	79	4
GUF1	0	3	0	42	122	6
PCDHGA5	0	0	0	118	223	4
FAM111B	2	0	1	54	144	10
TMEM14B	0	0	0	12	33	0
SLC29A2	1	2	0	48	100	2
AREL1	0	2	0	60	127	6
HOXB1	0	1	0	23	59	0
CTTNBP2	0	2	0	112	301	5
SLC12A1	1	2	0	96	202	7
VPS13D	3	13	2	369	773	9
PGAP3	0	2	0	36	89	4
CEP128	0	3	1	85	216	8
SLC66A2	1	2	0	54	82	4
PPP1R12B	1	1	0	64	178	8
CNMD	0	0	0	30	68	6
KRTAP2-3	0	0	0	0	0	0
IMPA1	0	0	0	19	48	1
NEUROD1	0	0	0	36	71	2
CRYBA2	0	0	1	15	40	4
PAQR6	0	1	0	24	64	2
SEMA3B	1	0	0	62	143	7
OR4C6	1	1	0	30	97	5
IQCN	1	5	0	180	353	5
IRAK4	0	1	0	26	74	3
PITPNM3	1	3	0	133	199	1
LST1	0	0	0	0	0	0
ZNF687	2	3	0	134	215	1
PES1	1	4	0	60	122	0
ATP5PO	1	0	0	21	35	1
RAB11FIP4	0	0	0	84	104	3
PFN4	0	1	0	15	27	0
VPS37A	0	1	0	41	92	3
SLC48A1	0	0	0	16	32	0
TMIE	0	0	0	16	42	2
DAGLA	3	0	1	138	170	0
CDK12	1	3	0	119	190	2
SLC2A8	1	1	0	74	128	4
SERINC1	1	0	0	33	76	0
DBR1	0	0	0	44	96	5
RPGRIP1	1	6	0	93	236	15
PIGQ	2	0	0	98	161	2
ENSG00000286098	1	1	0	40	118	4
ZHX1-C8orf76	0	0	0	24	48	5
ENSG00000288695	0	0	0	26	43	3
DCAF15	0	2	0	90	121	0
SLIRP	0	0	0	11	36	2
ERCC6L2	0	2	0	111	271	11
JPT2	0	1	0	24	35	0
GRK3	0	0	0	53	92	4
UNC5CL	2	1	0	59	110	5
CMC2	0	0	0	3	14	3
MAP3K11	2	5	0	111	170	1
PPP1R8	0	1	0	43	40	0
C6	0	0	0	76	217	9
PLD5P1	0	0	0	13	22	1
PRDM8	0	2	0	93	158	1
UBE2I	0	2	0	28	5	0
MAP3K3	0	1	0	54	108	0
FOLR1	0	0	0	20	36	2
MTSS2	1	5	0	156	219	3
NR1D2	0	2	0	60	104	1
ARPC5L	0	0	0	16	22	0
UGDH	0	1	0	31	62	2
FFAR1	1	1	0	33	65	3
CYB561D1	0	1	0	22	51	1
GSDMD	0	2	0	0	0	0
EGFL7	0	2	0	41	89	5
FAT2	3	6	0	415	852	16
IL17C	0	2	0	40	88	1
SSH3	0	1	0	66	161	7
TBC1D4	2	2	1	106	240	7
EXT1	0	2	1	67	101	0
GATD1	0	3	0	47	66	2
ADM2	0	0	0	21	57	3
APH1A	0	2	0	22	29	0
PGBD4	0	1	0	43	87	0
TP53TG3E	0	0	0	0	0	0
CARF	0	1	0	38	112	2
IL10RB	1	0	1	23	41	2
KCNMA1	1	8	0	149	130	3
HP1BP3	0	0	0	53	76	0
NADK2	0	1	0	38	63	4
TAS2R3	0	1	0	24	59	4
RSAD2	0	0	0	28	76	3
ZNF718	0	0	0	32	122	9
ENSG00000258881	0	0	0	20	33	2
CNTNAP3B	0	0	0	42	90	5
PDZRN4	1	2	0	103	249	5
PCNX3	6	7	0	310	453	2
NTRK2	1	5	0	88	86	0
NPAS4	0	1	0	84	141	0
GDA	0	0	0	33	69	0
RNASE12	0	0	0	15	25	1
SOS2	0	2	0	90	209	1
DEGS2	0	0	0	57	79	1
NDUFA13	0	0	0	23	44	3
LYSMD4	0	2	0	27	62	4
FFAR3	0	0	0	15	27	0
MZT1	0	0	0	8	21	0
OR2A12	0	1	0	27	62	1
UNC80	2	9	1	299	515	15
CCDC73	0	3	0	51	143	7
C14orf132	0	0	0	21	26	2
SEC24B	1	2	0	97	214	0
HDGFL3	0	0	0	16	17	0
HSPB9	0	0	0	21	37	1
SLC30A7	1	0	0	24	70	3
FBXO28	0	2	0	29	39	1
NAA35	1	1	0	56	83	0
SLC43A1	0	1	0	62	121	2
CD70	0	0	0	25	45	1
HUNK	0	4	0	85	127	1
RGS22	0	2	1	84	212	7
GPALPP1	1	1	0	18	51	2
PPT2	0	1	0	0	0	0
PEX11B	0	1	0	15	56	4
ADAMTS19	1	3	1	91	208	7
BCR	0	2	0	177	271	2
HORMAD1	0	1	0	18	35	0
ZNF430	1	0	0	26	83	4
IFT88	0	1	0	50	145	4
HLA-DMB	0	0	0	0	0	0
MIA-RAB4B	0	0	0	11	27	0
GJB4	0	2	0	50	91	4
TRAF3IP1	0	1	0	61	142	4
DHX58	1	3	0	71	156	8
AUTS2	3	3	9	158	246	0
NUTM2G	0	0	0	28	51	1
APIP	0	0	0	22	50	5
PHETA1	0	1	0	42	75	3
DACH1	0	2	0	45	112	1
PMVK	0	0	0	19	43	6
AK6	0	0	0	0	0	0
DENND11	1	2	0	0	0	0
LYPD6B	1	0	0	16	36	3
CALCB	0	0	0	16	23	0
C16orf82	0	0	0	22	56	2
IDH1	0	0	0	33	72	2
KRT85	1	1	0	66	130	2
ECRG4	1	0	0	19	29	4
GPC5	0	2	0	48	135	3
TRIM16	0	0	0	47	70	3
OR52P1	0	0	0	0	0	0
PRKD2	3	2	0	106	117	1
AREG	0	0	0	25	64	1
OR5AC1	0	0	0	0	0	0
GBE1	1	1	1	56	139	6
POP1	1	2	0	80	200	12
UGCG	0	0	0	27	34	0
HPCA	0	0	0	26	25	1
TNKS	3	3	0	149	246	1
UROS	0	1	0	25	52	0
SYPL1	0	2	0	13	36	0
ZBTB44	2	0	0	47	80	1
PSMA4	0	0	0	15	16	0
C16orf87	2	0	0	4	20	1
SYCE1	0	0	0	36	73	2
TFF1	0	0	0	11	21	0
GXYLT2	0	1	0	47	104	2
MYBPH	1	1	1	51	113	4
ENSG00000271810	0	0	0	0	0	0
FNDC3B	1	1	0	124	206	0
FCGR2A	0	0	0	30	53	2
FAM47E-STBD1	0	1	0	39	67	3
RPL7A	0	0	0	34	55	0
SNW1	0	2	0	38	57	1
MEGF9	0	1	0	51	114	0
FOXD4	0	0	0	48	109	2
PHF11	0	2	0	21	55	5
C8orf48	0	0	0	21	96	9
LRP10	0	1	0	66	160	4
MC2R	0	0	0	39	60	0
RAN	0	1	0	25	3	0
CYBA	1	3	0	44	66	0
KPNA4	0	0	0	31	44	0
TRADD	0	1	0	29	50	2
ST3GAL5	1	2	0	28	61	4
CLPS	0	0	0	18	29	0
SLC35G5	0	0	0	57	121	3
CYP21A2	0	0	0	0	0	0
KRT74	1	2	0	62	169	2
BAHCC1	2	6	0	469	852	2
PRKDC	3	11	0	329	715	2
DOT1L	2	9	0	284	310	0
MRGBP	0	0	0	16	26	0
MUC7	1	0	0	25	77	1
BCDIN3D	0	1	0	22	60	3
NUAK2	0	1	0	68	133	3
SH2B2	1	1	0	78	157	4
DNAH3	2	4	1	389	870	47
FZD6	0	1	0	51	112	8
ADCY4	0	2	0	89	226	10
ASXL2	3	2	0	108	227	2
CCDC192	0	0	0	22	51	3
SERPINE3	1	0	0	36	80	3
SPNS1	1	1	0	70	97	0
C4orf51	0	0	0	23	41	4
ENSG00000255439	0	0	0	26	34	1
APMAP	1	0	0	49	101	4
RAB30	0	0	0	15	17	0
OR4C5	0	0	0	31	100	2
PPP1CA	1	1	0	46	37	0
SMIM41	0	0	0	9	26	0
RNF223	0	0	0	47	88	3
MYCT1	1	1	0	16	53	5
LAPTM4A	0	0	0	19	45	1
ACVR2B	0	1	0	55	86	1
YARS1	2	3	0	45	80	2
AGAP3	1	7	0	115	169	2
CHMP7	0	1	1	51	66	0
RGS20	0	0	0	42	72	1
RAB3IP	0	0	0	50	67	5
INO80C	0	1	0	25	39	0
GNA13	1	1	0	37	40	0
PPDPF	0	1	0	20	37	0
CAD	2	14	0	224	354	7
RBM34	1	1	0	39	85	1
DYNC1LI1	0	3	0	38	79	2
TRIM50	0	0	0	57	110	4
RASSF9	0	0	0	43	88	4
NEUROG3	1	0	0	26	45	1
SCYGR4	0	0	0	17	30	1
PKNOX2	1	1	0	47	72	0
ZC3H12C	0	3	1	65	133	1
GPS1	2	3	0	92	82	1
CEACAM3	0	1	0	30	53	1
BCL2L13	0	0	0	50	93	0
NR4A2	1	5	0	49	81	0
NEMP2	0	0	0	32	75	6
IFNA4	0	0	0	9	24	2
RGS9	2	2	0	67	130	7
MYOZ2	0	2	0	18	34	3
ATXN7L3B	0	0	1	16	16	0
ENSG00000250803	0	0	0	13	32	1
MIB2	3	4	0	219	307	1
DCTN3	0	0	0	14	40	2
KCTD21	0	3	0	37	38	3
DENND2C	1	4	0	57	194	7
CEP41	1	0	0	24	86	2
MICAL2	2	4	0	133	277	6
AMACR	0	4	0	24	78	5
ZBTB39	0	4	0	61	142	0
OR2AJ1	0	1	0	21	52	4
SLC26A1	0	2	0	155	273	7
INF2	4	9	0	184	264	3
GSTT2B	0	0	0	0	0	0
EMC1	1	2	0	75	180	9
GFM1	0	0	0	59	120	12
UGT3A2	0	0	0	41	96	6
DXO	1	1	0	0	0	0
EIF5A	1	5	0	13	6	0
INSL3	0	0	0	23	38	1
PDIA6	0	0	0	42	86	0
DSG1	0	6	0	107	201	4
GRN	1	1	1	66	144	2
FHL2	1	0	0	28	67	1
TNPO1	0	1	0	52	68	0
ACHE	1	2	0	76	95	3
IFI16	0	0	0	60	154	4
CNTNAP5	0	2	0	112	248	11
RAB20	0	0	0	18	49	1
C4BPA	1	1	0	49	101	3
AGR2	0	0	0	16	31	1
FAM167B	0	2	0	16	25	1
NRXN2	3	6	0	197	331	2
OR5V1	0	0	0	0	0	0
CTSL	0	0	0	24	52	2
PFN1	0	0	0	15	10	0
CABP5	1	0	0	24	50	2
DEFB107B	0	0	0	0	0	0
SOHLH2	0	0	0	36	54	2
FMN2	1	3	1	164	302	4
PDLIM3	3	0	0	43	72	1
CYP2C18	0	0	0	48	106	4
MYD88	0	1	0	23	38	1
LRPAP1	0	4	0	73	122	1
CASP7	1	1	0	38	60	2
LAYN	0	1	0	32	81	3
MMP8	1	1	0	53	103	13
LCMT2	1	4	0	71	191	13
TMC3	2	1	0	90	239	12
TNFSF13	0	1	0	22	43	0
EPX	0	2	0	80	206	12
MB21D2	0	1	0	36	84	1
ABHD12	0	3	0	53	89	9
CFH	1	0	0	95	197	6
LYSMD3	0	0	0	15	63	1
KRTAP9-7	0	0	0	0	0	0
PUM3	1	2	0	65	186	6
INHBA	0	5	0	40	49	0
NAV3	4	3	0	182	396	3
SCN5A	0	6	0	249	404	4
PPP1CC	0	0	0	41	18	0
ABCA4	2	3	0	253	540	20
NIT2	1	0	0	31	65	5
AK9	1	8	0	111	310	16
SPATA31A7	0	0	0	0	0	0
BICD1	0	1	0	73	135	4
ELP5	0	1	0	28	48	1
PLPP2	0	3	0	43	63	2
CARS1	1	3	0	2	1	0
ENSG00000258653	0	0	0	18	54	2
DST	0	6	1	543	1191	14
SIRPB1	0	5	0	42	107	4
MACROD2	1	0	0	30	70	0
NTSR1	1	0	0	56	143	2
IGSF5	0	0	0	41	103	5
ALDH1B1	1	1	0	60	143	4
CH25H	0	1	0	26	34	0
KRTAP2-1	0	0	0	0	0	0
OPALIN	0	1	0	13	29	2
CDC42	0	4	0	18	4	1
MBD5	2	2	4	119	283	0
PLGRKT	0	0	0	10	43	3
EGR3	0	5	0	36	36	0
GOLGA6L26	0	0	0	0	0	0
ARG2	0	2	0	25	54	0
ENSG00000280537	0	0	0	7	16	0
VIPR1	0	0	0	48	98	6
OGG1	2	0	0	43	81	7
CLNS1A	0	1	0	19	34	2
RPUSD2	0	0	0	59	130	8
GPI	1	1	0	34	48	1
KRTAP6-3	0	0	0	7	18	0
CRYGA	0	1	0	16	56	2
RRM1	1	1	1	57	61	0
ADAM32	0	1	0	2	2	0
RILPL2	0	0	0	17	35	2
PCCA	0	1	0	55	152	7
RPL12	0	0	0	15	26	2
WFDC3	0	0	0	20	54	1
ASL	1	2	0	53	106	3
CDKN2AIP	1	0	2	50	101	1
EVPL	3	2	0	261	531	15
PHACTR3	0	3	1	73	110	1
PDXP	1	1	0	61	78	1
ZNF821	0	0	0	33	63	0
OR14I1	0	0	0	30	67	4
ZFP37	0	1	0	40	110	6
KCNJ10	0	0	0	33	76	0
ENGASE	0	4	0	118	222	11
SKIL	0	3	0	37	92	1
TMEM234	0	0	0	12	19	2
UGT2B28	0	0	0	63	137	10
RPAP1	2	3	1	122	298	9
PTH	0	0	0	9	18	1
S100A9	0	0	0	15	19	0
NDST4	0	0	0	66	133	4
PIP5K1C	3	9	0	128	125	3
CTNNBL1	0	1	0	57	97	2
ENSG00000277611	0	0	0	7	11	1
IAH1	1	1	0	20	55	1
TMEM61	0	1	0	35	52	1
NIBAN2	2	4	1	102	180	5
MMP19	0	3	0	49	115	10
GPR20	0	0	0	0	0	0
BEST2	0	0	0	76	114	3
HNRNPA3	0	0	0	32	29	0
ADAT3	1	2	0	65	142	5
C8orf90	0	0	0	35	57	3
LY6G5B	1	1	0	0	0	0
LIN7C	0	0	0	9	28	1
CDKN2C	1	1	0	11	28	0
CD164L2	0	0	0	23	41	1
INO80	0	4	0	130	209	0
NDUFB3	0	0	0	6	21	2
CLEC12A	0	0	0	20	48	3
PLCH2	4	6	0	0	0	0
CLDND2	0	0	0	16	44	1
THG1L	0	1	0	35	56	4
DSCAML1	7	7	0	289	467	5
GPR158	1	2	0	103	235	8
AP1M2	0	1	0	45	107	5
SSTR3	3	0	0	76	110	4
FLNC	5	16	0	385	581	1
C17orf99	2	1	0	34	60	1
GLS	0	2	0	57	93	0
PILRB	0	0	0	14	57	6
OR5H15	0	1	0	32	76	1
ERG	0	1	0	60	56	0
IGFBP2	0	0	0	35	53	0
TUSC1	0	0	0	43	79	1
SYNDIG1L	0	0	0	26	54	3
ZNF350	1	0	0	36	92	5
MICU3	1	4	0	73	143	2
TRAM1L1	1	1	0	29	50	1
KBTBD12	0	1	0	36	102	8
ZBTB22	0	3	0	0	0	0
RPS25	0	0	0	6	12	0
SARS1	0	1	0	47	52	0
HELT	0	0	0	22	50	1
ASH2L	0	2	1	51	87	2
NAIF1	1	3	0	34	64	1
SLC2A6	0	3	0	88	133	2
KBTBD4	0	0	0	43	91	1
NEMF	0	3	0	90	165	6
RAB3D	0	2	0	31	45	2
SRSF8	0	0	0	29	64	4
NKIRAS1	1	0	0	14	21	2
PACSIN3	0	2	0	61	114	1
TNIK	1	5	0	108	172	2
DEFA6	0	1	0	20	30	3
MGST1	0	1	0	7	27	1
ANG	0	0	0	10	31	0
ZNF239	1	0	0	32	79	5
BPIFC	0	2	0	48	109	3
PLEKHG1	0	1	0	145	267	2
RPL13A	0	1	0	29	45	0
TTR	0	1	0	13	32	0
STARD3NL	0	0	0	23	43	1
CDIN1	0	1	1	28	51	1
ZNF208	0	0	0	97	293	12
IKZF1	0	1	0	49	68	0
POT1	0	1	0	55	96	2
H2AC7	1	0	0	45	54	1
DNM1L	0	10	0	39	64	3
RETREG2	0	0	0	65	98	0
ATP1A3	3	27	2	143	61	0
APOBEC4	0	1	0	24	69	2
UCMA	0	0	0	16	37	2
EFHB	0	0	0	63	169	14
LEFTY2	0	0	0	45	64	1
SLC38A4	0	0	0	38	68	0
YWHAE	0	3	0	0	0	0
IVNS1ABP	0	0	0	36	57	1
VPS13B	3	5	0	282	696	25
TLE4	0	2	0	82	96	0
RPLP0	0	0	0	28	38	0
PHLDB2	2	1	0	107	244	11
OR51B4	1	0	0	21	84	1
LONP2	2	0	0	68	115	10
SCRIB	2	6	0	0	0	0
GALNT5	2	1	0	68	189	9
PI15	0	1	0	28	48	1
DCTN4	1	2	0	46	83	1
TNS4	0	1	0	58	137	2
TMEM169	1	1	0	31	62	2
IRX1	0	0	0	82	115	1
CD300LF	2	1	0	31	72	3
APOBEC3A	0	0	0	0	0	0
DOP1B	5	7	1	281	494	12
HSD17B13	0	0	0	30	64	2
TMEM50A	0	1	0	9	22	1
WNT3A	0	4	0	35	66	0
RBFOX3	0	1	0	58	70	0
GUCY2D	1	4	0	123	255	14
ZNF491	1	0	0	32	87	6
PDGFD	0	2	0	29	67	5
BCL11B	2	10	2	129	132	0
FOXI3	0	0	0	63	106	1
PLA2G4D	1	1	0	91	215	3
COX14	0	1	0	4	15	1
BCO1	0	1	0	66	149	2
SRRM3	0	1	1	88	153	0
STAT5B	2	4	0	68	72	0
ACTG1	0	0	0	164	16	2
UQCR11	0	0	0	6	20	0
DNAH12	2	3	3	276	816	35
PRR3	0	0	0	0	0	0
SURF4	1	2	0	33	40	0
OOSP1	0	1	0	16	38	4
ZZEF1	2	5	0	286	584	7
POLB	0	0	0	10	38	2
LRCOL1	1	0	0	22	39	1
RNASE2	0	0	0	13	27	1
YLPM1	0	6	0	173	409	10
RHPN2	0	0	0	71	131	5
FTL	0	0	0	18	36	2
RFFL	0	0	0	25	59	2
DMXL2	2	8	0	210	456	1
TPPP3	0	0	0	25	37	0
YIPF4	0	0	0	10	44	0
CTR9	0	6	1	101	116	3
EPHB6	1	1	0	1	0	0
MYOD1	0	2	0	25	76	1
C9orf131	0	1	0	69	201	11
ENSG00000289722	0	0	0	21	42	1
B3GNT9	0	2	0	55	100	1
NHERF2	0	4	0	61	118	1
NCAN	0	2	0	130	258	2
PDE6C	0	4	0	82	147	5
KCTD20	0	1	0	29	75	1
MAP3K8	1	0	0	51	64	1
JUP	1	4	0	99	177	1
SEPTIN10	0	1	0	30	124	5
SKIC2	1	1	0	0	0	0
TET1	4	4	0	148	337	1
BRF2	2	2	0	42	87	3
SCN3A	1	10	0	135	205	3
GOT1L1	0	0	0	39	87	3
CPQ	0	1	0	33	91	8
COPS4	0	1	1	31	29	0
LPAR5	0	0	0	45	69	0
POLR2M	0	1	0	21	64	0
C7orf31	1	2	0	41	113	3
ZNF131	0	0	0	39	77	0
PRR35	1	2	0	84	159	4
EPHA6	1	3	0	85	186	4
MND1	0	1	0	10	33	2
ECT2L	1	2	0	88	192	13
PAG1	0	1	0	36	81	5
WDR38	1	1	0	47	83	3
SAA2-SAA4	0	0	0	10	36	1
KRTAP21-1	0	0	0	5	20	0
UBXN1	0	1	0	24	47	0
PLAGL1	0	0	0	48	68	1
ATCAY	1	1	0	53	82	0
PSMD6	2	1	0	41	55	0
PARP4	1	1	0	140	326	18
FN3KRP	1	0	0	39	79	2
ITGAV	0	0	0	79	179	6
SRSF6	0	0	0	35	69	2
GDAP1L1	0	2	0	57	73	2
XKR9	0	0	0	34	100	8
PRB3	0	0	0	0	0	0
MRPL20	0	0	0	17	47	2
TMEM184C	0	0	0	22	36	2
TRPS1	2	1	1	116	184	2
DRGX	0	0	0	33	69	1
POMC	0	2	0	45	80	5
NDUFAF5	0	1	0	38	71	4
DDR2	0	0	0	61	102	2
CHRNA2	4	3	0	73	114	7
HINFP	0	4	0	42	80	2
UPK3B	0	0	0	4	9	0
FSCN3	0	3	0	41	129	10
NUDT22	0	0	0	28	58	6
MYLIP	1	2	0	44	91	1
TGFBR3L	0	0	0	34	82	2
RHD	0	0	0	33	76	3
IQCM	0	0	0	33	101	12
ASB18	0	2	0	66	120	4
XPO7	0	5	0	92	95	0
TACR2	0	1	0	34	88	3
PROZ	1	1	0	36	106	7
IKZF2	1	2	0	47	83	0
SULT1A1	0	0	0	42	88	4
HLA-B	0	0	0	0	0	0
MCL1	1	1	0	38	91	0
PLA2G2F	1	1	0	17	52	2
GDPGP1	1	2	0	42	103	7
RD3	0	1	0	23	55	3
LCN1	0	0	0	17	41	3
OR5C1	0	0	0	45	81	9
DDRGK1	0	0	0	27	77	5
NECAB3	0	2	0	40	96	3
NPPA	1	0	0	22	40	0
DDX52	0	1	0	0	0	0
FILIP1	1	3	0	88	214	16
CD22	1	2	0	85	184	4
SPDYE9	0	0	0	0	0	0
NCDN	1	2	0	77	91	0
ENSG00000239395	0	0	0	2	8	0
OR51C1P	0	0	0	26	75	1
BIRC6	3	15	0	380	729	5
MTREX	0	1	0	71	126	4
HTR6	1	2	1	61	105	0
CHD4	2	18	2	161	169	0
CREB5	0	0	0	38	86	1
OR6B1	0	1	0	26	64	3
TGIF2-RAB5IF	0	1	0	12	19	1
MATN1	0	1	0	55	114	4
RHOBTB3	1	2	0	41	94	4
TMTC4	2	0	0	74	172	2
FRMD5	0	5	0	53	92	0
HOXB13	2	0	0	24	53	6
C3orf20	1	4	0	83	198	5
ERV3-1	0	0	0	68	149	14
TIAL1	0	1	0	27	20	0
LTBP3	3	5	0	149	264	6
LRRC14B	0	2	0	72	146	7
CRISP3	0	0	0	22	48	0
NPR2	2	3	0	78	152	3
YIPF3	2	0	0	34	78	2
SDR16C5	0	0	1	27	65	2
INKA2	0	1	0	21	64	2
DHX15	0	0	0	65	56	0
NYNRIN	3	5	0	187	338	10
RFXANK	0	0	0	26	62	4
RNF114	0	0	0	28	49	0
RICTOR	1	4	0	121	218	1
ESRP1	0	2	0	45	103	0
CYP1A1	1	1	0	37	133	3
C8A	0	3	0	55	148	11
BST2	0	0	0	16	27	1
CKMT1B	0	0	0	7	28	2
TAMM41	0	0	0	7	24	1
CYP11B1	0	0	0	68	146	3
TP53TG3	0	0	0	0	0	0
FAM117B	1	0	0	57	101	1
SPATA48	0	1	0	28	83	5
PIP5K1B	2	0	0	39	68	1
SLC5A2	0	1	0	77	172	6
YAE1	0	0	0	15	61	2
MAGOH	0	1	0	6	4	0
DNM2	0	4	1	118	120	0
SNRPD3	0	0	0	10	7	0
ZNF195	0	1	0	40	84	1
ANAPC7	0	1	0	40	63	6
DDX55	0	0	0	61	130	5
PLXNA4	2	5	0	253	337	0
SLC27A5	0	1	0	66	159	6
CRACDL	1	2	0	104	206	0
PMFBP1	0	5	0	83	194	15
STX2	0	0	0	20	64	2
NXPH4	0	0	0	30	61	1
ZFTA	0	0	0	93	162	4
CDKN1B	0	0	0	30	73	0
DHH	0	0	0	47	49	1
MAPRE1	0	0	0	28	35	0
LAMA5	7	15	1	689	1283	20
PLA2G7	0	0	0	31	104	5
PIP5K1A	0	1	0	46	82	2
ENSG00000131152	0	0	0	0	0	0
SOGA1	0	9	0	189	356	3
SIX2	1	0	0	37	60	0
GCSAML	0	0	0	6	34	1
PCDHB8	0	0	0	91	172	6
MGARP	0	1	0	29	55	1
AQP3	0	0	0	37	33	0
EBLN1	0	2	0	33	71	4
RAPGEF5	1	3	0	77	171	1
SLC9A5	1	2	0	84	144	5
ATP6V0A1	1	7	0	69	97	0
ODF2	1	2	0	82	179	6
ADAMTS15	1	2	0	137	210	1
GALR1	2	0	0	42	79	5
LRFN1	0	1	0	82	131	2
MYRIP	2	2	1	85	183	4
TRIM35	1	3	0	76	116	3
LDB2	0	1	0	37	51	0
DPY19L1	0	0	0	68	124	0
CLEC2L	0	0	0	30	51	1
QRICH1	0	2	6	73	76	1
CASP1	0	1	0	28	82	5
SOCS7	1	2	1	0	0	0
MAG	1	2	0	100	138	1
TNIP3	0	1	0	25	61	4
NDUFA6	0	1	0	0	0	0
CACNG3	1	2	0	38	18	0
RABGAP1L	0	0	1	72	131	7
GOLGA8F	0	0	0	0	0	0
ZNF638	3	5	0	147	395	0
RPS15A	0	0	0	11	5	0
ROCK2	1	4	0	75	128	0
MITD1	0	1	0	18	42	2
GAL	0	0	0	21	32	0
AGAP9	0	0	0	20	57	4
NHP2	0	0	0	19	28	2
CCDC107	0	0	0	29	67	2
SOX13	1	4	0	75	113	2
WEE2	0	1	0	0	0	0
CHD7	2	23	16	262	474	0
FAM229A	0	0	0	13	37	0
DNMBP	2	3	0	119	313	9
CNIH4	0	0	0	15	28	1
OR4M2	0	0	0	0	0	0
AP3B2	0	5	0	120	178	4
DBN1	0	0	1	83	150	0
ZNF793	0	1	0	28	91	7
ZNF101	0	0	0	22	83	5
CDC45	1	0	0	45	116	2
ECHDC2	1	2	0	30	78	7
CD1E	1	0	0	42	87	4
GET4	1	5	0	89	102	1
SULF1	1	2	0	85	149	2
EDEM3	0	2	0	55	150	5
HNRNPUL2-BSCL2	3	1	0	87	141	4
MISP	5	3	0	120	236	5
FANCE	2	1	0	37	117	3
TERB2	0	0	0	16	37	6
GIMAP5	0	0	0	37	78	2
HNRNPA1	0	2	0	29	37	0
POLR2J3	0	0	0	0	0	0
SLC18B1	0	0	0	41	91	2
PSD3	1	3	0	109	256	1
PLEKHA5	1	0	1	97	187	3
PLAAT3	0	0	0	20	37	3
CSMD1	5	16	2	644	1090	7
SENP6	0	2	0	76	193	1
CNBP	0	0	0	11	18	0
ANKRD52	2	3	1	102	123	0
FHIT	1	2	0	26	54	3
SELENOS	0	0	0	0	0	0
ZDHHC24	0	3	0	33	55	3
FBXO31	0	2	0	84	93	1
GLCE	1	2	0	40	98	0
GTF2IRD2B	0	0	0	14	24	0
MAP1LC3B	1	0	0	8	29	3
EPHA4	0	7	1	91	131	1
CD2AP	0	0	0	40	113	3
MAN2A2	1	3	0	140	242	11
CEMIP	1	4	0	162	258	5
CCL19	1	0	0	5	12	0
PSCA	0	2	0	19	31	1
SIPA1	3	0	1	116	206	3
ACSL3	1	2	0	67	113	1
SLC25A20	0	1	0	17	57	5
KLF4	0	2	0	77	101	1
AKAP10	1	1	0	49	111	2
KLHL42	0	1	0	38	72	1
RNF166	1	0	0	46	61	2
IL1RN	0	0	0	27	42	1
PRSS51	0	0	0	40	104	4
TBX2	0	1	0	90	156	2
MIDN	0	3	0	110	151	3
OSER1	1	0	0	24	46	1
ODF2L	0	1	0	45	117	4
PDE6G	1	0	0	12	16	1
GZMB	1	2	0	29	51	5
HOXB6	0	0	0	29	37	2
RBMS3	2	3	0	38	61	1
ZRANB2	0	2	0	32	50	0
RNH1	1	2	0	0	0	0
RNF121	0	1	0	21	39	0
NECAB2	2	6	0	85	170	4
TNFSF14	0	0	0	22	55	3
SIGLEC9	1	0	0	46	115	3
LRRC26	1	1	0	47	102	3
ENSG00000260729	1	3	0	19	44	2
NCKAP1L	3	0	0	81	164	2
NRCAM	2	1	0	103	210	3
FAM83H	1	6	0	0	0	0
NUDT2	0	0	0	9	31	2
CPSF6	0	4	0	56	46	0
PAPSS2	0	4	0	52	109	7
KCTD6	0	0	0	13	13	0
ABHD11	1	1	0	40	73	2
SYCP2	1	4	0	106	257	0
KDM2B	1	9	0	151	213	1
COG6	0	1	0	38	136	6
NFASC	0	1	0	185	265	1
CEP70	0	2	0	41	110	10
ALPK1	0	2	0	102	257	13
MYRFL	0	1	0	56	159	8
IL31	0	0	0	20	44	1
MMP1	0	1	0	36	115	8
PNMA1	0	0	0	22	51	1
CORO2B	1	1	0	52	69	1
POLR3C	0	0	0	41	93	3
BBS5	0	1	0	27	49	2
NEK5	0	1	0	53	157	12
TUBA4B	0	0	0	13	62	2
CELF1	0	0	0	34	49	0
NSMAF	0	2	0	59	194	9
USP53	0	1	0	72	194	8
PCMT1	0	1	0	17	28	0
ADPRHL1	0	0	0	228	522	18
MAST4	2	4	1	257	487	10
SLC19A1	2	2	0	89	153	1
ASGR1	0	0	0	17	58	2
PSD4	1	3	0	105	236	1
MAPKAP1	0	1	0	48	63	1
GGT5	2	1	0	77	147	6
SLC36A4	2	1	0	34	96	7
LARP7	1	5	0	36	111	1
NBN	1	3	0	60	138	5
TRIP13	0	1	0	53	51	2
GNAT3	0	1	0	20	63	6
LYVE1	0	0	0	22	59	7
LSM2	0	0	0	0	0	0
TMCC3	0	1	0	61	92	3
DDX51	3	1	0	125	214	8
UPP2	2	0	0	26	66	4
KRTAP10-10	0	0	0	47	68	2
DYNLRB2	0	1	0	5	27	1
EEF1A1	0	0	0	53	20	0
MNDA	0	0	0	39	98	3
DVL3	0	1	0	67	123	1
SRRD	1	0	0	27	85	1
DEPDC1	0	0	0	37	118	4
INCENP	1	1	0	129	245	1
ATG5	0	3	0	18	28	0
MUC20	0	0	0	0	0	0
MAP2K3	1	0	0	13	19	0
PLA2G15	0	1	2	33	80	2
APOBEC2	2	2	0	19	45	1
ENSG00000281593	0	0	0	0	0	0
MED29	1	0	0	23	27	2
C9orf24	0	1	0	23	55	2
TCEANC2	0	0	0	7	41	1
IRAG1	1	0	0	94	223	6
ZNF286A	0	0	0	21	52	2
C2orf49	1	0	0	18	50	0
CFAP57	0	1	0	97	259	17
PIKFYVE	2	5	0	150	312	7
TLR5	1	2	0	64	151	6
RNF180	1	0	0	41	122	2
GALNT8	0	1	0	45	156	11
NCKAP5L	1	2	0	125	305	1
ARHGAP32	1	3	1	180	384	2
COPRS	0	0	0	15	44	1
ARCN1	0	0	0	36	79	0
COL6A6	3	1	0	178	494	19
INIP	0	0	0	10	15	2
NEPRO	0	1	0	36	114	3
ANKRD2	0	0	0	40	64	3
CTXND2	0	0	0	1	11	0
CABYR	0	0	0	25	60	3
SLC6A1	3	33	2	70	58	0
SSU72L4	0	0	0	0	0	0
TMEM174	0	1	0	27	63	1
MR1	0	0	0	33	73	5
C6orf52	0	0	0	11	27	4
ELP1	1	5	0	115	268	9
TDRD7	0	1	0	91	174	4
BRIP1	2	2	0	65	194	13
CHCT1	0	0	0	27	51	2
TBC1D3I	0	0	0	0	0	0
CDK20	0	0	0	55	101	4
COMTD1	0	0	0	28	51	3
NIPA2	0	0	0	40	78	1
MRPL21	0	0	0	21	41	3
RABEP1	1	0	0	68	130	1
ZSCAN5A	1	2	0	66	121	1
OR5T2	0	3	0	0	0	0
BHLHE40	1	2	0	41	61	0
IQCA1L	0	0	0	89	226	18
EXO1	0	1	0	75	195	10
NANOGNB	1	0	0	15	41	5
ARSJ	0	2	0	51	109	8
ABHD10	0	1	0	20	65	4
PLAC8L1	0	2	0	15	39	2
LRRC14	0	1	0	67	114	5
PROC	1	5	0	51	93	4
ST7L	0	0	0	40	78	5
CSN2	0	0	0	22	52	2
FAM240B	0	0	0	7	19	0
GSTM1	0	0	0	0	0	0
GCNT3	0	2	0	61	107	6
TEX101	0	0	0	19	54	3
MRPL34	0	1	0	8	29	1
RBPJL	1	3	0	58	122	4
INPP5J	1	3	0	103	226	10
OR4K5	0	1	0	37	80	3
RFPL3	0	0	0	40	103	2
NRBP1	0	3	0	50	36	0
DYNLT4	0	0	0	29	63	1
RTP2	1	0	0	34	64	2
CCDC175	0	0	0	60	162	12
TM2D1	0	1	0	14	40	1
PADI4	0	3	0	94	157	3
RNF103	0	2	0	47	123	1
KRTAP1-1	0	0	0	0	0	0
POLG2	0	0	0	39	92	4
KCNJ6	0	1	0	36	29	3
CD40	0	1	0	22	28	1
CELF6	0	0	0	49	87	0
CDH11	1	2	0	102	141	0
PRLHR	0	1	0	38	98	3
PEDS1	0	0	0	38	41	0
SLC49A4	0	1	0	36	79	2
DQX1	1	1	0	48	129	14
RAB5A	1	0	0	17	37	0
OR5M10	0	1	0	21	68	5
NPBWR2	1	2	0	0	0	0
PEF1	1	1	0	30	62	3
KERA	0	3	0	34	62	3
CC2D1B	1	0	0	93	236	10
TNFRSF12A	0	1	0	12	29	1
PTRH2	0	1	0	19	29	1
PMS2	1	1	0	76	186	7
MAGEL2	0	1	7	154	313	4
SDHB	0	0	0	21	62	1
PHF21B	1	1	0	78	132	2
STRN4	0	3	0	106	146	1
SPATA22	0	1	0	29	77	5
RXYLT1	0	0	0	37	62	5
GET3	0	0	0	49	38	1
NDC1	0	2	0	47	109	0
EDC3	0	1	0	35	84	1
CRYAA	1	2	0	0	0	0
TAAR9	0	0	0	26	88	3
SNX14	0	0	0	55	144	10
RORB	0	6	0	46	46	0
FANCD2OS	0	1	0	17	38	1
NELL1	0	3	0	69	174	4
NUDCD2	0	2	0	16	28	2
NDUFS5	0	0	0	7	23	0
CCL17	0	0	0	9	19	1
HSPA13	1	1	0	24	74	2
FCGR2B	0	0	0	21	28	2
DUSP2	0	0	0	42	82	2
PPARG	0	1	0	32	57	0
ITSN1	0	4	0	169	208	0
SH2B3	2	1	1	69	179	1
RPL32	0	0	0	13	23	0
ADCY6	1	3	0	116	229	0
OR13F1	0	0	0	32	62	2
H2BC11	1	1	0	34	43	0
MAL2	0	0	0	27	30	3
BBS4	0	1	0	45	96	3
SNX33	0	0	0	44	112	0
C1orf131	1	2	0	21	63	0
BCL10	0	1	0	15	26	1
PTCH1	2	9	4	207	319	1
IGFBP4	0	0	0	33	50	2
GHDC	0	1	0	65	127	6
POTEC	0	0	0	26	70	2
TBC1D9	1	2	0	125	188	4
SLC16A6	1	0	0	47	73	0
EMILIN2	1	3	0	137	250	6
TSNAX	0	0	0	14	31	0
PDCD6	0	2	0	32	42	0
THAP9	0	0	0	64	131	8
DLC1	3	8	0	186	378	4
RPH3AL	1	0	0	0	0	0
RCN3	0	0	0	50	80	8
WDR45B	0	2	0	36	48	1
PLEKHN1	1	3	0	123	241	7
ABCG1	0	1	0	89	123	2
SHOC2	1	4	0	30	51	0
DYNC2LI1	0	3	0	28	79	3
SNTN	0	0	0	9	30	1
NUP88	1	2	0	60	164	3
AIMP1	0	1	0	23	69	2
CADM4	0	1	0	36	54	0
SAMD9	0	9	0	101	274	25
TSEN34	1	0	0	2	3	2
MCM10	3	2	0	80	169	4
NOC4L	2	5	0	110	203	0
CHRD	2	3	0	101	225	7
FAM205C	0	0	0	14	37	2
WASHC2C	0	0	0	40	90	3
HMGN2	0	1	0	5	14	0
ONECUT1	0	1	0	48	100	0
KRT32	0	2	0	63	130	3
PPP2R1A	0	14	0	79	43	0
CCAR1	2	7	0	69	126	2
C10orf143	0	0	0	12	19	1
SAA4	0	0	0	9	33	0
KNCN	0	0	0	18	47	1
DYRK2	1	4	0	52	109	1
CCDC14	0	3	0	55	165	8
SLC9B2	0	0	0	41	106	2
EIF5B	0	3	0	82	159	1
NFILZ	0	0	0	30	79	3
DENND4B	2	5	0	131	235	3
SALL4	1	2	0	148	210	0
DSPP	1	2	0	109	235	4
HVCN1	0	0	0	21	51	2
DYNLT2B	0	1	0	6	22	1
TRIM39	0	0	0	0	0	0
DEPDC1B	0	2	0	37	85	2
INTS14	0	2	0	33	78	3
HOXA9	0	3	0	36	70	1
MAP6	1	2	0	93	146	1
ZNF490	1	1	0	46	95	6
ZNF91	1	0	0	70	190	3
PTMA	0	0	0	17	12	0
UBE2D2	0	0	0	7	1	0
DAGLB	1	0	0	99	210	3
TPPP2	0	1	0	15	48	2
SDHAF3	0	0	0	8	39	2
RAB6A	0	0	1	18	11	1
IFI27	0	0	0	0	0	0
RNF20	0	4	0	57	125	9
CAMTA2	1	4	0	103	226	5
KAT7	1	0	1	43	54	1
RGPD8	0	0	0	0	16	0
PCDHA7	1	0	0	86	216	7
B2M	0	0	0	0	0	0
ENSG00000283761	0	2	0	55	80	4
NEURL4	2	5	0	185	321	3
ENOSF1	2	0	0	46	129	2
SLC2A3	0	2	0	52	102	2
SKA3	1	1	0	31	73	1
CCDC188	0	0	0	42	79	3
ENSG00000259164	0	0	0	5	6	0
SMARCC1	1	4	0	103	144	2
RECQL4	0	9	0	242	504	11
RHOJ	0	0	0	14	42	0
LLGL2	0	1	0	123	292	7
FEM1A	0	0	0	62	113	3
RAB14	0	5	0	19	6	0
KIRREL3	0	1	0	117	159	0
FZD10	0	2	0	55	102	7
EPC1	0	2	1	70	99	2
ERCC3	0	2	0	73	132	10
WDR81	2	2	0	5	8	0
CERS5	0	0	0	23	65	4
CNGA3	3	2	0	74	166	7
PRAMEF26	0	0	0	0	0	0
ZSCAN5C	0	1	0	49	144	3
HROB	0	2	0	40	124	2
FAM86B2	0	0	0	0	0	0
SH2D4A	0	0	1	55	124	7
C1QTNF9B	0	0	0	18	39	4
GPM6A	0	1	0	21	29	1
GCOM1	1	1	0	60	147	5
AP2A2	2	3	0	0	1	0
PLGLB1	0	0	0	0	0	0
EPB41L5	0	5	0	56	151	1
CRTAP	0	2	0	53	91	1
ENSG00000265690	0	0	0	0	0	0
GCGR	0	2	0	84	129	2
ENSG00000288841	1	0	0	12	22	0
PRKCE	0	9	0	80	99	0
ANP32A	0	1	1	26	13	0
RGPD2	0	0	0	0	0	0
UGT1A7	0	1	0	66	129	4
DOK2	0	1	0	56	140	6
CLIP3	1	2	0	65	87	0
CYB5RL	0	2	0	26	75	5
PSPN	0	0	0	24	44	3
ENSG00000282936	0	0	0	122	277	1
NAPB	0	0	0	22	40	0
TVP23B	0	0	0	12	26	1
OLFM3	0	2	0	41	58	3
S100A4	0	1	0	9	24	0
CCL20	0	0	0	9	17	1
OR8D4	0	0	0	21	60	1
KIAA0825	3	1	1	92	214	7
CHST6	0	0	0	64	117	3
FMNL3	0	2	0	96	166	0
SNRPG	0	1	0	3	4	0
TSG101	2	2	0	45	51	1
ZC3H6	0	0	0	86	185	2
ZNF384	1	3	0	58	99	0
CNOT7	1	2	0	17	18	0
H2BC7	0	1	0	43	33	2
DYNC2I2	0	3	0	73	151	2
FBF1	2	1	0	118	262	13
TMEM38A	0	0	0	43	67	2
ZNF462	4	6	1	243	381	0
CBLL1	1	5	0	39	72	0
TMBIM1	0	4	0	36	60	1
GABRB3	0	13	0	53	38	0
TRIP12	3	8	6	148	224	0
DNAAF2	1	2	0	106	185	8
WDR20	0	1	0	57	96	1
MLLT1	2	2	0	74	78	0
UBE2G1	0	0	1	14	8	0
BMF	0	2	0	14	34	1
IER3	0	0	0	0	0	0
PDCD1LG2	0	0	0	18	56	1
ENSG00000285444	0	0	0	4	6	0
TGFB2	0	2	0	35	53	0
CSNK1G1	0	2	0	33	64	2
ASCC1	1	3	0	19	61	5
SHISA9	1	1	0	42	84	0
NDUFA7	0	0	0	15	35	0
APOH	1	0	0	31	75	2
CDK5R2	1	1	0	45	58	0
SEPTIN4	0	3	0	85	190	8
PDP1	0	2	0	33	70	1
USP17L27	0	0	0	0	0	0
BDKRB1	0	2	0	43	91	5
NCOA7	0	0	0	70	171	2
DHX37	1	2	1	158	273	5
SLC25A39	0	0	0	62	96	4
PRRT1	0	0	0	0	0	0
ENSG00000267022	1	1	0	40	109	8
ECE2	1	0	0	73	170	7
GTPBP1	0	2	0	66	99	1
PIGC	0	0	0	15	47	1
BHMT2	0	0	0	25	61	5
ENSG00000285000	0	0	0	46	109	5
TNFRSF14	1	4	0	0	0	0
GAST	0	0	0	9	23	1
HYKK	0	2	0	19	59	6
CDC42BPA	0	5	0	121	255	6
MMP7	1	1	0	30	60	4
DRC3	1	1	0	51	133	2
ARHGEF1	0	1	0	106	181	3
SELENOT	0	0	0	0	0	0
CNOT4	2	2	0	50	79	0
MRPL58	0	2	0	21	49	2
ZNF791	0	0	0	33	77	5
APLF	0	1	0	42	105	6
RBM14-RBM4	0	1	0	62	57	0
C11orf54	0	1	0	18	50	4
LSR	2	1	0	75	165	6
ZNF526	0	1	0	64	154	3
TMEM225	0	1	0	22	48	1
SHLD3	0	1	0	19	41	4
LINGO2	1	1	0	60	131	1
RHBDF2	1	4	0	95	199	4
MYL5	0	0	0	27	64	3
CFD	1	1	0	0	0	0
CGN	0	1	1	93	284	19
TMEM247	0	1	0	11	70	3
IGFBP3	0	0	0	40	66	0
OTOS	0	0	0	9	23	4
TRIM37	1	3	0	68	144	6
MEIG1	0	0	0	6	23	1
NPIPB6	0	0	0	16	29	2
STK40	2	2	0	62	74	0
C6orf58	0	1	0	23	68	4
MRPS28	0	0	0	22	44	2
FBLN1	1	4	0	100	158	2
FNDC8	0	0	0	38	71	2
LDLRAP1	0	1	0	41	80	3
ADAM19	1	1	0	93	181	6
RNF165	1	1	0	34	49	2
NCCRP1	0	1	0	38	72	2
ZNF507	2	2	0	103	197	3
CCZ1B	0	0	0	7	11	0
REXO5	0	1	0	62	104	4
GGCX	1	1	0	66	152	8
GPC6	0	2	0	46	118	0
PLEKHO2	0	0	0	43	108	1
OR8D2	0	3	0	21	60	1
FBXW9	0	0	0	59	93	5
MAN2A1	2	4	0	95	212	9
RAI14	1	1	0	66	140	4
HNRNPR	1	0	0	42	61	1
MACO1	2	2	0	51	65	1
C20orf173	0	0	0	22	41	4
DNAJB8	0	1	0	37	76	1
DTD2	0	0	0	9	26	2
SLC12A4	2	2	0	128	267	5
ZNF563	0	0	0	36	91	7
GGA2	0	2	0	72	151	2
RNF17	0	4	0	115	261	0
TCF12	1	4	2	58	145	1
LYSMD1	0	1	0	19	33	1
GSDMB	0	0	0	34	90	3
RAB5C	1	4	0	18	28	0
TERF1	0	0	0	41	68	2
CITED2	0	1	0	46	77	0
ANXA11	0	1	0	68	131	3
RFTN1	0	1	0	70	116	11
G2E3	0	2	0	40	94	2
GLIS1	1	1	0	121	232	4
UBE2U	1	0	0	27	53	4
RNF149	1	3	0	28	72	2
DDX43	1	1	0	60	115	5
SHC2	0	3	0	107	197	6
ENSG00000273259	0	0	0	0	0	0
HSPA1A	0	0	0	0	0	0
SMIM33	0	0	0	11	30	0
REXO2	0	0	0	14	38	2
HHAT	0	1	0	46	109	3
ENSG00000290149	1	1	0	9	23	0
OR52N1	0	1	0	32	90	1
STMN2	0	2	0	16	17	0
INSYN1	0	3	0	36	57	0
ENSG00000285645	0	0	0	9	24	2
STAB1	0	8	1	318	653	25
CALN1	0	0	0	35	50	3
HMBS	1	0	0	35	78	1
SPON1	1	2	0	81	169	5
PAN3	1	1	0	75	137	0
VSIG10	0	1	0	67	103	6
SOX5	2	11	5	55	104	0
PDE6H	0	0	0	3	15	1
SLC24A5	1	0	0	41	91	9
ACP3	0	1	0	36	73	4
AKAP3	1	1	0	81	192	3
STK38	0	3	0	26	59	1
ENTREP1	0	0	0	49	137	6
CDK9	1	2	0	57	56	1
OR10H1	0	2	0	27	57	0
ENSG00000289685	0	0	0	28	68	6
CFC1	0	0	0	0	2	0
ATOX1	0	0	0	3	8	0
ZC2HC1B	0	0	0	15	44	5
KATNBL1	1	0	0	15	45	1
FKBP2	0	0	0	11	26	1
C18orf63	1	1	0	39	108	6
MTF2	0	1	0	32	64	0
MAP3K7CL	0	0	0	13	29	2
ERN1	1	1	0	117	174	2
LACTB	1	0	0	34	104	2
MGAM	0	2	0	56	169	8
PDE4A	0	0	0	96	181	0
GNG12	0	0	0	7	7	0
CKM	0	0	0	49	91	0
ZNF773	0	0	0	30	88	3
C19orf18	0	0	0	21	42	2
DSE	0	0	0	60	145	3
DHODH	0	2	0	57	113	3
GPR179	3	9	1	0	0	0
FRMD4B	0	2	1	89	237	2
GRM2	0	1	1	82	164	1
ATP9B	0	1	0	144	246	7
ZNF668	0	2	0	62	95	0
LTB	0	0	0	0	0	0
MRGPRX2	1	0	0	24	67	0
TMEM223	0	1	0	23	55	1
ZFP82	0	0	0	35	75	1
PEX14	0	1	0	57	73	1
ENSG00000259529	0	3	0	79	192	2
LAMTOR3	0	0	0	5	15	1
TGM1	0	5	1	100	221	10
TBC1D10A	0	1	0	63	118	2
ENSG00000290315	0	4	6	106	129	3
TUBB2B	0	1	0	11	1	1
RALGPS1	1	1	0	53	64	2
STARD13	4	1	0	131	216	7
ORAI2	0	0	0	45	43	0
SLC30A2	1	0	0	34	67	0
MTX1	0	0	0	26	76	2
SH3PXD2B	0	4	1	100	190	1
PGPEP1L	0	0	0	26	51	3
TM2D3	0	0	0	39	66	4
SPC25	1	1	0	2	11	0
CERS1	0	0	0	54	80	1
CEP44	0	2	0	28	64	3
HAUS5	2	2	0	55	148	6
EPHX2	1	0	0	59	113	7
PEBP1	0	0	0	19	30	3
TNP1	1	0	0	9	18	0
DNAJB7	0	0	0	22	81	2
PRPH2	0	1	0	36	75	1
TNFSF9	0	1	0	46	69	3
SLC7A4	1	1	0	88	166	4
TMEM218	0	0	0	14	23	2
CDK19	0	2	0	41	37	2
OR52E2	0	0	0	26	86	3
FAM228A	0	0	0	9	42	1
CAP1	0	0	0	36	100	0
RIC3	0	0	0	32	69	4
SPTSSA	0	2	0	12	17	1
GALNS	0	2	0	85	149	5
SMARCAL1	0	2	0	89	186	6
GUCA1B	0	1	0	21	39	5
PROCR	0	0	0	22	44	1
LONRF2	0	2	1	82	155	1
ZP3	2	0	0	42	85	1
PRMT9	0	3	0	58	151	4
SLC25A46	0	0	0	36	85	0
ACTL8	1	0	0	65	86	1
SUGP2	1	4	0	89	207	2
CETN3	0	1	0	10	27	1
ZFAND3	0	0	0	25	20	1
C5orf63	0	0	0	6	22	2
C20orf141	0	1	0	19	37	1
SAGSIN1	0	0	0	13	12	0
PLEKHA6	0	4	0	111	284	2
ENSG00000283782	1	7	0	72	197	15
USP34	3	7	0	318	570	1
RAB29	0	1	0	16	39	2
LY6G6F	0	0	0	0	0	0
ATP5MF-PTCD1	0	5	0	94	195	7
ENSG00000144785	0	0	0	18	54	2
ZNF75A	0	0	0	54	130	6
RANBP10	3	0	0	62	106	1
FYN	1	1	0	43	43	1
OR5P3	2	1	0	0	0	0
ENTPD6	2	1	0	62	135	0
DEFB121	0	0	0	8	13	1
LRRC30	0	0	0	32	70	2
NCKAP5	4	3	0	172	389	5
ADAMTSL3	1	4	0	150	342	9
ZKSCAN8	1	1	0	37	93	8
MADCAM1	0	2	0	58	107	1
PTX4	1	0	0	67	139	6
IPPK	0	0	0	60	95	0
IFFO1	1	2	0	75	116	2
TRIM2	2	2	0	82	109	1
WDR59	0	3	0	127	186	6
PPP1R15B	0	2	0	49	147	2
RNMT	0	0	0	18	81	2
SCAF8	1	1	0	103	203	1
CLDN12	0	0	0	21	38	3
GTPBP10	0	1	0	28	65	3
AMY1A	0	0	0	0	0	0
TXNDC12	1	0	0	11	29	1
GATA3	2	2	1	61	82	0
FAM187A	0	1	0	43	97	8
REEP4	1	0	0	39	76	2
P3H3	1	5	0	68	196	8
PTRHD1	0	0	0	21	35	1
OR51F2	0	0	0	36	63	5
OR2H1	0	0	0	0	0	0
MYL1	0	0	0	18	41	1
SPTBN5	6	14	0	414	1013	59
SIGLEC5	0	0	0	44	64	5
GK2	0	0	0	43	98	3
WFDC9	0	0	0	4	14	1
SUPT4H1	0	0	0	6	18	0
SAG	0	1	0	39	101	4
TM2D2	0	0	0	17	30	1
NDUFA8	0	0	0	11	38	0
MTHFSD	0	3	0	52	129	5
CNDP2	0	1	0	75	115	2
CDK3	0	1	0	36	63	6
RASD1	0	0	0	20	54	1
DAZL	0	0	0	23	45	0
DPPA2	0	1	0	20	61	4
SULT4A1	0	0	1	28	43	0
SKA2	0	1	0	5	15	1
ZNF100	0	0	0	0	0	0
AAAS	0	1	0	40	111	11
PRAMEF10	0	0	0	13	35	0
SNTB1	0	0	0	46	127	1
TLCD2	0	1	0	0	0	0
RIMBP3	0	0	0	11	14	0
CRISP2	1	0	1	23	46	1
FZD9	0	0	0	73	110	4
SPDYE5	0	0	0	22	64	1
BAG4	1	0	0	30	88	1
RAPGEF1	2	1	1	153	190	0
TSGA10	1	1	0	45	100	5
TTLL4	0	0	1	100	255	6
ENSG00000285528	0	0	0	4	10	1
CHEK1	1	1	0	35	57	5
LNX2	2	0	0	65	123	5
BAIAP3	1	4	0	193	360	11
FOXN1	0	2	0	77	152	1
ZBTB34	0	4	1	52	74	1
LMX1B	1	0	0	66	74	1
CACNB3	0	1	0	45	84	2
LAPTM5	0	0	0	35	63	0
PLAC9	0	0	0	17	26	0
ENSG00000255339	0	1	0	11	49	2
FZD5	0	0	0	63	80	2
NCLN	1	4	1	126	144	1
TAF11L3	0	0	0	0	0	0
SWSAP1	1	2	0	20	55	4
ABCA8	1	8	1	132	326	20
TANGO6	0	1	0	84	206	14
PPAT	1	0	0	28	50	0
SUV39H2	1	0	0	27	40	1
MED6	0	2	0	6	35	1
CD300A	2	0	0	36	62	2
RSRC2	0	0	0	28	48	1
SPATA24	0	0	0	15	33	4
SLC35G3	0	0	0	38	72	3
ZBTB9	1	0	0	0	0	0
PLA2G2C	0	0	0	10	25	4
CAPN12	3	1	1	112	246	8
TEAD4	1	2	0	50	98	4
TLR1	1	0	0	57	167	9
POFUT1	0	1	0	50	82	1
C21orf62	0	0	0	0	0	0
TG	0	5	0	307	646	22
ETV1	0	1	0	40	88	0
TUFM	0	2	0	45	72	1
RNF224	0	0	0	36	49	2
SALL1	0	0	0	141	258	0
GPATCH4	0	0	0	0	0	0
ABHD16B	1	4	0	63	123	6
SLC16A10	0	0	0	42	87	3
SPAST	1	9	0	47	79	0
OR5AK3P	0	0	0	0	0	0
MIDEAS	2	5	0	122	215	2
SEMG1	0	1	0	52	93	12
MT1X	0	0	0	8	12	1
AGRN	3	8	0	395	678	5
SULT1A2	0	0	0	33	86	5
CGA	0	0	0	13	14	0
IER5	0	0	0	54	90	0
COX19	0	0	0	10	31	1
ABCC1	2	5	0	0	0	0
SLC13A3	0	1	0	71	106	4
PTBP2	0	2	0	35	42	0
PRSS1	0	0	0	0	0	0
ADGRD1	0	2	0	126	199	4
SRCAP	5	7	10	314	632	3
NACC1	1	10	0	93	59	0
VAPB	0	1	0	16	35	0
SSU72	1	0	0	19	23	0
PLAUR	0	1	0	29	68	0
SLC7A13	1	1	0	41	118	6
OCM	0	0	0	10	22	3
PGAM2	0	3	0	33	82	4
OR13C2	0	0	0	19	58	1
ENSG00000284906	0	0	0	0	0	0
MARK4	1	5	0	89	135	1
CALCRL	1	0	0	32	66	0
PRR9	0	0	0	9	19	2
TNFRSF1A	1	1	0	44	64	0
BNC2	1	3	2	112	214	1
HRURF	0	0	0	5	4	0
MRFAP1L1	0	0	0	15	32	1
RASGRF1	0	6	0	141	184	0
ABCC6	0	4	0	15	28	0
OR7A17	0	0	0	22	75	1
SUMO3	0	0	0	13	11	0
ZNF713	0	1	0	32	73	6
ENSG00000286022	1	0	0	105	190	8
EPHX4	0	0	0	20	53	3
KLRK1	0	0	0	14	47	4
ADAM15	0	0	0	80	182	9
HSBP1L1	1	0	0	3	18	0
NUFIP2	2	1	0	70	96	0
RFTN2	2	1	0	35	95	3
RPE	0	2	0	18	42	1
FSCN1	0	0	0	76	102	0
VWA5A	0	1	0	66	166	11
BOLA2B	0	0	0	0	0	0
SEL1L2	0	1	0	55	137	1
ZSWIM7	0	0	0	9	23	3
ZC3HAV1	2	2	0	69	150	2
MIER1	0	1	0	25	65	2
ENSG00000239920	0	1	0	7	18	3
WFDC13	0	0	0	4	20	1
GPN2	0	3	0	38	70	3
CSNK1D	0	1	0	66	57	0
IL1R1	1	0	0	43	53	2
CNPY3	1	0	0	24	50	0
MSANTD5	0	0	0	17	58	0
GEMIN4	1	3	0	112	266	10
UBE2T	1	1	0	9	27	2
TFB2M	1	2	0	33	81	5
SLC39A6	0	5	1	62	127	8
ASB5	0	1	0	25	60	6
LAMP5	0	1	0	30	65	2
SV2B	1	1	0	77	140	4
MAP3K2	0	2	0	43	91	0
KXD1	0	0	0	21	41	0
IFT25	0	0	0	11	27	0
BOD1	0	0	0	11	33	3
AADACL2	0	0	0	0	0	0
CENPL	0	0	0	17	62	3
PXMP2	1	0	0	28	58	0
PLD5	0	2	0	50	72	5
IFNB1	0	0	0	18	47	3
SLC25A31	0	0	1	24	63	6
SEPTIN7	0	0	0	22	39	0
SFXN4	0	0	0	24	62	2
ARL10	0	0	0	27	51	3
CD207	0	0	0	38	75	4
RNF122	0	0	0	16	26	1
ILK	0	3	0	30	80	2
IFIT3	0	2	0	41	84	3
DMRT1	0	2	0	56	95	0
MALRD1	0	2	0	210	563	19
SRBD1	2	4	0	87	235	13
LRRC8D	1	2	0	55	84	0
KRBA1	1	1	0	129	258	5
TDP2	0	2	0	48	67	3
TOMM7	0	0	0	7	15	0
TCTN2	0	2	0	66	129	6
GNAT2	0	0	0	21	75	3
ZNF256	0	1	0	38	110	8
CRYBB1	0	0	0	27	63	0
CREB3L4	0	1	0	32	84	1
C2orf15	0	0	0	4	13	1
ASCL3	0	1	0	18	64	2
RFESD	0	0	0	10	28	3
OLFML2B	0	3	1	79	178	9
EPS15	0	1	0	66	153	3
SENP8	0	1	0	13	31	0
SUCO	0	0	0	88	190	3
DNAJB9	0	1	0	16	53	0
RIMBP3B	0	0	0	0	0	0
ARHGAP15	1	1	0	32	95	4
MRPL3	0	0	0	41	85	0
IKBKB	2	1	0	71	92	3
COLGALT1	0	3	0	91	172	2
C22orf15	0	1	0	0	3	0
ODF3B	1	0	0	28	72	4
AK7	0	0	0	63	138	5
DPH5	0	0	0	11	45	1
SKAP1	0	0	0	25	65	1
HSPBP1	1	3	0	48	82	1
RTP4	1	0	0	15	50	2
SSC5D	2	4	0	182	390	20
WDR6	1	2	1	85	261	5
SIVA1	0	0	0	30	48	0
ZFAND1	1	0	0	17	58	4
ANKRD53	0	1	0	58	130	8
RPS10-NUDT3	1	0	0	28	43	0
CLEC5A	0	0	0	15	28	2
ZNF140	0	1	1	34	80	6
ZNF419	0	0	0	55	113	6
REG1B	1	1	0	12	37	1
GPLD1	2	0	0	93	211	6
NOX3	2	1	0	59	146	8
WDR31	0	1	0	31	51	9
INPP5E	0	2	0	108	161	2
UQCC3	0	0	0	11	23	2
ZNF883	0	1	0	22	87	12
PPP1R3E	0	0	0	35	86	1
PRM3	0	0	0	8	33	1
ING1	0	2	0	35	36	0
MRAS	0	1	0	25	18	0
PARP8	0	2	0	64	96	3
MKS1	1	2	0	47	151	5
CARD14	2	5	0	164	291	13
ZNF772	0	0	0	29	82	3
SLC4A7	1	1	0	110	183	5
RDH13	1	4	0	0	0	0
PLCL1	1	1	0	77	195	0
ENSG00000285772	0	0	0	1	2	0
PFKFB3	1	1	0	76	108	3
TFAP2D	2	0	0	51	78	0
KCNH2	2	0	0	155	222	1
GAA	3	0	0	141	271	8
PRR12	3	4	2	357	480	0
PGBD1	1	0	0	55	147	7
ENSG00000288636	0	0	0	9	29	3
OR10A6	0	1	0	0	0	0
TCF23	0	0	0	21	48	0
ENSG00000261915	0	0	0	0	0	0
ERVK3-1	0	0	0	8	23	2
PMEPA1	0	1	0	40	59	1
SS18L1	1	3	0	73	78	2
MRPL24	0	2	0	14	52	2
PCDHGB5	0	0	0	80	166	7
H4C5	1	7	0	46	24	4
GKN1	0	1	0	22	28	0
GMNN	0	1	0	17	35	1
TOMM70	2	1	0	42	72	0
NT5C1B-RDH14	1	2	0	73	125	7
NUTM1	1	4	0	84	223	7
ENSG00000260537	0	0	0	34	48	0
C7orf57	0	1	0	28	56	4
STAM2	0	0	0	36	79	4
GPR27	0	1	0	63	78	0
FILIP1L	0	3	1	86	244	9
KLHL35	0	1	0	89	171	3
RBM28	0	0	1	46	160	8
BRMS1L	0	2	0	12	37	0
ARMH4	0	0	0	68	153	7
ARFGAP3	1	0	0	49	122	5
SH3GL1	1	1	0	67	72	1
CTSW	0	0	1	29	86	4
POTEF	0	0	0	33	57	0
SNTG1	0	1	0	44	99	1
ALKAL1	0	1	0	14	24	0
SPATA31C2	0	0	0	59	162	4
UBTFL1	0	0	0	4	9	0
TAX1BP1	0	0	0	53	119	3
FAM90A22	0	0	0	0	0	0
ZNF141	0	0	0	19	91	2
EVC2	1	8	1	177	341	16
CANX	0	0	0	35	76	1
ELAVL3	0	3	0	67	30	1
C20orf96	0	0	0	33	73	5
FUT2	0	0	0	50	97	8
MTMR3	1	1	1	99	198	2
NCR3	0	2	0	0	0	0
NCK2	0	0	0	56	53	1
DNAJC8	0	1	0	19	34	1
GRB7	0	1	0	61	142	7
CHURC1-FNTB	0	1	0	41	72	1
PIEZO1	6	12	0	667	1106	22
PRM2	0	1	0	18	35	1
S1PR3	0	0	0	40	79	1
TNFSF8	0	1	1	14	43	0
UBASH3A	1	2	0	81	177	9
ZSWIM5	0	2	1	82	194	2
GPR65	0	0	0	23	51	1
ATP2A3	4	3	0	162	228	2
CLCN7	0	3	0	150	179	2
KAT2B	1	1	0	73	127	2
SPPL3	0	0	0	39	36	0
NOTCH3	1	6	1	283	483	2
CHRNA1	0	1	0	55	84	2
GPR84	0	1	0	46	79	5
PILRA	0	1	0	31	55	5
DEFB136	0	0	0	9	20	0
PLAA	0	2	0	66	124	3
HBA1	0	0	0	4	10	0
CHORDC1	0	1	0	19	47	0
HS3ST3A1	1	2	0	39	62	0
ARAP2	3	4	1	121	365	8
SRP72	0	3	0	48	108	2
CFAP97	0	0	1	52	118	3
LPA	2	1	2	133	312	19
EME2	0	1	0	80	138	5
SGK2	0	1	0	34	68	1
KAZN	1	3	1	114	156	0
ARV1	0	1	0	17	55	1
SORBS2	1	4	0	127	255	4
FRMD8	2	0	0	75	123	2
CD80	1	2	0	20	58	2
NFIA	0	4	4	52	43	0
B3GNT2	0	1	1	39	64	1
CCNJL	0	2	0	52	93	1
GMFB	1	1	0	15	19	1
CRLF3	0	2	0	43	68	2
RNF103-CHMP3	0	1	0	19	41	0
DNAJC12	0	0	0	16	43	4
RELCH	1	5	0	84	149	3
PRKACA	0	1	0	42	38	0
ANGPTL3	0	1	0	36	87	4
SRGAP3	3	3	0	140	203	1
MAPT	1	1	0	0	0	0
RPS28	0	0	0	12	5	0
DNALI1	1	0	0	29	52	5
MAP2K6	0	0	0	26	30	0
BANF1	0	1	0	7	6	0
RAD18	2	1	0	37	103	4
MRAP2	0	0	0	14	39	1
ERVFRD-1	0	0	0	36	104	5
WIPI2	2	5	0	67	89	0
SOSTDC1	0	0	0	15	36	0
TRMT61A	0	0	0	50	74	1
CLEC4F	0	0	0	48	129	5
OR2M2	0	0	0	30	91	0
TCTN3	0	3	0	46	122	5
HOXC5	0	0	0	22	45	2
TRAF4	0	2	0	39	70	0
CHDH	2	1	0	73	150	5
SMIM36	0	0	0	12	26	1
NDUFA3	0	0	0	0	0	0
FAT3	3	6	1	433	917	9
PCSK4	0	2	0	136	231	7
POM121C	0	0	0	64	90	0
BBIP1	0	0	0	1	26	2
METRN	0	1	0	43	89	2
ATG9B	0	3	0	111	261	11
GRM4	2	3	0	112	184	3
IQSEC3	3	2	0	31	32	0
OR1B1	0	0	0	36	67	4
MRGPRX3	0	0	0	48	105	5
HTT	2	7	0	357	504	4
RNASEH2B	0	0	0	17	56	8
AARS2	3	2	0	94	240	9
ATL1	1	6	0	45	65	1
ZNF747	1	0	0	37	83	4
GHRH	0	0	0	7	13	0
CFAP100	2	2	0	75	147	6
PPM1L	0	0	1	33	44	1
SEZ6	0	0	0	99	189	5
IGSF3	0	0	0	124	206	2
PDE6A	2	3	0	84	178	9
FAM90A8	0	0	0	0	0	0
TIMM10B	0	0	0	18	25	0
PPM1B	1	1	0	35	88	0
ARID4A	0	10	1	90	193	2
CLCC1	1	0	0	49	91	4
KY	0	2	0	55	128	3
NOLC1	0	3	0	51	151	3
YBEY	0	0	0	11	30	1
SLC2A13	0	0	0	58	92	1
EFR3A	1	0	0	55	176	3
ENSG00000258472	0	0	0	33	69	3
SERPINB9	1	1	0	43	79	3
ABLIM3	0	0	0	56	164	5
TUBE1	0	0	0	33	80	4
KIF14	1	4	0	101	275	10
PRDM4	2	1	0	59	115	1
EPDR1	1	1	0	24	49	5
SPEG	3	9	0	372	715	4
TRIM59	1	0	0	27	67	3
OR2A7	0	0	0	7	16	1
RNASE11	0	0	0	20	54	0
CCL15-CCL14	0	0	0	2	3	0
PML	0	4	0	91	195	2
PROKR1	0	0	0	42	98	4
ACKR4	0	0	0	4	10	1
SPZ1	0	1	0	23	60	2
AGO2	1	5	0	126	52	0
AARD	1	0	0	22	43	1
HRC	0	1	0	71	162	5
DCXR	0	1	0	29	65	1
PRPF6	3	4	0	124	96	2
OR2T6	1	0	0	0	0	0
NCOA4	0	1	0	38	98	7
ESPN	0	0	0	103	237	5
PIEZO2	5	8	1	284	579	16
KRTAP5-2	0	0	0	0	0	0
PRRC2C	1	3	0	218	492	1
HSH2D	0	1	0	42	70	3
KLRC4-KLRK1	0	0	0	0	0	0
CYB5R4	0	1	0	30	92	0
YTHDC1	0	1	0	0	0	0
LIMS4	0	0	0	0	0	0
IFNAR2-IL10RB	1	0	1	38	84	4
ZFAND2A	1	1	0	19	35	0
PPFIA2	0	6	0	96	164	0
ZCWPW2	0	0	0	29	65	2
RACGAP1	0	2	0	40	89	2
RGS4	0	1	0	15	36	0
GLE1	0	3	0	45	120	5
REP15	1	0	0	23	45	2
SIAH1	0	3	0	24	9	0
TTC19	0	0	0	36	74	3
DCHS1	4	11	0	329	720	1
GID4	0	0	0	27	41	0
IRX5	0	1	0	53	99	0
SETD2	2	6	0	165	406	4
PRSS27	0	2	0	49	65	3
ANKMY2	1	0	0	36	90	6
PMEL	0	0	0	52	122	4
CASTOR1	0	0	0	39	57	0
PRR27	0	0	0	18	60	1
PHOX2A	0	2	0	31	55	1
PPP4R2	0	0	0	34	70	0
MRPL14	0	0	0	14	39	1
MMP12	0	0	0	31	84	3
TEX12	0	0	1	11	22	0
LRRC37A3	0	0	0	55	116	1
BMAL1	0	2	0	48	64	1
OPRK1	0	0	0	42	84	10
MTCH2	0	0	0	13	41	0
MME	0	0	1	64	154	7
TLE7	0	0	0	50	87	2
PPARA	0	1	0	54	80	2
FAM24B	0	0	0	6	15	1
BORCS7-ASMT	0	1	0	13	14	0
IRS2	3	2	0	205	327	0
TRPC1	0	3	0	52	90	4
GSC2	0	0	0	33	75	2
BACH2	0	5	0	81	137	1
RPL26L1	0	1	0	8	22	2
NHERF1	1	1	0	30	101	0
FAM216B	0	0	0	15	30	2
WNK2	2	7	0	331	474	2
TGFA	1	0	0	23	29	0
ABCA12	2	5	0	217	450	6
UBE3A	0	1	0	47	59	0
KRTAP5-5	0	0	0	0	0	0
TRAFD1	0	3	0	39	89	2
DUS2	1	3	0	41	102	8
ZNF829	0	0	0	21	66	3
BLTP3B	0	0	0	109	232	5
B3GNT5	0	0	0	41	60	2
MAP3K14	2	1	0	87	126	0
AKAP9	2	8	0	248	688	23
CAPZB	0	0	0	21	18	0
NUP210	1	5	0	234	423	9
CPEB3	1	1	0	72	111	2
CASP3	0	0	0	14	45	3
ENSG00000261147	1	0	0	19	45	5
FLOT1	0	0	0	0	0	0
AGAP5	0	0	0	21	32	0
TMEM237	0	1	0	22	81	3
COX18	0	2	0	30	75	6
ACER3	0	1	0	15	30	2
KCNJ8	1	0	0	33	38	1
ACTR3	0	0	0	32	29	0
MRPL9	0	0	0	30	68	1
FIGN	0	3	1	70	129	0
PLD1	1	1	1	82	227	9
AFF3	1	10	0	126	234	1
DOK3	1	1	0	67	137	2
QPCTL	0	1	0	45	87	0
ARHGAP29	0	3	0	78	201	2
OR2L5	2	1	0	41	90	4
MAP4K4	0	7	1	122	145	4
COL17A1	2	3	0	161	352	8
EIF1AD	0	0	0	16	24	0
AP2B1	1	2	0	65	77	1
RFX7	1	1	4	128	254	0
ENSG00000274322	0	0	0	9	23	2
CCDC92B	0	0	0	36	67	0
RAB11B	0	5	0	43	20	0
GRIN2A	3	18	1	156	215	1
OR2T7	0	0	0	0	0	0
EPB41	1	2	0	55	135	5
ACER2	0	0	0	26	62	1
TMEM151B	2	2	0	63	113	1
FAM149B1	0	1	0	48	107	8
ISCU	0	0	0	19	45	0
PCTP	0	0	0	23	46	2
KLF2	0	1	0	55	78	0
PCED1A	0	0	0	39	89	1
GJB5	0	0	0	34	51	5
FZD8	0	2	0	109	109	0
ADGRL2	3	2	0	98	234	0
RNF207	1	0	0	82	162	7
TOLLIP	0	1	0	50	64	1
PCDH10	0	4	0	109	169	1
FAM234B	1	1	0	64	107	2
NR4A1	1	0	1	77	118	0
HIC2	0	2	0	90	127	0
PRAMEF7	0	0	0	0	0	0
ZZZ3	0	3	0	59	130	1
RPL19	0	4	0	15	18	0
IER3IP1	1	0	0	8	21	0
KLK13	0	0	0	30	67	2
PDE5A	1	1	0	58	131	7
PRPF40A	0	5	1	86	121	2
CD300H	0	0	0	20	40	2
LRTOMT	0	1	0	32	71	4
TIMELESS	0	2	0	96	273	12
ICE1	4	1	1	174	435	4
RAB44	1	3	0	123	258	10
ZNF703	0	2	0	62	111	0
ENSG00000279956	0	2	0	20	36	1
TBRG1	0	1	0	38	76	3
RBFA	2	1	0	38	78	2
TAS2R5	0	0	0	25	63	3
CEACAM6	0	2	0	41	79	1
LRRK2	3	9	0	171	435	12
TAFA5	1	0	0	21	34	0
MROH2B	0	3	0	130	310	14
GMEB2	0	3	0	81	98	0
CEP55	0	0	0	19	90	6
SLA	0	3	0	26	52	1
NINJ1	0	1	0	21	38	0
RNF170	2	1	0	13	32	0
ZC3H13	1	6	1	124	330	6
ALPL	1	1	0	80	119	2
TMEM171	1	0	0	45	78	3
PDLIM7	1	0	0	78	112	0
TEKT1	0	1	0	55	94	2
HSD17B6	0	1	0	29	66	4
PPARGC1A	1	2	1	77	148	1
GLP1R	0	0	0	65	85	1
SAMD3	0	1	0	38	83	8
MAGOHB	0	0	0	9	20	1
ENSG00000260170	0	2	0	36	68	4
OR1E2	0	0	0	18	59	4
TRIP11	0	2	0	128	335	9
M6PR	0	0	0	19	47	0
DYM	0	1	0	66	129	6
CLK4	0	1	0	43	67	4
C19orf38	0	0	0	35	48	2
CHRNA4	3	4	0	117	180	3
SLC37A3	1	2	0	43	93	2
CBR1	0	0	1	31	61	0
OR4Q2	0	0	0	0	0	0
TEX44	2	1	0	42	92	4
LSM7	0	0	0	16	16	1
BEAN1	0	0	0	33	83	3
NIPSNAP3A	0	0	0	18	42	4
DUSP19	0	0	0	9	49	3
RASA1	1	2	0	61	134	2
LETM1	1	1	0	102	158	2
SPATA31A5	0	0	0	0	0	0
NME1-NME2	0	1	0	27	57	3
ZBTB3	0	1	0	33	83	2
TREH	0	0	0	65	122	5
SHH	1	6	1	53	75	1
TBC1D19	1	0	0	37	61	0
RNF2	0	0	0	16	24	0
MRPS30	1	1	0	36	95	7
GLYATL2	0	0	0	25	66	1
EIF2D	1	3	0	39	87	3
LCN9	1	0	0	23	47	1
DUSP5	0	0	0	62	96	2
RTN2	0	0	0	53	108	2
ASPDH	0	0	0	34	73	2
PLD3	0	1	0	47	107	0
TIMM23B	0	0	0	14	27	1
TMPRSS15	0	3	0	74	213	16
SLCO1C1	0	0	0	47	124	5
NANOGP8	0	0	0	11	19	1
EGR1	0	1	0	59	83	1
TTLL2	3	3	0	67	145	7
RANBP9	1	2	1	86	132	0
SLFN14	0	0	0	62	162	7
TMEM191C	0	0	0	12	18	1
CSGALNACT2	0	2	0	37	91	2
RPUSD3	0	1	0	39	76	3
MET	1	3	0	112	190	3
IL12B	0	1	0	25	65	5
IRGC	3	3	0	93	99	1
ENSG00000284684	0	0	0	6	6	0
MUC15	0	0	0	25	69	2
TUBGCP2	1	3	0	120	192	6
TMEM119	0	0	0	47	67	2
ITGB5	1	2	0	89	134	3
WWC1	1	2	1	130	225	1
CDC14C	0	0	0	34	86	4
HAO2	0	0	0	39	88	7
TSKU	1	2	0	45	89	1
SKIC8	0	0	0	24	39	2
C1QC	0	2	0	30	51	1
LDLR	3	2	0	100	181	4
DDX49	0	1	0	62	109	4
CLDN7	0	0	0	15	45	3
MAP1LC3A	0	1	0	7	21	0
WDFY3	5	6	2	257	442	2
ERICH6	0	2	0	35	132	11
UQCRB	0	0	0	8	22	4
ERFE	0	0	0	66	108	0
IFT172	1	2	0	129	330	12
NPIPA2	0	0	0	0	0	0
KRTAP22-1	0	0	0	1	6	1
BPIFA2	0	0	0	31	54	3
MRPS14	0	1	0	10	37	2
COL2A1	1	11	2	169	239	1
RNF185	1	1	0	13	31	2
THOC5	0	0	0	60	107	0
MAB21L2	0	1	0	28	43	3
TAPBPL	0	0	0	47	96	3
ERICH3	1	3	0	130	305	12
AKAP5	0	0	0	17	68	1
TRIT1	0	0	0	30	82	3
STPG4	0	0	0	23	64	2
CLHC1	2	1	0	34	115	6
QSER1	1	3	1	127	286	3
COX4I1	0	3	0	22	40	0
TRIM52	0	0	0	16	51	4
GSS	0	1	0	40	83	4
TMEM150B	0	0	0	34	62	4
GTF2A2	0	0	0	11	12	1
DGCR6	0	0	0	0	0	0
XRRA1	0	2	0	64	179	4
PBRM1	1	1	0	101	230	1
GJB2	0	0	0	21	77	4
ASB3	0	0	0	47	124	3
FAM187B	0	1	0	38	80	9
C1orf210	0	0	0	11	30	2
HRH2	0	0	0	40	50	0
FAM216A	0	1	0	23	64	3
TTBK2	0	2	0	94	220	1
RFLNB	0	1	0	23	47	0
ZNF396	0	2	0	18	53	5
ZNF229	1	0	0	76	188	10
NUDT16L1	0	0	0	59	45	0
SLC6A7	0	2	0	82	146	4
ZNF83	0	0	0	44	114	2
OLIG3	0	1	0	36	57	0
SH3D21	1	0	0	72	178	8
GDF10	1	0	0	65	103	2
CEP295	1	3	0	179	514	18
ZP4	1	1	0	50	134	9
SMIM18	0	0	0	3	17	1
SLAMF7	0	0	0	37	62	2
F11R	0	0	0	27	57	0
NGB	1	0	0	17	38	1
FGA	0	4	0	55	135	5
GNA15	0	1	0	43	88	0
LSM14A	0	0	0	0	0	0
INPP5B	0	0	0	72	185	7
DDX10	1	2	0	71	152	4
LIN37	0	1	0	26	61	3
CCDC71	0	1	0	45	108	3
KAT8	0	4	0	55	42	2
PCDH20	0	1	0	79	164	7
FLYWCH1	1	5	0	157	286	19
EFEMP1	1	0	0	44	74	3
NKTR	1	4	0	94	257	6
H4C1	0	0	0	13	24	3
ZNG1E	0	0	0	2	6	0
TMEM143	0	1	0	64	115	4
OSBPL9	0	1	0	56	89	1
METTL23	0	1	0	14	40	2
PCDH15	1	6	0	138	378	9
PCDHGA3	1	0	0	88	189	6
LSM4	1	0	0	16	23	2
MPP4	2	0	0	46	145	6
ZDHHC3	0	0	0	23	33	3
TRIM46	1	3	0	87	116	1
TRPM6	1	2	0	166	329	10
RAB18	0	0	0	16	26	0
RPS8	0	1	0	17	18	0
SLC25A51	0	0	0	19	32	1
C1QTNF12	0	0	0	52	105	6
AK2	0	1	0	27	49	0
CENPW	0	0	0	7	13	1
PGRMC2	0	1	0	27	39	0
CD8B	0	0	0	17	34	3
GRIFIN	0	0	0	30	37	0
IDE	0	5	0	76	159	2
CEP135	2	1	0	71	221	14
TIMM10	0	0	0	7	13	2
SLC22A11	0	4	0	75	134	4
UBXN4	0	0	0	39	70	2
SLC35E3	0	2	0	17	62	4
NUBPL	0	0	0	27	63	2
GOSR2	0	0	0	22	58	2
SPACA3	0	1	0	22	46	0
TPO	1	3	2	1	8	0
OR9Q1	0	2	0	31	73	1
DMAC2L	0	3	0	16	38	3
P2RX1	0	0	0	48	96	4
C1orf105	0	0	0	9	31	1
SPG11	2	3	0	186	497	25
NR1D1	1	0	0	79	125	0
OSMR	2	0	0	67	173	8
ZNF117	0	0	0	28	83	5
H2AC19	0	0	0	0	0	0
BSG	2	0	0	80	126	3
ANAPC1	0	0	0	61	142	1
LPO	1	0	0	74	154	11
METTL25B	0	1	0	50	105	6
HDHD5	0	0	0	40	109	3
EPPK1	4	15	1	435	787	26
ZNF776	1	0	0	32	86	8
TNS1	0	5	0	193	440	3
RAB8A	0	0	0	24	19	0
ATP8B4	1	2	1	83	237	8
KIR3DL2	0	0	0	0	0	0
AMY1B	0	0	0	0	0	0
DNAJB11	0	0	0	30	48	2
RAB1B	0	0	0	26	24	0
TRIM44	1	3	0	28	53	1
RRAGD	0	0	0	25	44	1
CLCN1	0	4	0	90	210	9
CEACAM5	2	1	0	80	151	6
CCDC121	0	0	0	23	23	6
EVA1B	0	1	0	15	40	1
PLCB4	1	4	1	88	144	1
PPDPFL	1	0	0	9	10	2
CCDC17	1	2	0	70	137	7
FAM163B	0	0	0	37	57	1
PRTFDC1	0	0	0	24	33	2
INAFM2	0	0	0	29	34	1
C11orf96	0	0	0	17	15	0
C6orf163	0	0	0	28	64	2
SCYL2	0	0	0	46	137	1
BMPR1A	1	2	0	32	56	1
TMEM253	0	0	0	14	52	1
SLC5A7	0	0	0	52	73	2
SRSF12	1	1	0	15	48	1
POLD2	0	0	0	59	78	3
TMEM217B	0	0	0	17	42	0
R3HCC1L	0	1	0	48	171	2
H4C15	0	0	0	0	0	0
PIGL	0	0	0	23	53	3
RTN4RL1	1	0	0	79	105	0
AATF	0	2	0	0	0	0
PIGP	0	0	0	13	33	1
C17orf80	2	3	0	50	133	7
TPTEP2-CSNK1E	0	5	0	56	49	2
ATL2	0	2	0	46	108	2
FGB	0	1	0	41	83	2
MBD1	1	2	0	58	113	2
MYO5C	2	4	0	143	343	14
KPNA7	0	1	0	63	139	11
LENG8	2	2	0	0	0	0
CALY	0	1	0	23	57	0
IKZF4	0	1	0	65	97	0
IL21R	0	1	0	64	105	1
ERF	2	6	0	82	95	1
PELI2	1	4	0	51	70	1
SECISBP2L	1	1	1	59	178	4
MARVELD2	0	1	0	0	0	0
SEMA6A	4	0	0	125	198	1
TNFRSF10A	2	1	0	45	120	6
WDHD1	0	4	1	63	222	12
FOXF1	1	3	0	54	88	0
GOLGA8K	0	0	0	0	4	0
SLC6A9	0	3	0	87	118	3
HOOK3	2	2	0	45	91	3
LBHD1	0	0	0	14	54	1
PRDX5	0	1	0	21	44	2
MIOS	0	4	0	87	140	3
KATNB1	2	1	0	96	137	1
SLC17A1	0	1	0	25	84	7
CYP8B1	1	1	0	26	109	2
GRM7	1	3	0	89	163	3
GSTCD	0	0	0	45	96	5
POMT1	0	1	0	84	152	12
ENSG00000285566	0	0	0	10	27	1
ARHGEF7	1	2	0	107	133	0
TGIF1	0	1	0	31	47	0
ZNF783	2	2	0	81	142	4
TTPA	0	0	0	35	46	1
CDC73	1	2	0	41	46	1
SELENOV	0	0	0	0	0	0
POMP	1	0	0	12	15	0
NIT1	1	1	0	22	82	4
LHPP	1	3	0	30	81	5
POLR2G	0	0	0	14	12	3
BCAT1	1	1	0	29	67	4
TUBA3D	0	0	0	56	69	2
DPF1	0	1	0	41	45	0
PTGIS	2	2	0	57	146	5
NIP7	1	0	0	18	35	1
ITGB1BP1	1	0	0	19	30	2
SLC25A22	0	1	0	59	66	1
ROBO1	0	4	1	151	304	9
HTRA4	0	0	0	45	82	5
RBSN	0	1	0	61	147	9
GAS6	0	1	0	110	160	0
ROGDI	0	1	0	56	84	1
COA6	0	1	0	16	40	3
SND1	1	5	0	81	137	2
LSS	1	0	0	22	40	2
ABCB6	0	1	0	96	221	12
NUP155	0	2	0	84	232	5
CEP164	2	4	0	124	294	15
CFAP77	1	1	0	42	93	3
LILRA5	0	0	0	0	0	0
ENSG00000248235	0	0	0	21	40	3
CORO7-PAM16	1	2	0	2	10	1
ZGLP1	0	0	0	36	48	0
ENSG00000281938	1	0	0	68	114	5
H2AC4	1	1	0	23	44	3
NKX2-5	0	2	0	36	78	1
PPAN	0	0	0	69	157	1
PANK2	0	3	1	50	97	5
ENG	0	1	0	75	149	0
MFSD6L	0	1	0	56	133	8
RPE65	0	2	0	49	101	7
GPR35	0	1	0	54	90	2
UBE2B	0	1	0	9	12	0
ZNF43	0	1	0	19	67	6
GDF2	0	0	0	62	110	0
ADAMTS2	0	3	0	165	270	4
NPVF	0	3	0	11	43	1
PRR29	1	0	0	21	46	2
TRIM6	0	2	0	47	127	12
GTF2A1	1	0	0	28	29	0
TMPRSS3	1	0	0	72	117	2
FHL3	0	1	0	27	61	0
REG3A	1	0	0	17	51	2
MPST	1	2	0	47	69	4
ZNF707	0	1	0	0	0	0
IGSF8	2	1	0	65	156	8
ZFP62	0	1	0	79	167	7
GPAT3	1	1	0	39	87	5
TMEM182	1	0	0	25	42	3
CCNO	1	1	0	27	78	3
MED13	0	8	1	165	339	0
STK11IP	0	1	0	109	264	12
TAP1	1	0	0	0	0	0
B3GALNT1	0	0	0	29	56	4
TSPAN15	0	1	0	33	69	0
NPDC1	1	2	0	56	111	1
TBCEL-TECTA	0	3	0	41	51	2
GPBAR1	1	4	0	44	96	1
NEU4	1	3	0	0	0	0
GNS	0	1	0	42	80	1
PPIAL4A	0	0	0	11	36	1
DHRS4	0	0	0	24	77	2
HBA2	0	0	0	3	6	0
EVPLL	0	0	0	37	84	3
TCF15	0	0	0	27	47	0
CORO6	2	1	0	41	113	2
CEBPZ	0	2	0	95	231	1
IRX4	0	1	0	61	116	3
NUCKS1	0	0	1	17	18	0
MAF1	0	0	0	26	38	0
PGAM5	0	1	1	58	55	2
OR6B3	0	0	0	30	54	2
GREP1	0	0	0	73	124	8
TNFAIP1	0	1	0	36	60	1
DUT	1	1	0	26	39	2
PSMC3IP	0	0	0	20	40	4
ENSG00000267552	0	0	0	7	23	2
USP17L30	0	0	0	0	0	0
CD5	0	3	0	53	98	2
NPIPB7	0	0	0	0	6	0
CIB3	0	0	0	20	55	3
PHETA2	1	0	0	14	23	2
NOP16	0	0	1	21	34	1
SKIC3	2	3	0	96	263	7
PKP1	0	2	0	76	186	5
ATP6V0C	0	2	0	35	5	0
SDE2	0	1	0	43	88	4
VIRMA	1	5	0	114	245	5
SLC39A14	2	0	0	53	75	1
ZNF546	0	0	0	48	160	10
KRTAP19-2	1	1	0	2	14	1
SGCZ	0	1	0	38	74	6
STRBP	2	2	0	55	64	1
SCPEP1	0	0	0	47	75	6
RNF186	0	0	0	30	66	4
MAB21L4	0	0	0	67	142	3
POU2F3	0	1	0	35	74	3
ZBTB11	1	4	0	93	154	4
GOLGB1	0	7	1	201	519	9
OR14A16	0	0	0	33	54	1
ENSG00000288208	0	2	0	54	171	14
SCHIP1	0	1	0	17	24	1
CELF5	0	0	0	61	40	0
EPS8	0	2	0	77	173	2
FNBP1L	0	2	0	48	67	1
ENSG00000258539	0	0	0	0	0	0
JCHAIN	0	0	0	11	26	1
ENSG00000270099	0	0	0	0	0	0
ZNF626	0	0	0	38	107	4
HEXIM2	0	0	0	42	79	4
DPY30	0	0	0	8	12	0
ENSG00000284431	0	0	0	16	40	1
KRTAP25-1	0	1	0	6	19	2
CYB5R3	0	0	0	39	75	1
GPR132	0	3	0	62	79	3
FBXL8	0	2	0	33	87	1
UBTD2	1	0	0	22	43	0
LTB4R2	0	2	0	54	97	1
SLC16A14	1	1	0	50	83	1
CCDC66	0	2	0	76	178	20
VLDLR	0	0	0	88	177	1
HSPE1-MOB4	0	0	0	11	19	0
AMOTL1	1	4	0	107	185	2
HS3ST6	0	0	0	0	0	0
ARMC8	1	1	0	41	93	0
ITPR1	2	33	0	300	321	2
FNDC1	0	5	0	205	494	7
GGA3	1	1	0	104	183	2
GOLGA8G	0	0	0	0	0	0
GCM2	0	3	0	47	85	2
LRRC37A	0	0	0	0	0	0
PRKCG	0	1	0	71	84	0
INPP5K	1	3	0	59	102	4
HLA-DPA1	0	2	0	0	0	0
OR10R2	0	2	0	29	65	2
SPDYE11	0	0	0	0	0	0
CACFD1	0	1	0	39	43	0
HSPA1L	0	1	0	0	0	0
PTPRN2	3	2	0	151	272	2
PMP2	0	1	0	11	23	1
ATP5MG	0	0	0	16	24	0
C13orf46	0	0	0	25	55	1
MED9	0	0	0	14	29	1
GPN3	0	0	0	22	43	3
FRMPD2	1	2	0	86	214	10
SNRPD1	0	1	0	8	5	0
ACO1	1	2	1	86	164	7
MYCN	0	3	1	67	82	0
OR2G3	0	1	1	24	60	1
TEX48	0	0	0	12	24	0
MDN1	5	16	1	392	948	18
USP20	1	1	0	119	219	5
NTNG2	0	2	0	59	81	0
TMEM156	0	1	0	26	66	2
CCNF	0	2	1	105	162	1
UBL4B	0	0	0	18	44	1
LIN52	0	1	0	4	20	0
DSP	1	9	0	253	523	15
CTH	0	1	1	22	65	4
HOGA1	0	0	0	38	91	3
SEPHS1	0	1	0	53	32	0
PPP2R3C	0	1	0	33	60	3
DOCK10	2	7	0	185	368	6
SLC36A2	0	0	0	56	117	6
RPTOR	1	3	0	197	187	3
NWD1	2	4	0	161	379	23
TAFA2	0	0	0	11	19	0
GDF5	0	1	0	54	100	2
SLC34A2	1	0	0	90	148	2
PAMR1	1	0	0	73	178	14
SLC6A13	0	2	0	77	155	3
ZNF45	0	0	0	53	112	5
OPRL1	1	1	0	16	18	0
TSPAN33	0	0	1	20	47	4
PRAG1	1	1	1	236	432	12
PDXDC1	0	4	0	0	0	0
DYNC2H1	7	4	0	292	774	42
AP3S2	0	0	0	17	39	0
CHFR	0	2	0	95	158	2
PRKAG1	0	1	0	21	51	2
ZDHHC1	2	0	0	52	104	4
IGBP1C	0	0	0	22	72	1
TTLL13	1	0	0	60	159	15
HDGFL2	0	1	0	124	193	1
SRMS	0	3	0	91	160	6
TUBA8	1	2	0	55	94	1
YDJC	0	0	0	39	86	4
ADGRE5	2	2	0	93	187	3
ENSG00000285304	1	1	0	76	132	2
ALAS1	0	0	0	68	122	2
AMY1C	0	0	0	3	9	1
PHYHD1	1	2	0	34	79	4
ALDH1A3	0	3	0	78	73	5
VEZF1	0	3	2	62	55	0
FGF10	0	0	0	18	25	0
CEBPD	0	0	0	55	81	1
RFXAP	0	0	0	29	47	2
TTC39C	0	1	0	41	91	2
FAM83A	0	0	0	40	89	3
SLC35B2	0	1	0	41	116	2
RHOBTB1	0	1	0	71	132	5
CIP2A	0	1	0	58	163	5
OTUD1	0	1	0	79	121	0
ZNF850	0	1	0	76	156	10
NEURL1B	1	0	0	81	101	1
MRPL22	1	0	1	18	41	4
ATXN7L3	0	2	1	40	41	0
NDUFS4	0	1	0	20	36	1
ASIC3	0	7	0	79	167	5
UPK3BL1	0	0	0	0	0	0
MCCD1	0	0	0	0	0	0
EVI5L	0	2	0	90	91	1
LGALS9B	0	0	0	2	10	0
TMEM260	0	0	0	70	141	7
ATP1A2	1	14	0	103	102	4
RAD21L1	0	0	0	25	85	6
ZNF778	2	1	0	104	241	8
MYO10	3	6	0	256	405	7
MAS1L	0	2	0	0	0	0
PIWIL2	1	4	0	74	190	10
BNIP5	2	0	0	68	173	4
CEP57L1	1	0	1	25	75	4
PAWR	0	1	0	29	74	3
ZNF8	0	0	0	54	110	6
KMT2A	3	28	32	241	476	0
ENSG00000268465	0	0	0	14	16	0
KDM6B	7	8	4	216	399	0
AP3S1	0	0	0	7	16	1
ARHGAP17	1	2	0	102	170	2
FOXO3B	0	0	0	24	52	0
NRSN1	0	2	0	14	33	3
ARFGEF3	2	1	0	234	379	1
KIAA0586	0	2	0	112	307	6
RPS27L	0	0	0	3	8	0
ZNF653	1	0	0	94	146	1
SBF1	2	8	1	319	520	2
NAT14	0	2	0	23	55	0
LSMEM1	1	0	0	15	22	0
INMT	0	2	0	40	82	3
NME5	0	0	0	5	41	2
DCN	0	0	0	46	55	1
RHBDL1	1	1	0	61	56	2
DNTTIP2	0	1	0	52	116	5
TMEM181	0	2	0	44	101	1
TMEM8B	2	0	0	82	178	5
FRG2B	0	0	0	7	14	2
APOF	0	0	0	32	58	3
ADAM10	2	0	0	42	76	1
SLX4	3	5	0	243	515	14
CRYZL1	0	1	0	21	52	2
CHRNA6	0	0	0	40	84	4
SGCD	0	1	0	26	54	1
IYD	0	1	0	23	65	3
POU2AF3	0	0	0	24	48	1
OR7D4	0	1	0	32	53	4
TMEM95	0	1	0	14	34	3
MAPKBP1	2	5	1	130	263	5
ENSG00000272617	0	0	0	13	30	2
ASPM	6	4	1	228	684	32
MOB1A	0	0	0	19	15	1
DUSP26	1	2	0	29	49	1
RHBDF1	3	2	0	127	195	4
METTL26	0	0	0	26	59	2
UFD1	0	0	0	23	30	2
KLHL7	0	4	0	50	34	4
FPGT-TNNI3K	0	1	0	66	219	13
CSF1	1	1	0	73	120	0
CD200	0	0	0	20	47	2
GTF3C3	1	2	0	53	107	7
CD200R1L	0	0	0	26	43	1
PRR23D2	0	0	0	0	0	0
OSM	0	0	0	29	76	0
DNPH1	0	0	0	20	46	2
HSPD1	0	2	0	49	54	0
POU2F1	1	1	0	64	118	0
ENSG00000289346	0	0	0	5	15	0
HMGA1	0	0	0	13	12	0
FGF20	0	0	0	26	64	0
DHTKD1	1	3	0	102	202	11
CGB2	0	0	0	4	11	2
HIBADH	0	1	0	33	64	4
GUK1	0	0	0	30	66	3
PCDHB10	0	0	0	77	176	6
ZW10	0	1	0	50	113	4
ARMC5	2	4	0	144	222	3
LANCL2	0	1	0	53	100	2
NUDT15	0	0	0	15	33	1
NUMBL	2	2	0	79	126	0
QRFP	0	0	0	20	42	1
ZNF385D	0	2	0	40	70	2
AICDA	0	0	0	20	39	1
ZNF469	6	13	0	582	1154	7
ENSG00000257390	0	0	0	0	0	0
CHMP4A	0	1	0	14	49	2
MTMR4	1	2	1	90	169	1
CEP89	0	6	0	70	157	14
ELF5	0	1	0	22	40	0
SPINK6	0	0	0	5	11	0
KIF19	1	6	0	117	292	11
TMEM18	0	0	0	16	31	2
OR4A5	0	0	0	52	141	5
CIAO1	1	0	0	25	65	4
MEIS2	2	7	0	36	50	0
KLHDC1	1	1	0	23	72	7
UTS2	1	0	0	16	33	0
SH3BP5L	1	3	0	45	68	3
MTHFS	0	0	0	13	46	3
ERICH1	0	0	0	83	153	8
ASB7	1	0	0	40	23	1
HNF4A	1	5	0	66	82	1
OTUB2	0	1	0	0	0	0
KANK1	3	8	0	172	427	9
CMKLR1	0	2	0	30	83	1
KREMEN2	2	1	0	61	109	1
SLC13A4	0	0	0	71	92	2
NANOG	0	0	0	9	21	0
SLC35F5	2	1	0	31	81	4
DOCK3	5	2	1	175	309	1
TMEM268	1	2	0	27	73	1
KLF6	0	1	0	31	31	0
PRSS54	0	0	0	44	73	4
VAMP8	0	0	0	12	19	0
KCNT2	0	9	0	89	109	3
FH	0	1	0	40	78	1
KIAA0319	0	2	0	100	226	7
KNTC1	0	3	0	154	360	15
RTN4	0	2	1	105	249	0
ENSG00000290217	1	0	0	17	52	2
HCAR2	0	0	0	33	63	0
FAM83G	0	2	0	104	181	3
DSEL	1	0	0	0	0	0
JPH2	1	1	0	88	153	1
SIRPB2	0	1	0	26	76	1
STX4	1	1	0	34	60	2
COMT	0	1	0	45	67	3
PYGM	0	4	0	92	238	3
TTC9	0	0	0	16	41	2
CLDN22	0	0	1	16	25	2
HTRA3	0	0	0	60	117	2
CTIF	0	1	0	83	145	1
CMC1	0	0	0	10	20	1
MMRN1	0	2	0	111	262	7
ANKRD45	0	1	0	13	46	0
SSTR5	1	0	0	81	126	3
CCDC168	0	8	1	478	1301	57
PDF	0	0	0	61	71	4
SFT2D3	0	2	0	47	72	1
PLEKHG4	0	2	0	114	256	7
CHD8	0	9	11	174	330	1
ENSG00000288894	0	5	0	22	19	0
ACOXL	0	1	0	54	120	5
PBX3	0	3	0	40	64	0
C8orf89	0	0	0	7	36	3
RAB1A	0	0	1	13	14	0
PGA5	0	1	0	25	35	0
TM9SF1	1	2	0	46	104	0
ENSG00000267645	0	0	0	0	0	0
OAS1	0	0	0	34	97	4
DLX3	1	1	0	24	53	1
PHACTR1	1	3	0	61	79	0
TRA2B	0	3	0	12	22	0
SLC22A9	0	1	0	59	137	4
HMHB1	0	0	0	4	8	1
ACKR3	1	0	0	51	81	1
CEACAM7	1	2	0	20	61	1
TONSL	0	7	0	179	366	8
OR4K3	0	0	0	0	0	0
NANP	0	0	0	29	50	3
MIIP	0	0	0	56	123	5
METTL8	0	0	0	23	70	4
PREX1	2	4	0	184	276	0
COL24A1	2	5	0	114	338	15
KDM4D	0	0	0	35	67	1
GSPT1	1	2	0	42	72	0
RIBC2	0	0	0	34	102	6
CDH3	1	4	0	102	175	3
HOXC12	0	2	0	36	74	6
RNF217	0	1	0	48	116	2
TTC39B	1	2	0	74	140	9
ERG28	0	1	0	6	21	1
SCN4A	3	4	1	230	403	6
INKA1	0	1	0	20	57	3
ENSG00000289767	0	0	0	4	6	1
TMIGD2	2	1	0	31	72	2
MBD4	0	0	0	34	96	8
TRAF1	0	1	0	46	83	0
CLDN15	0	1	0	15	39	1
PNKP	0	2	0	89	134	5
GPR6	0	1	0	34	63	0
FUT6	0	0	0	43	81	6
AGTPBP1	0	3	0	85	180	6
PPP3R2	0	0	0	15	36	2
ENSG00000142539	0	0	0	0	0	0
THPO	0	1	0	32	69	3
ADGRD2	0	1	0	118	261	10
OR14K1	0	0	0	21	59	2
TAS2R1	0	0	0	28	58	2
CRIPT	0	0	0	5	13	0
LRRC10	0	2	0	26	65	1
EDNRB	3	0	0	26	76	1
FAAH	0	0	0	69	120	2
NEGR1	0	0	0	39	50	1
GNAQ	0	0	0	30	16	0
FAM72C	0	0	0	0	0	0
POLR3B	2	11	0	96	139	9
TRPC4AP	0	4	0	75	146	2
E2F8	0	1	0	67	146	4
SLC22A31	1	0	0	72	165	4
METTL13	0	2	0	70	163	7
MS4A13	0	0	0	11	32	1
OR10A3	1	1	0	0	0	0
GYS2	0	1	0	69	174	13
FKBP1A	0	0	0	9	10	3
LRRC3B	0	0	0	26	27	0
CD48	0	1	0	22	58	0
LRR1	0	1	0	34	95	4
CA7	0	0	0	24	34	2
FAM200C	1	0	0	46	113	5
AOC1	2	2	0	87	175	7
ATP5F1D	0	1	0	22	40	1
ITGAM	2	2	0	117	229	3
MPEG1	2	0	0	74	149	5
ASIC5	0	4	0	9	21	1
TMEM215	0	1	0	15	49	1
ZNF529	0	1	0	38	94	5
PARP1	2	2	0	116	198	5
ADPRH	0	0	0	32	71	4
POLR2B	2	3	0	66	70	1
RUNX1T1	0	4	0	73	97	3
SSBP2	0	2	0	23	44	0
C11orf97	0	0	0	15	31	1
POP4	0	0	0	24	56	3
HADHB	0	1	0	45	83	2
C17orf113	0	0	0	75	163	2
ZNF574	4	1	1	102	193	4
TXNIP	1	0	0	50	93	3
PCNT	3	7	0	419	862	27
ACOT7	0	2	0	62	63	2
NCMAP	0	0	0	10	26	1
NDNF	0	1	0	48	83	1
TRIM5	0	3	0	38	126	8
SSC4D	0	1	0	68	138	4
WNT9B	0	4	0	0	0	0
ITPKB	1	2	1	135	196	1
BAAT	0	0	0	0	0	0
NFIX	0	9	1	57	31	0
GFPT2	1	1	0	69	140	1
NEU1	1	0	0	0	0	0
TMTC3	1	1	0	50	104	6
SAMD4B	0	3	0	77	101	0
TCIM	0	0	0	7	24	2
ACTA1	0	7	1	42	22	1
VANGL1	0	4	0	63	131	2
METTL22	0	0	0	57	125	5
PTGDR2	0	0	0	48	92	4
CPSF7	0	4	0	35	70	0
DRG2	1	0	0	42	70	4
WDR25	1	2	0	52	118	3
C1orf127	0	1	0	97	203	11
PPP1R2	0	1	0	11	38	1
RPL3L	0	5	0	70	155	3
C1orf185	0	0	0	14	28	4
JAK2	1	1	0	92	200	2
THAP2	0	0	0	9	42	2
GAN	0	3	0	75	138	5
ENSG00000289325	0	0	0	2	3	0
IPP	0	3	0	42	91	4
AFP	1	1	1	50	91	5
MRM3	0	0	0	38	119	1
PADI2	0	1	0	88	158	6
ADGRA1	2	0	0	110	130	1
TRAPPC4	1	0	0	20	36	0
CA10	0	2	0	31	36	1
SFRP1	0	1	0	28	44	0
F13A1	0	2	1	75	132	3
MBOAT4	0	1	0	39	74	5
RGPD5	0	0	0	0	0	0
ENSG00000288520	0	1	0	85	163	2
PYDC5	0	0	0	7	21	0
MAP1B	0	4	1	231	367	2
C12orf50	0	2	0	26	76	7
NUAK1	1	3	0	69	137	2
RPL21	0	1	0	12	18	0
CORT	0	0	0	17	36	2
PCDHGB6	0	0	0	91	200	5
SYCP2L	1	0	0	63	137	8
OR10C1	0	0	0	0	0	0
CCDC177	0	0	0	83	176	4
WHAMM	1	1	0	75	185	5
PKN2	1	2	0	68	111	3
RCN1	0	0	0	17	54	2
RASD2	0	0	0	41	49	1
ANKRD60	0	0	0	36	96	7
GJC3	0	1	0	22	46	1
TCHH	0	0	0	167	473	23
PTGS2	0	0	0	54	76	0
SMTNL2	0	2	0	58	140	3
EMB	0	0	0	37	66	4
PCDHGC3	0	0	0	86	150	4
ALLC	0	3	0	45	83	8
ADRB2	0	0	0	38	56	1
TTC22	0	1	0	53	122	6
OR9A4	0	2	0	34	83	3
CHMP5	0	0	0	10	25	0
OSGIN1	0	0	0	78	155	6
SIRT7	0	2	0	58	79	5
ZNF583	0	0	0	33	73	5
ABCF1	0	3	0	0	0	0
COL9A3	0	2	0	127	247	3
ZBED4	1	3	0	202	246	3
SNAP47	0	1	0	47	95	0
ZWINT	1	1	1	25	72	3
COLEC12	2	0	0	67	137	2
SHMT1	1	0	0	38	99	5
TINAGL1	0	1	1	29	111	2
WNT5B	1	0	0	54	73	0
CFAP74	0	2	1	221	454	11
CD24	0	0	0	10	12	0
NDUFB7	0	0	0	17	45	4
DOLPP1	1	1	1	27	34	2
BPNT2	0	0	1	41	76	0
OOEP	0	1	0	9	36	2
HPSE	0	1	0	42	84	10
MFSD13A	1	0	0	52	122	3
HTN1	0	0	0	4	12	0
POR	1	3	0	119	225	5
KPTN	2	0	0	45	96	1
OR7C1	0	1	0	22	59	1
CA12	0	0	0	49	69	2
MRPS23	0	0	0	20	43	2
HOXB2	0	2	0	42	80	2
TEDDM1	0	0	0	26	37	3
THUMPD3	0	4	0	27	84	8
FBXO24	0	3	0	56	110	5
GTF3C4	0	2	0	70	111	1
NOMO1	0	0	0	1	2	0
PCDHB4	0	0	0	91	190	5
CRYGN	0	0	0	19	39	2
ACSL1	3	0	0	74	104	1
ZNF267	0	0	0	42	134	7
ENSG00000279686	0	1	0	19	34	1
TSEN2	2	4	0	41	125	7
DCUN1D1	0	0	0	14	15	1
C8orf34	0	0	0	43	106	0
CACNB4	0	0	0	40	69	2
ZMYND11	0	10	2	48	57	1
HNRNPUL2	3	1	0	89	143	5
IL17A	0	1	0	18	39	2
KLF9	0	1	0	15	29	0
SQSTM1	0	0	0	75	131	2
FRS2	1	2	0	37	72	0
TP53AIP1	0	0	0	16	22	3
AK4P3	0	0	0	0	0	0
RTF2	0	1	0	31	53	2
CEP19	0	0	0	9	27	5
MIER3	1	1	1	39	66	0
TRIM13	0	1	0	24	59	0
CIDEA	0	1	0	31	67	1
SLC25A23	2	4	0	60	107	3
ABTB1	1	0	0	80	136	7
SHISAL1	0	0	0	23	42	1
RPS21	0	0	0	10	7	0
ROR1	1	1	0	72	153	0
LGSN	0	0	0	43	105	4
OR2L13	0	2	0	25	68	1
AGFG2	0	3	0	51	87	0
TRIM51	0	0	0	29	98	5
ENSG00000290146	0	0	0	17	42	2
SLC30A8	1	0	0	26	66	2
SLC6A6	0	2	0	66	99	1
STON1-GTF2A1L	1	4	0	101	296	10
FUT11	0	1	0	65	123	4
FADD	0	1	0	33	51	0
C1orf35	0	0	0	32	54	2
PDILT	2	0	0	61	149	7
NEK11	0	3	0	46	130	7
KYNU	0	1	0	34	98	5
ZNF468	0	0	0	42	125	7
MCM6	0	3	0	58	130	0
PDGFC	0	0	0	28	40	0
LOXL3	0	2	0	66	149	4
USP42	0	3	0	183	391	2
H2BC5	0	3	0	34	25	2
MOS	1	2	0	30	67	2
CLP1	0	0	0	27	57	7
CIBAR2	0	1	0	36	81	2
DBF4B	0	2	0	42	96	5
AARS1	0	2	0	90	204	5
EPHA10	0	6	0	140	272	14
TCF7L1	0	1	0	68	103	0
TAF10	1	0	0	29	59	0
TRPC4	0	4	0	89	103	2
GRWD1	1	0	0	52	102	3
CD5L	0	3	0	30	93	7
H2AC20	0	1	0	20	20	0
VWA8	1	2	0	140	378	27
DNAJC6	0	1	0	66	172	0
IQCJ	1	0	0	11	22	1
ATP5MC1	0	0	0	11	28	0
CDK8	0	7	0	35	29	1
MYZAP	1	0	0	44	97	5
KRTAP21-2	0	0	0	7	10	1
RBM19	0	3	0	102	257	7
ZNF804A	1	0	0	95	219	3
FN1	1	7	0	240	467	5
NQO2	0	1	0	29	51	1
DLST	0	1	0	41	101	0
VPS35L	2	4	0	87	212	8
GLUD1	0	3	0	50	58	1
IQCH	2	2	0	66	188	12
RBX1	1	2	0	10	3	0
URAD	0	0	0	21	43	2
TRIM64	0	0	0	0	0	0
UFC1	0	0	0	15	32	2
SCLT1	1	1	1	56	127	6
PGLYRP2	0	1	0	44	121	5
MAML2	0	1	0	111	222	3
GPAA1	0	2	0	65	141	3
NT5DC3	1	2	0	51	82	4
TGM2	1	1	0	97	163	5
CPSF3	0	1	0	56	64	5
HLA-DOB	0	1	0	0	0	0
LCA5L	0	0	0	45	117	2
FAM246A	0	0	0	3	6	0
DCUN1D5	0	1	0	11	19	0
INSL5	0	0	0	8	28	1
IGLL5	1	0	0	74	150	2
CDCA2	1	1	0	79	213	1
PGA4	0	0	0	0	0	0
CCNG1	0	0	0	24	48	0
DNA2	0	3	0	77	174	9
TMOD2	0	0	0	19	60	2
DESI1	0	2	0	16	26	1
CHST11	0	1	0	39	61	0
CD160	0	0	0	19	32	2
FBXO8	0	5	1	28	38	1
ZNF2	0	0	0	45	90	0
SLC25A13	2	1	0	57	134	9
IL36G	0	0	0	15	33	1
COL26A1	1	1	1	58	101	1
TRIM62	0	0	0	57	105	5
ZC3HC1	0	3	0	41	93	7
ANXA1	0	1	0	31	63	4
CDK15	1	1	0	42	84	4
RBM26	0	3	0	54	133	1
EFCAB8	1	1	0	134	290	17
COX5B	0	0	0	6	28	0
UBC	0	1	0	119	30	0
CARD8	0	2	0	64	119	2
SLC19A2	0	1	0	45	78	1
OR2B8P	0	0	0	0	0	0
DRC7	0	1	0	84	202	6
ENSG00000257062	0	1	1	11	24	2
TRIM34	0	1	0	36	76	5
PFN2	0	2	0	12	14	0
HDDC2	0	0	0	11	43	1
GNAZ	0	3	0	65	41	0
ASS1	2	3	0	53	89	3
ALDOC	0	0	0	33	72	3
ANKRD44	0	3	1	94	187	3
KCNQ3	0	12	0	82	140	2
HDC	0	2	0	60	119	3
NSA2	0	0	0	19	51	0
NT5M	1	3	0	24	57	0
OR10J5	0	0	0	25	71	1
CCDC39	2	2	0	65	173	5
TRIM7	0	1	0	63	117	4
LYPLAL1	0	0	0	18	63	6
PLAG1	1	2	0	29	63	0
SPTLC2	0	2	0	52	55	2
ENSG00000124593	1	2	0	49	80	4
POLQ	3	4	0	169	480	31
ARHGEF3	0	2	0	48	97	0
TP53TG3F	0	0	0	0	0	0
TMEM245	1	2	0	98	155	9
ZNF316	1	1	0	226	254	1
LAT2	1	0	0	31	59	0
EYA3	0	1	0	26	78	1
LRP8	0	3	0	96	168	2
CADPS	1	2	1	134	194	2
NUP188	1	3	0	158	342	5
NUP43	0	1	0	26	63	2
XNDC1N-ZNF705EP-ALG1L9P	0	0	0	21	56	5
NOD1	1	2	0	123	219	4
IFNA8	0	0	0	19	33	0
ENSG00000258311	0	0	0	15	32	1
ZBED6	1	3	0	85	173	8
ADH1C	0	1	0	35	67	2
USP8	1	4	1	71	149	1
CYP7A1	1	0	0	38	114	3
PRPF18	0	3	0	27	38	3
FBXL7	1	0	0	67	99	1
ZNF799	0	0	0	44	110	7
PTPRA	1	1	0	71	108	0
FOXD4L6	0	0	0	0	0	0
ENSG00000268193	0	0	0	0	0	0
NHLRC4	1	1	0	17	24	1
NME9	1	1	0	33	63	0
SMAD5	0	0	0	28	42	0
TDP1	0	1	0	55	115	4
PAK1IP1	0	2	0	29	64	1
B3GALT2	1	0	0	28	55	1
AMIGO2	0	0	0	43	78	0
SMIM27	0	0	0	2	9	0
IGHV3OR16-17	0	0	0	5	7	0
GSTK1	0	0	0	17	55	1
SLC27A2	1	3	0	55	130	5
ARID3A	0	2	0	105	138	2
SOCS1	0	1	0	45	46	0
SLC35B4	1	0	1	28	61	1
GFRAL	1	0	0	22	76	4
THSD8	0	0	0	8	27	2
KCNE3	0	0	0	8	31	0
PKD2	0	1	0	86	206	7
MED11	0	0	0	12	18	2
ACOT8	0	1	0	36	64	5
TRIM74	0	0	0	0	0	0
OR5H2	0	1	0	23	65	2
RALB	0	0	0	17	25	1
PPP4R1	2	4	0	73	178	2
SMIM6	0	0	0	6	9	0
SLC25A28	0	2	0	41	36	0
RREB1	2	4	0	308	476	1
UBL7	1	1	0	29	59	0
ZNF682	0	0	0	39	98	7
HYAL4	0	0	1	34	86	11
SYNE3	2	2	0	131	264	9
CPNE7	1	5	0	132	187	6
EME1	1	1	0	43	122	5
ACTRT2	1	0	0	72	82	2
NDUFS2	0	1	0	44	73	2
OR4D11	1	1	0	25	63	1
GARNL3	4	4	0	86	152	5
CLRN3	0	1	0	26	59	2
TBC1D10B	1	1	0	85	172	3
ANKRD30A	0	0	0	101	298	11
FANK1	1	0	0	27	80	3
CISD2	0	0	0	7	9	1
HP	0	0	0	39	71	2
TASOR2	1	2	0	203	425	9
NPIPB11	0	0	0	23	94	4
NLE1	1	3	0	58	104	0
PLA1A	0	0	0	44	111	3
DNAI7	0	4	0	50	107	9
SPOCK1	0	3	0	58	82	1
CCDC126	0	0	0	14	25	1
ARL8B	0	0	0	14	12	0
CLN3	0	1	0	52	89	3
YME1L1	0	1	0	43	79	1
C16orf95	1	1	0	37	74	4
LRRC53	0	1	0	93	255	16
TBPL1	0	1	0	6	8	0
CALR3	1	1	0	36	71	1
ENSG00000269825	0	0	0	42	139	7
ACP4	1	3	0	74	116	6
USP17L11	0	0	0	0	0	0
ELMO1	0	5	0	67	104	3
SELENOW	0	0	0	0	0	0
EGFL8	0	0	0	0	0	0
SSBP4	0	2	0	51	85	0
NFU1	0	1	0	21	48	4
ELOC	0	0	0	7	8	0
GPBP1	0	0	1	40	74	1
SHE	1	1	0	48	79	0
EID1	0	1	0	18	38	0
UQCRQ	0	0	0	14	14	0
CDC25C	0	1	0	32	98	5
GABBR2	1	6	0	130	95	0
SLC1A2	1	2	0	55	68	0
MRPS21	0	0	0	5	22	0
REEP5	1	0	0	21	50	0
CMTM5	1	1	0	28	59	3
MRPS2	0	0	0	38	85	1
HLA-F	0	0	0	6	5	0
TTC24	1	3	0	59	120	4
CEP120	0	1	0	67	173	6
VNN2	0	1	0	52	96	6
C11orf65	0	2	0	14	60	8
OR8B4	0	0	0	24	57	3
CKMT1A	0	0	0	9	21	3
ALKAL2	1	0	0	28	43	0
DAPP1	0	1	0	22	30	1
PAOX	1	2	0	72	127	7
HPS1	1	1	0	79	173	4
RNF125	0	0	0	17	37	1
INPP5A	2	1	0	64	60	0
PRKD3	1	4	0	64	132	4
CNFN	0	1	0	6	25	0
PPP1R15A	0	0	0	59	183	8
HARS2	1	0	0	38	98	4
ENSG00000258417	0	2	0	90	169	5
TBXAS1	0	1	0	76	141	2
FASTK	1	1	0	54	87	2
ANP32B	0	0	0	23	20	0
BRINP1	3	4	0	97	168	2
TMEM117	0	1	0	37	104	5
HTR1E	0	0	0	31	65	1
FLT4	1	3	1	179	297	0
ZNF516	1	3	0	218	313	1
ANKRD17	4	7	1	183	285	1
CAND2	2	3	0	178	301	8
RPS6KA2	0	3	1	102	118	3
RAB19	0	2	0	34	49	3
POU4F2	2	0	0	63	97	0
KLRG1	0	1	0	15	33	2
LOXL2	1	1	0	108	187	5
ST8SIA5	0	1	0	27	65	3
FDX1	1	0	0	21	39	0
SLC7A6	0	0	0	41	78	1
ZFP36	0	0	0	39	59	0
DLGAP2	1	4	0	0	0	0
CCDC117	0	0	0	23	67	0
VPS26C	1	1	0	37	58	1
AGK	0	2	0	12	27	3
C5orf24	0	0	0	13	34	0
CUX2	1	7	1	177	282	0
IGFL1	0	0	0	10	35	2
ZNF614	0	0	0	33	103	4
RAPH1	4	3	0	113	220	1
SLC34A1	1	1	0	63	142	5
TRPM3	1	12	0	163	273	6
ENSG00000255639	0	3	1	48	149	8
ANXA6	3	3	0	57	167	3
OR4F6	0	1	1	21	67	5
FBXL5	1	0	0	54	95	1
PAPSS1	0	1	0	55	95	7
PHYKPL	0	0	0	54	134	5
TTC6	1	3	0	125	407	14
TRPV2	1	1	0	104	154	8
NAT2	0	2	0	27	80	2
CHD6	2	9	1	235	384	4
PXT1	0	0	0	6	23	1
SPATA7	1	1	0	33	128	7
NSMCE3	0	0	0	0	0	0
ENSG00000241690	0	1	0	21	67	2
ABCG2	0	3	0	60	137	12
C17orf58	0	0	0	37	92	1
TM6SF2	0	0	0	48	91	3
ZNF74	0	0	0	73	141	5
APOC4-APOC2	1	0	0	21	35	1
GPR25	1	0	0	40	75	2
DNAJC1	1	0	0	51	112	8
UBLCP1	0	0	0	15	34	0
POTEI	0	0	0	5	17	2
FXR1	0	1	0	40	66	2
OR11H4	0	0	0	30	80	4
KCNJ16	1	0	0	34	94	9
ZFP28	0	3	0	71	146	4
HLA-C	0	0	0	0	0	0
CDCA4	0	0	0	36	51	0
ELL3	0	1	0	16	82	5
DCUN1D3	0	0	0	28	44	1
FAM200A	0	0	1	32	99	6
ENSG00000286264	0	0	0	29	58	3
KRTAP9-3	1	0	0	0	0	0
C9orf40	0	0	0	15	38	0
TMPRSS7	1	2	1	77	195	11
VAMP2	0	4	1	15	16	0
ARID4B	0	5	0	70	179	1
PURG	1	0	0	40	42	0
SORL1	3	8	0	212	443	4
KRT34	0	0	0	0	0	0
SLC46A1	0	0	0	39	78	3
ENSG00000260007	0	0	0	13	29	2
NCAPH	1	3	0	73	124	3
LGALS3	0	1	0	26	44	4
FAM178B	0	1	0	80	125	10
C18orf21	0	0	0	15	34	3
COL1A2	0	3	0	117	231	1
MUC6	3	7	0	0	0	0
ENSG00000249590	0	1	0	28	63	2
GPR171	1	1	0	23	51	3
MIPOL1	1	2	0	40	85	3
CLCA1	0	4	0	79	173	7
TRIM42	1	4	0	65	137	7
LRRC34	1	2	0	36	99	3
CCDC172	0	0	0	3	48	3
ST8SIA2	0	0	0	45	75	2
CCL24	0	0	0	5	28	2
EXOSC3	0	1	0	24	55	0
GOLGA7B	1	1	0	21	35	1
BEST1	0	1	0	52	109	8
CPNE6	2	2	0	75	81	3
TEKTIP1	0	2	0	55	117	5
ZNF136	0	1	0	30	88	8
BAIAP2L2	0	1	0	76	156	6
TXNDC5	0	1	0	59	111	3
ENSG00000282218	0	2	0	27	47	2
ADCK1	0	0	0	51	129	8
BTC	0	0	0	15	43	1
TRIM47	2	1	0	77	153	6
MED13L	1	28	18	184	278	0
IGLON5	0	0	0	45	73	4
PLXDC2	1	2	0	44	102	3
ASPSCR1	0	2	0	103	151	1
BLTP2	2	6	0	175	362	11
CENPV	2	0	0	32	47	0
S100A6	0	0	0	10	20	0
KLKB1	0	1	0	49	122	8
LPL	1	2	0	51	106	4
DEPP1	1	0	0	14	42	2
CD44	0	0	0	66	155	3
ADRA1B	0	1	0	61	109	0
EFCAB14	0	0	0	32	90	2
HYDIN	0	1	0	138	276	4
FDX2	0	0	0	29	48	1
KCNK12	1	1	0	54	47	1
RBP1	0	0	0	16	43	2
PARVA	0	0	0	37	61	0
DLAT	1	0	0	52	110	0
MROH5	0	0	0	0	0	0
DERA	1	2	0	30	72	1
FAM153A	0	0	0	1	2	0
AIMP2	0	0	0	47	97	1
CFTR	2	4	0	108	374	18
CLEC2A	1	0	0	9	28	2
CHST2	0	1	0	48	98	0
SKP2	0	0	1	39	46	1
CATSPERE	1	1	0	56	166	6
OR10AC1	0	0	0	0	0	0
RUVBL1	0	0	0	43	29	0
IL36B	0	1	0	7	38	2
BICC1	1	2	0	83	154	0
CLTB	0	0	0	28	43	1
ENSG00000288654	0	0	0	2	5	0
PRAMEF12	0	0	0	77	118	2
RARA	0	4	0	56	63	0
SLBP	0	0	0	21	50	1
TENT4A	1	1	0	114	157	0
MAX	0	2	0	16	24	0
SYCE1L	0	0	0	27	72	5
KMT5C	1	1	0	70	115	0
C20orf85	0	0	0	16	37	3
ENSG00000167807	0	0	0	14	41	0
FBXO4	0	1	0	26	62	2
CHST9	0	0	0	37	71	3
ARHGEF37	2	1	0	60	154	7
MYCBPAP	1	2	0	70	178	2
MYDGF	0	0	0	17	39	2
IQCG	0	1	0	28	87	3
TAOK3	2	2	1	47	109	4
KRT23	0	2	0	0	0	0
PTPN5	2	1	0	64	106	1
SLC26A6	2	1	0	96	136	3
IRF1	0	0	0	18	39	1
SEC31B	1	1	0	91	231	14
TMEM30B	0	1	0	31	91	5
TMEM230	0	0	0	19	49	0
GPR55	0	2	0	39	68	4
ANKDD1B	0	0	0	46	114	6
HBP1	1	0	0	36	61	0
PSMB10	0	3	0	33	51	0
PPP2R3A	2	5	0	105	241	0
LRRC45	0	3	0	85	171	4
MYH14	2	6	0	251	495	9
TRIM43B	0	0	0	2	14	1
PHOSPHO2	0	0	0	15	34	2
CAPN9	0	1	0	67	181	7
CHCHD6	0	0	0	25	49	3
BCHE	0	2	1	41	128	7
ENSG00000285839	0	0	0	14	44	2
LY6G6F-LY6G6D	0	0	0	0	0	0
FAM166A	0	2	0	51	118	4
MTERF2	0	0	0	22	60	2
BRI3BP	0	0	0	36	46	0
PLA2G1B	0	0	0	17	24	1
LOXL1	0	1	0	56	128	3
PP2D1	0	0	0	50	120	6
CIAO3	0	0	0	69	134	2
BEST4	0	1	0	57	81	4
POLR1G	1	2	0	56	111	6
FOXL2	0	3	0	44	61	0
TRIM6-TRIM34	0	3	0	71	167	16
PIBF1	0	2	0	48	147	9
KRT81	0	0	0	70	128	5
RWDD3	0	0	0	18	45	0
OLFM1	1	4	0	59	38	1
FSD2	1	1	0	64	150	5
ADGRV1	5	9	0	496	1192	28
CIAO2B	0	1	0	11	30	0
ATP1B2	0	0	0	26	66	0
CNRIP1	0	0	0	29	31	2
ENSG00000288712	0	0	0	2	4	0
LTV1	0	0	0	35	83	7
CENPN	0	1	0	35	78	4
CRYBA1	0	0	0	25	29	1
FCGBP	1	4	0	325	614	20
MRGPRG	0	1	0	32	72	2
GRP	0	0	0	14	33	0
MROH8	1	0	0	72	202	14
C22orf39	1	0	0	12	23	4
ZNF641	0	0	0	34	71	3
DIO3	0	0	0	0	0	0
VAC14	0	3	0	100	138	1
RPL18	0	0	0	18	41	2
ZNF512	0	2	0	49	65	0
KIF9	0	0	0	72	170	4
SERTM1	0	0	0	7	13	0
H3-3A	0	14	0	13	1	0
SYNGAP1	1	8	20	3	0	0
HAGH	0	4	0	63	94	4
PRELID2	0	1	0	14	33	3
ENSG00000260643	0	0	0	12	43	2
PITPNB	0	0	0	10	25	0
TPRN	0	1	0	115	199	8
TCL1A	0	0	0	8	33	1
CETN1	0	0	0	14	27	1
ATL3	0	1	0	46	88	3
CAND1	0	1	0	86	113	1
ARMH2	1	1	0	15	39	2
CEACAM4	0	2	0	0	0	0
ENSG00000259132	0	0	0	0	0	0
CYP2C8	0	1	0	34	110	7
TUT7	0	3	0	77	225	1
SLC30A6	0	1	1	25	89	3
ENSG00000288715	0	0	0	4	4	0
S100A5	0	0	0	11	20	0
SIK2	1	2	0	76	152	3
GNRH1	0	0	0	9	25	1
MUTYH	0	2	0	41	149	12
KLHL2	0	1	0	37	44	0
MYCBP2	3	14	1	329	522	1
CCSAP	0	0	0	19	39	1
RASSF6	1	1	0	29	91	4
TBX15	0	0	0	49	95	1
OR2W3	0	1	0	41	86	0
OPRPN	1	0	0	26	56	1
H2AC14	0	0	0	16	17	2
MSANTD3	0	0	0	28	34	1
ACLY	0	3	0	97	163	2
CCDC82	1	0	0	33	111	6
WDR4	0	3	0	63	134	3
HS3ST4	1	2	1	45	97	0
PIM1	0	1	0	32	37	0
LCE3C	0	0	0	1	6	0
KIR3DL1	0	0	0	0	0	0
RPL26	0	0	1	7	9	0
STX7	0	0	0	25	39	3
DDIAS	0	0	0	64	163	4
GRIK4	2	3	0	122	185	1
FAN1	1	1	1	0	0	0
DUOX2	0	1	0	171	413	24
SDF2	0	0	0	12	37	1
TACSTD2	0	2	0	29	81	1
HIPK1	0	1	0	107	178	1
RNASE13	1	0	0	10	35	1
MRPL47	0	0	0	18	39	2
AMBN	0	1	0	40	110	2
SYTL1	0	0	0	58	117	4
CPZ	3	5	0	153	329	11
TGM6	0	2	0	79	207	9
COG5	1	0	0	80	170	7
CYRIA	0	0	0	24	34	0
ATG2A	1	4	0	228	459	5
STX1A	0	2	0	35	36	0
RHEB	1	2	0	12	6	0
CCDC181	0	0	0	35	90	7
BAZ2A	1	5	0	135	341	1
KLHDC4	2	5	0	84	191	6
CA11	0	0	0	20	46	0
VAT1	1	0	0	50	73	4
ARHGEF11	2	3	0	116	290	3
PELI1	1	0	0	30	65	0
PDCL2	0	0	0	19	33	1
BRPF3	0	2	0	98	194	1
RAD51AP1	0	0	0	36	63	0
ZNF497	1	2	0	67	131	3
TOP3A	1	1	0	82	187	6
XKR6	2	6	0	103	119	2
MFSD8	0	1	0	32	97	3
LCE3B	0	0	0	0	0	0
FAM169A	0	1	0	43	102	0
TMC7	0	0	0	67	136	6
SAP30BP	0	0	0	29	52	3
PKN3	1	2	0	96	220	6
WDR12	0	0	0	23	75	4
CYP39A1	1	1	0	42	91	2
ABHD14B	0	0	0	20	37	3
YTHDC2	2	2	0	114	250	0
PIERCE1	0	0	0	15	33	2
ARHGAP27	0	1	0	0	0	0
PHACTR2	0	2	0	60	128	2
SSBP1	0	0	0	2	2	0
TLL1	2	1	0	83	168	0
OR7G3	0	0	0	29	62	2
CD8A	0	1	0	28	58	0
CLTCL1	0	4	0	155	346	15
ERLIN2	0	0	0	25	37	0
HLX	0	0	0	45	89	1
FAM8A1	0	2	0	34	80	1
DUSP4	0	0	0	45	65	0
ORM2	0	0	0	19	40	2
TCP1	1	1	0	37	69	1
RAB35	0	0	0	24	23	0
ASB14	0	1	0	57	131	7
KIZ	0	0	1	49	133	9
CFAP46	4	15	0	365	744	32
PTPN7	2	2	0	32	91	6
ENSG00000285947	0	0	0	0	0	0
AP1G2	0	0	0	65	184	12
TNFRSF25	0	2	0	49	94	2
ENSG00000262526	0	0	0	1	1	0
SNX5	0	1	0	39	78	2
ANKRD35	1	4	0	98	219	20
ARMC7	0	1	0	28	53	3
PTPRR	0	1	0	48	128	2
RPL13	0	1	0	33	64	0
SAMD7	0	2	0	39	77	8
NSD2	0	8	5	141	205	0
ACBD7	0	0	0	8	19	0
PRKRIP1	0	0	0	19	41	0
OR4C11	1	2	0	19	87	5
POLE4	0	0	0	15	37	0
SH3GLB1	1	1	0	24	41	0
ITGA6	2	4	0	75	160	3
C4orf50	2	0	0	191	390	19
LYZL1	0	0	0	16	41	2
H1-2	2	6	0	96	181	2
DHX29	0	3	0	94	196	2
NUDT17	0	2	0	39	74	1
ZDHHC17	0	2	0	41	90	1
HOXD13	0	0	0	44	79	1
ENSG00000269547	0	0	0	0	0	0
ZNF701	1	0	0	28	105	5
CSF3R	1	6	0	75	162	4
IL17B	0	1	0	16	46	0
MRPS24	0	0	0	17	28	2
KRT25	0	1	0	42	99	6
CNOT3	1	13	1	1	2	0
ANTKMT	0	0	0	35	75	5
STXBP5	0	2	0	97	168	2
MT1H	0	1	0	5	17	3
GJB7	0	0	1	12	45	2
EMX2	0	0	0	28	36	0
EFCAB3	0	1	0	29	59	3
METTL21A	0	0	0	17	37	1
BTNL9	0	1	0	68	134	4
KRT75	1	1	0	69	149	4
ZNF385B	0	1	0	43	66	2
SLC25A26	0	0	0	25	65	4
UBALD2	1	0	0	18	17	0
TMEM35B	0	0	0	20	25	0
TMEM132D	0	1	0	147	213	1
VHLL	0	0	0	13	35	1
ZBTB25	0	2	1	28	76	2
COX6B2	0	0	0	10	24	1
SLC34A3	2	3	1	131	243	2
USPL1	0	0	0	73	217	3
CCT2	0	2	1	40	86	1
HHLA2	0	0	0	27	73	3
ANKRD36B	0	0	0	23	74	4
BTNL3	0	1	0	35	75	1
SMIM12	0	1	0	6	16	0
FAM20A	0	1	0	54	123	7
RPS3	1	0	0	21	8	1
GPR137	1	0	1	40	65	0
IER2	0	0	0	36	66	0
RNF152	0	0	0	38	57	2
DPCD	0	0	0	23	36	1
TCEA1	0	0	0	20	38	0
SRXN1	0	0	0	15	46	1
MGAT4D	1	0	0	27	67	5
AMT	1	0	0	38	97	2
NSUN6	0	3	0	41	104	6
FERD3L	0	0	0	26	41	1
DNAJC10	1	0	0	39	149	5
PSMD2	0	3	0	69	119	0
PXDC1	0	0	0	31	43	0
ENSG00000262633	0	0	0	22	61	2
TLK2	0	10	1	50	36	0
RPL17-C18orf32	0	0	0	25	32	0
NEDD4	0	3	0	67	144	7
SPIRE2	1	3	0	116	216	4
SIGLEC10	0	0	0	100	183	2
ENSG00000260342	0	0	0	18	27	0
OSR2	0	1	0	25	42	0
L3MBTL2	2	4	0	71	121	1
KRT40	0	1	0	0	0	0
SETMAR	0	0	0	69	168	8
RCL1	3	1	0	37	104	0
OR51G1	0	1	0	29	81	7
PGAP4	0	0	0	36	61	1
SLC1A7	2	2	0	72	144	4
TMEM39B	1	1	0	63	94	1
ARL2BP	0	0	0	10	27	0
ACADVL	0	1	0	75	153	2
SNAP91	0	1	1	77	131	1
SELENOK	0	0	0	0	0	0
CYTH3	0	0	0	53	56	0
BRCA2	2	11	1	225	577	20
WDR33	0	2	0	96	167	7
EIF3CL	0	0	0	0	0	0
STOM	0	0	0	21	48	2
RAD51B	0	0	0	22	74	3
ACMSD	0	0	0	29	76	3
ENPP7	1	0	0	70	160	6
TPD52L2	0	1	0	23	41	2
ENSG00000243696	0	0	0	11	29	1
PIGF	0	1	0	12	34	1
F2RL1	0	1	0	24	80	4
TOR1AIP2	0	2	0	31	67	5
ATP10A	3	1	0	186	356	6
SERF1A	0	0	0	0	0	0
SRM	0	2	0	53	37	0
CREG1	0	0	0	28	44	2
CCRL2	0	1	0	35	76	4
NUP205	3	5	0	175	347	0
BIN1	0	1	0	90	117	0
PARG	0	0	0	50	117	6
SLC4A5	0	1	0	110	202	2
SNAP23	0	0	0	5	32	0
GLRB	1	0	1	35	91	3
MFAP3	0	1	0	20	63	4
ATMIN	0	1	0	109	180	0
MOB2	2	0	0	48	54	0
S100A7	0	0	0	10	30	0
DLX4	0	0	0	29	52	2
KIF18A	1	2	0	52	162	3
ADGRG1	1	3	0	73	131	3
ILDR1	0	5	0	56	163	6
OR1L8	0	1	0	29	53	2
TRIM51G	0	0	0	48	136	9
THBD	0	2	0	73	115	0
RPSA2	0	0	0	11	41	1
ZNF69	0	0	0	44	124	4
OR2A1	0	0	0	0	0	0
INTS13	1	3	0	56	83	3
MFAP1	1	3	0	36	49	1
LPGAT1	0	0	1	22	35	1
MEGF8	7	6	0	401	615	10
CLBA1	1	0	0	36	88	4
NTPCR	0	0	0	18	33	0
FBXL6	0	3	0	70	140	5
PRKCD	0	1	0	82	102	0
TIGD3	0	0	0	34	77	8
CLDN9	0	0	0	51	66	4
FCSK	1	2	1	144	277	16
IFNA10	0	0	0	11	56	2
KCNAB3	0	0	0	33	81	7
CARHSP1	0	1	0	37	72	0
NKX2-4	1	3	0	63	83	0
TMEM196	0	0	0	19	41	3
H2AC21	0	1	0	16	16	1
LAMB2	2	3	0	145	391	18
SLC39A4	2	2	0	120	193	3
ASB16	4	0	0	61	148	9
DGKB	0	1	0	69	124	1
CEBPZOS	0	0	0	8	20	0
SLC4A8	1	4	0	96	110	5
MYOZ3	0	0	0	26	63	1
OVOL3	0	0	0	30	61	1
RNF38	0	2	0	34	65	0
MRPL32	1	0	1	12	41	3
IGFBP6	0	2	0	28	57	1
MIGA1	0	2	0	36	109	2
MRLN	0	0	0	0	9	1
JMJD7-PLA2G4B	2	2	0	135	299	8
BDKRB2	0	3	0	46	87	1
SEMG2	0	0	0	39	127	13
LRRC2	0	1	0	31	73	2
ADGRG7	1	1	0	76	166	4
VPS8	1	4	0	108	243	8
CLASRP	0	1	0	94	170	3
DAPK1	2	5	1	156	242	3
TCERG1	0	6	1	95	153	5
IFNA1	0	0	0	2	7	0
RBBP8	0	3	0	55	171	7
AGO4	0	3	0	50	90	2
CRMP1	2	3	0	91	120	0
DNAJC27	0	2	0	31	53	2
TRH	0	0	1	24	66	3
NEFM	1	0	0	88	164	2
MCF2L2	1	1	0	102	221	7
OR4D5	0	1	0	31	76	2
TRAT1	0	0	0	14	46	2
ENSG00000261611	0	0	0	10	19	0
GAS2	0	0	0	26	42	2
UGT2B10	0	0	0	0	0	0
TUBD1	0	3	0	35	71	3
POU3F2	1	2	0	47	59	0
GLS2	1	1	0	47	70	4
NECTIN3	0	2	0	55	90	1
ALDH2	0	0	0	59	125	5
TNRC6B	0	5	6	160	309	6
CCDC34	1	1	0	25	82	1
WASHC5	1	3	0	101	207	5
LTO1	0	1	0	15	28	1
ABCA5	1	4	0	108	279	13
HMG20B	0	2	0	56	64	0
IPO8	0	3	0	62	143	7
PANO1	0	0	0	28	75	2
TRAPPC2B	0	0	0	9	24	2
TERF2IP	1	2	0	40	93	1
MYL12A	0	0	0	14	17	1
RPF2	0	0	0	26	54	1
SLC5A12	1	1	0	54	100	4
ITGA10	1	1	0	95	212	16
LY6S	0	0	0	0	0	0
AMBP	1	0	0	48	71	0
CCDC89	0	1	0	25	53	2
RGMA	0	5	0	80	115	2
GGTLC2	0	0	0	18	41	0
ZSCAN4	0	1	0	36	64	1
DNAL4	0	0	0	8	28	1
HPS6	0	1	0	86	162	6
VN1R1	0	2	0	29	54	2
MYH1	1	4	0	146	391	20
DPF3	0	1	0	45	66	1
VDR	1	2	1	43	84	2
MYLK	0	4	0	214	394	7
OTUD4	0	1	0	74	169	1
MRPL13	0	0	0	13	34	2
RELT	0	4	0	54	102	3
FOXL3	0	0	0	30	73	0
BCAS2	0	0	0	16	29	2
OR4A16	1	2	0	49	139	7
PARP12	1	0	0	81	130	7
TERT	6	4	0	158	163	2
RSRC1	0	0	0	24	67	4
PHLDA2	1	1	0	0	0	0
HSPB2-C11orf52	0	0	0	16	33	2
MS4A1	1	1	0	33	54	1
C12orf54	0	0	0	11	24	0
NCF2	1	2	0	40	90	7
RPL35	0	0	0	17	26	0
SESN2	0	0	0	54	93	8
TIGD2	0	1	0	26	81	4
EMC9	0	1	0	13	34	1
DPPA3	1	1	0	11	29	3
NOL3	0	0	0	24	51	4
ART3	0	0	0	23	74	3
SPTSSB	0	0	0	2	18	2
POLR1E	2	0	0	42	89	1
CMAS	0	1	0	32	49	4
SLC36A3	0	0	0	55	99	4
ANAPC4	0	0	0	49	92	2
EHD3	1	1	0	60	87	2
ARHGEF2	0	3	0	104	157	0
ZNF717	0	0	0	40	148	9
OPN5	0	3	0	31	42	2
ZNF414	2	1	0	53	84	2
KRT14	0	0	0	67	103	3
TUBGCP4	3	5	0	48	78	3
DSC3	0	3	0	79	198	9
ENSG00000259371	0	0	0	0	0	0
INSM2	1	2	0	58	122	1
CSNK2A1	0	20	0	28	33	1
POLI	2	2	0	60	133	9
MAP3K7	0	11	0	39	72	0
ELMO3	0	2	0	92	176	4
GOLGA6L22	0	0	0	5	27	2
PTPN12	1	2	0	43	129	2
OCLN	0	1	0	0	0	0
TNFSF12-TNFSF13	1	1	0	36	58	2
METTL17	1	0	0	37	116	3
OR1S2	0	0	0	40	84	2
GKAP1	1	0	0	32	44	2
SLC45A4	1	1	0	143	236	2
C1QL3	0	0	0	32	27	0
OLFM2	0	1	0	62	89	3
NUP107	1	3	0	62	131	9
MEIS1	0	2	0	21	33	0
FAT1	5	11	0	509	1092	13
MUC17	2	0	0	460	1262	30
SCT	0	0	0	0	0	0
ZNF691	0	0	0	26	72	2
CLNK	1	1	0	46	102	7
TMEM144	0	1	0	27	61	1
CNGB3	2	0	1	58	172	9
UBQLN3	1	2	0	56	154	1
SLC25A21	0	0	0	17	64	4
IGDCC3	0	1	0	101	181	7
NCOA6	2	2	0	178	354	1
SPRR2D	0	0	0	5	6	2
SUGT1	0	0	0	27	50	1
GAK	3	5	1	222	372	0
SLC25A45	1	0	0	24	78	1
MYL4	0	0	0	15	45	0
REEP6	0	1	0	25	56	1
RPS19BP1	0	0	0	17	31	1
GID8	0	0	0	25	28	0
TPM3	0	1	0	24	13	0
RBBP4	0	4	0	34	10	1
ERICH2	1	1	0	49	104	5
RAB17	0	0	0	20	56	0
CTBP1	2	3	0	66	50	0
NTAN1	0	1	0	0	0	0
SHOC1	1	1	0	89	257	11
UMOD	3	1	0	75	137	10
ABRA	3	1	0	44	85	4
MBNL2	0	1	0	45	52	0
SPINDOC	0	1	0	58	65	2
FBXW12	2	0	0	32	90	1
CSNK1G2	0	1	0	62	59	1
RCHY1	0	2	0	11	39	2
LIPT2	0	2	0	31	80	2
CYTH4	0	2	0	44	86	1
DENND6A	0	2	1	44	88	3
ZNF548	0	0	0	33	103	2
CFAP91	0	4	0	49	188	6
ZP1	1	1	0	58	119	9
ZNF581	0	1	0	18	33	0
SMIM10L1	0	0	0	0	0	0
ARRDC3	0	2	0	20	58	1
FAM209B	0	0	0	14	38	2
GPRIN1	1	1	1	92	232	1
PELP1	2	3	0	123	242	0
ENSG00000284341	0	0	0	19	36	0
FGFBP3	0	1	0	37	78	2
CIC	1	6	3	360	553	0
CFAP58	2	3	0	76	191	11
RAD9B	2	1	0	27	73	4
TAF11L4	0	0	0	0	0	0
WDR27	1	2	0	102	239	11
RPA3	0	0	0	11	26	0
ZNF660	0	0	0	14	53	2
DNAI4	0	1	0	62	148	9
SLC4A9	0	0	0	68	188	4
PIFO	0	2	0	13	32	3
AFG3L2	0	6	0	56	118	2
ARGFX	0	0	0	18	58	3
PREP	0	2	0	69	100	3
FCRL2	0	1	0	50	106	8
VPS4A	2	4	1	69	63	2
SCYGR3	0	0	0	22	33	3
FAM168A	0	0	0	32	33	0
C1RL	0	1	0	56	104	1
ANPEP	1	2	0	137	234	2
MARVELD3	1	0	0	51	81	4
SERPINB6	0	1	0	39	79	2
AOPEP	0	0	0	71	179	12
MYPOP	0	1	0	53	93	0
SEC24C	1	1	0	97	188	1
OR1J4	0	2	0	13	60	4
CSMD3	2	2	1	306	621	12
RHNO1	0	0	0	23	52	4
SELENBP1	2	1	0	65	122	4
HEATR5B	3	5	0	183	351	12
RPS6KC1	1	1	0	63	197	5
SMAP1	0	1	0	44	83	1
JUND	0	2	0	66	73	0
THNSL2	0	0	0	51	97	5
TRHDE	0	1	0	83	166	4
TSPAN12	0	2	0	10	43	0
UBXN8	0	1	0	14	46	2
SCN1B	0	1	0	32	53	0
OR5P2	0	1	0	0	0	0
PWWP2A	0	3	0	65	109	0
OR4S2	0	0	0	21	66	3
PRR4	0	0	0	0	0	0
CHRNA5	0	2	0	38	76	3
MARCOL	0	0	0	25	54	3
JUN	0	1	0	34	43	0
GSC	1	1	0	36	52	0
MGMT	0	1	0	26	60	6
BBOF1	0	1	0	38	87	3
SERPINB11	1	3	0	36	90	2
SYT11	1	1	0	35	58	0
NEIL1	0	0	0	40	99	2
TGFBR3	1	2	0	86	148	1
S100PBP	0	0	0	37	72	0
DGUOK	0	2	0	29	60	2
CLEC9A	0	0	0	21	38	1
KCNJ18	0	0	0	33	74	4
ENSG00000257355	0	1	0	5	11	1
KCTD15	0	1	0	49	55	1
FERMT1	1	3	0	55	130	7
MAT2B	0	1	0	30	42	0
SMIM11	0	1	0	0	0	0
ZNF697	2	2	0	68	125	1
CIT	1	4	0	224	331	4
ZNF445	1	1	0	63	153	3
C9orf50	0	1	0	51	104	4
ST7	1	0	0	33	45	2
OR7A5	0	0	0	27	64	1
ENSG00000256825	0	0	0	31	60	0
PRAMEF1	0	0	0	50	104	6
SLC12A8	0	0	0	77	184	9
SLC35G2	2	2	0	26	65	3
KIF3A	0	2	0	39	85	2
ADGRF3	0	0	0	98	222	11
FOXI1	0	2	0	41	84	0
RNF32	1	0	0	32	67	4
FCRLB	0	1	0	47	81	2
POMK	0	0	0	45	73	3
FOXD4L5	0	0	0	1	6	0
PARD6A	0	1	0	27	67	0
SLC50A1	1	0	0	19	30	1
MAP4	0	8	0	154	428	3
EMC8	0	1	0	37	39	0
GSTA4	0	0	0	16	34	2
RASIP1	1	4	0	117	178	1
CR1	0	1	0	117	276	6
PATJ	1	2	0	151	369	14
GARIN5A	0	2	0	34	64	3
SPOCK2	2	0	0	59	76	2
NDUFS6	0	0	0	25	48	0
STEAP2	0	2	0	30	85	6
FBXW10B	0	0	0	41	94	3
MAP1LC3C	1	0	0	13	19	0
APOBEC1	0	1	0	13	36	3
GPR183	0	1	0	31	52	0
KIFAP3	0	1	0	55	105	4
CLEC2D	0	0	0	11	34	0
TPI1	0	1	0	27	37	3
PHF1	0	0	0	0	3	0
SLC28A1	1	0	1	78	154	4
GRHL2	0	1	0	56	89	0
CALML4	0	0	0	14	41	3
RECQL5	0	2	0	92	246	12
LMNB2	3	6	0	97	188	1
FDXR	0	0	0	63	131	5
ZNF550	0	1	0	50	95	7
METTL24	0	0	0	40	88	3
MRPS18A	0	1	0	18	58	2
ANGEL1	0	1	0	53	112	11
CYC1	1	0	0	43	73	1
UBE2G2	0	0	0	14	20	0
NAA50	0	0	0	10	13	0
SI	1	8	0	168	414	23
RERG	0	0	0	23	41	3
IMPG2	2	3	0	73	219	14
ZNF337	0	1	0	54	156	14
NPY	0	0	0	7	17	1
OR4K13	1	0	0	33	65	2
SLF2	0	2	0	69	176	8
ENSG00000289710	0	0	0	3	11	0
PPP2R5D	1	19	0	43	59	0
HESX1	0	0	0	14	32	0
COMMD1	0	0	0	19	39	2
TBC1D1	1	2	2	107	254	6
CRB3	0	1	0	12	30	0
PDE12	0	1	0	51	77	4
SSTR4	0	1	0	46	121	6
RRP12	2	2	0	138	282	3
OTOGL	0	2	1	193	486	32
CREBL2	0	0	0	10	7	0
ACTR1A	1	3	0	28	37	0
PGM2L1	0	2	0	38	85	1
UGT2B4	0	1	0	47	125	6
PRSS12	2	3	1	78	186	17
SPAG4	0	1	0	43	71	3
SLC4A10	1	2	1	104	130	1
TM4SF4	0	1	0	26	56	2
CASD1	0	2	0	54	96	3
HELZ	0	6	0	150	249	3
NAGA	0	2	0	41	102	4
LIPF	1	0	0	23	56	3
TAS2R39	0	0	0	19	69	5
ABHD5	0	1	0	35	56	1
RPL23	0	0	0	12	14	0
SPDYE21	0	0	0	9	58	2
CLDN17	0	0	0	26	51	2
NEURL3	0	0	0	21	60	1
NRG3	0	0	0	68	143	4
SPRR1B	0	0	0	9	16	1
ANKRD62	0	1	0	57	159	2
SPEM1	0	0	0	33	72	3
OR4A15	0	0	0	37	135	7
DHRS7	0	0	0	30	66	4
TMEM141	1	1	0	15	22	1
CLCN6	1	2	0	108	182	5
DCDC2	0	0	0	46	87	3
FCRL4	0	3	0	54	123	5
RASSF1	0	1	0	29	90	1
TFAP2A	0	3	0	54	43	1
SNX3	0	0	0	19	18	0
WIF1	1	0	0	28	74	1
EDNRA	0	1	0	33	37	1
PRSS41	0	0	0	39	81	5
MYBL2	0	1	0	71	124	2
TFPT	0	1	0	0	0	0
NFKBIZ	0	3	0	66	116	0
LCE3D	0	0	0	15	25	2
CGGBP1	0	1	0	10	14	0
KCND2	0	1	0	48	69	1
ASCL2	0	0	0	28	60	0
FAM104A	0	0	0	35	63	0
EIF2B3	0	0	0	25	68	1
DUX4	0	0	0	0	0	0
LY6H	1	1	0	0	0	0
SIPA1L3	2	3	1	269	459	5
KRTAP12-1	0	0	0	15	21	3
AHDC1	3	3	11	219	342	1
RPL23A	0	0	0	10	19	0
MRC2	2	3	1	153	287	7
SEMA6C	1	1	0	112	226	9
CD8B2	0	0	0	31	41	0
HEATR5A	0	6	0	156	396	19
PPP1R27	0	1	0	17	48	0
OR2H2	0	0	0	0	0	0
KHDRBS1	0	1	0	36	59	1
IDUA	1	2	0	102	177	7
COL12A1	1	10	1	232	545	8
GARIN6	0	1	0	22	57	2
RHBDL2	0	0	0	17	58	1
ILF2	0	0	0	25	32	0
TMOD4	0	0	0	22	87	2
LIPK	0	1	0	40	86	3
SERPINE1	0	2	0	41	89	1
ARHGEF12	0	2	0	109	226	4
KLHL10	1	0	0	57	69	0
DEFB104B	0	0	0	0	0	0
ZNF37A	0	0	0	36	100	1
ACY1	0	1	0	35	85	3
SH2D1B	0	0	0	12	30	0
ST20-MTHFS	0	0	0	12	39	5
TRPV4	1	4	0	129	168	10
LYZL6	1	1	0	0	0	0
MYOCOS	0	0	0	11	15	1
IFNE	0	0	0	16	46	6
OR4D6	0	0	0	25	77	0
FOXE3	0	0	0	51	80	0
CES2	1	0	0	63	126	2
ARL1	1	1	0	9	6	1
USP36	3	2	0	171	286	4
FABP6	0	0	0	18	46	2
LYNX1-SLURP2	0	0	0	18	31	0
ZNF775	0	0	1	70	139	3
GNRH2	0	0	0	7	29	3
CLSTN1	0	1	0	151	215	0
GPR83	1	1	0	42	118	3
GCN1	2	6	0	284	399	4
NAE1	0	0	0	28	84	3
CAPN5	0	5	1	82	191	4
OSBP	0	3	1	66	115	0
ZNF586	1	0	0	23	64	3
ENSG00000285085	0	0	0	0	0	0
LGR6	2	4	0	115	215	1
SCARA5	1	1	0	73	136	6
LTF	1	1	0	86	165	8
CCDC191	1	1	0	68	168	15
MPZL2	0	1	0	21	58	4
MEI1	0	1	0	115	239	14
SIRT5	0	0	0	37	83	7
NKX3-1	0	0	0	31	47	1
MBD3L1	0	1	0	17	33	3
FAAP24	0	0	0	22	42	5
MYO3B	1	4	0	108	272	16
REL	1	0	0	50	82	0
DIPK1B	1	3	0	83	135	5
MUC5AC	2	1	0	710	1333	23
SLC6A11	1	1	0	76	102	0
SETSIP	0	0	0	19	63	4
DPEP2	0	0	0	38	103	7
TMX2	1	1	0	24	64	2
ZNF248	0	0	0	39	109	1
C6orf120	0	0	0	26	49	1
PLBD2	2	0	0	61	139	4
JMJD6	1	3	0	44	64	1
SCN4B	1	0	0	21	34	1
PRR23E	0	0	0	31	68	3
USP13	2	1	0	72	147	5
FGG	0	0	0	29	72	1
LY6E	0	0	0	0	0	0
GLIPR2	1	1	0	17	37	0
NACA	2	5	0	157	372	3
RALGAPA1	1	7	0	144	285	3
EIF3J	0	0	0	15	39	0
BBS1	1	3	0	63	139	4
NPIPA8	0	0	0	0	0	0
IL10	0	1	0	17	24	2
IFIH1	0	8	0	80	224	14
PLAAT1	0	1	0	21	45	2
RAC3	0	2	0	34	33	0
SOCS5	0	0	0	46	90	3
CNTFR	0	0	0	48	59	3
MYO5B	3	6	0	173	430	8
ZNF611	0	0	0	54	178	10
DHX9	0	4	0	94	109	1
FAM161B	1	3	0	48	143	8
B3GLCT	1	0	0	45	105	2
ZNF704	0	0	0	41	62	0
HAPLN3	0	1	0	59	121	5
CRBN	1	0	0	39	96	4
ENSG00000288634	0	0	0	5	9	0
ZNF677	0	0	0	50	113	3
TSPAN14	0	1	0	28	39	1
CREB3	0	1	0	30	66	2
SLU7	0	4	1	30	60	3
FOXD1	0	0	0	83	98	3
OR10G7	0	0	0	33	82	2
KLF18	0	0	0	76	183	3
PCK1	2	2	0	98	181	5
P2RX2	1	0	0	60	106	4
NAT16	0	1	0	43	102	5
SYT5	0	0	0	34	77	3
CPNE1	0	3	0	32	127	4
ARPC1B	0	1	0	59	97	1
RASSF8	1	2	1	29	73	2
ENSG00000257341	0	0	0	13	28	1
TBC1D24	2	1	0	73	120	4
HSD3B2	1	1	0	46	72	2
OR2Z1	1	0	0	37	80	4
MNX1	1	0	0	58	94	1
HADH	0	1	0	22	63	1
KLC4	1	1	0	60	147	6
TARS2	1	1	0	62	105	8
H2BC18	0	0	0	21	21	0
RPL27A	0	0	0	13	20	0
DPP3	1	3	0	76	176	5
ZNF646	1	6	0	168	459	6
NKIRAS2	0	1	0	24	36	1
EPHA7	0	4	0	65	148	3
POLR2J	0	0	0	9	6	2
MATN3	1	0	0	47	109	3
CCT8	0	2	0	33	106	0
ATOH1	0	0	0	33	86	0
IHH	0	2	0	62	85	0
CD1B	0	0	0	26	93	5
SACM1L	0	0	0	34	75	1
ANAPC16	0	1	0	16	16	1
CCDC106	2	0	0	37	55	1
NSF	0	0	0	0	0	0
JMY	2	1	0	83	181	0
MYC	1	0	0	37	78	0
ENSG00000291315	0	0	0	0	11	0
MAS1	0	1	0	30	76	1
PIF1	4	1	0	72	154	11
OR4D1	0	0	0	21	55	1
YWHAQ	0	0	0	18	27	0
PI4K2B	0	4	0	47	80	3
DGKG	1	1	0	92	191	3
TAF7	1	0	0	13	47	0
ZNF786	0	2	0	92	187	11
ITGAL	0	3	0	97	206	2
SLC25A10	0	0	0	34	65	2
NSD1	4	16	9	203	397	1
GASK1B	0	0	0	38	96	5
TIMM44	0	0	0	64	114	2
TMCO3	0	1	0	107	157	5
HPSE2	1	1	0	51	110	3
TAS2R50	0	0	0	0	0	0
ISG20	1	0	0	28	45	2
OR2A2	0	0	0	32	70	1
LRRC36	1	2	0	53	122	6
PRDX3	1	0	0	24	69	4
NCBP1	0	1	0	61	89	0
OR8U3	0	0	0	26	83	3
TMEM229A	1	0	0	41	84	1
ZAR1	1	1	0	62	116	4
VCL	2	3	0	86	178	4
DDB1	2	6	0	113	117	0
HMCN1	2	9	0	446	1100	25
ZNF408	0	4	0	86	149	3
ZNF483	1	6	0	47	86	0
RRAD	0	0	0	35	69	2
PEX13	0	2	0	28	90	5
VAMP3	0	0	0	11	25	1
ZKSCAN4	0	0	0	39	81	4
FBXL4	0	0	0	45	117	4
WHRN	2	4	0	100	262	2
UNC13C	1	4	0	157	402	14
GOLGA6L4	0	0	0	0	0	0
RNF135	0	0	1	48	94	4
TOR1AIP1	0	4	0	49	114	4
MARS1	1	0	0	75	176	10
IKZF3	0	2	0	47	65	0
SGK1	0	0	0	51	79	0
FPGS	0	2	0	62	118	3
CCDC83	0	0	0	29	89	4
RMND5B	1	2	0	55	81	7
MEGF11	2	1	0	9	29	1
BCL7C	0	0	0	21	37	1
KRTAP4-11	0	0	0	0	0	0
DSTN	0	0	0	7	16	0
TSHZ3	1	1	2	156	221	0
PIK3C2A	1	3	0	118	244	9
NT5DC2	0	0	0	74	133	2
KMT2B	3	13	4	385	555	0
KCNJ2	0	1	0	46	44	0
ZDHHC22	0	0	1	27	41	2
SLC52A3	1	0	0	69	97	5
ZNF283	0	0	0	53	116	4
TAF11L14	0	0	0	27	74	3
TLN1	2	7	0	220	360	5
DERL1	0	3	0	23	48	1
MRPL27	1	0	0	13	38	1
ACSL5	1	1	0	62	112	2
ASTL	0	2	1	53	116	3
RNF13	0	0	0	23	50	2
PCDHA3	1	0	0	116	202	4
SCYGR8	0	0	0	15	34	2
CA1	0	0	0	23	51	1
C14orf180	1	0	0	0	0	0
NPR1	0	5	0	102	188	7
BMP2K	0	0	0	94	210	10
CBFB	0	0	0	17	28	0
ABHD3	1	0	0	38	81	2
THOC1	0	1	0	47	73	2
AQP1	1	1	0	45	57	1
TPK1	0	1	0	20	48	3
TENT2	0	2	0	28	90	4
ETV3	1	1	0	39	84	1
C2	1	1	0	0	0	0
SFT2D1	1	0	0	15	29	1
PDE3A	3	2	0	115	205	2
RPL38	0	0	0	3	6	0
KCNH3	4	6	0	138	169	3
DCDC2B	0	0	1	27	72	4
IFNLR1	1	1	0	52	114	3
STAT4	1	2	0	50	89	4
HSD3B1	0	5	0	46	105	5
PDLIM2	0	2	0	66	132	4
FAM180B	0	0	0	19	40	1
SERPING1	0	1	0	48	83	0
CD14	2	0	0	37	66	3
CASP5	0	2	0	43	99	6
DENR	0	0	0	16	16	0
ENSG00000286165	0	0	0	19	45	8
ENSG00000292259	0	0	0	3	13	0
WIPI1	0	1	0	33	87	2
RAVER1	0	1	0	104	174	1
PROSER3	0	3	0	76	172	6
MYADM	0	0	0	41	68	0
CREBRF	0	0	0	48	79	0
LKAAEAR1	0	0	0	14	46	0
ENSG00000285283	0	0	0	16	47	1
MBP	0	0	0	28	70	0
RDH8	0	0	0	35	78	3
SLC7A14	1	1	0	79	160	4
FSIP1	0	0	0	37	119	1
ZNF34	0	0	0	48	86	1
SRGAP1	1	1	0	77	171	2
SLC9A9	0	2	0	78	108	6
PCDHB5	0	0	0	132	181	5
BMP5	0	1	0	28	88	4
GIMAP2	0	1	0	28	70	5
GLIPR1L1	0	0	0	22	52	1
MVP	2	2	0	97	185	10
TEX2	1	1	0	105	172	5
ANAPC2	1	4	0	141	156	1
PHLDA3	0	1	0	16	31	2
LY6L	0	0	0	0	0	0
FAM89B	0	0	0	18	33	0
C16orf90	0	0	0	23	42	2
OR2M3	0	0	0	38	85	3
MAJIN	0	0	0	16	34	0
CHRND	0	0	0	51	133	2
SLC31A2	0	1	0	11	25	0
ADSS1	0	1	0	60	134	3
ENSG00000262304	1	1	0	65	127	6
SLMAP	1	1	0	55	129	1
CYP2F1	0	1	0	45	106	3
FBXO27	0	1	0	24	70	6
FXYD6-FXYD2	0	0	0	13	37	0
INA	0	0	0	49	89	4
OSGEPL1	1	0	0	23	50	1
TEX264	1	1	0	30	58	0
ATP8B2	1	2	0	119	199	4
NRG4	0	1	0	8	28	0
ATP10B	2	5	0	140	338	17
SYNRG	1	4	0	0	4	0
ZER1	2	2	0	85	102	0
MANBAL	0	0	0	13	24	0
ZNF589	0	0	0	19	72	8
GPAT4	1	1	0	47	40	0
MRPL16	0	2	0	18	60	1
ALDH1L2	1	1	0	84	162	6
DCAF5	0	1	1	77	137	3
MAK	1	0	0	47	101	5
FTH1	0	1	0	18	17	2
HTR3A	0	1	1	53	127	2
ZNF596	0	0	0	44	128	11
NPM2	0	1	0	22	49	1
REN	1	1	0	55	75	3
RTKN	1	1	0	52	122	5
PROSER2	0	2	0	81	163	6
CUBN	5	6	0	344	808	30
STIP1	0	3	0	52	66	0
POLGARF	1	1	0	36	61	0
CSRNP2	0	1	0	46	87	1
RIF1	2	4	0	219	430	0
EFNB3	0	0	0	44	50	0
HOXB8	0	0	0	32	28	2
F11	1	0	0	63	120	9
CEP83	0	0	0	57	123	8
ADAP2	1	3	0	37	71	6
GYPE	0	0	0	6	18	1
OR10A5	0	0	0	40	75	2
VSNL1	0	0	0	15	6	1
FOXJ2	0	0	0	47	111	1
ANKRD18A	0	0	0	58	187	12
FUOM	0	1	0	19	39	0
GALK2	0	1	0	35	103	6
NUP210L	0	3	0	127	274	9
POU3F1	1	1	0	47	75	1
TBCE	0	1	0	44	101	6
ATPAF2	1	0	0	30	46	3
ENSG00000256349	1	3	0	63	147	4
PROX2	0	1	0	55	125	10
REM1	0	3	0	32	76	4
PRND	0	1	0	19	42	0
ASCC2	1	0	0	91	153	0
GLDC	1	1	0	131	241	10
SPAM1	0	0	0	29	74	4
ENSG00000206549	0	2	0	48	92	2
PCYOX1L	1	1	0	66	101	3
SEMA3G	1	2	0	98	211	7
TPD52	0	1	0	22	34	0
CHRAC1	0	0	0	7	24	0
CAT	0	2	0	52	119	4
SLC39A13	0	0	0	39	73	0
CORO1B	0	1	0	67	136	4
FBXL19	1	5	0	91	99	0
ENSG00000265303	0	0	0	11	16	1
CHCHD10	1	0	0	0	0	0
FKRP	0	3	0	64	109	5
DLGAP4	0	2	0	123	186	0
SLCO4C1	0	1	0	49	133	2
ASF1A	0	2	0	12	17	1
MLST8	1	0	0	48	60	1
LY6D	0	1	0	20	20	1
KRT71	2	1	0	54	151	5
PLAT	0	3	0	73	134	6
NPIPB2	0	0	0	30	73	5
CASQ1	1	1	0	41	82	6
VEZT	1	0	0	49	133	1
OR10K1	1	0	0	31	70	1
GCM1	0	0	1	34	70	0
N6AMT1	0	0	0	15	65	1
SGTA	0	1	0	66	44	2
AMFR	0	0	0	61	112	2
SGCG	0	2	0	26	59	0
BCKDK	0	1	0	47	82	3
C8G	0	0	0	39	62	7
SREK1IP1	0	0	0	12	18	1
HYCC1	0	2	0	46	90	1
OGN	0	0	0	17	51	0
IST1	1	1	0	47	78	3
NR5A2	0	1	0	44	80	5
SUPT20H	0	1	0	55	137	6
RSKR	1	0	0	37	91	2
LEP	2	0	0	20	20	1
FAM3B	0	0	0	26	50	2
SELP	1	1	1	72	192	10
AXIN2	0	2	0	99	197	0
WTAP	0	0	0	34	36	0
PKMYT1	0	0	0	64	131	2
RNF148	1	0	0	30	77	2
MFSD5	1	0	0	47	83	2
ANKFN1	1	3	0	108	249	7
KCNK3	0	6	0	44	57	0
DHRS4L2	0	0	0	27	100	1
STYX	1	0	0	18	21	2
OR2AE1	0	1	0	30	76	4
HIPK2	0	1	0	116	198	3
RHBDD2	1	0	0	53	86	1
BABAM2	1	0	0	35	55	1
LEUTX	0	1	0	12	38	2
SLC3A2	1	2	1	51	95	1
UPK2	0	1	0	20	42	1
OR7D2	0	0	0	37	66	0
AKR1C4	0	1	0	22	76	6
RGS16	0	1	0	12	39	2
MDGA2	1	0	0	69	160	4
CEACAM19	0	0	0	32	67	2
EFL1	1	1	0	70	178	8
NUDT9	0	1	0	28	60	4
RNASEH2C	1	1	0	19	40	1
TRIM54	0	1	0	38	82	4
TRAPPC6A	0	0	0	23	45	3
SLC66A1	0	0	0	30	63	3
TTC29	2	0	0	37	102	6
SLTM	0	2	1	71	160	2
MTPN	0	0	0	5	5	0
ING2	0	0	0	23	26	0
SLC14A1	1	0	0	32	80	4
DTX3L	2	1	1	54	128	6
CCDC137	1	3	0	37	79	3
ARHGAP21	0	4	0	130	266	6
SRR	0	1	0	22	57	4
PRR23B	0	0	0	36	56	2
CNDP1	0	0	0	68	124	4
KCTD11	0	0	0	23	48	0
ENSG00000268163	0	0	0	10	22	3
FBXO39	0	0	0	35	102	1
CERKL	1	1	0	47	115	5
ENHO	0	0	0	7	5	0
VPS52	0	2	1	0	0	0
JAK3	1	2	0	116	198	8
NRXN1	2	5	1	184	260	3
GP1BB	0	0	0	46	52	1
EGR4	0	1	0	71	109	2
GATAD2B	1	3	13	0	0	0
MRPS9	3	1	0	33	69	6
FUT9	0	1	0	24	42	2
NPC2	0	0	0	15	30	2
NSUN7	0	2	0	52	132	9
DEFB130A	0	0	0	0	0	0
MTMR10	0	0	0	0	0	0
ASPHD2	2	0	0	52	66	1
ENSG00000261717	0	1	0	15	33	1
OR2I1P	0	0	0	0	0	0
KCNA1	0	4	3	57	50	1
MACROD1	0	0	0	51	66	3
PDE8A	1	2	0	65	171	4
CLDN3	0	0	0	23	37	1
SMYD1	0	1	0	68	124	0
F3	0	0	0	24	56	1
TMC6	2	3	0	126	208	7
JARID2	1	2	0	166	216	0
RSBN1L	0	0	0	80	145	1
EPHA2	1	1	0	128	223	5
PSAT1	0	4	0	32	72	3
CDK2AP1	0	0	0	16	13	0
CASKIN1	5	3	0	249	395	1
NAA60	1	0	0	29	44	0
GOT2	0	0	0	36	89	0
ATP6V1A	0	13	0	46	47	0
U2AF1	1	2	0	0	0	0
ACR	1	1	0	30	46	0
R3HDM2	0	0	0	64	140	1
RGS10	0	0	0	13	24	1
DIS3L	0	3	0	80	209	7
PPP3CC	0	0	0	38	83	3
RGCC	0	0	0	13	20	1
OR2T8	1	1	0	11	27	0
LYST	2	5	1	273	648	11
GNMT	0	2	0	26	39	1
TPBG	0	0	0	54	77	1
ANGPTL4	1	1	0	43	106	6
PAEP	0	0	0	26	29	2
CREB3L2	0	1	0	62	94	1
ZNF521	0	5	2	142	181	0
CEBPE	0	0	0	36	72	1
ZNF597	0	2	0	37	91	0
DDX17	0	3	1	57	78	0
MORN3	0	0	0	35	57	3
PLPPR3	1	0	0	167	236	1
AAR2	0	0	1	45	88	5
RNF215	0	2	0	48	85	6
ENSG00000269590	0	0	0	27	36	3
RPL8	1	2	0	37	34	0
FASTKD1	1	0	0	59	143	10
QTRT2	0	0	0	33	68	3
GNB3	0	0	0	37	74	2
RNGTT	1	1	0	46	79	4
CCDC102B	1	1	0	34	111	6
ZNF439	0	2	0	34	92	9
NBEAL2	2	9	0	281	603	6
SLC9C1	0	5	0	82	196	9
ESRP2	0	3	0	67	145	3
NDRG2	0	1	0	33	74	0
BRINP2	0	1	0	60	163	2
GNA14	0	2	0	50	87	4
FAM200B	0	0	0	36	126	7
SYN2	0	1	0	74	119	1
TAF11L13	0	0	0	29	102	2
SLC1A3	0	1	0	45	89	0
PIN1	0	0	0	29	25	1
EGFR	0	1	0	147	232	6
KISS1	0	0	0	10	32	2
CPE	0	2	0	41	76	1
PTN	0	0	0	10	17	3
NSMCE1	1	1	0	31	69	0
PPP1R3G	0	0	0	66	109	4
C1orf50	0	0	0	18	40	3
SPDYE12	0	0	0	1	7	0
DNAH1	3	11	0	464	943	27
SLITRK5	1	4	0	109	186	0
ASXL1	1	1	13	158	305	27
CCDC33	0	2	0	72	169	4
PFKFB2	0	3	0	44	77	3
PSORS1C1	0	0	0	0	0	0
KDSR	0	0	0	21	43	2
MTHFD2L	0	1	0	32	71	3
TAF11	0	0	0	7	28	0
NAPRT	0	1	0	0	0	0
RPS6KB2	1	0	0	54	148	5
C1QA	0	1	0	18	43	1
TMBIM6	0	0	0	18	27	0
PITPNM2	4	5	0	184	267	2
ANKLE1	2	1	0	75	160	13
KRTAP13-3	0	0	0	19	34	1
TSHZ1	3	2	0	182	250	0
CENPP	0	0	0	22	70	4
FANCD2	0	3	0	92	230	4
NSG2	0	0	0	19	25	0
LIX1L	0	0	0	33	57	2
HLA-DQB1	0	4	0	0	0	0
TUB	0	4	0	59	136	1
OR8D1	0	0	0	20	71	1
CLN5	0	0	0	28	71	5
NXT1	0	0	0	10	20	0
SOS1	2	11	0	83	179	1
ATRNL1	0	4	0	94	193	7
OR2T35	0	0	0	0	0	0
RIPOR3	0	2	0	150	263	8
HDAC2	0	5	0	32	30	0
PPIL4	1	2	0	33	70	5
DEFA1	0	0	0	0	0	0
GPR15LG	0	0	0	4	24	0
SLF1	0	1	0	69	216	11
WDR87	3	5	0	189	514	41
FOXRED2	0	2	0	82	180	2
ZNF623	0	1	0	0	0	0
SLC52A1	0	0	0	55	91	1
DEFB129	0	0	0	13	38	1
OGFR	1	1	0	87	189	4
ICA1	1	2	0	46	93	0
NPY5R	0	1	0	22	59	3
FAM90A1	0	0	0	67	149	6
DKKL1	1	0	0	31	59	4
COQ2	1	1	0	33	86	3
PIGU	0	0	0	41	85	0
CKLF	0	1	0	10	23	1
CLMP	0	1	0	34	69	3
SLC30A1	0	0	0	32	55	0
LIPJ	0	2	0	24	56	3
SLC17A9	0	3	0	62	109	4
BID	0	2	0	18	54	1
HS6ST1	0	1	0	40	57	0
LIPM	0	0	0	35	97	2
EDEM2	0	0	0	57	87	6
MFSD3	0	2	0	73	117	5
STX3	0	3	0	33	60	3
TAS2R16	0	0	0	24	56	4
KIAA1755	3	0	0	115	267	16
OS9	1	2	0	59	139	5
CMSS1	0	0	0	21	50	2
EIF2B5	1	1	1	56	110	3
STAU1	1	0	0	51	72	0
USP54	0	1	0	104	257	9
VPS37D	0	0	0	34	68	0
HNRNPA1L3	0	0	0	7	19	1
ITGB3	0	3	0	64	142	5
USP48	2	2	0	68	130	1
SMU1	0	1	0	30	20	0
STRAP	0	1	0	21	38	1
ISL2	2	2	0	36	59	2
SYNE4	1	0	1	41	95	4
ZNF93	0	0	0	39	103	4
C12orf40	0	0	0	52	135	6
WDR86	1	2	0	63	124	7
DNTT	0	2	0	44	104	7
PAQR8	0	2	0	41	65	3
EXT2	1	6	0	60	151	5
CINP	0	0	0	22	42	1
SELENOO	0	0	0	0	0	0
STMND1	0	1	0	18	39	4
OR11H6	0	1	0	17	79	3
HLTF	2	0	0	56	186	7
LRRK1	6	5	0	261	429	7
SMNDC1	0	0	0	13	19	0
GPHA2	1	0	0	12	20	3
LILRB1	0	0	0	1	1	0
KIF4B	0	1	0	80	231	15
FAM72A	0	0	0	0	1	0
OSGIN2	1	0	0	39	85	2
NGDN	0	0	0	25	62	7
PPFIBP2	0	2	0	84	201	8
PHLPP1	1	1	0	216	328	4
LDHB	1	0	0	23	48	0
ENSG00000264813	0	1	0	97	174	8
PSME1	1	0	0	16	40	1
HSPA1B	0	0	0	0	0	0
MEST	1	0	0	22	32	1
CELA3A	0	0	0	30	73	5
CEMIP2	3	1	0	117	263	5
BOLA1	0	0	0	12	30	0
CYP26B1	0	2	0	64	108	1
MAP3K12	0	8	1	88	103	3
COX20	1	0	0	20	26	0
SPPL2C	1	2	0	0	0	0
XRCC2	0	1	0	14	51	3
RYR3	6	4	1	461	937	6
PSMD4	0	1	0	23	43	0
WASHC3	0	0	0	13	32	1
GLYATL1	1	0	0	30	58	9
FOXR1	0	2	0	24	68	2
FBP1	1	0	0	47	58	0
EIF2AK4	1	3	1	127	259	9
WNT6	0	0	0	39	71	3
HOMER3	0	1	0	51	92	2
RBM46	0	3	0	36	59	0
ART4	0	1	0	24	62	1
GTF3C2	0	4	0	65	122	0
USP3	0	1	0	42	71	1
PLEKHM3	1	1	0	60	123	4
VN1R5	0	0	0	0	0	0
ENSG00000267477	0	0	0	0	0	0
ZNF771	1	0	0	54	49	2
OPLAH	1	3	0	165	357	14
RNF220	1	1	0	58	103	0
H2AC1	1	2	0	43	41	2
SCN1A	4	31	3	154	209	2
CCK	0	0	0	9	22	3
REPS1	0	3	0	57	122	1
GJD2	0	1	0	33	40	2
CHMP1B	0	0	0	16	34	2
AFM	0	2	0	43	128	8
GK3	0	0	0	30	90	3
NECTIN2	0	2	0	60	105	1
DOCK7	1	5	1	152	318	4
DNAJC24	0	0	0	9	25	1
ERCC6	0	3	1	104	293	15
STRA8	0	2	0	31	50	2
KRT3	0	1	0	88	158	4
ODF3L1	0	0	0	23	75	5
KPNB1	1	0	0	83	39	0
CWC22	1	0	0	56	155	2
KLRC3	0	0	0	12	37	3
TMEM79	0	3	0	46	102	4
SCAMP1	0	3	0	24	38	1
CCDC149	0	0	0	62	106	5
ADCY5	4	8	0	175	232	0
TRIM41	1	7	1	92	172	1
VWCE	0	1	1	108	213	6
NKAIN4	0	0	0	22	58	3
ENSG00000267120	0	1	0	9	24	1
SPRY4	0	0	0	42	75	0
SRGN	1	0	0	12	29	0
IRS1	0	2	0	135	283	3
DPP8	1	1	0	61	133	4
SNAI3	0	2	0	38	98	2
MICOS13	0	0	0	12	29	3
TRMT9B	0	2	0	68	158	4
ESPNL	2	5	0	179	359	9
TBC1D9B	1	4	0	144	290	9
OAZ2	1	2	0	14	23	0
PPP1R1C	0	1	0	7	23	1
ZNF621	0	0	0	27	69	6
EOGT	0	3	0	50	131	2
ENSG00000270299	0	0	0	8	21	1
GDNF	0	1	0	21	41	0
MTUS2	3	4	0	131	306	1
MT2A	0	0	0	6	13	0
UBA2	0	2	1	53	76	0
GIMD1	0	0	0	22	48	5
ZNF155	0	2	0	48	110	3
ZNF425	0	2	0	79	136	8
ENSG00000284931	0	0	0	0	0	0
PLAAT5	0	0	0	23	76	1
RBMS1	1	1	1	41	52	1
ANKLE2	2	1	0	116	221	6
SERPINA4	1	4	0	66	102	5
WWTR1	0	0	0	35	75	0
NAP1L4	1	1	0	0	0	0
PRMT1	0	2	0	60	46	0
PPIP5K2	0	4	0	90	142	11
BMP7	0	1	0	52	90	0
ENSG00000289766	0	0	0	20	45	3
DDX4	0	1	0	41	96	1
PTK2	0	4	0	76	130	3
COG4	0	4	0	80	174	5
COL6A2	3	6	0	244	378	2
ARL14EPL	0	2	0	22	47	3
PDCD5	0	2	1	7	30	1
POTEB	0	0	0	0	0	0
HIGD1C	0	1	0	6	19	1
NPM3	0	1	0	20	44	0
ITFG1	3	1	1	44	111	1
SLC25A36	0	0	0	25	38	0
RAD54B	1	0	0	51	157	9
DLX2	0	1	0	35	68	1
PTGES3	0	1	0	8	17	1
BTBD7	0	0	0	0	0	0
PGD	0	0	0	57	87	0
CLEC7A	0	1	0	19	36	5
TEX30	0	0	0	12	37	2
MT1G	0	0	0	8	17	0
DARS2	0	0	0	37	95	6
KCTD14	0	1	0	32	68	4
TRIM65	0	3	0	77	146	9
ENSG00000273398	0	1	0	34	65	1
HAPLN4	0	2	0	55	90	0
FAM204A	0	0	0	17	37	0
SLC45A3	0	2	0	58	112	3
FKBP1B	0	0	0	10	11	0
NOTCH1	6	17	4	469	580	0
CD177	0	0	0	42	95	3
RITA1	0	0	0	30	60	7
GRPEL1	0	0	0	21	43	1
ZBTB1	1	1	1	39	81	3
HLA-DRB5	0	0	0	12	44	2
GMFG	0	0	0	12	27	3
INS-IGF2	0	1	0	30	40	4
TP53BP2	0	3	0	99	197	5
ANTXR1	1	1	0	67	103	0
ROBO3	1	3	1	142	291	5
SMCO4	0	0	0	12	12	1
KRTAP24-1	0	0	0	27	47	3
H2BC15	0	0	0	10	27	2
FAM174B	0	0	0	39	47	2
HOMER1	0	2	0	23	36	0
CMTM8	0	1	0	18	29	1
TBC1D3C	0	0	0	0	0	0
TWF1	0	1	0	17	51	1
MRNIP	0	0	0	28	84	9
SDSL	2	1	0	37	68	4
KRBOX1	0	1	0	12	24	1
BPIFB1	1	2	0	50	90	2
ENSG00000280148	0	0	0	10	31	0
CDC42EP3	0	0	0	34	56	0
KCNS3	1	2	0	70	93	3
TMEM229B	0	0	0	23	22	2
PCDHA11	1	1	0	108	251	5
NATD1	0	0	0	14	22	1
SFI1	0	3	0	117	338	27
KRTAP9-2	0	0	0	0	0	0
FOXD4L1	0	0	0	20	49	1
FBXO34	0	0	0	52	139	2
ENSG00000267740	0	0	0	0	0	0
MED26	0	0	1	73	162	0
SLC46A2	0	0	0	61	100	4
HAP1	0	2	0	56	156	6
SPATA31A3	0	0	0	1	2	0
COMMD7	0	0	0	17	34	2
TAF4	2	2	0	130	195	0
ZC3H15	0	1	0	21	53	1
WEE1	0	2	0	57	80	0
FTO	0	0	0	49	87	3
UAP1	1	2	0	35	77	3
PCDHGA6	1	1	0	109	198	8
PEX6	2	0	0	89	177	5
TDRD6	0	3	0	174	503	27
LCN12	0	0	0	33	51	1
GLI3	1	0	3	194	315	0
AKR1C3	0	2	0	30	77	5
TPRG1L	0	0	0	34	53	2
CAPS2	1	1	0	32	107	8
NR2F2	1	3	0	39	32	0
NKX3-2	0	2	0	46	91	2
GNL2	0	1	0	63	138	6
TMEM263	0	0	0	5	12	0
ELF1	0	0	0	44	110	0
LIG4	1	1	0	64	162	8
SLC30A3	0	2	0	49	76	1
TWSG1	0	1	0	20	40	1
ZKSCAN5	0	0	1	59	132	4
PENK	0	2	0	26	62	4
C3AR1	0	2	1	46	95	4
CNKSR1	1	0	0	69	163	9
UNC45A	1	2	0	99	213	10
DMP1	0	1	0	33	93	2
ANGPTL1	1	1	0	51	111	4
SMPD3	0	6	0	120	175	0
TMCC2	1	2	0	94	147	0
MFSD2B	1	1	0	59	110	0
ENSG00000272162	0	0	0	1	8	0
TNP2	0	0	0	13	41	1
NPTX2	0	1	0	70	101	0
EPB41L2	0	1	0	86	193	1
CCN2	0	0	0	31	50	2
SCAF4	1	7	1	111	184	1
YPEL1	1	0	0	11	12	2
GUCA2B	0	0	0	18	24	1
NDUFAF3	0	0	0	17	40	0
CDK10	1	2	0	63	114	2
TINAG	1	1	0	40	105	12
ENSG00000249209	1	0	0	22	38	0
LURAP1L	0	1	0	31	62	1
CSTPP1	0	0	0	31	64	3
PNPLA3	0	0	0	50	120	3
AGTR1	1	1	0	25	70	2
ZNF175	0	2	1	31	142	12
SMIM3	1	0	0	5	23	0
ZSCAN12	2	0	0	28	114	3
HTR1F	0	1	0	35	47	3
ZG16	0	0	0	18	35	1
CRYGC	0	0	0	22	53	3
CD79B	0	0	0	24	40	0
MAP2K4	0	3	1	33	39	0
KRT82	1	2	0	51	165	5
SERPINA6	1	2	0	0	0	0
TSHB	0	0	0	16	26	2
P4HA1	0	0	0	33	61	1
DPEP3	0	0	0	51	101	1
LRRC37A2	0	0	0	1	4	0
TSPAN17	2	1	0	31	61	4
IL20RB	0	0	0	34	60	4
HCK	0	1	0	52	113	2
USP17L4	0	0	0	0	0	0
ZNF428	0	2	0	18	32	0
PBLD	0	0	0	29	53	2
SYMPK	0	4	0	177	219	0
RC3H2	0	2	0	96	160	0
DHRS13	2	1	0	39	95	4
SAXO1	1	0	0	53	159	9
CD274	0	3	0	21	37	0
MYPN	0	1	1	102	261	1
CRISPLD2	0	2	0	84	167	3
ZNF85	0	0	0	0	0	0
AS3MT	0	0	0	21	60	1
ADAM18	2	1	0	2	2	0
PITPNM1	0	5	0	166	260	5
CRABP1	0	0	0	16	24	1
PSMG2	0	2	0	19	54	0
EEF1D	1	1	0	0	0	0
CALCR	1	1	0	44	109	4
PABPC4	0	1	0	67	69	0
CLDN1	0	0	0	24	48	1
USP17L7	0	0	0	94	273	9
UBXN11	0	3	0	60	127	8
FAM163A	0	0	0	14	30	0
STK36	0	3	0	109	253	10
HOXA3	1	0	0	46	102	0
CTBP2	2	7	0	153	252	4
DECR2	2	1	0	0	0	0
PAQR4	1	0	0	44	77	3
NRTN	0	3	0	31	55	1
CABLES1	0	0	1	87	148	2
ACOT12	0	3	0	45	122	4
THEM5	0	0	0	14	53	3
OSBPL6	1	2	0	74	141	5
LTC4S	0	1	0	21	35	1
ENSG00000205236	0	0	0	0	0	0
PLD2	1	2	0	111	240	11
ENSG00000226690	0	0	0	19	74	4
ATPSCKMT	0	1	0	27	58	8
IL3	0	0	0	14	35	1
RNF141	0	2	0	16	26	1
CDC42BPB	1	9	1	195	281	0
NAT8	0	0	0	25	74	0
MAGEF1	0	0	0	21	63	0
SFR1	0	0	0	19	46	5
EPG5	3	4	0	203	428	8
CDK1	0	1	0	10	15	1
XRN2	0	2	0	62	135	2
MXD1	0	1	0	30	39	1
PRXL2B	0	0	0	0	0	0
OTUD7A	0	4	2	30	41	0
B9D2	1	1	0	17	37	4
PCDHGA2	1	1	0	105	213	4
GH1	0	0	0	47	73	0
ENSG00000254692	1	3	0	61	151	2
KIR2DL1	0	0	0	0	0	0
TSPYL6	0	1	0	58	114	2
PHKG2	1	0	0	47	81	4
ADCYAP1	0	1	0	29	43	0
HAL	0	0	0	61	158	7
HYAL3	0	1	0	42	85	4
SH3RF3	0	4	0	137	196	1
ARHGAP35	0	10	1	138	197	1
OR10G2	0	0	0	31	81	2
CFAP44	2	2	0	146	336	11
H2AC15	0	1	0	20	38	0
CUL1	1	2	1	60	38	0
FGF23	0	1	0	23	50	2
CCDC200	0	0	0	7	23	3
SMIM24	0	0	0	14	33	1
UBE2S	1	2	0	37	51	0
MMD2	0	1	0	32	67	2
RBM24	1	0	0	29	26	2
TMEM126B	0	0	0	16	43	0
LSM5	0	2	0	8	8	0
TBC1D3K	0	0	0	0	0	0
GSAP	1	2	0	79	146	1
SLC38A10	3	4	0	159	263	11
RNF6	0	0	0	49	131	6
GREB1L	0	4	0	151	288	1
NOP56	1	3	0	66	129	4
SCAND1	0	0	0	16	28	1
MAST2	2	6	0	168	372	9
ANKRD54	0	0	0	33	58	1
COX11	0	1	0	30	50	3
DDT	0	0	0	0	0	0
ENSG00000288699	0	0	0	0	5	0
NCKIPSD	0	3	0	78	159	4
TAS2R8	0	0	0	0	0	0
PLA2G2D	0	0	0	18	35	4
ITPRIP	1	1	0	73	142	4
WDR89	0	0	0	29	64	1
SWI5	0	0	0	6	28	1
CLN8	0	2	0	0	0	0
SMYD2	0	0	0	40	79	3
ABCC4	0	4	0	128	229	5
GDF11	0	3	1	29	48	1
IGSF21	0	0	0	74	136	0
INO80B	0	0	1	37	69	3
DDX20	2	3	0	63	146	4
OR2B6	0	1	0	28	61	2
ADGRG6	3	4	0	82	210	4
ENSG00000285932	1	0	0	18	29	2
PYGB	0	4	0	133	225	2
ZNF831	2	7	1	186	335	7
P2RX6	0	1	0	50	96	4
CCDC69	0	0	0	25	80	5
PGM2	1	0	0	44	111	7
RTL10	0	1	0	37	96	5
RPA1	0	0	0	62	120	0
NDST3	0	1	0	51	112	4
FOXP1	1	18	11	68	81	1
SSU72L5	0	0	0	1	0	0
SPATA25	1	0	0	20	51	1
ADGRL3	0	4	0	136	223	3
STX16	1	1	0	30	66	0
COL6A5	1	7	0	212	479	31
ATP6V0E2	0	0	0	17	23	0
COPS3	0	1	0	41	44	0
DEFB4B	0	0	0	0	0	0
PSMD7	1	0	0	38	47	1
ITM2C	0	1	0	45	78	4
ENSG00000256566	0	0	0	8	16	1
ATG10	0	1	0	20	48	2
HEPACAM2	0	2	0	29	73	3
STUB1	0	1	0	43	58	3
OR5F1	0	1	1	39	82	2
UQCC4	0	0	0	13	43	2
PRAMEF2	0	0	0	45	106	5
DENND4C	0	3	0	154	416	8
C9orf64	0	0	0	25	69	1
CADM3	0	2	1	42	77	2
KLHL21	1	3	0	115	137	8
GTF2E1	1	0	0	26	77	1
EEFSEC	2	0	0	66	116	5
TMEM132C	1	3	0	147	287	2
RIPPLY2	1	1	0	12	25	1
PSG3	0	0	0	62	150	11
DCTN5	0	0	0	18	18	2
CCDC61	0	1	0	59	131	4
THAP1	0	1	0	24	22	0
FRMD3	0	1	0	55	88	2
RAE1	0	1	0	37	33	0
CDRT15	0	0	0	14	34	4
TEX261	0	0	0	21	23	2
NOTCH2NLA	0	0	0	0	0	0
COX8C	0	0	0	0	0	0
GOLGA8R	0	0	0	0	4	1
OR8H2	0	0	0	23	79	2
BLTP1	0	11	1	301	598	15
DMXL1	3	7	0	247	591	6
PHF3	0	4	0	119	370	3
GCSH	0	0	0	11	35	2
TCP11L2	1	2	0	39	119	5
CNR1	0	0	0	51	67	2
PGM5	0	0	0	43	88	1
ENDOV	0	0	0	33	79	8
C2CD4D	1	1	0	45	99	2
ENSG00000288678	0	0	0	6	8	0
ARHGEF38	0	0	0	57	141	9
NDUFC1	0	0	0	4	21	1
TENM2	3	8	0	306	546	1
LIPN	1	0	0	26	93	11
PGAP2	0	0	0	39	68	1
RMDN3	0	1	1	49	90	0
TTC9B	0	0	0	25	45	1
DLG1	1	2	1	53	140	2
PLEKHM1	0	0	0	0	0	0
MC3R	0	0	0	28	80	1
SFRP2	0	0	0	31	54	0
ZKSCAN2	0	3	0	71	204	3
KRT24	0	0	0	46	124	7
BTNL8	1	1	0	41	99	5
PDE6D	0	0	0	9	20	0
ARL4C	0	0	0	12	13	0
OR13C8	0	1	0	25	53	3
HMGN4	0	0	0	8	15	0
TNFSF11	0	1	0	34	61	1
APOBEC3F	0	0	0	41	87	3
POGZ	2	9	16	118	179	1
CDYL	0	0	0	77	73	1
GJD4	0	0	0	46	107	5
ULK4	1	3	0	99	276	9
CLIP2	0	4	0	145	219	0
OR51S1	0	1	0	30	89	2
LYL1	0	0	0	36	56	0
LYPD3	0	3	0	31	74	1
GZF1	1	4	0	70	108	1
FNDC5	0	1	0	21	47	0
P3R3URF-PIK3R3	1	0	0	35	111	7
ENSG00000285868	0	1	0	30	52	0
SLC39A8	0	4	1	31	75	0
CYP3A7	0	0	0	33	91	5
FABP9	0	2	0	14	22	0
AKTIP	0	0	0	17	28	0
ENSG00000263020	0	6	1	0	0	0
MIB1	0	2	5	73	113	26
GH2	0	0	0	24	66	1
PLCB1	1	4	0	107	138	2
FBXO16	0	2	1	22	57	4
STAT6	1	0	0	72	107	2
TBC1D3F	0	0	0	0	0	0
ARIH1	0	5	0	39	36	0
EMC10	1	0	0	52	68	6
NFKB1	2	2	0	79	126	1
SMIM31	0	0	0	4	9	0
MS4A4A	0	0	0	24	52	3
COL20A1	1	3	0	209	385	10
CLEC4C	0	0	0	13	47	2
TLE6	0	1	0	93	142	6
MLKL	0	0	0	50	132	9
FA2H	1	0	0	51	81	2
ADM	0	0	0	19	45	0
OR2D3	1	3	0	26	54	0
ZNF367	1	2	0	30	55	0
MANEAL	0	1	0	55	106	0
ENSG00000267261	1	3	0	26	29	0
LGALS2	0	0	0	18	25	0
C16orf78	0	0	0	17	60	6
OR9G4	0	0	0	0	0	0
SYNJ2BP-COX16	0	0	0	18	32	4
PADI1	0	1	0	90	165	2
ANKMY1	3	3	0	137	256	8
LMBR1	1	1	0	48	68	2
TATDN3	0	3	0	17	50	2
WNT10B	0	3	0	37	67	3
MPPE1	0	1	0	31	81	2
CATSPERG	0	1	0	125	236	12
CEACAM20	0	0	0	49	118	7
ARHGAP45	2	3	1	204	248	2
FOXG1	0	22	12	63	56	0
CXCR4	0	0	0	28	40	0
DIPK1A	0	0	0	32	47	1
ELOVL4	0	1	0	25	38	2
ATP2B4	2	4	1	103	215	2
PDE6B	0	3	1	124	233	9
TYSND1	0	0	0	51	127	5
NICN1	0	0	0	23	29	1
NR2C2AP	1	0	0	13	34	1
IFNGR2	0	1	0	2	8	0
LMNTD2	0	2	0	4	17	1
SS18	1	1	0	24	68	1
TMEM191B	0	0	0	6	18	0
LDAF1	0	0	0	14	25	0
PSMC5	0	6	0	37	28	1
IL17RB	1	1	0	54	99	8
ARHGAP11B	0	0	0	0	0	0
STYK1	0	2	0	31	75	3
CKAP2L	2	1	0	55	143	6
SLAMF8	0	1	0	30	69	5
PRSS48	0	1	0	21	62	6
ASB4	0	0	0	30	81	3
ENSG00000285082	0	0	0	5	8	0
PCGF5	1	2	0	17	16	1
NDUFS1	0	2	1	53	133	3
HSPBAP1	0	0	0	38	76	4
PCDHAC2	2	0	0	96	185	5
NPIPB8	0	0	0	8	17	2
ZBTB42	0	1	0	51	99	1
TPSB2	0	0	0	8	16	1
TMEM163	1	3	0	30	51	0
RFT1	0	0	0	40	98	4
FAM174A	0	0	0	16	35	1
MMP23B	0	2	0	15	17	2
FAM25C	0	0	0	4	9	0
ADAMTS7	0	1	0	277	444	8
CFAP221	2	3	0	70	189	4
ENSG00000261884	0	0	0	0	0	0
TXNRD3	0	0	0	0	0	0
RUNDC1	2	1	0	66	124	1
MGP	0	1	0	11	17	0
ZC3H3	1	3	0	64	124	1
DEK	0	0	0	41	66	1
FKBPL	0	1	0	0	0	0
JMJD7	2	0	0	49	90	2
KRT77	1	1	0	71	137	4
ATP6V0A4	1	0	0	78	145	5
KDR	0	3	1	120	241	2
C8orf76	0	0	0	32	61	8
MIF4GD	0	0	0	24	51	3
VSTM2B	0	2	0	43	87	2
CGB5	0	0	0	1	2	0
KBTBD11	1	2	0	0	0	0
NKX2-8	0	0	0	37	53	2
TMED2	0	2	0	21	22	0
PAQR5	0	0	0	16	63	2
NHLH1	0	0	0	16	25	0
MKRN2OS	0	0	0	28	68	3
OR52M1	0	2	0	50	117	4
SYT17	0	3	0	56	106	1
DNAJC7	0	0	0	35	51	1
MYL9	1	0	0	22	38	0
ETFB	0	4	0	23	81	0
HS3ST2	0	0	0	47	51	2
CHRNA10	0	1	0	58	124	5
TGFB3	0	1	0	38	58	0
CEACAM8	0	1	0	31	76	4
RP1L1	3	5	0	408	910	33
SMARCAD1	1	1	0	66	111	1
CALB1	1	0	0	17	25	1
NXPE1	1	2	0	36	110	4
APOC3	0	0	0	9	17	1
TESPA1	0	0	0	45	105	5
NQO1	0	1	0	23	45	2
GPD1L	0	1	0	45	70	1
NDC80	1	3	0	27	98	6
TMEM238	0	0	0	23	45	0
KRTAP10-3	0	1	0	54	111	1
RCC2	1	1	0	75	70	2
PYDC1	0	0	0	6	20	0
ENSG00000251569	0	1	0	36	96	2
HIPK4	0	3	1	86	154	1
ABHD14A-ACY1	0	1	0	44	111	4
KCNT1	3	21	0	246	283	2
TWNK	1	0	0	63	111	3
AZI2	0	1	0	23	52	3
CARMIL2	0	4	0	165	321	6
MTURN	0	0	0	8	22	0
CCDC65	0	0	0	26	105	2
NSMF	0	0	0	73	88	2
ACTC1	0	3	0	30	13	1
STC1	0	2	0	18	34	1
SIRPG	1	1	0	43	101	5
NOP2	1	2	1	49	166	2
ZSCAN2	0	1	0	67	140	4
RGS2	0	3	0	21	43	2
PDAP1	0	0	0	21	29	0
RBM22	0	0	0	18	34	0
XKR8	0	0	0	44	67	3
BRAF	1	27	0	63	64	0
TMTC1	0	3	0	86	157	6
GUCA1A	0	0	0	12	41	0
ENPP2	1	1	0	80	149	4
GTF2E2	1	0	0	20	49	1
ELN	2	3	0	109	185	0
VWA7	2	1	0	0	0	0
KIFC2	4	1	0	162	232	2
LRRC23	0	0	0	37	54	3
NT5E	0	0	0	48	114	3
BLOC1S2	0	1	0	15	20	1
ETV7	0	0	0	51	88	8
HABP4	0	3	0	38	75	3
COX6A1	0	0	0	10	25	0
BSPH1	0	0	0	12	26	3
TECPR1	1	4	0	194	269	10
TSR3	0	3	0	47	102	0
TAS2R10	0	0	0	0	0	0
OR10A2	0	0	0	39	74	0
ABCA6	1	5	0	102	333	12
CATSPERB	0	2	0	0	1	0
PBOV1	0	1	0	7	27	2
CTBS	1	1	0	31	86	1
CEND1	0	0	0	25	44	1
ACP2	1	0	0	36	89	1
TMEM178B	0	0	0	36	50	0
HEBP1	0	0	0	17	57	1
KRTAP1-3	0	1	0	0	0	0
ZNF543	0	0	0	55	136	8
GNPAT	1	1	0	48	115	5
MAPK6	0	0	0	59	106	3
RYK	0	0	0	38	109	2
ACTRT3	0	0	0	20	58	4
ABHD18	0	0	0	29	72	5
RGS21	1	0	0	9	28	2
NR2F6	1	3	0	74	77	0
MRAP	1	2	0	28	34	1
NHERF4	1	0	0	48	117	6
BHLHA15	0	2	0	28	60	0
OR6N1	0	0	0	36	67	1
MINK1	0	4	0	169	240	2
TMEM244	0	0	0	10	29	2
POLR1F	0	0	0	25	70	0
TOP2B	2	4	1	105	196	1
TBC1D12	1	1	0	65	160	5
ENSG00000266953	0	0	0	0	0	0
CAPN1	2	3	0	86	177	2
SPADH	0	0	0	17	31	1
EXD1	0	1	0	47	129	9
MAP4K1	1	0	0	77	119	0
PCNA	0	1	0	21	27	0
CLDN18	0	0	0	23	42	2
ENSG00000275778	0	0	0	0	0	0
PRRT3	0	2	0	123	203	5
EMP2	0	0	0	25	63	2
SREBF2	0	6	0	114	268	2
F12	0	0	0	58	111	5
AP1G1	1	4	1	63	100	0
NR4A3	0	1	0	41	80	0
NEDD1	0	1	0	36	115	0
EXOSC6	0	0	0	63	101	1
XPO5	1	0	0	96	153	0
ARHGEF4	4	3	0	215	409	15
PHC3	1	4	0	70	139	1
NR2E3	0	0	0	49	111	2
ZNF654	0	0	0	77	178	0
PDSS1	0	0	0	30	71	5
SGSM1	3	6	0	129	222	1
TMED8	0	0	0	23	68	1
PARL	2	0	0	33	67	0
KLK3	1	4	0	41	69	2
DNAJC14	0	1	0	49	112	2
VPS50	1	2	0	58	130	3
RPN2	0	3	0	56	126	0
APOM	0	1	0	0	0	0
CCM2L	0	2	0	84	141	1
SLC27A4	0	3	0	77	178	5
MAP3K5	1	5	2	110	176	3
VPS37B	0	3	0	36	72	0
ANKAR	1	2	0	77	244	13
ZNF561	0	0	0	33	109	4
HYAL1	0	0	0	49	102	4
TMEM43	0	1	0	41	120	3
TSPAN16	0	0	0	31	47	1
DGKZ	0	1	0	102	147	4
PRSS36	3	3	0	70	183	11
CASS4	1	4	0	85	164	0
RPL11	0	0	0	23	9	0
EMID1	0	1	0	44	117	0
SLC35F4	1	1	0	40	86	1
CCDC190	0	1	0	22	58	6
TBRG4	0	1	0	66	121	4
VPS26A	0	2	0	9	38	1
SPDYE8	0	0	0	0	0	0
UBE4A	0	0	0	73	155	5
SMURF2	0	2	0	54	79	3
HES6	0	0	0	18	51	1
LMOD1	1	3	0	50	95	1
MYNN	0	0	0	43	79	1
FRMD4A	2	3	0	141	188	1
PRR16	0	1	0	26	64	0
DNHD1	4	7	0	424	964	61
ZNF213	0	1	0	54	120	6
KLK12	0	0	0	28	75	2
EWSR1	1	1	0	68	87	2
EAF2	0	0	0	18	40	3
DIS3L2	0	3	0	104	188	3
APOL6	2	2	0	42	98	3
NUDT4B	0	0	0	0	0	0
IL23A	0	0	0	8	30	0
NEIL2	1	1	0	44	103	9
ZMAT4	0	2	0	22	42	1
ICE2	1	1	0	77	188	7
ARFIP2	1	0	0	33	38	1
ASB6	0	0	0	61	77	4
SMARCA5	1	3	0	76	62	2
TAF2	1	1	0	79	135	8
OR51A4	0	0	0	18	34	2
OR8G3P	0	0	0	26	86	2
DIABLO	0	1	0	28	54	5
SPRR2B	0	0	0	0	1	0
ZNF322	0	0	0	0	0	0
PPP1R16B	2	0	0	68	81	0
KIAA1191	0	1	0	35	55	3
ARSA	1	2	0	60	123	2
ASPRV1	0	2	0	42	61	1
LMAN2L	0	0	0	40	67	6
REC8	0	2	0	43	98	0
CLDN11	0	1	0	24	27	0
ANXA5	0	0	0	20	63	4
LGALS9	0	0	0	37	78	1
KCTD2	0	1	0	40	47	0
MST1	0	0	0	76	170	4
OR5A2	0	1	0	25	64	1
ENSG00000259066	0	0	0	0	0	0
UBL3	0	1	0	6	10	0
TAFA4	2	1	0	14	36	0
RRBP1	3	2	0	179	301	4
SEZ6L2	2	5	0	92	202	1
GOLGA8J	0	0	0	0	0	0
SRSF2	0	2	0	36	20	0
CLSTN3	0	2	1	102	222	2
KNL1	1	3	0	153	423	2
GLYATL1B	0	0	0	32	64	9
DDX59	2	1	0	48	123	4
PTAFR	0	0	0	42	71	2
TRAM1	0	2	0	25	47	1
E2F7	1	1	0	68	145	0
NAT10	0	1	0	84	214	8
TIGD1	0	0	0	52	125	3
KCNH6	0	2	0	118	248	5
LMBRD2	1	3	0	41	91	3
TMPRSS6	0	1	0	133	197	8
CNTD1	1	0	0	23	60	0
SLC8B1	0	3	0	67	141	5
MFSD9	2	0	0	64	128	3
ANAPC13	0	0	0	7	15	1
ZNF816-ZNF321P	0	0	0	16	46	2
RIMBP2	1	3	0	249	382	2
TRMT10A	0	1	0	14	60	4
TUT1	0	1	0	91	180	4
METTL4	0	1	0	36	78	5
ZNF792	0	0	0	65	146	7
KRTAP4-5	0	1	0	15	47	5
ACACB	6	2	0	297	569	13
MS4A14	1	1	0	59	141	14
GDAP2	1	1	0	37	79	4
CAPN10	2	3	0	105	179	8
METTL3	2	1	0	37	60	2
ENSG00000267110	0	0	0	0	0	0
SLC7A2	0	0	0	82	170	3
PSMD12	0	0	2	34	62	0
CCS	0	5	0	18	62	2
SYK	1	0	0	71	72	2
ATP4A	1	3	0	144	207	5
INAVA	0	1	0	62	132	1
SLC12A2	2	5	1	109	169	2
NAALAD2	1	3	0	49	126	6
C11orf52	0	0	0	5	28	3
C2orf88	0	0	0	5	15	1
RPL24	0	0	0	18	14	0
AVPR1A	0	0	0	47	80	2
EIF1	0	0	0	6	7	0
ZNF681	0	1	0	36	115	2
OBSL1	7	6	0	263	525	18
DISP2	1	3	0	125	321	4
IRAK2	1	0	0	64	138	5
BTN3A1	0	2	0	39	77	1
ENPP1	0	0	0	88	167	4
COMMD4	0	1	0	27	43	1
IGF2	0	1	1	28	46	0
MYO18A	1	4	0	193	385	4
SLC35E2B	1	0	0	36	59	0
TSPAN10	0	0	0	58	97	3
ALDH6A1	0	2	0	29	87	3
TARBP1	1	2	0	150	333	10
OR2T3	0	0	0	0	0	0
SMPDL3A	0	0	0	31	84	4
BIN3	1	0	0	38	72	3
CHD1L	1	3	0	62	218	7
CSHL1	0	0	0	42	82	2
LCE1A	0	0	0	12	33	3
TRIM40	0	0	0	0	0	0
ARC	0	1	0	55	46	1
RLN1	0	0	0	22	45	3
MMP17	2	0	0	111	216	6
NBPF1	0	0	0	15	45	3
EVI2A	1	0	0	19	42	4
CCDC136	2	3	0	79	225	7
TEN1	0	0	0	16	32	2
HEATR4	2	4	0	84	208	12
PTPA	0	1	0	37	44	0
ADGRB3	1	1	1	124	248	2
URI1	1	1	0	58	131	3
OR2T27	0	0	0	20	36	1
AP3D1	2	5	0	174	236	2
CCL21	0	0	0	9	26	3
GBP4	1	3	0	56	118	6
TRAIP	1	0	0	28	85	3
SKAP2	0	1	0	26	53	0
CDCA8	1	0	0	16	49	1
GPR45	1	1	0	47	64	1
OR11H2	0	0	0	1	10	1
BAHD1	1	5	0	65	175	3
FANCI	2	1	0	101	249	15
TGIF2	0	1	0	27	28	0
MDM1	1	2	0	54	161	7
PPP1R14B	0	1	0	15	29	0
NKX2-1	2	4	1	41	59	0
HECTD4	6	14	1	406	591	4
TAAR5	0	1	0	42	72	6
CLU	0	1	0	58	106	1
LRP6	2	5	0	122	259	2
LRRC8E	1	2	0	105	215	6
ZNF536	0	3	0	166	257	0
LIMK2	1	2	0	63	116	1
SHISA8	0	0	0	52	96	2
ZNF324B	1	0	1	55	93	3
FHIP1B	1	8	0	108	200	1
NOS1AP	2	0	0	57	67	0
GMIP	2	2	1	113	209	4
REV1	2	5	0	91	205	0
DPP6	2	0	0	131	158	2
EXOC2	0	4	0	93	143	4
ZNF268	0	0	0	57	212	9
TM6SF1	1	1	0	28	58	1
GSDME	0	0	0	58	120	7
TMEM233	0	1	0	12	19	0
ATF3	0	0	0	16	28	0
PTPRU	3	2	0	173	290	4
INO80B-WBP1	0	0	1	37	69	3
TRIM14	0	0	0	55	91	0
CARD18	0	0	0	7	26	2
USP46	1	3	0	20	34	2
PTMS	0	0	0	18	15	0
ADAM20	1	3	0	52	122	5
DSCAM	1	5	0	247	318	3
ELMOD2	0	0	0	19	45	3
FABP4	0	1	0	12	24	0
OR13A1	1	0	0	0	0	0
ALDH1A2	1	3	0	56	77	1
TRIM64C	0	0	0	40	91	4
LHFPL7	0	0	0	23	42	1
SLC13A2	1	2	0	75	111	8
PCMTD2	1	1	0	0	0	0
NIBAN3	1	0	0	80	169	5
TIMP2	0	0	0	29	31	0
UTP4	1	3	0	11	28	0
TMEM198	1	1	0	59	79	0
CST11	0	0	0	15	26	1
GPHB5	1	0	0	14	31	0
SLC5A5	1	1	0	93	113	2
FAIM	1	0	0	24	29	0
ANKRD10	0	0	0	51	82	1
TMEM265	0	0	0	6	23	1
ANTXRL	0	0	0	74	187	2
METTL1	0	0	0	23	45	1
ARHGEF10L	0	2	0	167	292	3
TRIP4	0	0	0	57	112	6
UQCRH	0	0	0	8	20	0
MROH7-TTC4	0	2	1	128	307	13
XYLT1	3	3	0	127	245	1
DSN1	0	0	0	19	56	5
ABCF3	0	3	0	60	145	5
GIGYF2	2	3	0	108	202	1
SIRT3	1	2	0	44	105	4
ZNF676	0	0	0	0	0	0
SFXN3	0	0	0	33	56	3
TTLL1	0	0	0	56	75	5
MARVELD1	0	0	1	20	27	0
C1S	0	2	0	57	129	2
DPH2	1	5	0	38	100	5
PSPH	0	1	0	9	37	1
AK5	1	2	0	53	84	1
SYCP1	1	2	0	60	149	1
ELF2	0	0	0	26	69	0
NOTCH2	3	8	3	211	350	0
AQP5	0	1	0	38	73	1
DMRTA2	0	1	0	81	102	0
SRD5A3	0	0	0	27	42	3
NIBAN1	0	1	0	78	200	11
RSRP1	0	0	0	24	69	3
TNC	2	7	1	261	519	14
BAZ1A	0	4	0	91	220	4
UHRF1	0	3	0	126	113	0
HIVEP2	0	5	6	231	362	0
C9orf57	0	0	0	10	32	1
ZNF730	1	0	0	41	102	4
MZF1	0	1	0	76	179	7
GALNT11	1	1	0	61	133	3
GUCA2A	0	1	0	17	34	1
IL12RB2	1	2	0	66	143	5
GOPC	0	1	0	36	57	1
ANKRD27	1	0	0	104	230	5
RPS17	0	0	0	0	0	0
FAM72D	0	0	0	0	0	0
TRPT1	0	0	0	25	63	3
JKAMP	0	0	0	19	40	0
TANK	0	2	1	29	63	0
ECI1	0	0	0	58	86	4
TRMU	0	0	0	45	101	2
PEBP4	0	1	0	31	52	2
PATZ1	2	2	0	75	102	0
NTMT1	0	1	0	33	47	1
TPSD1	0	0	0	47	95	5
RASGRP3	0	2	0	61	118	6
ZBTB10	0	3	2	61	153	0
ENSG00000271698	0	0	0	7	6	0
CHRNB4	0	1	0	65	106	1
PAN2	0	5	0	85	160	5
SH2D4B	0	1	0	54	142	11
TOR4A	1	1	0	73	94	1
SH2D3C	1	2	0	106	170	2
BTG4	0	0	0	12	37	2
TEPP	0	0	0	22	59	2
PSG11	0	0	0	58	107	9
CLPSL1	0	0	0	20	34	1
CHAF1A	0	0	1	116	166	1
SOBP	0	2	1	96	147	0
ADAMTS10	0	6	0	126	207	3
MDH1	0	1	0	22	40	0
MRPS22	0	0	0	18	72	2
ZBTB12	0	0	0	0	0	0
ZHX1	0	1	0	55	124	1
PARK7	0	1	1	16	36	0
ZDHHC19	0	1	0	21	71	0
TMEM139	0	0	0	12	46	2
MOGAT1	0	0	0	32	76	5
ENSG00000255641	0	0	0	16	36	1
TAC4	0	0	0	13	15	1
GTF2H5	0	0	0	6	19	1
CLEC16A	1	4	0	164	207	4
C8orf74	1	0	0	31	78	5
CTSG	0	0	0	25	42	4
NT5C	0	0	0	15	53	2
EXOC8	0	3	0	47	106	2
ZNF165	1	2	0	30	64	7
GNPNAT1	1	0	0	19	20	1
STXBP2	0	0	0	88	146	1
CLEC4G	0	0	0	36	60	2
HOXA13	2	0	0	67	93	0
PREB	2	1	0	42	68	1
CORO2A	2	1	0	64	128	6
LCE6A	0	0	0	7	17	1
EIF2AK1	0	3	0	68	114	8
ZFPL1	0	0	1	32	84	3
ARL11	0	1	0	18	56	3
FKBP3	0	0	0	15	37	0
EPB41L3	0	2	1	119	231	3
ERICH4	0	0	0	12	33	1
BEND5	0	1	0	58	68	2
HDHD3	0	0	0	27	69	5
PHGR1	0	0	0	11	21	0
LYAR	0	0	0	33	76	4
USP17L23	0	0	0	0	0	0
HSD17B1	0	0	0	50	86	1
SYNPO2	1	3	0	90	251	8
FDPS	0	0	0	31	78	1
SLC22A24	0	2	0	57	149	11
RFPL1	0	0	0	33	78	5
LCE2A	0	0	0	9	42	2
WDR36	0	3	0	68	211	3
CNOT8	0	1	0	17	22	3
STAC3	0	0	0	30	58	5
OR52E1	0	0	0	0	0	0
OR10G6	0	0	0	33	74	5
ZNF154	0	0	0	32	81	7
ENSG00000257767	0	0	0	0	0	0
ENSG00000283977	0	0	0	18	25	0
MOB4	0	1	0	8	22	0
PRSS57	1	2	0	42	102	5
DNASE1L3	1	0	0	32	81	2
TICAM1	1	1	0	77	144	0
CSPP1	1	6	0	74	245	7
GALR3	0	0	0	63	94	2
BLOC1S5-TXNDC5	0	0	0	10	21	1
GCHFR	0	0	0	7	21	2
ENSG00000285505	3	27	2	144	63	0
ADARB2	1	3	0	119	208	0
ACSM4	1	1	1	45	106	10
ESRRB	0	1	0	57	83	1
MBLAC2	1	1	0	34	66	1
SCYGR7	0	0	0	31	38	3
UQCRFS1	0	2	0	18	30	0
TXLNA	0	1	0	44	94	0
USF2	1	0	0	55	60	0
SLC32A1	1	1	0	50	61	0
PYY	0	1	0	14	24	1
MON1A	0	0	0	59	101	1
FAM120B	1	2	0	0	0	0
GNB4	0	0	0	28	45	0
TRAK1	2	2	0	120	197	2
CCDC9B	0	0	0	47	133	3
ZNF540	0	0	0	38	113	4
PKDREJ	3	5	0	197	449	12
ASPN	0	1	0	26	64	7
FAM90A10	0	0	0	0	0	0
H3C15	0	0	0	0	0	0
PCGF3	0	2	0	37	32	0
GBGT1	0	2	0	33	94	5
KIAA1549	3	6	0	270	458	2
CRYGD	0	1	0	20	34	2
OR52H1	0	0	0	21	76	1
FBXL22	1	1	0	37	80	0
OR4A47	0	0	0	32	95	2
MCIDAS	0	1	0	40	60	0
ZSWIM9	0	2	0	114	155	7
SAP30	0	0	1	15	39	0
HEATR6	0	2	0	96	227	16
MMP28	1	2	0	0	0	0
SLC7A7	0	3	0	60	117	3
LTBP4	1	2	0	178	336	4
ENSG00000173366	0	0	0	0	0	0
SPDYE13	0	0	0	0	0	0
MRRF	0	0	0	15	57	1
PDIA5	0	3	0	60	108	4
TNKS1BP1	0	4	0	179	380	3
CDR2L	0	0	0	36	105	3
C18orf32	0	0	0	6	16	0
CTHRC1	0	2	0	22	59	2
SURF1	0	1	0	40	75	4
CDIP1	0	0	0	0	0	0
LIPA	2	1	0	31	63	4
UBE2E1	1	1	0	11	18	0
ZNF750	0	3	0	81	153	2
PDIA2	1	1	0	128	216	7
SPATC1	2	2	0	77	173	7
BTBD2	4	1	0	115	134	1
GPX6	0	0	0	0	0	0
FPR1	0	0	0	49	86	2
TACO1	0	0	0	28	49	2
LGI2	0	1	0	67	95	3
FAM166B	1	0	0	20	65	1
ADAMTS18	0	6	0	158	353	11
MFN2	1	7	0	58	123	0
FCHO2	2	1	0	54	115	2
UTP11	0	0	0	17	55	3
CLCA2	0	1	0	91	172	8
KIF25	0	0	0	57	121	3
ADCYAP1R1	0	0	0	47	68	5
FRK	0	2	1	43	89	7
MYL10	0	2	0	31	64	0
SHB	0	2	0	88	150	1
CD69	0	0	0	9	27	1
BCL6B	0	1	0	69	86	2
FBL	0	2	0	36	64	0
CACNA2D4	0	2	1	139	274	11
CYP2J2	0	0	0	47	103	3
FAM181B	1	1	0	61	116	2
RTCB	0	1	1	47	78	2
SYT4	0	2	0	32	78	0
CFAP65	0	3	0	213	427	11
PRSS58	0	1	0	0	0	0
HTR3E	1	1	0	36	89	2
RPS10	0	0	0	18	24	0
ENSG00000255663	0	0	0	0	0	0
MAPRE3	0	1	0	25	33	0
ELMOD3	1	1	0	32	82	5
RYR2	8	21	0	386	707	7
DNMT3A	1	27	5	91	177	37
KRIT1	0	1	0	41	114	1
ABHD17A	0	0	0	36	35	1
DDX27	0	0	0	48	123	5
PPP1R3D	0	2	0	40	80	0
ANKRD33	0	0	0	56	89	3
CBFA2T3	0	3	0	129	231	1
ADORA2B	0	0	0	31	65	3
CSNK2B	0	6	1	0	0	0
FAR1	0	0	0	39	54	3
SLC6A19	3	1	0	119	185	8
GPR26	0	2	0	37	50	4
HAO1	1	1	0	29	85	3
OR4N5	2	0	0	34	96	1
WFDC6	0	0	0	5	17	1
IL18	0	0	0	15	19	0
USP43	1	0	0	113	183	3
FABP5	0	0	0	5	21	0
ZCCHC8	0	1	0	64	116	1
TNXB	0	4	1	0	0	0
DYNC1LI2	0	0	1	52	74	1
GRIK5	2	4	0	104	159	1
ARHGEF25	0	6	0	46	121	2
THBS3	0	0	0	76	172	11
FCAMR	0	1	0	63	132	6
IL36A	0	0	0	13	38	1
CNPPD1	0	1	0	39	93	5
SLC35B3	0	2	0	34	66	6
BLVRB	1	0	0	27	67	5
ACTA2	0	3	0	35	37	0
KHSRP	0	5	1	129	94	0
NR0B2	0	0	0	28	66	5
UQCRC1	0	1	0	53	108	3
SAMD5	0	1	0	22	37	0
MMP10	1	1	0	46	107	8
ABRAXAS1	0	0	0	30	85	5
ELP4	1	2	0	35	107	5
RIMKLB	0	1	0	34	49	1
SARM1	0	1	0	62	135	5
PDPK1	0	0	0	27	29	1
AGL	1	3	0	115	304	16
AK3	0	2	0	23	64	3
AHCYL2	0	1	1	44	84	0
SMTNL1	1	0	0	52	125	2
PSMB11	1	2	0	35	99	3
MATK	3	3	0	75	101	2
ZNF286A-TBC1D26	0	0	0	21	52	2
SFN	0	0	0	12	48	0
ENSG00000289653	0	0	0	3	7	0
TINF2	0	1	0	39	83	4
WRNIP1	2	1	0	130	216	2
ENSG00000271949	0	1	0	4	5	1
KRTAP4-2	0	0	0	9	34	2
FGL2	0	0	0	26	71	1
ENSG00000269476	0	0	0	8	9	0
KIF6	0	2	0	64	160	13
RINT1	3	2	0	70	129	6
HPCAL4	0	0	0	12	26	0
SELENOI	0	0	0	0	0	0
ZKSCAN1	0	0	0	44	83	0
SPAG1	1	1	0	59	153	6
RAG2	0	1	0	21	105	6
ZNF227	0	0	0	58	139	10
TIMM23	0	0	0	20	25	0
SLC6A12	2	1	0	64	104	0
DENND2B	0	3	0	115	203	0
SGF29	1	1	0	33	23	0
GFY	0	0	0	50	114	1
ACAP3	0	0	0	140	212	1
CD47	0	0	0	28	57	0
ZNF724	0	0	0	46	101	4
NAALADL2	0	4	0	61	184	6
ZMAT2	0	1	0	14	17	0
VPS9D1	2	0	0	105	173	6
APOBEC3B	0	0	0	31	77	4
ENSG00000284976	0	0	0	38	74	3
CHMP2B	0	0	0	16	38	6
TSC22D1	1	3	0	99	195	0
PRMT5	1	2	0	35	75	1
PRAMEF5	0	0	0	0	0	0
PSMA1	0	0	0	22	29	1
TYW1B	0	0	0	72	120	8
MYL2	0	0	0	20	35	2
DDX50	1	1	0	42	104	4
IL37	1	0	0	26	49	0
DDX56	1	1	0	55	120	1
MAP4K2	2	0	0	91	147	4
CC2D2B	0	1	0	86	214	9
EFNB2	2	0	0	38	49	0
TP53TG3B	0	0	0	0	0	0
ENSG00000268797	0	1	0	2	20	1
SMR3A	0	0	0	13	39	0
SERPINA3	0	1	0	66	103	3
PDZK1IP1	0	0	0	24	30	1
CDC6	0	1	0	34	77	3
BCL9L	2	4	0	222	341	2
SVIL	3	5	0	246	456	8
TESK1	0	3	0	77	121	3
CCNY	3	1	0	27	51	2
RDM1	0	0	0	0	0	0
ALX3	0	0	0	42	67	1
EFHC1	0	2	0	57	149	6
PSMA7	1	1	0	37	27	0
MICA	0	0	0	0	0	0
HNRNPCL4	0	0	0	0	0	0
SEC16B	1	1	0	100	207	11
IQUB	0	3	0	59	142	11
ZNRD2	0	1	0	12	38	1
CCDC57	2	2	0	117	248	13
NDUFS7	2	0	0	49	56	0
COX6B1	1	0	0	8	12	1
TUBB1	0	0	0	58	118	7
ETFA	0	1	0	19	50	3
ZCCHC24	0	0	0	36	36	1
PPP1R42	0	0	0	13	31	3
KRT6C	0	0	0	59	101	4
CNOT11	1	1	0	57	65	1
XRCC6	0	1	0	56	57	0
MCM8	0	3	0	70	172	8
KLHDC2	0	2	0	31	65	2
LCAT	0	2	0	59	82	3
PTGFRN	2	2	0	96	174	2
CPB1	0	0	0	38	95	6
H1-8	0	2	0	49	71	2
ZNF335	3	4	1	172	354	7
C12orf60	0	0	0	14	53	1
GGT7	0	0	0	72	111	0
PANX2	0	1	0	103	122	3
TRAPPC11	1	2	1	91	195	9
MMAA	0	0	1	24	71	6
CAMKK2	0	3	0	76	101	1
EPHA5	0	5	0	105	183	2
HOXD8	1	0	0	37	80	1
USP14	1	0	1	43	65	0
SRFBP1	0	0	0	43	118	2
PNRC2	0	0	0	6	24	0
TTC21B	2	3	0	105	260	9
GMCL2	0	0	0	37	94	1
CSH2	0	0	0	7	21	0
PLG	1	3	0	83	167	5
TMEM128	0	0	0	17	40	3
NR1H2	0	2	0	69	104	0
STAB2	1	7	0	273	582	19
RNF182	0	1	0	20	46	2
CEACAM18	0	1	0	33	79	5
SERTAD4	0	1	0	26	76	1
CRELD2	1	0	0	50	110	3
GBP1	0	0	0	68	128	9
NOA1	4	3	0	69	140	4
SLC22A4	1	0	0	48	95	2
NPTN	0	3	0	30	53	0
KIAA0040	0	0	0	11	12	0
FBRS	1	0	0	142	262	0
DUSP23	0	3	0	11	43	4
GPATCH8	1	3	0	113	259	1
SCLY	0	2	0	66	137	2
P2RX5-TAX1BP3	0	0	0	59	93	5
ENSG00000269095	0	1	0	13	14	0
MS4A10	0	0	0	31	57	3
ANKRD66	0	0	0	18	46	1
ITM2B	0	1	0	18	53	0
ABHD2	0	1	0	65	49	2
ZNF629	2	0	0	87	113	0
OR2K2	0	0	0	37	66	0
TCAP	0	2	0	16	42	3
SMIM15	0	0	0	6	14	1
PNOC	1	1	0	13	35	0
DNAJC25-GNG10	0	0	0	13	35	2
TMEM108	0	0	0	67	129	0
AMER2	2	3	0	81	144	1
TYK2	1	2	0	127	302	2
KANSL1L	1	2	0	66	173	1
FGFR2	1	11	0	80	113	0
THOC7	0	0	0	14	32	4
LRRN3	0	0	0	53	115	3
SFMBT2	0	0	0	99	171	2
PPFIA1	0	3	0	113	237	1
H2BC1	0	0	0	43	42	2
LRRN4CL	0	1	0	27	49	2
FLYWCH2	0	0	0	15	32	0
GORASP2	0	1	0	43	63	0
LZTS2	1	0	2	68	169	3
FAM13B	0	0	0	48	136	1
NOX4	0	1	0	52	108	6
MRPL4	0	1	0	41	83	4
CD300LB	0	0	0	26	30	2
SSBP3	0	3	0	59	39	0
OR13G1	0	0	0	23	66	0
FAM135B	0	3	0	138	244	0
MRPL49	0	0	0	19	43	2
REST	0	3	0	85	177	0
C5orf34	0	0	0	50	127	6
CHD5	4	7	0	263	286	4
BET1	0	0	0	1	16	0
GADD45GIP1	0	1	0	14	52	4
C6orf47	0	1	0	0	0	0
ARMC6	1	0	0	50	105	6
TRIM8	1	5	2	52	66	0
COL8A1	2	2	0	63	124	2
NTF3	2	0	0	32	40	1
GFAP	0	8	0	50	106	1
FHOD3	1	3	0	158	364	4
BRWD1	0	10	3	169	330	2
UQCC6	0	0	0	2	13	2
RABGGTB	0	1	0	26	29	1
GREB1	4	3	0	283	451	5
ENSG00000289760	0	0	0	3	8	0
ORM1	0	0	0	17	36	0
GSTM4	0	0	0	22	51	1
ENSG00000275163	0	1	0	19	37	1
GLI2	3	4	1	210	367	0
ARL17A	0	0	0	0	0	0
NDUFAF8	1	0	0	13	21	2
LRIG1	2	0	0	185	327	7
SMIM2	0	0	0	6	12	0
FAM172A	0	1	0	32	86	6
LRRC51	0	1	0	21	36	1
LGALS3BP	0	4	0	83	128	9
HAPLN2	0	1	0	24	61	1
MYH15	1	0	0	134	365	26
YY1AP1	0	1	0	59	143	3
GABARAPL1	0	0	0	7	12	0
LEMD3	0	0	0	64	190	1
SCG3	0	0	0	35	88	3
HNRNPCL1	0	0	0	21	43	1
KAT14	0	2	1	70	155	5
KRTAP20-3	0	0	0	2	6	1
TTC9C	0	1	0	22	44	2
AKR1B15	0	0	0	38	90	8
TAS2R13	0	0	1	0	0	0
WWP2	1	2	0	115	167	3
DUSP3	0	0	0	18	32	0
CTDP1	4	2	0	32	44	1
DGAT1	1	1	0	66	128	2
OR6M1	0	0	0	25	64	2
MAN1A2	0	1	0	42	70	2
SMIM47	0	0	0	0	6	1
YJU2	0	0	1	39	60	2
SLC25A52	0	0	0	14	46	3
ZNF433	0	0	0	46	136	10
RGL2	0	1	0	0	0	0
TMEM276	0	0	0	35	49	2
C7orf50	0	0	0	34	51	3
GRAMD1B	2	1	2	99	147	2
COA7	0	0	0	14	41	1
SST	0	0	0	10	24	0
FLT1	0	4	1	113	190	3
AHSP	0	0	0	12	21	2
CDA	0	0	0	9	29	0
MT3	1	0	0	7	10	1
SMN1	0	0	0	0	0	0
IGFBPL1	0	2	0	42	77	0
AMOTL2	0	2	0	73	182	2
DLG4	0	1	6	82	66	1
HSPA14	1	1	0	37	83	0
DIPK1C	0	1	0	55	120	8
SMAD2	1	2	0	40	21	0
COL3A1	1	8	0	116	224	1
RRAGA	0	2	0	22	18	0
NPIPA1	0	0	0	0	0	0
NPAT	0	5	1	89	267	4
FBXO33	0	2	0	62	114	1
PCARE	4	1	0	152	311	10
C14orf93	0	1	0	45	100	3
NFIB	2	3	1	44	58	0
SULT2B1	0	2	0	55	86	0
SEC61A2	1	2	0	43	37	0
CCDC103	0	0	0	18	44	1
PTCD1	0	4	0	90	183	7
SF3B1	0	7	0	93	79	0
RAX2	0	0	0	33	65	0
UGT1A4	0	1	0	76	160	6
PLEKHB1	0	1	0	28	60	3
FHIP2A	1	2	0	54	116	0
GBP7	0	1	0	57	112	6
TNS2	0	0	0	151	326	1
ENSG00000258830	0	0	0	4	8	0
ADAMTS6	0	5	0	67	159	0
PLEKHB2	0	1	0	18	47	5
NDEL1	1	1	0	26	53	2
KARS1	1	6	0	56	154	2
ZBTB24	1	2	0	52	107	4
HNRNPDL	3	2	0	64	94	1
RRAGC	0	1	0	32	46	3
OPTC	0	0	0	27	89	2
PRR11	0	1	0	25	61	4
CDK5RAP2	0	5	0	141	375	20
GATA4	1	1	1	82	112	3
ZMYND12	0	1	0	27	67	5
OR6C6	0	0	0	27	59	3
GPX3	0	0	0	0	0	0
RBP5	0	1	0	11	25	3
RPGRIP1L	0	5	0	98	267	13
DPP10	0	2	1	62	131	0
RBM5	0	1	0	75	95	0
TMEM150A	0	1	0	23	26	1
AOAH	0	2	0	54	114	5
RABGAP1	0	2	1	87	117	1
SCAP	5	1	0	175	274	2
NIM1K	1	1	0	42	85	7
NSG1	0	0	0	30	40	1
GYG1	1	0	0	27	74	4
ENPP5	0	1	0	42	83	4
FOXD2	3	1	0	75	106	2
BHMT	0	0	0	31	76	2
SLC1A6	0	2	0	72	85	1
DRAXIN	1	0	0	36	78	1
YIF1A	1	0	0	35	64	1
ASCL4	0	0	0	24	57	2
CCNP	0	0	0	37	74	0
TTC3	1	4	0	161	369	21
PPL	2	11	0	256	584	13
ENSG00000268870	0	0	0	1	20	0
IDH3A	0	0	0	28	43	0
BTG2	0	1	0	13	29	2
H2AZ1	0	1	0	15	0	0
WDR47	0	0	0	71	112	6
SAYSD1	1	2	0	19	39	4
DLEU7	0	3	0	10	50	3
MYL11	1	1	1	11	42	1
EML5	1	3	0	132	302	8
SLC35G6	0	0	0	37	80	3
ANKRD63	0	2	0	58	85	1
PDCD11	3	8	0	164	365	6
RPIA	1	2	0	32	55	4
NLRX1	2	0	0	116	253	13
NDUFAF1	0	0	0	29	74	1
TEX54	0	0	0	7	31	1
MYG1	2	0	0	38	93	5
CCT7	0	0	0	49	88	0
MFAP4	0	0	0	31	58	0
CHMP6	1	0	0	27	44	0
TSHZ2	1	1	0	122	233	2
ERMN	0	1	0	16	46	3
CCAR2	0	4	0	122	194	1
PRRC2B	1	5	1	264	511	4
GLI1	1	5	0	91	216	6
DHRS2	0	4	0	45	98	2
FKBP11	0	0	0	16	26	3
GMPR	0	0	0	36	92	3
EEF1AKMT4-ECE2	1	2	0	85	202	10
BATF3	0	0	0	10	21	1
LUZP1	1	2	0	97	192	3
FGF5	0	2	0	35	60	4
KCNN2	2	1	0	102	160	3
RNF145	1	2	0	44	69	1
TRABD2B	0	0	0	60	100	1
PRR14L	1	5	0	162	429	8
DIAPH1	1	4	0	96	182	1
PLCB2	2	2	0	111	236	3
LYZL2	0	0	0	21	42	2
CTSD	0	0	0	76	69	1
TESMIN	2	2	0	50	94	3
C12orf4	0	0	1	28	80	5
ENSG00000250264	1	0	0	0	0	0
IQGAP2	0	4	0	124	293	7
BAG6	2	4	0	0	0	0
CNTN6	0	3	0	121	286	13
IFI27L2	0	0	0	0	0	0
ZNF174	0	0	0	36	80	2
STC2	1	1	0	40	68	1
GPR78	0	1	0	85	124	2
FBXO42	1	3	0	64	106	1
PHTF2	0	3	0	50	97	2
WASHC1	0	0	0	10	19	1
BAG3	2	6	0	58	129	2
BET1L	0	0	0	17	26	0
SUPT16H	0	5	0	76	75	1
CCP110	0	0	0	56	179	5
KRTAP4-12	0	0	0	0	0	0
AKAP8	4	0	0	104	211	2
EIF3D	1	2	0	45	58	1
TLE3	0	4	1	114	80	0
EVI5	2	0	0	50	139	5
ATXN7L2	1	4	0	69	156	1
SHF	0	0	0	50	102	2
UTP6	0	2	0	42	113	7
SUGCT	1	2	0	42	95	3
PTCH2	0	0	0	141	240	9
PROK1	0	1	0	12	27	1
IL34	1	1	0	39	73	2
IMPA2	0	0	0	27	65	1
THRA	0	2	0	42	27	1
PDZK1	0	0	0	5	13	3
UCK1	0	0	0	39	44	4
SDHAF4	0	0	0	16	29	3
FOXL1	0	0	0	44	74	1
UBE4B	0	5	0	108	159	2
GLT6D1	0	2	0	33	75	2
FGD4	1	1	0	74	125	5
AMTN	0	1	0	22	43	2
NMT1	0	1	0	50	55	0
TCEA2	0	0	0	43	73	1
HMCN2	5	10	0	691	1381	55
SLC22A5	0	1	0	56	129	1
MAN2B2	1	2	0	122	330	6
ENSG00000273049	0	0	0	8	16	1
PSAPL1	0	2	0	87	166	8
SART3	1	2	0	79	173	0
RASL12	0	0	0	33	53	0
NPS	0	0	0	6	25	2
PC	1	4	0	163	188	1
OR7G1	0	0	0	19	70	2
GBF1	2	3	0	164	315	11
CREB1	0	1	0	23	19	1
FHDC1	2	1	0	103	263	4
OPA1	1	3	1	65	148	2
MAP3K4	2	2	0	108	209	4
GLRX2	0	0	0	20	27	1
TUBB2A	0	0	0	23	5	0
TMEM68	0	0	0	24	38	2
CCL8	0	1	0	12	23	0
NECAP2	1	1	0	25	50	4
SLC35D3	0	1	0	32	88	1
SLC19A3	0	0	0	38	91	2
TAF11L9	0	0	0	0	0	0
SNX13	1	2	0	83	139	1
EIF4A2	0	3	0	46	25	1
BEND4	3	1	0	60	121	2
WDR55	0	2	0	33	78	5
CKMT2	0	2	0	41	88	7
RAB23	0	0	0	16	44	4
KCNV1	1	0	0	50	37	0
ZNF780B	0	0	0	47	172	9
ATG16L1	2	1	0	58	80	1
CENPQ	0	1	0	10	45	2
CDC40	0	1	0	38	67	1
GSR	0	3	0	55	114	5
TMEM67	2	0	0	63	158	9
KIF12	0	0	0	52	147	7
TSSC4	1	0	0	47	112	3
ACIN1	2	4	0	121	202	0
AOC2	1	3	0	86	204	9
CNR2	0	2	0	36	70	5
WDR62	2	2	0	185	323	6
FAM217B	0	0	0	31	84	2
ASIP	1	0	0	12	24	0
SEMA6D	3	2	2	93	169	5
DCUN1D2	1	0	0	26	61	1
SIRT1	1	0	0	65	128	0
BGLAP	0	0	0	18	29	2
SPACA6	0	0	0	47	71	5
OR51B2	1	0	0	28	83	0
COLEC10	0	0	0	31	66	3
API5	0	0	0	39	46	0
FAM43A	1	0	0	43	89	2
FIP1L1	0	0	0	50	58	2
MAN1A1	1	2	0	68	120	1
ADGRA3	0	5	0	114	278	5
DTYMK	1	0	0	27	65	0
NME1	0	0	0	18	35	1
TEX10	1	6	0	53	142	0
RAPSN	1	1	0	37	107	1
ETS2	0	1	0	45	71	0
KIF21B	3	3	1	192	294	4
POFUT2	2	1	0	71	96	2
ENSG00000289692	0	2	0	19	40	0
MED23	0	3	0	88	132	6
PET100	0	0	0	4	16	0
NEUROG1	0	0	0	37	58	3
TRMT5	0	0	0	32	87	2
HGSNAT	0	1	0	68	115	5
CFAP45	0	2	1	44	156	7
LY6G5C	0	0	0	0	0	0
NEK9	0	3	0	70	156	7
BORCS7	0	1	0	13	14	0
MRPL15	0	0	0	25	53	1
ZNF292	3	5	7	203	467	0
OR3A3	0	0	0	10	33	1
MTBP	1	1	0	73	145	2
PDPR	0	1	0	45	118	4
MRPL54	0	0	0	16	36	2
PRAMEF17	0	0	0	57	143	10
PLEKHA3	0	2	0	18	36	1
KIAA0232	1	2	1	115	229	3
AFF1	2	3	1	136	263	3
ZNF780A	0	0	0	44	124	6
ELOVL5	0	2	0	17	42	0
ELAPOR2	0	4	0	79	183	2
TGM7	0	1	1	63	156	8
SNRNP40	0	0	0	23	54	1
GAB1	1	5	0	58	95	2
TUBAL3	0	1	0	47	111	6
NRG2	1	0	0	101	192	0
ANKRD1	0	0	0	16	82	0
C14orf119	0	1	0	13	22	5
PDE10A	0	1	1	128	187	4
RACK1	2	2	0	30	21	0
CCN3	0	1	0	24	72	1
KLHL1	0	1	0	60	151	4
ACRBP	0	3	1	35	84	4
TMPRSS11B	0	1	0	32	86	3
PDXK	0	0	0	45	60	0
SPATS1	0	0	0	23	47	0
ARPP19	0	0	0	8	11	0
HSD17B2	0	0	0	52	114	5
ZSCAN22	1	1	0	44	103	4
PTTG1IP2	0	0	0	12	36	3
CS	0	0	0	27	38	2
THEM6	0	1	0	28	45	1
SLC26A7	0	2	0	56	107	3
RBP2	0	0	0	12	30	0
GPR108	1	2	0	70	137	3
SPATA9	1	1	0	23	51	1
NREP	0	0	0	5	16	0
SMCO3	0	0	0	13	49	1
SEC63	0	1	0	49	99	2
ENSG00000285558	0	0	0	1	3	0
LMF2	1	3	1	138	254	10
TBC1D3B	0	0	0	0	0	0
GPR157	1	1	0	39	93	1
OGFOD2	2	0	1	58	101	4
PIP4K2A	0	0	0	44	80	1
KRTAP10-6	0	0	0	45	67	4
ZSWIM4	0	3	0	150	238	4
FAM209A	0	0	0	9	33	4
DNER	0	4	0	79	173	3
SRP9	0	0	0	8	4	0
ROM1	0	0	0	32	100	4
FGD2	0	1	0	85	155	4
PTGIR	3	0	0	53	118	3
HLA-DQB2	0	0	0	0	0	0
TP53	1	2	0	41	82	0
XDH	2	4	0	142	360	10
CYP4X1	0	1	0	39	104	2
IKBKE	0	1	0	91	157	4
SLC24A2	0	1	0	71	133	2
SYNGR2	0	0	0	33	48	2
DUSP22	0	2	0	0	1	0
OR10Q1	1	2	0	34	74	0
RXFP4	0	1	0	30	84	1
GPR88	2	1	0	55	57	1
THEMIS	0	0	0	0	0	0
OR52B4	0	0	0	28	76	2
BRCA1	1	3	1	103	304	12
ZBTB5	0	2	0	46	92	0
TFR2	2	3	1	82	180	5
ENSG00000290183	1	1	0	26	63	0
NTN5	0	2	0	61	128	8
MMP11	1	2	0	0	0	0
DBNDD2	0	0	0	22	38	1
RTL6	0	1	0	25	51	0
ENSG00000285053	0	1	0	44	101	6
TFCP2L1	0	2	0	52	82	0
MORN4	0	0	0	17	25	1
CHCHD3	0	0	0	23	48	1
SRSF5	0	0	0	25	47	1
RNF4	0	0	0	15	32	0
KCTD19	0	1	0	75	170	6
CLDN14	0	1	0	45	67	5
TREML4	0	0	0	16	41	2
TSGA10IP	0	2	0	54	126	10
NRF1	3	2	0	43	36	0
AQP9	0	2	0	22	73	4
IGLL1	0	0	0	29	63	0
ACTN1	0	3	1	84	132	2
SEC61G	0	0	0	4	7	0
TRIM3	1	2	1	79	100	0
EBI3	0	0	0	31	60	1
P3H1	0	1	0	77	156	9
TDRKH	0	2	0	41	73	1
RAPGEF6	2	3	0	117	223	6
MLF1	0	1	0	17	59	3
CUL7	3	2	0	162	370	14
POLR3F	0	1	0	15	36	3
OR1K1	1	1	0	36	72	5
MRFAP1	0	0	0	24	21	0
SERINC4	0	1	0	40	109	3
ACOX2	0	3	0	74	153	6
COMMD8	0	0	0	12	37	2
CEP85L	0	5	2	52	132	5
NMNAT3	0	1	0	24	47	5
WASF1	0	2	0	44	67	0
SFTPA2	0	0	0	23	44	3
A4GALT	0	2	0	56	87	0
GABRR3	0	4	0	38	105	6
PKHD1L1	3	8	0	336	850	35
KIAA0408	0	3	0	60	127	7
LGALS12	0	0	0	33	62	6
PTPRCAP	0	1	0	25	58	1
SPACDR	1	0	0	13	50	4
MBIP	0	1	0	30	61	3
NOL11	0	0	1	62	121	1
SLC9A3	4	2	0	134	162	3
CKS2	0	0	0	7	6	0
ZNF207	0	3	0	41	70	0
GATC	0	1	0	14	35	1
THSD1	1	0	0	80	142	5
ZNF493	0	1	0	40	160	10
TAAR6	0	1	0	32	101	1
GMCL1	0	0	0	46	84	1
CSTA	0	0	0	8	21	3
PGBD2	0	3	0	53	130	7
CYLC2	1	0	0	33	95	0
GDF15	0	2	0	44	65	0
WFDC12	0	0	0	11	26	3
KRTAP19-1	0	0	0	13	27	0
ECD	1	2	0	52	109	6
SRSF9	0	1	0	27	28	0
RASGEF1A	1	0	0	42	73	1
HRH1	0	0	0	47	76	2
CUEDC1	2	0	0	52	98	5
DOP1A	1	6	1	149	361	3
C5orf47	0	0	0	16	55	3
COA8	0	1	0	22	46	1
KCNIP3	1	0	0	28	60	1
PSPC1	0	0	0	40	54	0
YJU2B	0	2	0	48	110	2
LRPPRC	1	3	0	116	310	5
CD163L1	0	2	0	103	250	14
ZSCAN31	0	1	0	26	71	5
NCAPH2	1	1	0	83	153	4
U2AF1L4	0	2	0	15	57	0
PROS1	0	0	0	43	129	0
TEX38	0	0	0	18	54	2
MT1A	0	0	0	2	10	1
ATG4C	0	0	0	31	98	9
SMCP	0	0	0	11	18	2
FGFBP2	0	1	0	25	52	5
SPATA16	1	2	0	33	111	2
ZFHX4	2	5	4	315	638	2
SOD3	0	1	0	31	55	2
IMPDH2	0	3	0	41	63	2
ALOX5	0	2	0	0	0	0
INTS10	1	3	0	55	127	3
EI24	0	1	0	17	47	1
HSP90B1	0	4	0	55	114	2
TEX51	0	0	0	13	44	4
PAPOLA	1	0	0	47	72	0
CORO1A	0	1	0	70	64	1
ENSG00000288710	0	1	2	14	10	0
MPHOSPH10	0	1	0	50	127	2
PDE7B	0	1	0	41	74	3
KCNF1	0	0	0	55	47	3
PMIS2	0	0	0	13	31	2
PRSS35	1	0	0	34	87	2
ISLR	2	3	0	71	116	1
CFC1B	0	0	0	0	0	0
H2BC13	0	0	0	22	29	3
CCDC124	0	0	0	27	50	0
IRX2	0	0	0	77	106	1
MAPK14	1	0	0	23	21	0
FAM32A	0	0	0	13	16	0
HMMR	0	0	0	41	129	4
SPINK13	0	0	0	5	20	1
MSMO1	0	0	0	11	44	5
RSBN1	2	2	0	72	102	0
CD53	0	0	0	18	38	1
TIMM17A	0	0	0	17	26	2
NKD2	3	0	0	0	0	0
GHR	1	4	0	55	119	4
POTEB2	0	0	0	0	0	0
ZBTB18	1	8	6	59	53	0
GPR149	1	2	0	70	157	7
ZNF224	0	0	0	64	138	6
SCNN1D	4	2	0	173	287	12
BACE1	2	1	0	45	71	0
BBLN	0	1	0	5	19	0
EIF5	0	1	0	44	60	0
SLX1A	0	0	0	0	0	0
TRIM49	0	0	0	6	26	1
CLEC20A	0	0	0	43	92	1
CRK	0	0	1	13	7	0
PRKCH	1	1	0	63	104	0
LTN1	1	4	0	113	248	3
NBPF3	0	0	0	31	93	6
KCNG4	0	1	0	95	191	6
GABRR1	0	1	0	45	90	7
RHOG	0	3	0	30	12	0
ATP2C2	1	3	0	205	391	14
ZNF613	1	0	0	41	113	6
SDC4	1	1	0	14	48	2
MINDY3	0	2	0	28	70	2
OSBPL10	0	1	0	87	146	7
ECE1	1	2	0	92	131	2
SLC29A3	0	2	0	65	123	0
LRRC4C	1	3	0	53	83	0
CKAP4	0	0	0	88	156	1
FNDC10	0	0	1	47	58	2
EEIG2	0	1	0	16	41	5
INSL4	0	1	0	20	46	2
BPIFA1	0	2	0	30	56	2
TNFSF10	0	0	0	23	51	3
CCN6	1	0	0	19	72	2
RAB2A	0	2	0	19	14	0
HSD17B11	0	0	0	24	35	1
ATP6V0A2	0	0	0	93	151	6
SLC25A41	0	0	0	37	108	7
IGFL2	0	0	0	14	27	1
PSMB9	0	0	0	0	0	0
MTDH	0	1	1	42	109	1
DEFA1B	0	0	0	0	0	0
PMPCA	2	1	0	83	114	1
ALG1	1	0	0	67	132	7
UBA52	0	0	0	9	17	0
PYGO2	1	0	0	34	75	1
FMN1	2	4	0	115	249	5
ARPC4-TTLL3	0	1	0	55	140	9
LMOD2	0	1	0	39	119	5
LHB	0	0	0	22	49	3
LRRC8B	0	0	0	65	94	2
ENSG00000204003	1	0	0	18	36	3
OR10X1	1	0	0	21	74	4
DIP2A	4	5	0	223	305	7
LRP2	4	10	1	390	907	10
PMP22	0	2	0	21	33	0
N4BP2L1	0	0	1	12	36	1
FCF1	0	0	0	18	36	0
TMEM45A	0	2	0	28	43	3
GARS1	3	1	1	75	122	1
GRIK1	0	2	0	79	178	7
PANK1	0	1	0	51	62	0
SLC23A3	0	0	0	39	105	2
DENND6B	1	4	0	95	148	5
OR13J1	0	0	0	32	61	3
ESCO1	1	1	0	57	130	2
IL23R	0	3	1	38	102	4
ELAPOR1	1	2	0	102	186	4
CDKN2D	0	0	0	13	27	0
PLSCR2	0	0	1	17	41	2
DISP3	2	2	0	194	309	7
NAXE	0	0	0	32	73	5
WRN	1	4	0	113	284	11
CNTF	0	0	0	29	61	3
ZNF782	1	1	0	52	122	4
CD4	0	0	0	40	73	1
NUDT8	0	1	0	34	49	1
CRYL1	0	0	0	41	62	2
CNGB1	4	3	0	143	304	11
ZNF236	1	2	0	208	301	1
CFAP299	0	1	0	29	47	1
SUPT5H	1	1	0	113	110	3
ATP5PD	1	0	0	7	24	0
THRSP	0	2	0	14	39	2
CD300LG	0	1	0	46	69	3
DENND3	2	2	0	164	244	4
CHPT1	0	0	0	35	82	4
LINS1	0	0	0	62	151	6
CEP350	2	7	0	193	514	5
OR4N4	0	0	0	0	0	0
SLC16A8	2	0	0	64	119	1
KLK5	1	0	1	28	64	0
EVC	4	2	0	127	302	10
TMEM45B	1	1	0	27	68	5
LUC7L2	0	3	1	26	55	2
ATP5MGL	0	0	0	11	19	2
PPP1R9A	1	1	0	89	211	2
SETDB1	0	2	0	76	179	1
ADRB3	0	1	0	43	89	1
C12orf75	0	0	0	3	19	0
EFCAB12	1	1	0	53	144	5
TEKT4	0	0	0	90	192	4
RXFP1	1	0	0	48	140	4
VRK1	0	0	0	25	71	2
NLRP13	2	6	0	111	238	13
ATAD1	0	0	0	31	45	2
CBLIF	1	2	0	23	80	0
PRELID3B	0	0	0	12	37	0
LYPD4	0	0	0	24	65	1
MTR	5	1	0	109	197	4
BRIX1	0	2	0	34	57	0
HOXD9	1	0	0	45	78	4
ARHGAP42	0	1	0	82	118	5
ZXDC	0	1	0	122	209	3
ENSG00000285130	1	2	0	129	302	10
LRRC18	1	0	0	36	77	2
RTN3	2	1	1	80	204	6
DHX8	1	2	0	92	136	5
TRAPPC5	0	1	0	21	32	0
EFNA4-EFNA3	0	0	0	20	46	0
WNT10A	0	3	0	43	129	6
MAPK4	0	0	0	96	129	1
PATL2	0	1	0	60	106	7
GJD3	0	0	0	34	78	0
HOXA11	0	2	0	37	49	1
LUC7L3	0	0	0	31	46	0
PLA2R1	1	2	1	108	258	12
HRK	0	1	0	17	31	1
CCDC88C	1	5	2	239	487	6
PIGH	0	0	0	15	23	2
DPRX	0	1	0	13	42	5
ANXA8	0	0	0	8	7	0
IGF2BP2	0	1	0	66	79	0
CELA2B	0	0	0	44	76	4
TIFA	0	1	0	19	30	4
MYO1A	2	1	1	74	240	13
PGAP1	3	0	2	73	147	12
TREML1	0	1	0	31	55	2
CPS1	4	4	0	112	262	5
ELP2	0	1	0	59	158	11
SDAD1	1	0	0	54	125	4
GALNT17	2	0	1	65	97	0
SALL3	1	4	3	0	0	0
RIC8A	0	1	0	52	109	2
ZBTB40	2	1	0	116	234	7
CNIH2	0	1	0	16	12	0
TMIGD1	0	1	0	25	69	0
ING3	0	1	1	28	39	0
RABGEF1	0	0	0	37	75	1
ANKRD30BL	0	0	0	16	44	0
ARHGAP5	0	0	0	117	220	2
ABCA1	0	6	0	187	354	11
NPY4R	0	1	0	4	8	0
RBAK-RBAKDN	0	0	0	23	59	1
OR51B6	0	0	0	25	98	3
MYOM2	3	3	0	38	83	2
ANO9	2	1	0	117	187	4
EIF4G2	1	6	0	79	103	0
NUTM2A	0	0	0	1	0	0
ASRGL1	1	0	0	37	59	2
PRIM1	1	2	0	29	49	0
CHRNA7	0	0	0	0	0	0
TBC1D22A	1	1	0	77	109	1
ENSG00000288644	0	0	0	3	3	0
GPR155	0	3	0	58	131	9
EEPD1	1	1	0	69	107	1
ENSG00000276490	0	0	0	38	84	2
PINLYP	0	0	0	22	42	0
RARB	0	4	0	41	48	0
SCYL1	0	1	0	87	171	6
KBTBD8	2	2	0	40	79	2
USP32	0	0	0	80	166	6
GPX1	0	0	0	0	0	0
GAB4	1	1	0	79	165	2
SH3BGR	0	0	0	15	21	1
SLCO1B1	0	2	0	43	148	9
FBXL18	1	1	0	103	149	2
DCTN6	0	0	0	12	37	1
TAF3	1	0	1	74	145	0
DAB1	0	1	0	61	96	0
ANGPTL7	0	3	0	36	84	4
ZNF692	0	1	0	41	99	5
SUB1	0	0	0	7	12	0
VCPKMT	0	0	0	34	57	4
HAS2	0	2	0	34	42	0
HAPLN1	0	0	0	42	71	0
ENDOU	0	2	0	38	77	7
RTCA	0	0	0	29	77	3
ENSG00000283189	1	0	0	43	88	3
AKAP13	3	9	0	263	633	10
WDR5	0	4	0	38	18	0
SYNM	0	2	0	216	414	19
CCND2	0	2	0	22	37	0
KRTAP19-5	1	0	0	12	17	2
SEPHS2	0	0	0	0	0	0
CBL	0	9	0	69	163	5
BLMH	1	2	0	36	71	4
VN1R2	1	0	0	36	72	3
L1TD1	0	0	0	83	195	9
VPS54	0	0	0	66	147	1
WAPL	0	3	1	70	146	1
BIN2	0	1	0	49	95	2
SMYD4	1	1	0	64	187	4
MBD6	1	3	0	89	213	2
ELF3	0	0	0	46	70	3
ZNF92	0	0	0	30	101	3
CDS2	0	1	0	48	42	0
PCBD2	0	0	0	10	28	2
RIC8B	1	1	0	36	75	2
LGALS7B	0	0	0	0	0	0
CCNG2	0	0	0	41	50	0
WDR97	0	3	0	200	406	18
GALR2	0	0	0	40	99	5
COL16A1	1	2	1	160	362	13
TRANK1	2	8	0	283	582	23
PCDH1	1	3	1	130	238	0
TKT	2	1	0	80	139	4
TNF	0	0	0	0	0	0
LRRN2	1	3	0	79	138	1
HNRNPM	2	1	1	92	127	0
KCNK7	0	1	0	50	72	2
HBS1L	0	3	0	53	108	6
ENSG00000267318	0	0	0	2	4	0
TOR1B	0	0	0	25	59	3
SUFU	0	2	0	46	69	1
MICOS10	0	0	0	4	26	1
FSBP	0	2	0	20	38	2
POLR3H	0	0	0	31	52	1
APPBP2	0	0	0	34	63	0
SLC2A9	1	1	0	75	130	2
IPO5	0	1	0	90	136	0
KLHL36	3	3	0	126	158	1
COQ3	0	1	0	31	69	4
OR2T29	0	0	0	0	3	0
CELF4	0	0	1	63	57	1
DTWD2	2	0	1	33	91	5
SPARCL1	1	1	0	45	99	5
PRRC1	0	0	0	26	91	4
SVIP	0	1	0	2	16	1
BYSL	0	2	0	33	93	1
ENSG00000266997	0	0	0	10	40	1
FASTKD5	0	2	0	48	135	4
SOX10	0	2	3	52	66	0
TUBA4A	0	2	0	40	33	1
ANKRD33B	0	0	0	71	133	3
NDUFB6	0	0	0	6	32	0
CLIC4	1	0	0	20	41	0
KRR1	0	1	1	20	53	0
RBM25	2	1	0	52	81	0
CCDC47	0	0	0	34	73	1
PGR	3	2	0	101	169	0
OR1D2	0	0	0	29	61	4
HECW2	2	16	0	153	248	3
ENSG00000288669	0	0	0	1	7	0
KCNU1	1	1	0	108	229	13
FAM25A	0	0	0	12	19	1
MFRP	0	1	0	74	160	12
COX6C	0	0	0	8	20	1
PPP1R36	0	1	0	32	92	6
OR5L2	1	0	0	37	82	2
SLC2A1	1	13	4	65	79	0
AP3M2	0	0	0	32	69	1
ZNF800	2	2	0	35	83	1
ENSG00000285133	0	0	0	0	7	0
CRPPA	0	1	1	34	102	3
CDH2	1	5	0	103	152	2
FAM120AOS	1	1	0	20	50	2
C17orf100	0	0	0	16	32	1
LCE1D	0	0	0	9	25	2
RCOR1	0	1	0	52	68	1
SLFN11	0	0	0	61	153	10
H3-3B	0	0	0	43	3	0
ARRDC2	1	0	0	73	117	2
ENSG00000291312	0	0	0	15	36	1
DVL2	1	4	0	90	180	1
PDGFRL	0	0	0	42	118	8
VEGFC	0	1	0	30	79	0
DDX1	1	4	0	52	101	0
LYPD1	0	1	0	16	18	0
RPL15	0	0	0	13	15	0
PEX1	0	3	0	81	205	9
TIMM13	0	1	0	13	19	0
SLC25A1	0	2	0	44	57	0
FRMD1	1	1	0	88	167	5
AADAC	0	0	1	31	75	1
STX17	0	0	0	17	49	2
OR2J3	0	0	0	3	3	1
SNRK	1	0	0	76	100	0
CLCN3	0	2	0	58	73	1
PCDHGB2	0	1	0	93	187	8
SMIM39	0	0	0	9	10	0
CTSC	0	0	0	34	110	3
RNASE9	0	1	0	21	53	2
NOP9	0	0	0	61	138	3
GRIA1	1	4	0	95	118	1
ZNF658	0	0	0	21	58	4
NDRG3	0	0	0	25	56	1
CTNND1	1	3	2	78	197	0
UBR4	7	10	0	450	715	2
HOXA10	0	0	0	54	101	0
LMBRD1	0	0	0	28	105	5
H2BK1	0	0	0	19	35	1
CCNYL1	0	0	0	29	44	0
ADGRG5	0	0	0	70	118	3
CACNG1	0	0	0	40	62	4
SOX21	1	1	0	43	44	0
COL5A2	2	6	0	108	247	0
IFIT1	0	1	0	34	90	3
QRFPR	0	0	0	40	100	4
DOC2A	1	4	0	58	93	1
TOB2	0	2	0	32	69	0
UBE2Z	2	0	0	40	27	0
VKORC1	0	0	0	21	36	1
GPC2	1	0	0	66	113	3
KRT10	0	0	0	64	117	2
CFL1	0	0	0	30	7	0
CHN2	1	3	0	43	73	1
UBFD1	0	1	0	41	56	0
UQCRHL	0	0	0	11	30	0
KCTD8	1	1	0	40	93	3
SELE	0	2	0	59	123	3
C8orf82	0	0	0	42	60	3
SLC22A10	0	2	0	58	133	8
KRT33A	0	0	0	0	0	0
BUD13	0	1	0	52	146	5
TCP11	0	0	0	37	93	3
SLFN12	0	1	0	40	120	6
NBPF26	0	0	0	62	132	11
OR6V1	0	1	0	0	0	0
GPR22	0	1	0	26	40	2
ENSG00000272104	0	0	1	4	9	0
PLXNA2	1	7	1	230	352	6
NIPA1	0	0	0	55	46	1
CBLN3	0	0	0	25	46	3
TOMM40L	0	0	0	28	47	0
PRR36	1	1	0	112	229	0
LPIN2	1	2	0	88	162	4
USP30	0	2	0	37	92	3
PKLR	0	2	0	0	0	0
CHGB	1	3	0	66	137	7
SLC25A25	1	0	0	61	82	3
ZBTB8B	0	1	0	40	97	5
GSG1L2	0	0	0	41	75	3
YIF1B	0	0	0	43	68	2
UTRN	1	3	0	260	658	12
DBH	1	2	0	100	170	2
ZNF142	2	6	0	153	433	14
OR4X2	0	3	0	53	99	3
DTWD1	0	0	0	23	47	6
ERCC2	3	1	0	113	219	10
PROKR2	0	1	0	51	93	2
PLPPR4	1	0	0	48	84	0
TNPO3	2	7	1	67	114	3
ARHGDIG	0	1	0	51	47	0
GRK2	1	0	0	100	97	1
ISG20L2	1	0	0	28	63	1
CACNA1D	0	6	0	227	291	3
CAMSAP3	0	2	0	169	266	0
MTCH1	1	1	0	37	61	0
ENSG00000250644	0	1	0	82	80	1
C16orf89	0	0	0	53	92	6
RNPEPL1	2	3	0	132	145	3
ENSG00000256591	2	0	0	11	36	2
COG7	1	4	0	70	133	3
HMGCLL1	0	0	0	22	78	4
ATP2A2	2	7	0	110	87	1
FOXL2NB	0	0	0	20	45	0
MYT1	1	4	0	0	0	0
RPS6KA1	0	2	0	74	107	1
PRR15	0	0	0	13	39	0
CFAP119	1	3	1	31	71	1
SMARCA2	4	34	0	188	176	1
BMI1	0	3	0	20	23	0
PTPN11	0	46	0	44	56	0
LZTR1	1	18	2	129	211	13
OR52A5	1	2	0	20	75	4
GPRC6A	1	4	0	69	154	5
RSPH6A	0	1	0	98	195	5
GM2A	1	1	0	20	46	1
CLEC6A	0	0	0	15	35	3
ENSG00000283809	0	0	0	0	0	0
KLF16	0	1	0	58	52	1
TLR6	0	0	0	54	130	4
ZNG1C	0	0	0	0	0	0
PTPN18	0	1	0	59	112	5
SAMM50	0	0	0	46	100	2
SGPP2	1	0	1	55	91	1
RHOB	0	2	0	35	18	2
OGDHL	0	5	0	128	234	3
HNF1A	1	2	0	89	125	0
RAB3GAP2	1	4	0	91	223	2
PEX5	0	1	1	55	124	3
SH3YL1	0	0	0	33	71	5
CAPN3	0	0	0	87	209	8
LY9	1	1	0	44	140	7
NCAPD2	0	4	1	119	262	13
USP24	0	8	0	219	333	3
DCLRE1B	1	1	0	46	104	4
N4BP3	1	1	0	57	143	0
MAEL	0	1	0	27	84	2
PITRM1	2	4	1	141	253	13
PHOSPHO1	0	0	0	28	50	1
SLC6A3	1	2	0	0	0	0
ENSG00000289517	0	0	0	0	0	0
GABARAPL2	0	1	0	13	17	2
AASS	0	0	0	73	172	5
ARPP21	4	1	0	69	156	3
DOCK8	6	10	0	235	487	7
ZNF665	0	0	0	53	146	7
GCH1	0	0	0	27	44	0
OR6C68	0	1	0	22	77	0
TPP2	0	2	0	94	171	1
RLN3	0	0	0	18	44	6
NARF	0	0	0	49	106	2
NPPC	0	2	0	11	22	0
RAB3C	0	0	0	20	33	2
CERS2	0	2	0	36	76	2
ITK	1	2	0	53	104	2
POTEM	0	0	0	1	0	1
NLGN2	1	8	1	142	137	2
VSIG10L	2	0	0	100	168	8
MATR3	0	0	0	68	107	1
CYP2E1	0	0	0	49	107	3
SP6	0	0	0	30	70	0
ATP5PB	0	0	0	28	50	2
MOCS1	0	1	0	53	151	1
NCOA5	0	2	0	42	115	1
STX11	0	1	0	28	67	2
NPFFR1	1	3	0	53	104	3
TIMP3	0	3	0	26	17	0
AQP12B	0	0	0	43	71	2
PEX7	0	1	0	30	45	3
SLC7A5	0	0	0	95	102	0
NFKBIA	0	0	0	37	49	0
SYNE2	5	14	0	541	1298	19
RASAL3	1	2	1	108	220	6
POLD4	0	0	0	14	25	0
S100A2	1	0	0	9	21	4
CHPF	0	1	0	92	163	4
LRBA	3	6	1	213	516	14
NFXL1	1	0	0	53	151	3
OR2F1	0	0	0	30	68	4
CNOT2	0	0	0	40	48	0
WDR26	0	5	6	84	83	0
B3GAT2	0	0	0	35	66	4
ZNF431	0	0	0	23	104	4
H3-5	0	0	0	14	32	1
ATP7B	1	5	1	154	370	9
MOG	0	0	0	0	0	0
CXADR	0	0	0	32	60	1
ZNF738	0	0	0	26	56	4
NRAS	0	1	0	8	15	0
KIAA2013	0	0	0	55	83	3
APTX	3	1	0	24	66	8
TPTE	0	0	0	0	2	0
CYP17A1	0	1	0	42	78	1
NDUFC2	0	1	0	12	30	0
KLRB1	0	1	0	9	43	1
MRPS26	1	2	0	21	45	1
RHBDL3	2	0	0	43	77	2
ZNF608	0	1	0	126	245	1
CORO7	1	2	0	2	10	1
ZNF420	0	0	0	44	73	12
STAU2	0	2	0	41	95	1
RPS5	1	2	0	26	16	0
OR51I1	0	0	0	30	91	2
FREM2	3	3	0	266	675	14
FBXO32	0	1	0	29	44	1
ATF5	0	2	0	30	74	3
OR51A7	0	0	0	26	68	6
PRRG2	0	4	0	17	51	3
RPL22	0	0	0	9	13	0
PCGF6	0	0	0	18	77	2
RHOD	0	3	0	18	42	1
MYH13	1	4	0	185	429	12
ENSG00000285542	1	1	0	30	68	0
CRACD	0	4	1	121	293	3
COL23A1	0	2	0	80	132	7
H4C13	0	1	0	22	25	1
C6orf136	1	1	0	0	0	0
UTP3	1	1	1	28	71	4
NEB	4	16	1	603	1461	28
UNC93A	0	0	0	70	142	9
FAM91A1	2	1	0	48	129	2
CDKAL1	0	0	0	37	94	3
TP73	1	5	0	126	143	0
ERH	0	0	0	9	1	0
ZNF784	1	2	0	38	71	0
MEOX2	1	0	0	35	67	2
PCSK5	3	4	1	196	358	12
SCNN1B	1	0	0	79	156	4
TMEM271	0	0	0	77	78	0
SNX29	0	1	0	127	233	6
NEUROG2	3	1	0	33	53	1
ENSG00000271793	0	1	1	38	40	1
KCNMB4	1	1	0	18	15	0
C1orf115	1	0	0	23	49	1
ACADL	0	1	0	30	80	7
AKAP11	1	1	0	142	333	2
PAM	0	1	0	58	164	3
NBPF4	0	0	0	4	18	1
ENSG00000290318	0	0	0	14	6	0
FCRLA	0	1	0	39	69	6
CAPS	1	1	0	21	84	1
FNDC7	1	3	0	60	155	7
TMED3	0	0	0	25	47	3
ENSG00000291316	2	2	0	64	45	0
PLPP4	0	2	0	34	48	3
ENSG00000286905	0	1	0	44	64	3
TAMALIN	0	1	0	49	83	0
KCNB2	2	0	0	94	126	2
SMIM8	0	0	0	10	21	1
C6orf118	0	1	0	70	115	9
SYS1	0	0	0	14	23	1
MAEA	2	7	0	64	63	0
SAMD4A	0	2	1	85	145	1
RSPO3	0	0	1	17	42	1
ADCY2	0	6	0	117	129	1
KRTAP19-7	1	0	0	8	16	2
PDHX	1	0	0	48	112	2
NPIPA9	0	0	0	0	0	0
KAT5	0	3	0	75	71	1
TMEM11	0	1	0	28	25	1
TFF2	0	0	0	14	28	0
SON	0	4	4	249	424	1
EHF	0	0	0	33	38	1
ATP6V1FNB	0	0	0	26	51	5
BBS2	2	2	0	62	141	11
SLC22A15	0	1	0	43	106	6
ZNF418	0	1	0	45	127	18
PPIAL4D	0	0	0	0	0	0
CFAP43	3	1	0	124	283	11
RDH12	0	0	0	36	72	4
AARSD1	0	1	0	37	90	3
TRMO	0	1	0	29	88	4
FITM1	1	0	0	34	78	2
CCDC50	0	1	0	41	91	4
C3orf38	0	1	0	22	53	4
CDH9	1	3	0	85	132	0
PLA2G4C	0	2	0	53	142	12
BAX	0	0	0	21	45	0
SMARCC2	4	5	0	134	149	2
TBC1D15	0	1	0	60	117	5
THOP1	1	3	0	108	177	3
YPEL2	0	0	0	9	4	0
PEX11G	1	1	0	31	72	5
BCL3	0	3	0	49	84	0
ZDHHC12	2	0	0	30	69	4
NCAM1	1	4	0	98	136	0
GOLGA6D	0	0	0	1	12	0
FCGRT	0	0	1	43	52	1
ARHGEF17	2	6	0	250	489	6
PCNX2	0	3	0	210	440	13
KAT6A	1	15	18	190	331	1
SHTN1	0	1	0	42	102	3
ZNF253	0	0	0	27	83	5
KNSTRN	0	0	0	30	73	5
DEFB125	0	0	0	10	32	4
DIO2	0	0	0	0	0	0
ENSG00000272921	0	0	0	0	0	0
PUS1	0	1	0	66	103	1
NPY2R	0	2	0	42	68	1
MAPK9	0	1	0	27	45	1
NXF1	0	0	0	50	85	1
UPF1	4	10	0	158	88	0
TLCD4-RWDD3	0	0	0	9	26	1
EDIL3	0	1	0	33	76	5
SUMF2	0	0	0	24	88	2
ASPH	1	1	0	71	143	8
PIMREG	0	0	0	22	60	1
TMEM238L	0	0	0	3	18	0
BATF	0	1	0	17	17	0
POLR2J2	0	0	0	0	0	0
HAVCR1	1	1	0	40	86	4
ADRA2C	1	1	0	63	86	2
NDUFS8	0	1	0	23	48	2
THOC3	0	0	0	7	7	0
NOVA1	0	1	0	49	67	0
PZP	1	1	0	124	251	15
SPHK1	0	1	0	44	92	2
PIK3C3	0	2	0	68	108	5
LIPI	1	0	0	32	76	2
GMNC	0	3	0	30	77	1
OTUB1	0	1	0	34	42	0
OR52I2	0	2	0	29	80	1
LPAR1	1	2	0	39	45	0
COL19A1	0	2	0	84	229	7
SCAMP5	0	1	0	25	33	0
ENSG00000269711	0	0	0	0	0	0
ENSG00000288671	0	0	0	0	0	0
SLC20A1	1	0	0	43	90	3
VPS72	0	0	0	30	68	5
NPPB	1	1	0	14	32	2
KLF10	1	0	0	44	91	0
PDLIM1	1	2	0	25	67	1
KIF18B	0	0	0	98	192	2
C5orf22	0	2	0	24	69	2
PCBP4	0	2	0	54	65	0
DMGDH	0	0	0	70	138	13
ODAM	0	0	0	24	57	5
VKORC1L1	0	0	0	16	24	0
CRB2	0	6	0	208	353	7
HAPSTR1	0	2	0	40	31	0
CLN6	0	0	0	46	72	2
CLDN24	0	0	0	17	32	1
LY6G6D	0	0	0	0	0	0
HLA-DRA	0	0	0	0	0	0
NME7	0	3	0	24	79	4
ENSG00000289027	0	2	0	59	171	2
SLC41A1	1	1	0	48	81	1
RGS7	1	2	1	38	55	2
BIRC7	0	0	0	35	82	2
ENSG00000283208	0	0	0	19	43	4
ARL6IP6	0	0	0	33	75	0
ST6GALNAC3	0	1	0	26	64	4
PTPN21	0	3	1	124	239	8
ENSG00000264058	1	1	0	21	26	1
LIMD1	1	0	0	60	155	1
GINS3	1	0	0	14	42	0
LZTS3	1	1	0	88	145	1
NCR1	1	0	0	0	0	0
RANGRF	1	0	0	15	38	4
POTEJ	0	0	0	3	14	1
ENSG00000284779	0	0	0	20	29	3
POC5	1	1	0	46	116	2
DAXX	1	2	0	0	0	0
PLCE1	3	5	0	178	377	6
PLEKHA8	0	2	0	39	76	2
SOCS2	0	0	0	18	25	0
BCL2L1	0	0	0	19	25	0
SLC39A2	0	1	0	30	62	5
HAUS1	0	1	0	17	54	5
PABPC4L	1	0	0	29	66	4
FUS	1	0	0	75	79	0
POM121	0	0	1	107	192	4
VTCN1	0	0	0	21	50	2
GDPD3	0	1	0	30	67	3
NFAM1	2	0	0	29	60	2
SCAF11	0	2	0	98	262	1
TMEM231	1	0	0	34	71	1
PTH2	0	0	0	17	29	2
CD84	0	0	0	29	62	2
CDNF	0	1	0	17	37	5
HELLS	0	0	0	59	75	1
GOLGA2	0	4	1	96	216	1
SP110	0	0	0	64	135	9
IFNAR1	2	0	0	40	88	5
MRPL51	0	0	0	18	19	0
CPSF1	2	5	0	260	311	4
CACUL1	1	1	0	34	56	0
ERGIC1	0	0	0	30	48	0
ANKZF1	0	1	0	51	179	20
FAM185A	0	0	0	18	42	0
PRSS55	1	0	0	57	122	4
GUCY1A1	1	0	0	61	136	6
FGF12	0	3	0	15	20	0
SAMHD1	1	4	2	45	102	13
GGTLC3	0	0	0	0	0	0
METAP1D	0	1	0	22	70	2
TAF11L7	0	0	0	0	0	0
ISM2	0	0	0	62	122	11
RAB4B	0	1	1	28	60	1
CSTF2T	0	0	1	47	89	3
SIPA1L2	2	3	0	196	347	1
RANBP2	0	0	0	171	466	2
VPS39	0	2	0	68	125	5
LDAH	0	1	0	21	60	1
SLC15A1	0	3	0	89	151	5
GIPC1	1	1	0	56	90	1
CNBD1	1	0	0	32	96	7
AMPD1	0	2	0	51	166	5
POU2AF2	0	0	0	35	64	4
GTF2H3	1	1	0	32	47	3
RAB27A	1	0	1	19	45	2
C19orf67	0	0	0	48	66	4
UCN3	0	1	0	15	46	1
EIF4A3	0	2	0	36	35	0
PDC	0	0	0	15	41	4
CERT1	0	6	0	52	54	0
FUCA2	0	2	0	29	98	8
MOXD1	0	0	0	49	131	7
TRIM4	0	2	0	52	88	6
RALBP1	0	0	0	47	107	4
CFAP54	0	1	0	216	574	21
PRDX6	0	0	0	19	28	1
RUNX1	1	0	0	54	80	1
SOX30	0	1	0	78	164	1
GPANK1	1	0	0	0	0	0
GZMM	0	1	0	47	79	3
MYF5	0	0	0	20	49	2
KLB	2	2	0	88	176	3
PDE4D	0	9	0	63	97	1
PEDS1-UBE2V1	0	1	0	46	54	0
CNIH3	0	0	0	18	28	0
DLD	0	0	0	33	82	1
AKAP6	1	5	0	164	403	2
KCNJ4	1	4	0	72	50	0
DZIP1L	1	5	0	69	191	10
CIZ1	0	1	0	81	158	4
BOLA2-SMG1P6	0	0	0	0	0	0
ENSG00000289690	1	0	0	32	22	0
SHISA4	0	0	0	19	38	6
TP53BP1	0	6	0	132	327	2
MPV17L2	0	1	0	15	33	1
MTIF3	0	0	0	18	51	4
ZBTB21	4	0	0	114	216	1
ADAMDEC1	0	0	0	43	87	10
P3R3URF	0	0	0	6	29	3
GAB2	1	3	0	65	147	2
MEGF10	0	2	0	117	250	9
RCAN2	1	0	0	21	39	0
CA14	0	0	0	36	59	2
TRIB3	0	1	0	46	117	6
SGPL1	2	2	0	47	94	2
KRTAP26-1	0	1	0	23	50	4
ESAM	0	0	0	37	98	3
PACRG	0	0	0	35	58	4
DTX2	0	0	0	47	87	0
NR1H4	0	0	0	27	71	0
C3orf85	0	0	0	10	11	0
AMY2A	0	0	0	9	32	2
SEC31A	1	0	0	95	230	4
KMT5B	0	5	9	73	115	1
TAC3	0	0	0	14	34	0
UGT1A9	0	1	0	68	138	5
KRT18	0	1	0	32	77	0
EEF1AKMT2	1	0	0	26	51	4
RRN3	0	0	0	0	0	0
ZNF599	0	0	0	49	119	6
SERPINA2	0	0	0	5	10	0
CHD9	2	8	1	190	366	4
TUBG2	0	0	0	57	55	3
MAIP1	0	0	0	21	55	3
OMD	0	0	0	30	71	3
MXI1	0	0	0	23	54	4
WDR54	0	1	0	29	62	2
PLA2G2A	0	0	0	14	25	0
BRD4	2	7	0	200	258	0
SEC23IP	1	2	0	86	178	3
KRTAP19-6	0	0	0	6	13	1
R3HDML	0	0	0	27	70	0
SIL1	0	0	0	56	93	4
KCNAB2	0	2	0	55	76	0
HNF1B	1	2	0	1	1	0
SATB1	2	7	1	70	64	0
PIP4P1	0	0	0	27	46	0
FBXL16	3	0	0	68	66	0
CCL25	0	1	0	13	25	1
NEK7	0	2	0	20	29	2
UGT2B17	0	0	0	31	100	5
MESD	0	0	0	27	52	2
P4HTM	1	1	0	51	88	2
RBM8A	0	0	0	8	13	0
ISY1	0	0	0	25	40	0
KIT	2	3	0	97	151	1
MDC1	2	2	1	0	0	0
C5	1	2	1	132	228	7
GEMIN7	0	0	0	8	28	2
CDC25B	0	2	0	87	137	0
CSNK1A1L	0	2	1	28	69	5
RFWD3	1	0	0	80	168	4
TAF1A	0	0	0	27	71	2
NADSYN1	0	1	0	104	188	10
FST	0	0	0	27	32	0
SEPTIN12	2	2	0	62	113	4
ZEB1	1	2	0	76	144	1
CELF2	1	2	0	57	40	0
TNFRSF1B	0	1	0	50	100	1
ASH1L	2	8	2	196	419	1
SCGB3A2	0	0	0	9	13	0
PEX2	0	0	0	18	66	3
PDCD4	0	2	0	31	75	3
GATA2	0	0	0	61	75	0
TMEM89	0	0	0	19	65	0
COMP	1	6	0	67	129	5
MFF	1	3	0	14	57	0
RPP40	1	0	0	34	65	0
TBC1D16	3	0	0	112	190	2
MAFB	0	0	0	29	62	0
TMEM150C	0	2	0	17	37	0
H2BC3	1	2	0	22	35	0
HAX1	0	1	0	18	51	0
PRR18	0	1	0	46	104	3
C16orf54	1	0	0	21	46	4
ENSG00000276418	0	1	0	25	49	2
ENSG00000283563	0	0	0	15	34	1
SHOX2	0	0	0	49	73	1
RMND1	0	0	0	37	83	4
DUS3L	0	3	0	85	158	4
RFK	0	0	0	9	22	1
CENATAC	0	0	0	25	66	6
ACSS3	1	2	1	63	135	9
CBLN1	0	1	0	14	24	0
SEC14L2	0	0	0	34	71	6
SAFB	0	1	0	91	144	0
ATXN1L	0	0	1	62	142	1
HOXA2	0	0	0	48	58	1
STEAP1	0	1	0	19	48	3
ENSG00000262660	0	0	0	58	119	3
CENPU	0	1	0	37	103	1
TAF1B	1	1	0	43	114	7
ALOX12	2	2	0	65	112	7
COL4A2	1	5	0	222	330	8
ZNF594	0	0	0	69	201	9
OXT	0	0	0	12	24	0
BORCS6	0	0	0	34	74	1
PIH1D1	1	0	0	27	62	2
SRI	0	0	0	18	38	2
RANGAP1	0	1	0	80	109	1
FUCA1	1	0	0	37	88	5
SMAD4	0	11	0	43	36	0
MMP3	0	2	0	55	107	6
THYN1	0	0	0	16	48	4
AFF4	2	3	0	93	171	0
KLHDC9	2	1	0	29	59	3
NEK2	0	0	0	31	68	4
PRAMEF8	0	0	0	0	0	0
SLAMF1	0	1	0	27	64	1
GIMAP8	2	2	0	67	146	2
TNFRSF13C	1	0	0	28	30	0
OR2W1	0	0	0	0	0	0
LCE2C	0	1	0	18	39	0
LNPK	0	0	0	23	78	4
MRPL12	0	1	0	26	59	1
SPP2	1	0	0	24	44	1
CDT1	1	2	0	100	198	7
DDX54	1	1	0	115	262	5
GLG1	2	5	0	115	196	0
ENSG00000203546	0	0	0	5	18	2
ADSL	1	0	0	28	101	3
PCOLCE	0	1	0	49	82	3
CRYBG1	1	5	1	175	438	14
NUP160	0	2	0	86	272	6
RTTN	3	5	0	195	399	26
DNAJB14	0	0	0	31	55	4
SHANK1	3	5	0	307	417	1
SSU72L3	0	0	0	8	21	2
ITPRID2	2	6	1	91	247	5
ALX4	1	1	1	58	96	2
GOLGA6A	0	0	0	11	38	1
ITGA9	2	2	0	112	204	3
TSC2	0	10	2	327	461	0
GALNT9	1	3	0	110	174	5
MAP2K1	0	13	0	32	36	1
DET1	0	4	0	64	109	1
PSG1	0	0	0	68	168	4
RAB11FIP2	0	0	1	45	87	2
MED18	0	0	0	18	39	2
KCNA10	1	2	0	55	131	0
DEXI	0	0	0	11	19	0
RABL2B	0	0	0	8	15	0
HERC6	1	0	0	81	191	10
TAS2R42	0	1	0	0	0	0
FBXO7	1	1	0	35	123	1
C10orf71	0	2	0	144	348	7
AIM2	0	1	0	20	45	3
ATXN2L	3	3	0	146	210	3
VAT1L	0	2	0	43	86	4
VPREB1	0	1	0	21	39	2
MYLK4	0	0	0	39	72	3
SBK2	1	0	0	54	99	6
POM121L12	2	3	0	53	116	1
OAF	0	1	0	29	64	1
RAC2	0	0	0	22	19	0
PIGB	0	0	0	38	82	3
TDRD15	1	3	0	121	332	10
SLC23A1	0	1	0	59	96	1
NTM	0	0	0	49	59	0
PPP2R5B	0	1	0	43	70	0
HNRNPK	0	5	1	37	35	0
HOATZ	0	0	0	19	40	5
TRAF3IP3	0	1	0	37	89	6
AKR1E2	0	0	0	27	78	4
HIF1A	0	2	0	55	118	3
NDE1	1	0	0	0	0	0
KRBOX5	0	0	0	8	24	0
HADHA	0	0	0	58	126	2
FOXRED1	1	0	0	51	102	8
P2RY13	1	0	0	23	68	2
BICRA	4	5	1	280	353	1
PRNP	1	0	0	33	43	2
MPO	0	2	0	76	180	5
FGFR3	5	15	0	177	220	1
STOX2	1	1	1	93	169	1
GCSAM	0	2	0	10	32	2
SPTAN1	2	25	2	256	312	2
RABEP2	1	3	0	64	129	3
KATNAL2	0	0	0	45	108	8
IGFL3	0	0	0	16	26	0
PCP4L1	0	0	0	8	15	2
DNAJA2	0	0	0	27	54	0
COL22A1	3	4	0	159	391	13
PCDHB2	0	0	0	64	129	4
EMC2	0	2	0	17	49	2
DHDDS	0	9	0	27	67	2
TAF11L5	0	0	0	0	0	0
FCN2	0	1	0	41	80	6
CFAP410	0	0	1	44	83	2
ZNF106	1	4	0	136	351	6
EPS8L2	1	2	0	107	196	6
ZNF567	0	0	0	29	97	4
HSD17B8	0	1	0	0	0	0
ATOSA	1	2	0	79	168	3
SPATA12	0	0	0	17	34	3
PLD4	1	2	0	49	122	9
CDC42EP2	0	0	0	25	50	1
FAAP100	1	2	1	138	221	7
CASP2	1	0	0	46	77	0
SLC29A1	1	1	1	46	92	0
TRHR	1	0	0	32	62	2
APOE	0	0	0	39	80	2
KCNA7	0	0	0	60	122	3
OR1J2	0	1	0	40	59	1
OR5AC2	2	1	0	41	73	4
EPHA1	2	1	0	112	254	11
ROBO4	0	1	1	103	251	8
CYP2S1	0	1	0	63	108	4
RAB38	0	0	0	16	45	1
CADPS2	1	3	0	96	218	4
ASZ1	0	1	0	30	101	2
BPIFA3	0	1	1	23	71	4
LINGO4	0	2	0	48	113	6
ALOX5AP	0	1	0	16	25	0
FHOD1	0	1	2	108	266	11
KRT28	1	0	0	42	111	6
EIF5AL1	0	0	0	0	4	0
VPS11	0	3	0	85	159	0
RRH	0	0	0	26	85	3
SUN5	0	2	0	31	76	4
ENSG00000285708	1	18	11	68	81	1
TAS1R2	1	2	0	125	240	11
ADI1	0	0	0	7	21	1
LARP4	0	2	0	44	116	1
ENSG00000283205	0	0	0	10	14	2
LRRTM1	0	4	0	59	69	0
PYCR2	0	1	0	42	61	2
BORCS8	0	0	0	17	32	0
MUC21	0	2	0	0	0	0
ST6GAL1	0	0	0	37	59	2
FAR2	0	0	0	41	81	1
COQ10A	1	1	0	21	57	2
ZBTB45	0	0	0	93	127	3
MAMDC2	0	1	0	19	32	2
CCDC91	0	1	1	37	79	2
SLC5A10	1	4	0	89	149	6
ICAM4	1	0	0	24	43	1
PROM1	0	3	0	71	169	7
ENSG00000284773	0	0	0	8	9	0
KCTD16	0	0	0	42	63	0
PFDN5	0	1	0	11	35	0
ACAP1	1	3	0	62	129	4
MREG	0	2	0	24	42	1
TTLL11	1	0	0	69	139	0
IGF1	0	1	0	16	24	0
HCRT	0	0	0	11	34	0
VAX2	1	0	0	33	99	0
ZNF525	0	0	0	34	98	6
UBE2E3	0	0	0	12	12	0
CHGA	1	1	0	0	0	0
ADPGK	1	1	0	41	96	5
ENOPH1	0	0	0	24	35	0
TTC34	1	0	0	45	91	4
KRTAP3-1	0	1	0	0	0	0
ZFP69B	0	1	0	44	83	8
VILL	1	3	0	81	177	11
FBXW5	1	7	0	137	259	8
PRAMEF11	0	0	0	33	108	3
CNST	3	4	1	62	128	2
PRAMEF27	0	0	0	0	0	0
CAPN14	0	2	0	79	148	7
GAS1	0	0	0	47	87	1
OR3A2	0	0	0	20	28	2
SEC24D	0	1	0	90	160	0
OR11H7	0	0	0	0	0	0
MTARC1	0	1	0	37	75	3
DNAJB2	0	0	0	29	66	1
MYH7	1	6	0	250	289	6
CHRNA9	1	1	0	49	106	6
ENSG00000188223	0	0	0	3	4	0
IK	0	4	0	23	68	4
ENSG00000273047	0	0	0	0	0	0
ACOT6	0	0	0	32	92	1
MINDY1	1	0	0	43	88	7
ENSG00000289724	0	0	0	0	0	0
STX12	0	1	0	21	50	0
TBX1	1	4	0	90	114	0
AADAT	1	3	0	29	46	1
TRIM73	0	0	0	0	0	0
PKD1	2	5	1	877	1308	4
DHX34	3	3	0	176	313	12
ZDHHC14	0	2	0	58	91	1
TAPT1	1	0	0	47	94	0
SAP30L	1	0	0	13	34	1
ENSG00000284461	0	0	0	22	39	1
SPATA17	0	1	0	35	81	5
GBP6	1	0	0	57	129	7
ENO1	1	3	0	44	86	2
SMG9	0	0	0	57	90	11
HSDL2	0	1	0	30	62	0
STRN	0	1	1	79	131	0
PRPF3	0	6	0	50	59	0
FSHR	2	6	1	57	140	4
PRRT2	0	0	0	22	92	0
BRAP	1	0	0	55	97	3
SNRNP200	2	11	0	179	219	3
ZNF28	0	1	0	51	149	10
ENSG00000257411	0	0	0	13	10	0
CPXM1	0	1	0	93	152	2
C1QTNF6	0	1	0	43	67	0
HMGB4	0	0	0	13	57	3
CD82	1	0	0	48	65	4
SEMA4D	0	1	0	91	169	1
PSMB2	0	2	0	16	36	0
SEPTIN3	1	1	0	77	137	1
ZNF527	0	0	0	43	107	5
NOL6	1	4	0	112	280	3
NPEPL1	1	0	0	86	137	3
SH3GLB2	0	3	0	52	70	2
ALDH5A1	0	0	0	56	113	4
SLC18A1	0	4	0	69	157	3
LIMA1	0	0	0	48	117	8
ANHX	0	2	0	48	115	1
ASPG	2	3	0	101	146	4
TTC14	0	2	0	55	121	3
DEDD	0	2	0	22	37	0
CD300LD	0	0	0	18	38	0
HAS1	0	2	0	66	163	9
LIN9	0	1	0	23	66	1
PPP6R1	0	3	0	131	210	1
ADPRS	0	0	0	39	85	2
CYFIP2	4	4	0	133	109	1
OR5K2	0	0	0	26	59	2
DND1	0	0	0	33	59	0
NPAS2	0	2	0	98	136	2
LLPH	0	0	0	7	26	0
SLC24A1	0	2	0	93	199	8
MRPS27	1	0	0	39	83	6
COL4A3	2	5	0	132	280	11
SGO1	0	1	0	36	110	4
MSANTD7	0	1	0	23	70	0
COQ9	0	0	0	26	69	1
ADARB1	0	3	0	74	83	1
PIWIL1	0	2	0	0	0	0
SIGIRR	0	2	0	66	94	3
ENSG00000288725	1	1	0	32	69	5
CDC20B	0	1	0	39	92	3
SLC25A37	0	1	1	39	72	2
PPP6C	0	1	0	24	22	0
CENPA	0	1	0	9	19	0
CXCL16	1	0	0	24	46	1
AXL	0	2	0	85	186	0
TMEM116	0	1	0	24	58	4
ZNF302	0	0	0	35	99	4
FCRL1	0	0	0	47	97	2
ENSG00000255835	0	1	0	34	50	2
SLC26A8	1	1	0	93	174	12
AP1S1	1	0	0	25	18	1
CCDC166	0	0	0	0	0	0
AFAP1L2	1	0	0	106	179	3
SMN2	0	0	0	0	0	0
NET1	0	2	0	47	108	6
NPIPA7	0	0	0	0	0	0
USB1	0	0	0	32	59	1
CPNE9	0	3	0	46	82	4
SCYGR1	0	0	0	17	22	3
DBNL	1	1	0	37	97	1
PANK3	0	0	0	21	41	2
AKR7A3	0	0	0	54	89	2
HOXA5	0	1	0	25	30	0
TXNRD1	0	0	0	0	0	0
OGFRL1	1	1	0	40	70	3
CPA6	1	2	0	37	98	6
HS1BP3	1	3	0	56	102	2
HINT1	0	0	0	6	23	0
ENSG00000257524	0	1	0	41	81	2
HES1	0	0	0	33	53	1
IL31RA	2	4	0	58	139	8
OR52W1	0	0	0	33	67	2
CYB5B	0	0	0	17	23	0
OR5M3	0	0	0	26	70	6
TOP1	0	1	0	48	58	0
LBH	0	1	0	14	16	0
AGPAT3	1	2	0	63	48	1
CCDC179	0	0	0	7	22	2
KRTAP10-11	0	0	0	54	95	2
PNMA8C	0	0	0	22	35	1
PRR5	1	2	0	67	115	1
PAPPA	2	4	0	170	313	3
DNAJC21	0	1	0	50	114	4
DDR1	0	2	0	6	7	0
ADD2	1	1	0	80	123	0
H3C3	2	0	0	45	23	6
CTNNA1	1	4	0	82	104	3
H2AC16	0	1	0	26	35	1
SLC27A1	0	2	0	89	133	5
BUB1	2	2	0	73	170	5
SPTLC1	0	1	0	23	75	2
ETS1	1	1	1	40	60	1
KNOP1	0	1	0	45	109	5
CDKL4	0	0	0	24	55	4
FXYD7	0	0	0	7	14	0
EIF4E3	0	1	0	31	48	3
TMEM107	0	0	0	16	21	1
ATP5F1E	0	0	0	5	12	0
ARPC2	0	0	0	25	29	0
KPNA1	1	2	1	43	52	1
SPATA1	0	0	0	17	64	9
DEFB103A	0	0	0	0	0	0
STX6	0	0	0	24	47	2
MS4A12	0	0	0	24	58	2
CLDN19	0	1	0	27	40	2
SLC22A6	0	2	0	60	118	7
LPIN1	1	0	0	103	174	5
CDX2	1	0	0	38	56	0
ZWILCH	0	0	0	44	115	5
CTC1	0	5	0	100	246	12
WNT16	0	0	0	29	83	1
OR1I1	1	1	0	33	80	1
ENSG00000288570	0	0	0	6	7	0
DRC1	1	4	0	65	157	7
DPPA5	0	0	0	10	21	2
ENSG00000288698	0	0	0	15	23	0
CTSB	1	1	0	85	143	4
DCSTAMP	0	0	0	48	85	2
LGMN	0	1	0	50	86	1
MUCL3	0	2	0	0	0	0
CTAGE9	0	0	0	6	15	0
NUBP1	0	0	0	37	78	2
CFL2	0	0	0	6	20	0
UTS2R	0	1	0	55	98	6
HELB	0	3	0	85	203	7
N4BP1	0	4	0	52	124	0
WWOX	0	1	0	86	177	5
KCND3	1	10	0	88	76	0
ADAD1	0	0	0	51	94	3
TAF4B	0	2	0	68	159	1
LSM1	0	0	0	6	20	1
IRF2	1	2	0	35	39	0
NGRN	0	0	0	32	61	3
DDX47	0	0	0	39	109	7
ENSG00000285404	0	1	0	47	94	3
CHST4	0	0	0	35	95	5
RNF150	2	0	0	42	87	1
COQ8B	0	4	0	52	116	4
YWHAZ	0	0	0	16	7	0
ADIPOQ	0	0	0	27	54	2
SDCCAG8	0	0	0	0	0	0
ENSG00000288564	0	0	0	17	57	1
MALSU1	0	1	0	30	55	3
PRRX1	0	1	0	21	43	1
IL24	0	0	0	14	36	1
IGSF10	2	5	0	208	543	25
CABP4	2	1	1	41	96	7
SH2D6	1	0	0	32	73	4
ENSG00000258989	0	0	0	0	0	0
RETN	0	0	0	9	18	1
OLIG1	0	0	0	45	56	0
KCNJ1	0	0	0	27	81	5
ADAM17	0	1	0	48	123	0
FAM72B	0	0	0	2	4	0
TBX6	0	3	0	59	98	3
GMPS	0	1	0	36	88	0
OR7E24	1	2	0	20	58	1
NDUFB1	0	0	0	1	10	0
CSPG4	1	2	0	261	528	12
OGFOD3	1	1	0	43	81	1
SPACA4	0	1	0	18	26	0
DENND2D	0	3	0	44	87	4
DEGS1	0	0	0	18	42	2
PHKG1	0	1	0	53	119	4
CFAP300	1	0	0	21	48	3
SMOC1	0	1	0	44	91	1
DCT	0	0	0	41	122	12
TNNI2	0	3	0	34	33	1
NUB1	1	0	1	55	109	2
ENSG00000286224	0	0	1	2	21	1
HDGF	0	1	0	34	43	0
C2orf68	0	1	0	15	48	1
BMPR2	0	3	1	53	148	1
UBE2J1	0	1	0	32	51	1
CASP6	0	1	0	20	55	2
PDE9A	0	5	0	74	123	3
NEK8	1	3	0	69	144	6
ZC3H12A	4	0	0	76	114	3
RGS8	0	0	0	13	18	0
MYO7B	3	4	0	267	532	13
MAGI2	1	0	0	166	275	1
FPGT	1	1	0	42	118	4
PABPC1L	1	2	0	77	140	3
ESCO2	1	1	0	43	101	0
FGFR1	0	6	0	91	128	1
RGS9BP	0	0	0	34	43	1
AP2S1	0	4	0	18	3	0
CEP72	1	1	0	60	155	2
TTLL5	1	3	0	109	280	9
SLIT1	1	4	0	179	288	4
EGR2	1	2	0	47	63	1
ZBTB8A	0	1	0	32	73	2
TXNL4B	0	0	0	7	30	0
PSMD13	0	0	0	35	68	1
SGPP1	0	3	0	48	86	2
TMEM104	0	1	0	74	135	5
SCAMP3	0	1	0	0	0	0
GLUL	1	3	0	32	43	0
PIP	0	1	0	13	41	0
APC2	2	8	0	333	611	0
ARHGAP20	0	3	0	82	190	5
ODAD3	2	1	0	56	101	4
ZNF580	1	1	0	18	38	0
ENSG00000272896	0	0	0	4	11	0
ZNF48	0	2	0	57	111	3
TENT4B	0	0	0	64	83	0
ATP5F1B	3	5	0	36	55	0
TMBIM4	0	0	0	19	45	0
CIAPIN1	0	0	0	29	64	2
ADK	0	0	0	29	40	0
DZIP1	0	3	0	65	174	7
TMEM222	0	0	0	25	45	2
ENSG00000285791	0	2	0	19	50	1
RBM43	0	0	0	19	64	1
TJP3	0	3	0	152	346	9
GCDH	1	0	0	56	105	2
TRIML1	2	2	0	52	107	3
BAZ1B	0	3	0	131	168	2
ENSG00000262302	0	0	0	5	14	0
LIN28B	0	1	0	25	27	1
CX3CL1	1	2	0	76	87	0
TTC23	1	0	0	53	96	4
C17orf78	0	1	0	0	0	0
ABCC8	2	5	0	192	299	8
GPATCH11	0	1	0	17	56	6
OR5W2	0	1	0	21	68	2
DEFB124	0	0	0	7	14	2
ITIH4	0	3	0	89	195	3
FBXO22	0	2	0	28	56	0
NOL4L	0	3	0	98	96	0
MIURF	0	0	0	5	29	2
GFRA2	0	2	0	72	121	1
YPEL5	0	1	0	12	8	0
TRIB1	1	1	0	49	105	3
TMEM179B	0	0	0	20	56	2
KCNJ5	1	0	0	36	76	3
NANOS2	0	0	0	20	27	0
HNRNPD	1	2	0	25	42	0
TRPM8	1	2	0	122	223	7
GPR153	2	2	0	97	180	2
ATF7-NPFF	0	1	0	36	56	0
COMMD6	0	0	0	10	18	0
SLC22A12	0	2	0	69	131	1
RETNLB	0	0	0	19	37	0
XXYLT1	0	2	0	55	109	4
ESYT3	0	1	0	84	197	14
ELMOD1	0	1	0	25	58	2
ANK3	5	12	3	371	696	1
DEPTOR	0	0	0	36	90	3
OR5AR1	0	1	0	39	74	4
HAUS6	0	1	0	70	182	9
MSMP	0	0	0	9	29	1
KSR2	0	3	0	101	154	1
LDHAL6B	0	0	0	44	103	4
ERBB2	1	5	1	126	206	1
ACTL6A	0	2	0	21	40	0
SELENOH	0	0	0	0	0	0
OR6X1	1	0	0	33	51	3
ENSG00000259753	0	0	0	0	0	0
ZNF740	0	3	0	22	21	0
HRCT1	0	0	0	14	51	1
TAF8	1	1	0	32	82	4
CPSF2	0	0	0	48	83	2
RAD17	1	0	0	3	7	0
FARP2	0	2	0	106	266	11
GRAMD1C	1	0	0	46	90	10
ITGB7	2	2	0	100	160	5
LZTFL1	0	0	0	12	38	3
ALDH3B1	2	1	0	74	138	3
SCP2	0	1	0	37	59	3
KRTAP4-4	0	0	0	19	42	1
PANX1	0	0	0	43	79	4
C2CD5	3	2	0	69	141	12
C1orf94	0	1	0	59	131	5
CAPN11	0	2	0	69	182	6
SYDE1	0	2	0	88	159	4
CALML6	0	0	0	26	42	1
OSBPL2	1	0	0	59	67	0
TIGIT	0	2	0	25	46	1
PGLYRP1	0	0	0	16	47	1
SLC25A15	0	1	0	36	60	2
ENSG00000256407	0	0	0	7	26	4
ARTN	0	0	0	22	48	0
UBE2W	0	0	0	7	8	0
TBC1D13	1	1	0	38	52	3
PTGER4	0	2	0	50	58	1
MMP20	1	1	0	49	112	8
TIRAP	0	0	0	26	63	4
CKS1B	0	0	0	2	4	0
SYNGR4	0	2	0	26	52	4
UBR5	3	11	2	177	262	0
NUDT5	0	0	0	28	35	1
LGALS8	0	1	0	27	71	2
TAT	1	1	0	34	94	2
DHX33	1	1	0	79	145	8
TNFSF13B	0	1	0	19	33	0
NENF	0	1	0	26	33	2
KCNA5	0	0	0	83	122	3
TNRC18	4	10	0	610	877	1
SIPA1L1	1	3	1	156	286	2
ORMDL2	0	0	0	11	32	0
GMDS	0	2	0	32	44	2
KANK4	2	1	0	111	214	5
MMRN2	1	2	0	88	191	6
CENPS	0	0	0	17	21	3
SMCO2	0	0	0	32	69	8
YES1	0	4	0	35	86	5
CHST13	0	3	0	49	92	2
TPM4	0	1	0	24	34	1
BRDT	0	2	0	49	160	3
TPRA1	0	1	0	45	92	0
DCAF1	1	2	0	109	143	0
FAXC	1	1	0	32	71	0
ZC3H11B	0	0	0	5	22	1
ADIPOR1	1	1	0	30	42	0
RGS17	0	0	0	12	30	0
VWC2	2	0	0	42	60	1
CHTF8	0	0	0	13	16	0
XIRP2	1	3	0	252	719	32
NLRP10	0	3	0	0	0	0
ZNF415	0	0	0	32	103	0
GAS2L1	0	1	0	74	187	1
CCT6A	0	0	0	50	73	0
TENM3	1	9	0	236	460	4
PCDHGA12	1	1	0	75	185	8
ISCA1	0	0	0	11	18	1
SLC25A29	0	0	0	42	79	0
SAFB2	1	2	0	103	192	1
THAP12	0	0	0	28	60	1
HS3ST1	0	1	0	43	78	0
SP7	0	1	0	42	82	1
RPS11	0	0	0	16	21	0
FAM43B	0	0	0	29	62	0
HOXA1	0	1	0	39	67	1
SERPINA9	0	1	0	48	98	4
TEK	0	3	0	97	214	3
LILRB2	0	0	0	1	0	0
AZIN2	0	1	0	48	103	3
PA2G4	0	0	0	25	19	0
TAF5	1	0	2	79	115	4
OLFML1	0	0	0	33	77	3
C2orf78	0	2	0	62	155	6
KIF1A	0	46	0	267	322	4
TMEM176A	0	0	0	28	56	0
PTH1R	1	3	0	49	110	0
CNTNAP3	0	0	0	41	61	1
RASGEF1C	1	0	0	58	78	3
SPRED3	1	1	0	51	100	2
TNFAIP3	1	3	0	70	151	0
VTI1B	0	1	0	16	62	2
TMEM161A	0	1	0	61	129	8
MRPS5	0	1	0	50	91	2
H3-7	0	0	0	12	20	0
VPS28	0	2	0	30	38	3
ITPKA	0	1	0	50	76	1
SPATA5	1	2	0	58	169	9
BAALC	0	0	0	17	31	1
NEUROD2	0	2	1	35	46	0
TXNL1	0	0	0	20	39	1
SRSF11	0	0	1	36	60	0
CLUL1	0	0	0	35	76	3
TTC26	0	2	0	38	95	1
PTCHD4	1	0	0	78	172	2
ENSG00000288681	0	0	0	0	0	0
ENSG00000280778	0	0	0	2	12	0
MFSD4A	0	0	0	54	85	2
CCDC60	1	2	0	45	134	4
LYSET	0	0	0	0	0	0
IGDCC4	1	2	0	144	248	4
FNTA	0	1	0	35	68	3
P2RX4	0	2	0	56	90	3
IFT20	0	0	0	6	18	0
EXOSC4	0	0	0	29	57	1
KRTAP2-2	0	0	0	0	1	0
GINS1	0	0	0	9	37	2
PAX5	0	0	0	40	66	0
VNN1	0	0	0	45	119	6
SUPV3L1	0	1	0	66	132	4
GRHL3	0	0	0	58	121	1
METTL21C	1	2	0	25	56	4
NPFF	0	1	0	9	25	1
CNIH1	0	0	0	13	13	0
PIK3CA	0	15	0	63	73	1
TIMM8B	0	0	0	9	18	0
G3BP1	1	3	0	34	70	5
IARS2	0	1	1	86	165	2
PLN	0	0	0	4	6	1
HEMGN	0	1	0	37	78	9
SHISA3	0	0	0	21	44	4
DCAF4L2	0	0	0	37	70	3
ICOS	0	0	0	22	23	0
KIF2B	0	1	0	67	175	6
TMEM201	3	4	0	97	168	1
ODAPH	0	0	0	13	35	1
SAC3D1	0	0	0	46	87	3
KCNAB1	0	1	0	30	50	2
CLCN2	0	1	0	102	218	5
ZC2HC1A	1	2	0	18	62	3
CERS6	0	2	0	29	68	1
OR5H1	1	2	0	24	72	2
ARL6IP4	1	1	0	35	66	3
ZNF358	0	4	0	68	102	0
SLC35A3	0	1	0	25	39	2
EML6	2	6	2	246	485	16
HRG	0	1	0	33	105	5
HMGXB3	2	3	0	119	221	0
PKIA	0	0	0	1	2	0
OR2J2	0	0	0	7	15	0
MTERF4	0	1	0	34	79	3
TTC39A	0	2	0	58	93	0
SESN1	0	0	0	46	79	3
HOXB9	0	0	0	26	56	4
CSF2RB	3	3	0	116	195	3
CRABP2	0	0	0	19	27	1
FANCM	3	4	0	134	389	11
HAGHL	1	0	0	44	81	2
OR6F1	1	0	0	20	65	1
CYBC1	0	1	0	23	51	0
CTNNAL1	1	2	0	52	114	4
SSU72L2	0	0	0	4	5	0
EARS2	1	0	0	56	127	3
OSCP1	0	2	0	35	68	5
ZYG11A	0	3	0	61	137	5
GNL1	0	1	0	0	0	0
APOBR	0	1	0	128	275	7
CASP9	0	0	1	33	99	3
KCNJ3	0	2	0	39	34	0
GJE1	0	0	0	22	53	2
CNNM1	0	1	0	113	160	3
ISYNA1	0	2	0	78	112	1
ACTBL2	0	0	0	31	92	7
CAAP1	0	2	0	33	79	0
OR10AD1	0	0	0	31	75	2
PRPF19	0	3	0	41	42	0
H2AC13	0	0	0	7	5	0
TMCO1	0	0	0	10	28	5
GNAI1	0	11	0	37	38	0
MSRA	2	0	0	35	94	5
SURF6	0	1	0	51	124	7
TRIAP1	0	0	0	3	11	0
LIN28A	0	0	0	17	23	0
ZSWIM8	1	7	1	182	247	0
COG8	4	0	0	64	144	3
BABAM1	2	0	0	40	64	2
SPCS1	2	1	0	9	18	1
CSNK1G3	0	2	0	25	48	0
MRPL52	0	0	0	10	27	1
SEL1L	1	2	0	69	123	0
SETD7	0	1	0	30	59	1
PDCD6-AHRR	0	0	0	9	14	1
MAN2C1	3	3	0	125	246	13
TAGLN3	0	0	0	17	24	1
DHX30	0	7	0	145	115	0
KCNK18	0	2	0	46	78	3
SLC35C1	0	0	0	51	64	1
MOSMO	0	1	0	9	28	1
MTLN	0	0	0	9	18	0
WFIKKN2	1	1	0	97	146	3
EPN2	1	1	0	69	128	2
LAMA1	7	14	1	349	706	18
PDGFRB	0	3	0	131	230	3
B3GNT3	1	0	0	38	71	2
SLC12A6	1	3	2	89	146	4
ZNF606	0	3	0	56	110	2
TMED5	0	0	0	12	34	1
ENSG00000286001	0	0	0	56	68	2
MILR1	1	0	0	30	75	7
ATP12A	2	0	0	117	203	4
PELO	0	0	0	30	63	2
SPDYE14	0	0	0	0	0	0
SPDYE4	0	0	0	25	72	4
ABCB4	0	0	0	104	186	11
SPRR2A	0	1	0	0	0	0
AFAP1	1	3	0	130	204	0
EPSTI1	0	0	0	26	68	4
C1orf116	0	0	0	54	152	2
WNT9A	0	2	0	75	107	1
GUCA1C	1	0	0	18	42	4
RPP21	1	1	0	0	0	0
TMEM254	0	1	0	13	33	2
CDH17	1	0	0	83	159	7
ACYP2	0	0	0	8	43	2
HSP90AB1	2	3	0	98	99	0
LCOR	1	3	0	124	275	1
IGHMBP2	2	3	0	126	249	8
SLC38A11	0	1	0	33	92	2
TAGAP	0	1	0	78	124	1
NCR3LG1	1	0	0	37	99	5
C4orf17	0	2	0	34	53	4
NUSAP1	0	1	0	32	99	2
ZNF688	0	0	0	35	52	3
GPR52	0	1	0	27	49	2
SULT1C3	0	0	0	19	82	2
CXCL3	0	0	0	13	20	1
KLHL8	0	1	0	35	101	4
CELF3	1	0	0	57	55	0
ENSG00000254673	1	0	0	2	6	0
EDF1	0	0	0	18	13	0
OOSP2	0	1	0	12	35	0
LMNA	0	3	0	71	122	3
RTRAF	0	0	0	16	43	1
ENSG00000289503	0	0	0	0	0	0
PRAMEF25	0	0	0	0	0	0
PSMD14	2	2	0	16	11	0
GLRX	0	0	0	10	20	2
ID1	0	0	0	32	59	0
NBPF6	0	0	0	5	15	0
RXRA	0	3	0	68	63	0
ARRB1	0	2	0	59	88	2
GOT1	3	0	0	32	47	1
TCHP	0	0	0	54	119	11
NPTXR	1	1	0	68	126	0
ST13	0	0	0	23	58	1
GRIP2	0	2	0	152	260	2
YIPF2	0	1	0	35	78	3
RSPH3	0	0	0	32	86	0
AGA	0	2	0	29	72	3
RPRM	1	0	0	17	24	0
OR2AK2	0	0	1	35	64	2
TMCO2	0	0	0	12	23	3
HLA-DOA	0	0	0	0	0	0
TFAP2B	1	5	0	38	67	0
NOS3	0	4	2	167	265	5
SPAG16	0	1	0	42	136	5
ZNF705G	0	0	0	31	103	3
SLC17A6	0	1	0	50	65	1
HIPK3	1	3	0	82	213	2
OR8A1	1	0	0	35	67	0
TEX26	0	2	0	23	62	5
ZNF385C	1	1	1	52	129	4
B4GAT1	0	1	0	57	59	2
DSTYK	1	4	0	76	153	0
SLC2A12	0	4	0	63	96	2
ASAH2	0	0	0	57	115	6
SPATA13	2	6	0	130	292	5
H3C6	1	0	0	39	39	2
STT3A	0	1	0	50	70	1
CDK6	0	0	0	36	28	0
PRORP	0	0	0	44	98	5
CA5A	0	0	0	49	77	2
SPRR4	0	0	0	4	15	2
ZGPAT	0	3	0	77	118	4
TMEM82	0	3	0	52	97	2
PTPRZ1	1	7	0	157	409	1
LINC02218	0	0	0	24	62	1
ENSG00000268107	0	0	0	12	18	0
BPTF	3	7	3	228	416	2
C11orf86	0	1	0	20	25	3
SCN3B	0	0	0	28	44	0
IL6ST	0	3	0	57	152	0
SPPL2B	2	2	0	121	184	3
XYLT2	0	4	0	105	172	3
C4orf3	0	0	0	2	10	0
NIPAL3	1	0	0	58	74	3
ADGRF1	0	1	0	85	185	6
DPM2	0	0	0	9	21	0
CTU1	1	0	0	55	95	0
LARGE1	2	3	0	82	134	1
SLFNL1	1	4	0	71	131	3
MTHFD1	0	0	0	66	156	3
ECM1	1	2	0	40	122	3
GRAP	0	0	0	8	23	0
METTL5	0	0	0	15	42	0
ACOX3	1	2	0	102	208	6
SLX4IP	0	1	0	33	66	4
MLXIPL	0	2	0	104	186	5
C1orf122	0	0	0	13	26	2
ANKRD36C	0	0	0	99	265	2
PPP3CB	0	1	0	36	41	0
COL14A1	0	1	0	150	306	13
PCDHGA10	0	1	1	73	181	5
UBB	0	0	0	49	6	1
ENSG00000283515	0	1	0	7	16	4
DRG1	0	0	0	21	42	1
ZNF71	0	1	0	63	117	4
UBE2D4	0	0	0	9	21	0
HSD17B3	1	0	0	31	59	3
CR2	1	0	0	92	223	12
CNTN1	0	3	0	85	145	2
CEPT1	0	0	0	28	52	1
TOGARAM1	1	1	0	125	288	6
ZNF557	0	1	0	45	77	3
BTF3	0	1	0	17	29	2
TAPBP	1	1	0	0	0	0
CEBPG	0	0	0	15	38	0
HTR1D	1	0	0	31	94	3
PPIAL4F	0	0	0	0	0	0
KRTAP20-2	0	0	0	2	11	1
IQCC	1	1	0	32	98	7
D2HGDH	2	2	0	80	150	3
ATP6V0B	0	1	0	18	23	0
DOCK9	5	11	0	204	336	1
GABRB1	0	1	0	42	55	0
ANKRD34A	1	0	0	37	63	0
PCSK9	1	1	0	103	164	5
DBP	0	2	0	43	75	0
IRF9	0	0	0	30	47	1
RBM48	0	0	0	26	68	2
ACRV1	0	0	0	20	40	3
DCTN1	2	2	1	129	224	3
TKTL2	2	1	0	48	134	7
GOLGA6L24	0	0	0	0	0	0
ENSG00000264324	0	0	0	18	39	1
GSTO1	0	1	0	19	44	1
ZNF354A	0	0	0	48	103	8
MRPS25	0	0	0	18	28	4
CROCC2	0	1	0	203	542	20
MANEA	1	0	0	24	106	4
NPIPB9	0	0	0	0	0	0
ZBTB26	0	0	0	23	47	0
H3C8	0	1	0	27	33	2
BAP1	1	5	0	77	115	2
HEYL	1	2	0	32	91	1
TMEM97	0	0	0	15	29	0
IFI44L	0	3	0	39	117	3
IL16	1	0	0	126	256	6
SIN3B	1	3	0	156	191	1
SLC17A4	0	2	0	47	106	6
SENP3	1	1	0	49	85	0
ARL2-SNX15	0	1	0	8	19	0
DGCR6L	0	0	0	22	49	4
XCL2	0	0	0	9	25	0
PTPRF	1	9	0	269	445	2
SCN2A	1	54	9	158	169	0
SPOUT1	0	0	0	45	86	4
HACD3	0	0	1	17	66	1
OR2F2	0	0	0	38	73	2
NUDT7	0	1	0	29	50	4
TNRC6C	0	3	0	185	347	1
CCDC13	2	2	0	62	157	5
STXBP5L	1	3	0	84	185	3
MARCHF3	0	3	0	24	49	0
PRKN	0	0	0	47	133	1
KEL	0	3	0	0	0	0
RHBG	0	0	0	56	101	4
PCDH8	0	0	0	121	227	5
OR4M1	0	0	0	27	87	3
OR6C4	0	0	0	27	77	2
FANCG	0	0	0	47	114	6
TVP23C	0	0	0	11	18	0
UNKL	2	1	1	175	226	3
ACTR1B	0	0	0	49	96	2
GNGT2	0	1	0	5	12	0
FBXL13	1	0	0	59	146	7
IQCK	0	0	0	27	58	1
RALY	0	1	0	40	78	3
TUT4	1	1	0	105	219	4
TM4SF5	0	1	0	23	31	1
GRIN3B	1	1	0	197	378	9
ERO1B	0	2	0	33	85	4
OPN1SW	0	1	0	44	94	1
KCNH4	2	2	0	119	181	3
NAV1	2	4	0	175	357	0
PRLR	1	0	0	54	107	1
POLK	0	0	0	56	135	5
CD72	0	0	0	20	53	2
OR52R1	0	0	0	26	87	3
MYO1B	0	2	0	85	155	4
USP28	2	1	0	84	210	13
RASGRF2	1	3	1	109	168	5
SLC52A2	0	1	0	75	109	2
PPP1R16A	1	1	0	85	133	1
CTSZ	0	0	1	33	66	7
FGR	0	0	0	55	61	1
IL1R2	1	3	0	45	95	5
ZNF554	0	1	0	58	129	6
TMEM203	0	0	0	14	16	0
TLL2	1	0	0	109	238	8
HDAC3	1	3	0	32	31	0
FAM221B	0	1	0	32	83	8
SENP3-EIF4A1	1	1	0	47	77	2
MRPS7	0	0	0	23	50	1
GPR68	0	0	0	49	70	4
ZNF443	0	0	0	47	158	8
CCND3	2	0	0	25	36	3
CACNG8	0	0	0	58	69	1
PCCB	0	3	0	54	145	5
TRIQK	0	0	0	7	15	1
HSF2	1	2	0	36	68	1
OR2T34	0	0	0	13	30	0
ETAA1	0	1	0	76	174	3
CLIP1	2	3	0	122	199	3
ALG9	2	2	1	52	88	5
LAMC1	1	4	0	169	348	0
HSCB	0	0	0	20	52	3
LAPTM4B	0	0	0	29	53	0
NMS	0	1	0	11	32	2
C1QTNF4	0	1	0	51	89	0
TSPAN9	0	2	0	35	40	0
KRT12	0	0	0	0	0	0
FITM2	2	0	0	27	55	1
PPP2R1B	1	0	0	45	111	6
GPR135	0	1	0	71	118	1
COX16	0	0	0	10	21	3
BLOC1S6	0	0	0	15	32	2
TBC1D26	0	0	0	38	77	4
SIMC1	0	0	0	60	146	8
SLC12A3	3	3	0	146	307	6
PALLD	0	3	1	110	212	6
ASIC2	2	3	0	66	92	3
BNIP2	0	0	0	29	50	1
METRNL	1	1	0	0	0	0
WDR83	1	0	0	38	70	4
MRPS12	0	2	0	18	42	1
PRPF38A	0	2	0	24	45	1
DEFB127	0	0	0	6	20	0
FBXO5	0	1	0	30	72	0
VMAC	0	1	0	18	48	0
SLC22A8	0	1	0	48	100	3
CPSF4L	0	0	0	18	51	5
ENSG00000260272	2	1	0	44	82	4
TMEM199	1	0	0	25	51	5
GLB1L3	1	1	0	76	132	6
ZNF664	0	0	0	29	27	1
SDK2	3	6	0	305	485	4
DNM3	0	0	1	77	125	0
RTP1	1	0	0	31	61	0
KAZALD1	1	0	0	24	73	4
TBCK	0	3	0	60	160	10
SNX1	0	4	0	51	93	1
DDX39B	0	1	0	0	0	0
BARX2	0	2	0	29	59	2
OR7A10	0	1	0	26	61	2
PERP	0	0	0	20	45	0
ENSG00000290147	0	0	0	12	41	0
INSYN2B	0	3	0	44	100	0
DYNLL2	0	0	0	7	8	0
PVALB	0	0	0	0	0	0
GEMIN6	0	0	0	17	43	1
ARHGDIB	0	0	0	16	35	2
ASB10	0	2	0	60	142	4
SH3GL2	0	2	0	38	67	1
DEF6	1	0	0	68	89	3
CD19	2	1	1	69	92	1
TMEM256-PLSCR3	0	1	0	9	22	1
MRPL44	1	1	0	30	66	1
CYP4F12	0	0	0	64	152	5
C1D	0	0	0	12	29	1
IL27	1	1	0	25	56	0
CEACAM1	0	0	0	33	90	5
ZNF814	0	0	0	58	162	13
GPR37L1	0	0	0	58	110	2
SKP1	0	0	0	9	6	0
GALNT18	0	4	0	79	120	3
RAB11A	1	2	0	21	12	1
ZNF774	0	0	0	40	101	3
CCDC24	0	0	0	27	72	1
SAPCD1	0	0	0	0	0	0
RFNG	0	3	0	71	94	1
BCKDHA	1	1	0	73	118	3
RDH5	1	3	0	28	70	5
ANKIB1	2	2	0	67	145	2
TBKBP1	0	1	0	78	133	2
ESRRG	1	4	0	54	50	1
ATOH7	0	0	1	15	36	1
SHFL	0	1	0	29	44	0
APOB	3	9	1	374	920	27
RCOR2	0	1	0	56	93	1
NPIPB13	0	0	0	0	0	0
RNF167	0	1	1	33	91	3
RIN3	1	2	0	118	257	5
TGS1	0	4	0	47	174	4
HERPUD1	0	1	0	29	58	3
CHEK2	0	0	0	35	136	6
ENSG00000267385	0	0	0	14	23	3
ATG16L2	0	1	0	59	138	6
DYNAP	0	0	0	13	31	0
KRTAP1-5	0	1	0	0	0	0
GSDMA	1	1	0	50	101	2
PCDHA4	1	0	0	101	232	11
GNG7	0	0	0	4	15	0
WNT11	1	1	0	56	93	1
CCDC15	0	1	0	59	161	10
ZNF234	0	0	0	54	126	5
ZNF160	0	0	0	65	144	7
ASAH1	0	0	0	33	103	5
SNRNP48	0	1	0	27	68	6
GABBR1	0	6	0	0	0	0
RADIL	3	3	0	172	391	4
PM20D2	0	0	0	36	92	1
SMIM5	0	0	0	8	27	0
KRT20	0	0	0	0	0	0
IMMT	1	2	0	61	127	6
DOHH	0	3	0	60	87	2
SAMD12	1	1	0	18	41	3
MYO5A	1	5	0	142	249	1
DEFB103B	0	0	0	0	0	0
MAPK1IP1L	0	0	0	24	46	0
CATSPER4	0	0	0	61	101	7
WNT7B	0	1	0	73	65	0
CFAP141	0	0	0	11	20	1
GABRD	1	3	0	88	81	1
EXOSC1	0	0	0	18	47	3
CCL3L3	0	0	0	0	0	0
PAK5	0	1	0	74	128	0
SF3B5	0	0	0	2	9	1
RERGL	1	0	0	11	47	4
AIFM3	0	3	0	77	148	10
HNRNPH3	0	0	0	17	42	0
C20orf202	0	0	0	11	24	3
SPNS2	1	3	0	121	161	3
DNPEP	0	1	0	47	118	4
C12orf71	0	0	0	28	55	0
CCDC88B	2	3	1	157	395	11
PIRT	0	0	0	12	26	1
ZBED5	1	1	0	47	128	3
FADS6	1	2	0	52	87	3
TSEN15	0	0	0	12	37	0
MTX3	0	0	0	18	60	1
SSPN	0	1	0	31	61	1
WNT8A	1	0	0	20	63	2
LCMT1	0	0	0	22	63	2
B3GNT7	1	2	0	50	88	2
ADCK5	1	4	0	96	117	4
STAT1	0	5	0	73	39	1
MANSC4	0	0	0	19	55	1
GATA5	1	2	0	62	104	4
RUFY3	0	0	1	33	73	2
NUCB2	0	0	0	16	54	1
SGCB	1	1	0	24	68	2
OR5K1	2	0	0	32	70	1
TMEM216	0	0	0	15	29	3
SLC13A5	0	0	0	76	106	2
SLCO1B3-SLCO1B7	0	2	1	70	184	8
DDX5	0	2	0	59	70	0
ENSG00000258052	0	0	0	7	13	1
ENSG00000285854	0	0	0	17	41	0
TENT5B	1	4	0	49	92	3
GBX2	2	0	0	29	52	0
PIP5KL1	0	0	0	48	84	4
HOXD10	0	1	0	30	68	3
HNMT	0	1	0	24	52	3
SPATS2L	0	3	0	46	98	2
DPPA4	3	0	0	27	46	2
SLC30A5	0	0	0	48	107	2
LHFPL5	0	1	0	14	41	2
DDX46	0	5	0	76	69	1
IFIT5	0	0	0	33	82	1
CENPB	0	1	0	63	80	0
PPIAL4C	0	0	0	0	0	0
MKRN2	1	2	0	50	77	3
RUSC1	1	4	0	72	164	2
EIF4ENIF1	0	2	1	63	162	2
ENSG00000257065	0	0	0	0	0	0
ADCY9	0	4	0	208	267	1
GATA6	0	1	0	73	99	0
ERVH48-1	0	0	0	9	28	0
INTS15	2	1	0	63	110	0
FOXD3	0	2	0	77	81	2
RNF25	0	1	0	43	107	3
TRMT1L	1	3	0	40	105	1
CCDC159	0	0	0	31	56	3
COL11A1	0	3	0	132	340	2
MYO1G	0	3	0	93	230	6
CSNK1A1	1	1	0	24	7	0
SYT9	1	3	0	49	104	2
KRT8	2	1	0	42	97	3
GSE1	4	8	0	252	485	4
AGO1	0	8	0	74	78	0
GAREM1	3	0	1	76	165	2
ARHGEF18	2	7	0	196	346	13
PLA2G3	0	1	0	59	148	11
DCP2	0	2	0	38	76	0
APOBEC3D	0	0	0	44	106	2
TBC1D2	1	1	0	90	209	3
MEX3D	2	0	0	152	174	2
REEP3	0	0	0	17	37	3
C6orf62	0	0	0	18	30	1
KLF3	0	2	0	34	50	0
USP35	0	3	0	134	277	8
NKD1	1	1	0	46	104	0
XPC	0	1	0	87	198	7
ABCA13	5	12	1	388	971	48
NXPH2	0	1	0	23	35	0
POC1B-GALNT4	1	0	0	47	109	4
CDH8	1	2	0	73	107	3
TUBB6	0	1	0	58	62	2
ZNF221	0	2	0	33	117	5
PON1	0	0	0	20	60	5
OR6C75	0	1	0	15	57	0
MYH6	2	5	1	226	387	11
UMODL1	2	3	0	186	358	8
COPA	1	4	0	84	144	0
QRSL1	0	1	0	43	75	4
GRHPR	0	1	0	34	67	4
JAM3	0	0	0	24	84	1
GDI2	0	0	0	37	62	0
ARL5B	1	0	0	19	15	1
POMT2	3	3	0	71	145	5
ELAVL2	0	2	0	36	53	0
EPPIN-WFDC6	0	0	0	11	36	2
VCAN	2	4	0	232	566	2
TMEM168	0	2	0	49	119	2
NAA11	1	1	0	20	47	3
MAD2L2	0	0	0	21	26	1
TNFRSF8	0	0	0	76	128	0
PLAC8	0	1	0	5	18	1
TRIM58	0	0	0	50	114	8
SNCB	0	1	0	12	15	0
OAT	0	1	0	32	85	3
MDM4	0	1	0	38	59	0
NNMT	0	0	0	28	62	1
HMCES	0	2	0	21	60	4
ZDHHC6	0	1	0	26	81	2
ENSG00000283149	0	0	0	0	0	0
ANKRD6	3	2	0	64	168	6
TRIML2	0	1	0	46	96	3
PRDM12	0	3	0	42	46	1
NSL1	0	1	0	22	51	2
ARFIP1	0	0	0	21	68	1
EBF3	3	17	5	83	74	0
CSKMT	0	0	0	24	53	3
HMGCR	0	2	0	55	83	5
AGAP4	0	0	0	3	6	0
CSRP2	0	0	0	11	24	1
C12orf42	0	0	0	42	81	1
SOX12	0	1	0	41	51	0
OLIG2	0	1	0	67	64	0
TMEM87A	0	0	0	44	93	1
ZNF264	0	0	0	47	133	3
CLXN	0	0	0	18	44	5
PSMC4	2	3	0	51	32	1
PFKM	0	4	0	58	111	4
PNKD	0	1	0	35	87	2
RNASEK-C17orf49	0	0	0	0	0	0
IZUMO4	0	2	0	39	63	5
DOK5	0	0	0	29	71	6
LIF	1	0	0	28	47	0
ZNF787	2	1	0	79	91	0
ARHGEF16	2	2	0	100	181	4
IFT46	0	1	0	19	51	0
TMEM51	1	1	0	30	53	0
UNC50	0	0	0	14	44	0
FABP12	0	0	0	12	27	2
SPRYD3	0	3	0	35	57	0
THAP11	1	1	0	46	38	1
TRPV1	1	2	0	112	217	16
C19orf25	0	0	0	24	36	1
TTC16	1	2	0	90	191	10
PMM1	0	0	0	39	62	6
FAM237B	0	0	0	6	22	2
MTG2	1	0	0	70	116	0
C1orf162	0	0	0	11	17	0
HDHD2	0	0	0	16	47	4
ZNRF3	1	4	0	117	185	3
NAT8L	0	2	0	46	57	1
CYP7B1	0	2	0	36	100	6
PDCD10	1	0	0	13	21	1
SNX31	0	1	0	38	96	7
ADAM8	1	2	0	136	241	13
SF3B2	2	6	0	95	114	0
PHF24	1	1	0	31	97	2
MPV17L	1	0	0	0	0	0
PON2	0	1	0	35	59	3
WSB1	1	0	0	29	81	0
DPP9	0	4	0	149	180	3
ADRM1	0	3	0	68	83	0
ADAMTSL1	0	8	0	223	457	5
FAM90A27P	0	0	0	60	119	8
EXO5	0	0	0	20	54	1
PTF1A	1	1	0	43	80	0
CCHCR1	1	3	0	6	16	1
LRRFIP1	0	0	0	58	141	2
BLOC1S4	0	0	0	28	62	1
MFHAS1	0	1	0	156	271	5
CALCOCO2	0	0	0	35	72	3
AP4E1	0	6	0	86	212	3
PNPT1	0	0	0	68	147	1
VPS36	0	1	0	28	56	0
SH3RF1	1	2	0	80	132	0
ZNF217	1	4	0	135	205	0
GTDC1	0	1	0	33	97	3
STK32C	0	0	0	73	97	1
COL1A1	1	8	1	167	260	1
ALDH18A1	0	4	0	72	126	2
DYRK1B	0	4	0	91	140	2
PLOD1	2	1	0	84	169	4
RUSC2	1	2	0	135	274	4
SDC1	1	1	0	33	70	0
ZNF678	0	0	0	35	93	10
DUSP29	0	1	0	19	56	2
C1orf216	0	1	0	25	46	4
TRAF3	1	2	0	61	81	1
TIMD4	1	1	0	49	91	0
PIGS	0	2	0	45	110	3
LRRC71	3	1	0	59	122	3
KCNMB2	0	1	0	19	37	1
MLIP	1	1	0	75	221	3
PCDHA9	1	0	0	120	238	11
TM4SF19	0	0	0	19	45	2
ALDH1L1	0	3	0	130	225	7
DDX6	0	5	0	35	41	0
NDUFA4L2	0	1	0	10	26	0
HCAR3	0	0	0	29	71	1
SERTAD1	0	1	0	27	46	1
NRDE2	0	2	0	99	246	12
CHRNA3	0	0	0	74	102	1
PRSS56	1	0	0	70	134	2
TRIM32	0	0	0	64	140	3
ARID1B	3	13	52	311	479	0
RILPL1	0	0	0	48	65	3
VGLL2	0	2	0	40	70	1
GIN1	2	0	0	37	92	2
PUSL1	4	1	0	52	103	1
DGKQ	1	3	0	197	264	9
SPINK2	0	0	0	12	29	0
F2RL2	1	1	0	30	83	3
MMP21	0	2	1	64	130	10
SMC3	1	11	0	78	49	1
SLC7A1	1	1	0	94	70	0
CRYAB	0	0	0	15	44	1
NFE2L1	1	4	0	79	132	0
MYBPC2	5	1	1	152	306	12
BZW1	0	1	0	31	31	0
CHCHD5	0	0	0	14	30	0
AGAP1	2	5	0	135	161	2
RHEX	1	1	0	14	36	2
LYG1	0	1	0	15	38	2
KDF1	0	0	0	41	93	0
PARP3	1	2	0	48	130	7
CORO1C	1	0	0	45	43	0
TMEM53	1	1	0	33	67	0
ZNF852	0	2	1	38	119	8
NDUFAF2	0	0	0	10	29	4
STMP1	0	0	0	5	7	0
RAB40C	0	0	0	42	49	0
ECM2	0	2	0	59	110	6
TMEM219	0	0	0	21	44	3
CLGN	0	0	0	43	104	8
MRPS17	0	0	0	12	30	1
HMGXB4	0	1	0	45	82	0
LEMD1	0	2	0	14	32	2
ZNF169	1	0	0	49	113	4
ENSG00000267618	0	0	0	18	50	5
CAVIN3	0	0	0	31	65	2
STX16-NPEPL1	1	1	0	33	83	0
KLRG2	0	1	0	41	91	1
APH1B	0	1	0	25	58	4
LRP2BP	0	1	0	33	68	3
NR3C1	1	2	0	61	102	2
GPRC5C	0	0	1	58	122	0
KISS1R	0	2	0	46	93	4
SIGMAR1	0	0	0	18	42	3
FBXL3	0	1	0	29	31	0
CAB39L	1	1	0	32	42	4
MGAT4A	0	1	0	39	74	2
EMILIN1	2	1	0	110	267	5
ST3GAL1	0	3	0	51	61	1
ALDOA	0	2	0	47	96	3
DRD2	0	4	0	64	66	0
DNASE2	0	2	0	25	52	2
TTC21A	1	0	0	112	242	9
CMTM1	0	0	0	26	53	2
BECN2	0	0	0	33	100	3
KMT5A	0	0	0	25	47	1
VARS2	2	0	1	0	0	0
ATP1A1	0	3	0	95	59	1
CDKN1A	0	0	0	24	49	4
PPP1R3C	0	2	0	26	52	1
FBXO44	2	0	0	49	63	4
LY6G6C	0	1	0	0	0	0
TCERG1L	0	3	0	56	159	4
LYPLA1	0	0	0	18	40	1
ENSG00000289720	0	3	0	71	92	4
ZP2	0	1	0	66	128	3
TRIM49C	0	0	0	7	19	2
GNG8	0	0	0	4	14	0
ARL14	0	0	0	20	48	3
NKPD1	0	2	1	85	198	5
AQP10	0	1	0	32	31	2
ECHDC1	0	1	0	24	50	2
SLURP1	0	0	0	18	23	0
RFX5	0	1	0	28	122	5
CEMP1	0	1	0	29	61	6
NUDT19	0	0	0	56	149	5
EAPP	1	0	0	19	74	3
HPN	0	1	0	52	66	0
DALRD3	1	0	0	64	128	6
PCSK2	0	1	0	65	74	1
USF1	0	2	0	29	37	1
SMIM20	0	0	0	3	10	0
ANKHD1-EIF4EBP3	2	7	0	183	320	1
HTATIP2	0	1	0	18	48	4
SMTN	3	3	0	93	246	6
H1-0	0	0	0	25	20	0
GPCPD1	1	0	0	55	98	1
COMMD10	3	0	0	20	35	3
KLF7	0	6	0	36	47	0
OR4Q3	0	0	0	48	90	5
CALM1	1	2	0	11	1	0
NOP14	0	2	1	88	209	8
CRYZ	0	1	0	22	70	5
ZNF518B	0	4	1	87	244	7
DUSP7	0	0	0	59	55	1
ENSG00000284526	0	0	0	29	44	2
KBTBD13	1	1	0	83	166	2
PRAMEF4	0	0	0	42	101	3
ST6GALNAC2	1	1	0	50	94	4
USP37	1	1	0	57	146	1
RIIAD1	0	0	0	10	19	2
GLB1L	0	1	0	40	139	9
ENSG00000282988	0	0	0	0	0	0
OR14J1	1	1	0	0	0	0
GRB14	2	0	0	49	106	1
GOLPH3	0	1	0	34	43	1
SNX24	0	0	0	15	36	1
ATP4B	0	1	0	45	88	3
ATP5F1A	0	3	0	54	79	2
MTMR14	0	0	0	72	134	7
ENSG00000267303	0	0	0	20	43	0
TOP2A	1	4	0	95	194	5
SIM2	0	1	0	91	140	1
MTSS1	1	0	0	68	131	2
GSTA1	0	0	0	21	73	0
NOS1	2	4	0	179	234	1
PPM1N	0	0	0	42	86	3
GEM	1	0	0	25	74	5
BTBD8	2	0	0	109	301	5
FLVCR1	0	0	0	55	97	3
ARHGEF10	2	2	1	0	0	0
C9orf153	0	0	0	10	12	0
AGPAT2	0	2	0	54	87	3
TNN	2	3	0	150	295	14
OR8J1	0	1	0	2	4	0
C22orf31	0	0	0	27	53	5
CFHR4	0	2	0	41	108	8
ZNF260	0	0	0	25	58	2
PLEKHG2	0	3	0	145	338	6
DACT1	1	3	1	106	198	2
RAB12	1	0	0	42	72	0
ACTL7A	1	2	1	42	108	3
FAM193B	0	2	1	91	181	1
GART	2	5	1	62	134	4
NIPSNAP3B	0	1	0	21	56	2
MARCO	0	1	0	69	111	4
OR4B1	2	1	0	32	100	4
MS4A7	0	0	0	13	51	0
RPS16	0	1	1	27	24	0
SLC4A11	2	4	0	145	210	5
CYP11A1	0	1	0	42	100	4
ZIC1	0	3	2	61	54	0
TAP2	1	0	0	0	0	0
PPP1R17	0	0	0	18	48	0
GBA2	0	2	0	67	176	9
TNIP1	0	2	0	61	137	0
PRKCSH	1	2	0	70	122	1
ARHGAP30	0	1	0	82	228	1
CCDC142	0	0	0	62	131	6
BRI3	0	0	0	25	25	0
TMEM125	1	1	0	38	73	1
CCDC187	0	0	0	309	561	19
FAS	0	0	0	22	57	0
PVR	0	2	0	33	78	5
SANBR	1	1	0	52	135	3
ENSG00000268655	0	0	0	37	89	3
BRD9	0	2	0	74	114	2
ZSCAN1	1	1	0	59	136	7
FAM114A2	0	1	0	40	86	5
SPR	0	2	0	35	58	5
GARIN1A	0	2	0	23	63	1
HECTD2	0	3	0	56	77	1
SYVN1	1	0	0	58	103	2
ASB17	0	0	0	18	51	3
ENSG00000279983	0	0	0	3	8	2
EIF4B	1	1	0	44	95	0
KCNC2	0	4	0	69	69	0
APAF1	0	1	0	78	188	7
TOE1	0	1	0	42	93	2
PSIP1	0	1	0	38	88	0
WDR73	0	0	0	35	81	11
ODAD4	0	0	0	53	111	2
LOX	0	1	0	45	74	0
ENSG00000273171	0	3	0	13	51	3
RBM20	2	2	0	126	288	4
GALNT3	0	1	0	38	116	8
IVL	0	0	0	53	122	8
ALG3	0	2	0	57	96	2
MEIOC	0	0	0	54	135	0
MYO9B	10	8	0	302	453	2
CYP3A7-CYP3A51P	0	0	0	34	96	5
PCGF1	0	0	0	16	22	0
HINT3	0	0	0	11	33	2
PIGV	0	0	0	52	94	6
TOR1A	0	0	0	27	54	2
ENSG00000289025	0	0	0	1	2	0
RASGRP1	0	4	1	68	93	1
VGF	1	0	0	83	149	0
MEMO1	1	1	0	23	23	0
RNF212	0	1	0	35	63	1
SIX6	0	0	0	25	40	1
LCE7A	0	0	0	7	23	1
RPS6KA4	0	2	0	96	120	2
BMPR1B	0	3	0	44	108	0
NSMCE2	0	0	0	15	44	0
ASF1B	0	1	0	26	36	0
TXN	0	1	0	13	9	0
SPINK8	0	0	0	1	18	0
WFDC11	0	0	0	4	22	2
USP17L20	0	0	0	0	0	0
SELENON	0	0	0	0	0	0
CFAP298	1	0	0	28	60	2
TLCD4	0	0	0	13	33	0
IKBIP	0	0	0	24	73	3
PHRF1	3	5	1	0	0	0
MAN1C1	2	0	0	66	139	5
UPP1	0	0	0	31	75	4
TNFSF12	1	2	0	32	47	2
CFI	0	1	0	46	127	2
CFAP276	0	0	0	11	32	3
ENSG00000286007	0	1	0	6	24	0
LMO1	1	0	0	20	32	0
PGA3	0	0	0	4	6	0
OR12D3	0	0	0	0	0	0
ZRANB1	0	3	0	48	93	0
LYPD5	0	1	0	13	55	3
RER1	1	1	0	24	22	1
LMO3	0	2	0	12	6	0
SNAPC3	0	0	0	52	96	4
PLEKHH1	0	0	0	115	251	8
SERPINB5	0	0	0	33	70	2
ZNF266	0	0	0	45	145	10
RERE	2	12	0	258	341	2
ENSG00000289281	0	0	0	38	70	1
UGGT1	2	5	1	117	237	8
H2BN1	0	0	0	11	27	2
MS4A3	0	0	0	17	44	2
MTCL1	2	2	0	261	575	6
SYT6	0	1	0	44	122	3
PNO1	1	0	0	23	49	3
SEC24A	1	5	0	92	214	8
PRCP	0	3	0	39	87	4
OXTR	0	3	0	50	84	1
PRM1	0	0	0	10	21	1
KRT80	0	1	0	50	136	3
TRPC6	2	1	0	84	160	8
TCP10L	0	0	0	23	45	5
SLC7A8	0	1	0	55	116	1
ZNF790	1	1	0	39	121	10
SAMD13	0	1	0	5	12	0
WDR11	1	3	0	84	209	5
ENSG00000254732	0	0	0	0	0	0
NCAM2	0	3	1	77	123	3
VPS18	0	3	0	110	222	5
NPSR1	1	0	0	39	87	7
ATXN10	2	2	0	45	94	2
CCNL2	0	2	0	53	117	4
LPXN	1	0	0	30	79	1
MYH3	1	10	0	193	320	12
EMC3	0	0	0	28	29	0
AVL9	0	2	0	53	113	4
PCDHA8	1	0	0	131	241	5
LCE2B	0	0	0	23	43	0
SCAPER	1	2	0	109	173	13
BDH2	0	0	0	25	43	0
TRAF7	0	22	1	109	107	1
GPER1	0	3	0	66	104	0
SNURF	0	0	0	6	21	0
ENSG00000269741	0	0	0	20	57	2
HABP2	2	3	0	62	143	7
OXNAD1	0	0	0	24	68	4
HECA	0	0	0	63	91	0
UTP23	0	0	0	19	44	2
FBXL2	0	1	0	38	49	1
ITPR2	1	13	0	216	396	10
AP5S1	1	0	0	17	77	2
AIFM2	0	0	0	46	93	2
SLC23A2	1	2	0	77	71	2
PHTF1	0	2	0	50	123	14
MCC	0	3	1	130	277	5
RRAS	0	3	0	34	68	5
MORF4L1	0	2	0	24	36	0
GYPB	0	0	0	13	39	2
C7orf25	2	3	0	35	57	2
SLC39A12	0	5	0	66	128	3
CALM2	0	1	0	7	2	0
GPRIN3	0	0	0	71	197	6
DGCR2	2	2	0	76	144	2
ZNF366	2	0	0	70	178	2
DMRT2	0	0	0	85	182	2
TRIM45	0	0	0	49	127	4
MRI1	0	1	0	39	103	1
EIF5A2	0	2	0	7	17	1
SDHD	0	0	0	9	23	0
AMHR2	0	0	0	50	107	9
GOLGA8H	0	0	0	0	0	0
WDR37	0	12	0	59	80	1
RBCK1	1	0	0	66	100	2
EIPR1	0	1	0	48	64	3
LOXHD1	1	6	0	262	608	24
ERBB3	1	2	0	101	237	6
RAB22A	0	0	0	18	28	0
OR5M1	1	1	0	25	52	2
SMAD9	0	4	0	44	84	5
MARCHF5	0	0	0	19	26	0
ABCB11	1	5	0	84	178	4
OBI1	0	2	1	46	118	10
SRP14	0	0	0	10	18	1
PDIA3	0	1	0	35	92	0
CD37	1	0	0	30	52	1
FLNB	0	9	0	286	535	7
MIEF2	0	2	0	60	130	0
GP6	1	1	0	0	0	0
ESD	0	0	0	19	45	1
MN1	1	2	7	153	226	1
CBS	1	1	0	0	0	0
MAFG	0	1	0	31	26	0
UGT1A8	0	1	0	66	137	5
ACBD6	0	1	0	20	50	2
PPP2R5A	0	2	0	33	43	0
FAF2	0	2	0	36	56	0
VIM	1	0	0	42	82	0
WARS2	0	0	0	30	69	3
ENSG00000291302	0	0	0	0	0	0
PAK1	0	4	0	49	42	1
CLDN25	0	1	0	19	41	2
MAML3	0	2	0	109	221	0
KRT78	0	2	0	60	134	6
VIPAS39	0	2	0	33	104	4
OAS3	1	1	0	117	235	8
WFS1	3	9	1	230	413	13
MUC22	0	0	0	0	0	0
CD3D	0	0	0	13	31	3
TLR9	1	2	0	132	186	4
PRIM2	0	4	0	25	70	8
CALHM2	0	0	0	52	99	6
TNFRSF13B	0	1	0	28	89	9
C5AR1	1	1	0	46	85	5
LHX5	1	1	0	39	58	1
ASB2	1	2	0	0	0	0
APOA4	0	1	0	52	122	4
ITGA11	1	1	0	170	275	3
HAMP	0	0	0	9	18	2
AKR1C2	0	0	0	29	45	4
KLHL18	0	1	0	54	91	2
KLF5	0	0	0	48	77	1
TDRD9	3	2	0	143	266	9
SERF2	0	0	0	4	4	0
CPT1A	3	0	0	87	147	3
CCL2	0	1	0	9	15	0
TUBB4A	0	2	0	72	31	1
EIF4E	0	0	0	13	15	0
GALNT2	2	2	0	52	110	1
L3HYPDH	2	0	0	27	90	1
OR8J2	0	0	0	0	0	0
C15orf39	1	3	0	105	224	4
BSND	0	2	0	41	67	2
AUH	0	0	0	33	69	5
SERPINA10	0	1	1	0	0	0
CST9L	0	0	0	11	39	1
ZMYM1	0	2	0	75	151	4
TSNARE1	1	1	0	65	171	13
PODXL2	0	0	0	55	87	2
MYL6B	2	0	0	17	40	1
ROPN1L	0	0	0	20	51	2
CFAP144	0	0	0	11	28	1
TMEM184B	1	0	0	59	70	0
ANKHD1	2	7	0	169	307	0
METAP2	0	1	0	38	53	1
SMOX	2	0	0	80	114	1
ANO1	0	3	0	117	212	4
GAPT	1	0	0	16	40	1
ENSG00000255330	0	4	0	98	146	2
MYO19	2	2	0	0	0	0
CIBAR1	0	1	0	26	47	9
ITPRID1	0	1	0	97	206	6
DDX39A	0	1	0	57	46	0
TFB1M	0	0	0	28	73	4
MBD3L4	0	0	0	0	0	0
ARHGAP33	1	1	0	148	263	4
PPP1R1A	1	2	0	13	34	1
OR1E1	0	0	0	17	36	2
EFCAB10	0	0	0	16	28	2
BFSP2	0	0	0	40	90	3
NBEA	0	6	1	230	366	3
CLEC2B	1	2	0	9	18	2
P2RY12	0	1	0	30	56	0
JOSD2	1	0	0	27	44	1
CST3	0	0	0	15	39	2
FREY1	0	0	0	10	39	1
PRCD	0	1	0	4	11	2
CRYBB3	0	1	0	24	73	4
ATP6V1C1	0	1	0	32	48	1
LRP1	8	19	0	584	692	1
MICB	0	0	0	0	0	0
TPTE2	0	0	0	47	111	8
NMU	0	0	0	13	37	2
ADH1A	1	0	0	34	69	1
PAIP2	0	0	0	6	16	1
ARFGEF1	1	5	0	131	198	3
ANXA13	0	0	0	40	73	2
ABHD16A	0	8	0	0	0	0
KCNC1	0	7	0	70	59	1
GOLGA5	0	2	0	62	121	2
TMEM126A	0	0	0	13	36	2
GPRIN2	0	4	0	0	0	0
AFTPH	0	0	0	62	147	1
INPP5D	0	1	0	130	175	1
ANKRD30B	0	0	0	91	230	19
MMP9	0	3	0	73	150	5
ARFRP1	0	0	0	38	38	2
FAM131C	0	0	0	24	48	0
CCND1	1	0	0	34	41	0
CHRNB1	0	1	0	40	87	4
ZNF808	0	0	0	60	193	4
MIPEP	0	1	0	47	159	5
IFNL4	0	0	0	0	0	0
SLITRK1	0	2	0	56	118	0
GABRA6	0	0	0	46	78	7
CYP2C19	0	2	0	67	172	5
GPR61	0	1	0	38	75	0
OR6J1	0	0	0	33	74	2
HNF4G	0	1	0	29	75	0
ALDOB	0	0	0	30	96	2
KLK14	1	1	0	32	66	0
CCDC115	0	0	0	14	40	2
MYSM1	1	3	1	53	132	4
C11orf24	1	0	0	47	113	0
PRXL2C	0	1	0	23	52	4
ZBTB4	1	1	0	125	198	0
BIRC5	0	1	0	16	23	0
RBFOX1	2	3	0	66	91	0
MRPL30	0	0	0	12	30	1
C3orf70	0	2	0	29	55	3
BMP8B	0	0	0	42	56	3
XRCC5	0	0	0	50	74	0
PARP11	0	0	0	29	51	4
TEX35	0	0	0	18	42	0
NBEAL1	3	8	0	159	469	16
TNIP2	1	0	0	50	103	1
PRX	2	5	0	160	357	11
CCDC6	0	3	0	47	64	0
SLX1B	0	0	0	0	0	0
AMN1	0	0	0	15	28	1
OR5AK2	0	0	0	35	77	3
NSMCE4A	0	2	0	25	68	2
SLCO2A1	0	3	0	65	131	3
ZNF395	0	1	0	50	101	2
CRISP1	2	0	0	25	54	7
BLK	3	0	0	80	169	6
CCN4	0	0	0	51	95	3
PTPN22	2	1	1	55	140	5
ROBO2	0	2	1	118	285	6
CYRIB	0	1	0	21	20	1
SLC38A1	1	1	0	37	67	1
GORASP1	0	1	0	32	82	2
SLC39A9	1	1	0	18	42	1
SRRM2	4	7	5	407	974	2
C1orf174	0	1	0	20	68	3
KCNN1	0	4	0	82	102	0
IDH3B	1	0	0	38	61	6
WDR48	0	1	2	56	65	1
LRRC75B	0	0	0	37	97	6
ARMH1	1	3	0	39	78	4
PPIL3	0	0	0	7	32	0
ENSG00000288534	1	0	0	11	27	1
FABP2	0	0	0	9	24	1
TMEM42	0	2	0	22	28	1
CCNH	0	0	0	23	62	2
SMURF1	2	5	0	96	76	2
CROT	0	1	0	41	134	14
ATP6V1C2	0	1	0	37	88	3
GSG1L	0	3	0	42	71	1
ENSG00000255292	0	0	0	12	31	0
CFAP20	0	0	0	13	31	3
LRRC32	0	0	0	87	156	1
ENSG00000285641	0	0	0	13	42	2
PLRG1	0	0	0	33	54	2
MAP3K1	2	4	1	140	263	0
RABL3	0	0	0	20	44	1
TRMT44	1	7	0	83	177	17
ADCY3	1	1	0	139	203	3
SP3	0	0	0	89	125	0
GTF3C6	0	0	0	12	27	3
SPRR2F	0	0	0	10	14	1
SNX21	1	0	0	47	87	2
CFHR3	0	0	0	17	50	4
MCHR1	0	0	1	57	94	1
CLEC17A	0	1	0	24	69	1
AGFG1	0	0	0	37	80	0
WDR41	1	0	1	34	84	6
A1CF	0	0	0	47	89	6
PRKAA2	0	1	0	37	71	4
PCDHGA9	0	0	0	96	196	6
OR4F17	0	0	0	0	0	0
STX18	1	0	0	26	59	3
ENSG00000285897	0	3	0	61	139	3
ERBIN	0	1	0	97	242	4
ANKRD9	0	0	0	44	69	2
STRADA	1	1	1	43	70	4
TBATA	0	1	0	47	85	2
VAMP1	0	0	0	10	9	1
ASCL1	0	0	0	40	40	0
IFT74	0	3	0	50	138	5
WIZ	2	1	0	234	445	0
MAPK1	0	2	0	43	13	0
KCNS2	0	2	0	39	74	1
RNFT1	0	0	0	22	85	2
DCST1	3	0	0	58	177	7
TLK1	1	2	0	50	67	3
CXCL9	0	0	0	5	20	2
SLC33A1	0	1	0	49	67	2
ZNF684	0	1	0	24	65	3
GBA1	0	0	0	0	0	0
WDR91	0	3	0	86	156	4
SAP25	0	0	0	27	74	1
ZNF484	0	1	0	46	117	5
ACOT2	0	0	0	42	68	2
TDRD5	1	1	0	79	153	1
NFKBIE	0	1	0	40	40	2
OR51Q1	0	1	0	38	97	5
FEV	0	1	0	26	40	0
TCF24	0	0	0	25	31	2
DSC2	1	0	0	69	193	5
PSMB1	0	0	0	18	50	0
DIS3	2	1	0	65	182	9
LAD1	0	3	0	42	146	5
FAM131A	0	1	0	41	73	3
RNF216	1	2	0	97	207	2
MYEOV	0	1	0	31	91	4
OPRD1	0	0	0	49	77	2
TPRG1	0	2	0	23	57	0
ABCE1	0	1	0	42	41	2
GPATCH1	1	0	0	92	182	7
NOP53	3	0	0	89	157	1
GLI4	0	0	0	52	105	3
SDC2	0	0	0	23	36	0
NRIP1	1	4	0	98	228	2
EHHADH	2	1	0	60	133	11
CPD	0	0	0	91	213	5
ZNF66	0	0	0	10	29	0
C2CD2L	1	3	0	65	145	1
SMC4	0	3	0	90	222	3
ITIH1	0	1	0	103	210	8
DENND4A	1	3	1	110	229	3
CFAP61	0	3	1	124	272	9
STX19	1	0	0	11	52	2
SUCLG2	0	0	0	33	100	2
PRL	0	0	0	26	41	3
SLC16A12	0	1	0	32	89	2
ZSCAN18	0	1	0	69	113	1
CCDC183	0	0	1	59	138	6
RXFP2	0	1	0	58	122	6
CD180	0	0	0	61	131	7
IL11RA	0	0	0	30	94	6
LHFPL6	0	0	0	20	40	0
TTC27	0	2	0	67	182	11
PPFIA3	1	5	0	98	142	2
LDHC	0	0	1	25	55	3
ZNF721	0	0	0	78	228	10
DNMT1	4	4	0	184	209	0
EFS	0	1	0	67	145	2
TCAF1	0	0	0	19	36	0
TMEM135	0	4	0	38	71	0
MAL	0	0	0	20	37	0
FAM90A15P	0	0	0	0	0	0
MALL	0	0	0	8	9	1
TADA2A	0	0	1	1	4	0
CEP76	1	0	0	50	115	4
RAX	0	1	0	44	94	2
OSCAR	1	0	0	0	0	0
CLEC11A	0	0	0	42	80	3
NACC2	1	0	0	119	154	1
LMBR1L	0	1	0	52	106	6
TPD52L3	1	0	0	14	40	2
C20orf204	0	0	0	32	45	1
CD101	0	1	0	80	202	15
ATG12	0	0	0	11	34	2
ACTL9	0	1	0	44	83	3
OR8K3	0	0	0	0	0	0
DEUP1	0	0	0	34	121	6
DBNDD1	0	1	0	32	46	1
ANKFY1	0	1	0	120	202	4
ZNF846	1	1	0	37	126	10
PRAC1	0	0	0	3	12	2
DOCK6	0	4	0	273	551	10
PTTG1	0	0	0	12	31	0
CUTC	0	1	0	15	63	2
GNG5	0	0	0	6	14	0
NIFK	0	1	0	21	64	4
CACNB2	1	1	0	80	158	0
DLK1	0	1	0	54	99	0
INO80E	0	1	0	41	65	0
CHD9NB	0	0	0	6	11	0
PF4	1	0	0	9	24	3
RIGI	0	4	0	54	165	6
HDAC1	1	0	0	55	39	1
OR2D2	0	1	0	35	79	8
PNPLA8	1	4	0	58	153	3
MAMDC4	1	2	0	173	361	12
LYZ	0	0	0	13	21	3
EMC6	0	0	0	15	17	0
GLRA1	0	3	0	33	74	3
FIGNL2	0	0	0	114	161	5
UBE3C	1	0	1	101	164	2
RCN2	0	0	0	25	44	3
CFAP97D2	0	0	0	8	23	0
DUSP18	0	1	0	14	47	3
BBX	0	3	0	58	153	3
PIK3CD	2	5	0	132	128	0
RANBP17	1	3	0	83	235	19
IRAG2	0	0	0	41	86	1
DIXDC1	0	0	0	49	108	6
ZNF770	0	0	0	37	114	1
IPO13	0	2	2	84	123	1
NIPBL	1	13	0	184	302	0
TMC2	0	2	0	90	187	7
SIGLEC15	2	0	0	40	92	1
PEG10	0	0	0	86	132	0
CDC23	0	4	0	46	67	4
CLEC3A	0	1	0	25	76	2
MMD	0	1	0	20	38	3
CRYGS	0	0	0	13	38	0
KCNH7	1	3	0	106	151	4
CFAP69	0	1	0	76	171	6
UST	1	1	0	38	79	1
SCN11A	1	3	0	159	313	9
MYCBP	0	0	0	3	11	1
UPK1A	0	2	0	26	71	2
SMIM44	0	0	0	13	42	1
BARHL1	0	0	0	49	59	0
USP15	0	3	0	72	85	2
ABCB1	2	2	0	99	222	5
LIPT1	0	0	0	22	51	7
RASAL2	0	4	0	100	209	4
PPIE	0	0	0	35	51	1
EIF4E1B	1	2	0	29	59	1
ZNF10	0	0	0	36	87	1
LLCFC1	0	0	0	0	0	0
GPD1	0	1	0	36	80	3
MPG	0	0	0	40	106	12
BBOX1	1	1	0	30	76	5
PABPN1	0	2	0	30	60	0
SLC1A4	0	4	0	67	97	2
MEAK7	2	3	0	76	179	6
LRRC46	0	0	1	24	50	1
CYP2D7	0	0	0	0	0	0
ITGAE	0	3	1	119	290	5
OR8G1	0	0	0	25	51	1
SCG5	0	1	0	0	0	0
C7orf33	0	0	0	15	46	4
CCNC	2	0	0	14	18	0
CFB	1	1	0	0	0	0
DEFB130B	0	0	0	0	0	0
EXOC6	1	2	0	52	110	4
SLC25A16	0	1	0	25	63	4
CST7	0	0	0	14	33	1
MARCHF9	0	0	0	28	54	0
GPR63	0	0	0	35	79	3
RAB27B	0	0	0	23	43	1
NANOS3	0	0	0	19	32	1
PIERCE2	0	0	0	8	20	0
HSD11B2	1	2	0	47	89	1
FAHD2B	0	0	0	15	48	0
LCE5A	0	0	0	8	27	2
GIP	0	0	0	15	37	1
RNF26	1	1	0	47	83	2
FGF2	0	0	0	13	18	1
CNPY4	0	0	0	21	48	4
SH3BP1	0	1	0	82	158	3
SLC2A11	1	3	0	0	0	0
IGFBP7	0	2	0	24	54	2
PIGW	0	1	0	0	0	0
ZNF598	2	1	0	175	279	1
VWF	5	6	0	304	600	13
MELTF	0	1	0	125	232	6
ATAD5	0	5	0	102	252	1
PRKD1	1	6	0	81	153	4
RAD51D	0	0	0	24	62	6
WDPCP	1	1	0	56	143	2
TXK	0	1	0	44	109	6
MAU2	0	0	0	85	55	0
NFKBID	0	0	0	51	79	1
FAM90A26	0	0	0	0	0	0
OR51I2	0	0	0	26	88	4
F7	1	3	0	51	102	4
INCA1	0	1	0	14	46	1
IL17D	0	0	0	25	44	2
FZR1	1	2	0	80	66	1
KAT6B	6	5	12	148	326	0
ENSG00000285901	0	0	0	38	51	0
PSMD3	1	1	0	58	99	0
CCNJ	0	0	0	29	46	0
NDUFA10	0	1	0	45	71	3
FBXO15	0	2	0	65	98	3
ZFP14	0	0	0	23	65	2
ATP6V1F	1	0	0	21	25	1
GOLGA6L2	0	0	0	62	157	12
MEIS3	0	1	0	34	80	4
OR6P1	0	0	0	34	94	3
WDR82	0	1	0	18	17	0
SPATA19	0	1	0	9	43	5
AVPI1	1	1	0	13	43	2
PLIN1	2	0	0	83	150	7
HIGD1A	0	0	0	10	13	0
RTEL1-TNFRSF6B	2	3	0	125	162	3
TBCCD1	1	1	0	47	82	3
AMZ1	2	2	0	127	229	9
C1QL4	0	0	0	25	43	0
RUNDC3B	0	1	0	32	66	0
VWA5B2	0	5	0	156	261	7
WDR75	1	0	0	60	140	3
SCARB1	0	1	1	71	87	3
MPHOSPH6	0	0	0	15	34	1
ZNF280A	1	0	0	0	0	0
EFNA2	0	0	0	28	27	3
RIPPLY3	0	0	0	24	47	2
KMO	0	1	0	41	75	7
HTR5A	1	0	0	46	84	2
SMG7	1	2	0	82	153	1
CNGA4	0	0	0	51	123	5
IGSF9B	3	2	0	210	284	3
ACSBG1	3	1	0	91	163	1
OR10Z1	1	1	0	31	77	3
ASAP1	0	0	0	110	135	2
EPB41L4B	0	1	0	80	185	1
TAF13	0	0	0	6	14	1
FOXM1	0	1	0	75	138	0
ENSG00000285655	0	0	0	8	19	0
RNF138	0	0	0	17	19	0
ENSA	0	0	0	9	14	0
LRRC52	0	2	0	37	62	4
SLC7A11	1	3	0	55	91	4
FBXO41	2	2	0	120	184	6
EDEM1	0	2	0	78	159	7
FAM184B	1	4	0	106	220	12
CEP250	3	2	0	191	422	17
FBXO30	0	0	0	54	104	3
FMOD	0	1	0	49	104	1
SLC35C2	1	2	0	45	63	2
OR51E2	0	0	0	30	93	5
NME6	0	0	0	20	38	4
HIKESHI	1	0	0	15	28	0
FAM210B	0	0	0	19	30	1
PLEKHM2	2	5	0	139	215	3
CD151	0	1	0	32	53	5
SMIM14	0	0	0	4	11	0
C1QTNF1	0	2	0	46	65	2
MSLN	2	2	0	113	229	7
SEMA4B	1	3	0	113	208	8
PRCC	0	1	0	54	99	0
FSIP2	2	7	0	393	1185	24
MRO	0	0	0	29	64	2
COG2	0	0	0	69	127	0
CCNT2	0	3	0	53	86	2
ILRUN	0	0	0	25	32	0
ZNF625	0	0	0	31	61	7
CNTLN	2	3	0	127	311	19
ZNF124	0	0	0	23	77	5
UPF3A	1	1	0	53	99	2
ENSG00000285976	0	0	0	2	2	0
PEX3	0	2	0	28	44	2
EHMT2	1	0	0	0	0	0
ENSG00000284895	0	0	0	0	7	1
CATSPERZ	0	0	0	19	44	1
SGO2	3	2	0	76	198	6
ENSG00000262560	0	0	0	0	0	0
EDAR	0	0	0	66	75	5
FOXP2	1	2	3	50	86	0
CBARP	1	2	0	137	219	2
CLEC18C	0	0	0	1	5	0
DUXA	0	0	0	15	50	3
SLC35F1	0	0	0	33	62	0
ZC3HAV1L	0	0	0	29	48	0
DHRS9	0	0	0	24	65	2
PIDD1	0	5	0	138	275	9
NUDT1	0	0	0	25	52	4
KRT84	0	5	0	75	177	4
LORICRIN	0	1	0	29	77	2
GNG11	0	0	0	2	14	1
TRNP1	0	0	0	25	48	1
FCER2	0	0	0	44	88	3
EHD2	1	0	0	92	129	1
NDFIP1	0	1	0	19	16	0
DCC	0	2	0	148	287	2
SLC25A42	0	0	0	31	51	1
ZC3H7B	2	4	0	129	174	1
CCDC150	1	0	0	73	222	10
FBN2	2	9	2	251	528	4
RRP8	1	0	0	54	118	4
TSFM	0	1	0	31	77	2
AVIL	1	1	0	79	184	7
ZNF587	0	0	0	26	59	6
GSTA3	0	0	0	17	43	1
ENSG00000269533	0	0	0	16	31	2
BRME1	0	1	0	72	148	5
EMCN	0	0	0	10	46	1
RPEL1	0	0	0	16	43	5
BTBD18	0	0	0	49	123	0
PSMD5	0	0	0	44	91	3
SIGLEC6	2	0	0	47	103	3
KRTAP13-2	0	0	0	22	51	1
CACNA1B	0	7	0	313	398	6
ENSG00000286088	0	0	0	28	52	2
MSRB3	1	1	0	19	26	0
KLHDC7B	1	0	0	164	288	6
PPIAL4G	0	0	0	7	27	2
MCTP1	4	4	0	91	170	5
GPR137B	0	1	0	41	78	5
C2orf74	0	1	0	16	40	3
KCNH1	0	11	0	81	127	4
FBXO36	0	0	0	12	50	4
PFKFB4	0	0	0	41	82	4
TC2N	0	1	0	0	0	0
SCRT2	0	0	0	46	43	1
CCT8L2	0	0	0	47	115	7
DOCK5	0	4	0	174	354	11
CYP4F11	0	0	0	54	149	5
SGSH	0	3	0	79	166	2
EP400	2	10	0	391	559	0
DEFB104A	0	0	0	0	0	0
CUL9	2	5	0	226	447	7
OR52D1	0	0	0	31	79	4
DTNB	1	0	0	58	134	5
SEC13	0	1	0	37	71	1
ZNF500	3	1	0	87	165	6
TSNAX-DISC1	0	0	0	15	31	0
CDHR3	0	1	0	101	188	8
CAPNS2	0	3	0	13	48	1
ARHGAP22	1	1	0	94	185	3
CGAS	0	2	0	54	117	6
IQSEC1	0	10	1	185	276	1
NAPEPLD	0	0	0	0	0	0
FAM107A	0	1	0	21	38	1
ST3GAL6	0	1	0	24	58	3
SEBOX	0	1	0	17	45	4
ATP8B3	1	2	0	176	359	14
ENSG00000269237	0	0	0	6	16	3
ADISSP	1	1	0	27	34	0
USP16	1	2	0	50	144	4
HLCS	0	0	0	105	196	6
FEZ2	0	1	0	50	112	6
PSG4	0	0	0	67	164	8
ARF3	0	2	0	14	10	0
CEP20	0	0	0	0	0	0
C19orf73	0	0	0	11	42	0
CLCNKA	0	0	0	92	158	4
GLMN	1	1	0	29	86	3
CARD11	0	4	0	151	195	1
ACTR2	1	0	0	28	17	0
FSTL1	0	1	0	26	51	0
SETD4	1	2	0	41	76	7
SARAF	0	0	0	35	70	5
OR13D1	0	1	0	27	65	1
SEPTIN9	0	0	0	89	133	0
H4C14	0	0	0	0	0	0
DMAC1	0	0	0	17	38	4
TDRD1	0	3	0	96	194	2
CENPM	0	0	0	19	36	3
FUBP1	0	1	0	52	70	2
DUS4L	0	2	0	15	43	3
ZNF143	0	0	0	54	83	1
TRNT1	0	0	0	32	89	2
DYDC2	1	0	0	12	31	2
ERVV-1	0	0	0	10	22	0
PFDN6	0	0	0	0	0	0
MTOR	0	16	0	217	259	0
SYT12	0	0	0	65	116	2
ADAM29	0	0	0	69	149	10
PXDN	1	2	0	243	323	4
PUS7L	0	1	0	46	145	3
HID1	0	2	0	101	157	4
SESTD1	0	1	0	61	81	1
PARVB	0	2	0	56	92	2
SLIT2	0	1	0	143	232	3
CPAMD8	0	3	0	275	461	15
CCL14	0	0	0	0	0	0
TPGS1	0	0	0	46	96	0
KDM5B	2	13	13	115	247	10
UFL1	0	4	0	65	145	9
TMEM9B	0	0	0	13	29	1
CCER1	0	1	0	35	70	1
BECN1	0	0	0	29	54	2
TMEM232	0	2	0	60	150	10
ENSG00000288626	0	0	0	5	8	3
ETNK1	1	0	0	17	51	0
ACCSL	1	2	0	50	126	9
DDX19A	0	0	0	38	45	0
DUOXA1	0	0	0	34	74	4
HES2	0	1	0	22	33	0
CCDC54	1	2	0	26	55	4
GSG1	0	1	0	33	89	3
UNG	0	0	0	29	57	1
ADAM33	1	1	0	89	181	14
PPP1R2B	0	0	0	20	46	2
IQCF2	0	0	0	9	37	2
CXCL13	0	0	0	9	21	0
GNG14	1	0	0	18	26	1
MSS51	0	5	0	34	103	3
DLL3	0	0	0	84	171	5
HMSD	0	0	0	7	19	2
MZT2B	0	0	0	25	44	2
CHMP2A	0	0	0	18	41	1
SYT8	1	0	0	71	129	4
ZNF511	0	1	0	32	66	2
IFNL3	0	0	0	20	69	1
NLRP2	2	3	1	0	0	0
MRPL33	0	0	0	5	15	1
ABCC9	2	9	0	118	141	8
ADAMTS5	2	2	0	115	188	5
ECHDC3	0	0	0	44	65	2
GOLGA3	1	7	0	192	370	3
GLCCI1	0	2	0	65	109	1
CARM1	1	1	0	90	70	0
CDC25A	0	1	1	43	70	0
CCNE1	0	1	0	33	57	1
TSKS	0	3	0	70	150	2
CDH6	0	0	0	76	91	4
PARP14	1	2	0	120	283	8
SMOC2	0	3	0	64	103	3
DNAAF1	0	1	0	91	203	7
DYRK3	0	1	0	39	113	4
PTPRG	3	2	1	135	313	2
ZNF503	2	1	0	111	145	1
STARD9	5	4	0	392	996	36
GLMP	0	2	0	37	79	5
TMEM92	0	0	0	21	34	0
FAM83B	1	1	0	75	206	8
OR4K15	0	0	0	27	89	3
CFDP1	0	0	0	30	60	0
EXOSC9	0	0	0	21	81	6
SPDYC	0	1	0	16	60	1
DDO	0	2	0	35	79	7
TMED10	1	0	0	18	27	0
NPHS1	2	1	0	139	279	10
SLC40A1	0	0	0	37	76	2
DPT	0	1	0	23	55	4
ENSG00000255432	0	0	0	10	22	1
PXN	0	2	0	136	249	9
ACSS2	0	3	0	44	158	5
GORAB	0	1	0	24	79	8
SSB	0	0	0	25	50	0
ENTPD2	0	5	0	84	126	4
ENSG00000285238	2	18	1	140	146	1
ARMC3	0	2	0	64	162	8
OR6Q1	0	1	0	24	79	3
PTTG2	0	0	0	21	48	2
ONECUT2	1	1	0	76	110	0
KRTAP7-1	0	0	0	14	15	1
G6PC3	1	1	0	30	73	1
ANKRD29	0	0	0	16	75	0
PDRG1	0	0	0	14	21	0
SIRPD	0	0	0	20	41	3
STRIP1	2	0	1	76	141	3
GRINA	0	1	0	49	85	1
DDX42	1	3	1	78	122	1
CATSPERD	3	3	0	97	161	5
ARL6	0	0	0	10	33	2
NPIPA5	0	0	0	0	0	0
B3GNT8	0	1	0	62	117	5
LMO2	0	0	0	30	55	0
GTF2F1	1	4	0	96	135	3
KEAP1	0	0	0	69	89	1
TRIM9	0	2	0	86	94	3
GPR151	0	1	0	24	73	11
CEP104	0	7	0	80	197	7
NOP58	2	0	0	44	81	4
GOLM1	0	0	1	48	87	1
TRAPPC8	0	3	0	120	229	4
GJA9	0	0	0	29	91	8
ZNF888	0	0	0	43	138	5
MLYCD	0	2	0	74	163	6
ELOVL6	0	0	0	18	11	1
ADCY1	0	3	0	127	141	0
ALG5	0	0	0	20	50	0
GSTA5	0	0	0	21	53	1
STARD10	0	1	1	37	54	1
KRTAP5-8	0	0	0	13	35	0
NEDD4L	0	6	0	99	128	3
NOC2L	1	3	0	135	218	12
STX8	0	0	1	24	49	2
LUZP2	0	0	0	33	57	1
ZNF460	0	2	0	51	74	0
TOMM34	0	0	0	34	43	1
LAMTOR5	0	0	0	3	19	0
ENSG00000100101	0	0	0	22	52	4
LCK	0	1	0	41	57	1
FKBP14	0	1	0	19	33	1
SH3TC1	1	4	0	246	464	17
SPOP	1	6	0	25	18	0
NAA15	2	5	4	48	92	0
RBMS2	0	0	0	28	55	3
RDH10	1	2	0	23	30	0
KCNG1	1	1	0	62	51	0
PPFIBP1	0	3	1	65	175	10
UPK3A	0	2	0	39	70	3
GANC	2	0	0	72	188	10
CCKBR	0	0	0	44	99	5
GTF3A	1	1	0	25	95	3
OR2A14	1	0	0	32	68	2
SHARPIN	0	1	0	59	95	1
PTPRJ	1	4	1	123	277	4
PYCARD	0	0	0	24	39	2
PCDHGB1	0	1	0	95	210	1
APOL1	0	0	0	42	107	4
GNAS	0	15	2	54	18	0
NBPF15	0	0	0	33	88	7
CALHM6	0	1	0	32	55	7
F13B	0	1	0	46	110	3
NHEJ1	0	0	0	30	50	1
BOK	2	0	0	39	71	2
CLUAP1	0	1	0	35	97	4
RBM38	0	0	0	46	53	0
WDR43	1	1	0	68	122	0
TMEM130	2	1	0	53	91	4
NOXA1	1	3	0	70	132	5
LEO1	0	2	0	49	84	0
MRPL45	0	0	0	1	4	0
OR5AS1	0	0	0	39	83	3
BEND3	1	2	0	129	155	1
RGS11	0	3	0	71	151	5
UBA7	0	1	0	76	189	10
CMTM7	0	0	0	20	25	0
TMEM258	0	1	0	8	13	0
HOXB7	0	2	0	32	65	2
MTRF1L	0	0	1	27	70	2
CATSPER2	0	0	0	38	101	3
TULP1	0	0	0	60	120	3
LRRC70	1	1	0	36	95	4
FAM90A19	0	0	0	0	0	0
ENSG00000285253	0	0	0	44	130	2
INTS12	0	1	0	33	86	0
PTK6	0	2	0	64	126	6
HLA-DRB1	0	0	0	0	0	0
KCNK16	0	1	0	33	68	3
ENSG00000289490	0	0	0	0	3	0
CHAC2	0	0	0	15	52	3
SPAG17	1	7	0	153	408	11
BTAF1	0	3	1	125	216	0
SH2D3A	0	3	0	63	133	7
SEMA4C	0	4	0	98	151	1
SPDYE2	0	0	0	0	0	0
ENSG00000260836	0	1	0	0	0	0
AQP2	0	1	0	40	49	1
KCNK5	0	1	0	61	78	1
NLRC5	1	6	0	194	370	10
CNBD2	0	2	0	49	118	9
TPST2	0	0	0	73	91	1
PRSS21	0	1	0	28	73	1
LRRC24	0	1	1	97	140	3
PWWP3A	0	0	1	96	187	5
STXBP6	0	2	0	14	37	0
GNA11	1	3	0	65	42	0
LRRC41	0	1	0	60	132	1
AKR1D1	0	2	0	16	61	5
LRRC61	1	1	0	28	63	3
SLC4A3	4	3	0	162	249	2
COPG1	0	1	0	85	141	3
ZFP36L2	1	5	0	123	174	1
OR6C70	0	0	0	31	67	4
ATP5F1C	0	2	0	28	44	1
ENSG00000260371	0	0	0	18	40	2
LILRA4	1	1	0	4	6	0
LCE1F	1	0	0	12	35	1
PTCRA	0	0	0	28	59	5
ODC1	0	4	2	52	84	0
SNX27	0	4	0	43	72	2
PHPT1	0	2	0	25	33	2
MYOCD	0	1	0	96	195	1
HTR2A	0	0	0	42	57	2
RNF227	0	0	0	34	64	3
SRP68	0	1	0	48	95	2
GBA3	0	0	0	0	0	0
MSC	0	0	0	21	43	1
NSUN2	0	1	0	81	165	6
LRRIQ3	1	1	0	32	121	13
ZNF319	1	2	0	74	81	0
ADAT1	0	2	0	46	124	7
ZNF551	0	1	0	50	143	7
CYP27C1	2	6	0	52	111	1
ZCRB1	0	0	0	8	24	3
PATE1	0	0	0	3	33	3
PSMA6	0	1	0	19	13	0
TNNC1	0	1	0	21	25	0
USP5	0	1	0	90	124	0
ALPI	1	0	0	72	131	9
LTBP2	2	1	0	246	454	3
SAT2	0	1	0	10	27	2
IFNW1	1	1	0	18	52	1
RBM39	3	1	0	38	29	2
RAMP1	0	0	0	17	42	2
ZNF502	0	0	0	34	93	7
C21orf91	1	0	0	23	48	1
PLEKHJ1	0	1	0	23	44	3
HSPH1	2	2	0	74	120	0
OR1Q1	0	3	0	23	72	2
IRF8	0	3	0	69	90	2
CACNG6	0	0	0	31	59	3
ERVMER34-1	1	0	0	31	119	9
IP6K3	1	1	0	56	90	3
MBD3	0	2	0	58	72	0
AGXT	0	1	0	55	123	1
BTN3A2	0	0	0	23	46	2
ENSG00000283580	0	0	0	13	28	2
CD36	0	4	0	40	173	17
LRMDA	0	0	0	25	51	4
STPG3	0	0	0	45	101	6
AQR	1	1	1	118	178	4
LMAN1	1	3	0	39	101	5
RBM27	1	3	0	82	155	0
SH3BGRL2	0	0	0	9	23	0
ROS1	2	7	0	183	466	16
MOGAT2	1	1	0	37	99	2
RIMS2	0	4	0	122	319	7
JADE1	1	1	1	65	93	0
NTAQ1	0	1	0	21	43	2
IKZF5	0	0	1	25	46	1
CASP8	1	0	0	39	63	1
ENSG00000272822	0	2	0	12	23	1
STOML1	0	1	1	38	91	5
STEAP1B	0	0	0	11	42	1
HUS1B	0	0	0	37	87	3
NUDCD1	0	1	0	33	120	5
NMRK2	1	3	0	32	57	4
RRS1	0	0	0	34	90	1
GADL1	0	1	0	46	112	1
TMEM207	0	3	0	16	33	1
IQCE	1	2	0	117	210	5
SLC4A1	2	4	0	106	178	2
GPR180	0	0	0	35	66	5
ZNF440	0	0	0	55	126	3
RBP3	2	1	0	186	308	3
SUMO4	0	0	0	9	25	2
DLX6	0	0	0	46	62	0
PLLP	0	1	0	24	43	0
RPUSD1	0	4	0	73	108	3
METAP1	0	0	0	27	47	1
INSM1	1	3	0	76	120	2
TTLL8	1	0	0	95	195	6
SRSF7	1	2	0	26	20	1
ENSG00000288550	0	3	1	68	105	9
ENSG00000272897	0	0	0	0	0	0
NKAIN1	0	0	0	19	40	0
UCN	0	0	0	12	33	0
NANS	0	0	0	37	73	2
ADRA2A	0	0	0	60	95	2
CALHM1	1	0	0	52	118	3
MEFV	2	1	0	115	207	6
CDC42EP5	1	0	0	0	0	0
BEGAIN	1	3	0	106	112	0
LDB3	0	1	0	79	184	3
CTSO	0	0	0	0	0	0
SLAMF9	0	1	0	26	58	2
NKAIN2	0	0	0	19	30	1
SPATA31D4	0	0	0	0	0	0
CUTA	0	0	0	0	0	0
MAP4K3	1	4	0	83	136	5
ELP3	0	3	0	40	87	6
HSPE1	0	1	0	10	8	0
COBLL1	1	2	0	88	230	3
EPHX1	0	4	0	65	106	5
TSPYL1	0	4	0	39	69	2
NDUFB9	0	1	0	18	47	3
FXYD4	0	0	0	5	24	0
CRP	0	0	0	27	41	2
MRGPRD	0	0	0	37	73	4
TST	0	0	0	42	86	2
DSG2	0	3	0	96	204	2
MTFMT	0	0	0	32	101	5
ENSG00000283663	0	0	0	15	24	2
ROPN1	0	0	0	18	26	2
ATP6V1E2	0	1	0	26	43	6
SNRPC	0	0	0	13	12	0
ENSG00000243501	0	1	0	17	40	4
TMEM262	0	0	0	16	31	0
IL32	0	0	0	23	45	4
ANKRD11	5	17	24	443	616	0
TMEM176B	0	1	0	23	57	5
MIEF1	2	1	0	47	116	3
KCNJ12	0	1	0	0	0	0
CEP95	1	5	1	66	148	13
TMCO5A	0	2	0	28	44	2
PPP1R14D	0	0	0	12	22	0
PACS1	2	6	0	89	138	0
CXCL2	0	1	0	9	29	1
SDR42E2	0	0	0	52	97	2
CAMKMT	0	0	0	29	62	7
KLHL20	0	4	0	48	55	2
PSTPIP1	1	3	0	71	117	4
ADAMTS16	1	2	0	152	295	7
C1orf167	1	4	0	163	362	27
LEPR	1	6	0	85	165	4
CLDN8	0	1	0	13	56	1
PPEF2	1	1	0	70	174	14
SLC2A5	0	1	0	53	104	4
OR11H1	0	0	0	0	0	0
RAET1L	0	0	0	12	48	3
NKX2-3	0	2	0	43	69	0
ZFR2	2	4	0	156	346	8
KMT2C	3	7	6	368	768	1
CAPZA1	1	0	0	20	48	0
UCP3	0	0	0	51	87	3
RGPD6	0	0	0	0	0	0
SFSWAP	1	1	0	115	177	1
NDUFB10	0	1	0	23	52	1
ZNF407	6	3	0	235	435	6
MKNK1	0	0	0	38	83	4
PCDHGB3	1	0	0	101	196	7
OR2C3	0	2	0	28	68	1
ARHGEF33	1	2	0	110	177	1
DRICH1	0	1	0	35	55	1
MRPL35	0	0	1	20	49	3
CDC14B	0	1	0	46	86	2
EML4	1	4	0	93	206	5
KRT15	2	1	0	50	126	5
PRPSAP1	1	0	0	37	64	2
OR51E1	1	0	0	29	80	3
BPNT1	0	2	0	31	41	1
KLHL38	0	1	0	81	148	4
SLC22A18	0	1	0	14	18	1
TES	0	0	0	26	79	5
DHX38	3	3	0	149	232	4
ENSG00000288593	0	0	0	8	10	0
PALB2	1	4	1	88	223	9
ILKAP	0	0	0	47	53	0
GRIP1	2	3	0	92	184	3
KTN1	0	2	0	97	236	3
MFSD2A	0	3	0	50	62	0
CDCA3	0	1	0	9	40	1
ENSG00000288625	0	0	0	4	12	0
PCDHA13	1	0	0	103	222	7
SKOR2	0	2	0	123	225	5
PPP1R7	0	2	0	32	51	0
CCDC96	0	1	1	36	126	7
FAM217A	0	0	0	36	84	9
ZNF331	0	0	0	49	69	0
PRR15L	0	0	0	10	26	0
DUXB	0	0	0	23	69	4
SPEM2	0	1	0	47	137	5
SPATA31D1	0	0	0	172	446	10
CCDC198	0	0	0	14	62	6
PRR7	1	0	0	33	51	0
B4GALT6	0	1	0	32	54	0
TOPBP1	1	3	0	115	241	2
ZFPM2	2	3	0	93	201	2
NDUFB5	0	0	0	20	40	2
ENSG00000249319	0	0	0	27	56	1
TELO2	2	4	0	139	254	5
OTOL1	1	1	0	48	105	6
RPL4	0	3	0	36	82	0
MSL2	0	4	0	47	85	0
ARMC2	0	1	0	80	158	6
ZSCAN25	2	0	0	64	102	5
SCYGR2	0	0	0	27	39	2
TESC	0	0	0	34	42	2
AMN	1	0	0	66	117	1
AAMDC	0	1	0	7	18	1
SPRR3	0	0	0	14	33	2
KLK2	1	1	0	12	51	0
MATN4	0	1	0	53	139	1
APCDD1L	1	0	0	60	133	7
PIWIL3	0	4	0	76	205	11
CARNS1	1	0	0	118	234	5
SNF8	0	2	0	29	43	1
CD27	1	0	0	17	53	2
CRIM1	1	6	0	87	215	3
CBY3	0	1	0	35	69	3
POLL	0	1	0	47	114	5
UBXN7	0	2	0	34	46	1
CABS1	0	1	0	25	77	0
PDE2A	0	4	0	102	125	1
CLEC4A	0	0	0	23	50	3
SART1	3	2	0	96	176	1
NHSL1	2	3	0	169	330	6
FEZ1	0	0	0	31	48	1
PTGER1	0	1	0	55	100	4
SCP2D1	0	0	0	14	31	1
CEP63	1	3	0	46	134	8
TNFSF4	0	0	0	11	28	0
SLC4A1AP	3	3	0	58	137	8
ANXA4	1	0	0	34	60	2
OR4F16	0	0	0	0	0	0
ATP5MF	0	2	0	8	35	0
KRTAP5-10	0	0	0	18	48	0
EYA4	0	1	0	51	106	0
FOXD4L4	0	0	0	3	8	0
WBP11	0	0	0	35	84	0
SCN8A	0	37	1	146	132	1
ATG2B	1	1	0	170	349	3
ZNF860	0	1	0	42	116	5
CFAP161	0	1	0	33	61	1
NCSTN	1	2	0	62	111	0
DAND5	0	0	0	13	38	4
TMEM266	1	1	0	74	114	2
IFI30	1	0	0	26	57	3
HMGN1	0	0	0	12	29	2
GALNT12	0	1	0	60	142	8
GRIA2	1	9	0	83	63	0
LPCAT3	1	0	0	35	45	0
DENND5A	2	1	0	110	194	2
MOCS3	0	0	0	59	91	6
CIB2	1	1	0	23	41	1
H4C3	0	4	0	50	33	2
MCOLN3	1	1	0	37	77	6
CCR6	1	0	0	37	50	1
MYL6	0	0	0	13	29	0
TMEM44	2	3	0	51	114	4
OR4D2	0	1	0	24	79	4
TOR3A	0	1	0	49	108	4
CGB3	0	0	0	0	1	0
PPFIA4	0	4	0	128	279	4
CLEC3B	0	0	0	24	30	3
PNLIP	1	1	1	47	87	1
RESF1	0	5	1	126	350	6
ENSG00000228144	0	0	0	19	34	0
WASL	0	2	0	33	73	0
CRLF1	0	1	0	59	90	2
PACS2	3	9	0	157	178	0
RIMOC1	0	0	1	17	58	4
SMIM23	0	0	0	13	35	2
SH3BP4	1	3	0	133	207	2
KRTAP5-4	0	0	0	0	0	0
WLS	1	0	0	48	92	1
MARCKS	0	2	1	53	96	0
OR5M11	1	1	0	38	71	1
DLL1	1	3	1	0	0	0
RPS12	0	2	0	14	21	0
STRIP2	1	0	0	77	156	8
OAS2	1	0	0	75	137	10
ARHGAP9	0	2	0	70	175	8
CCR8	1	0	0	31	67	1
RARG	0	0	1	47	46	2
GJC1	0	1	0	38	41	0
NEK4	0	1	0	73	167	10
ZFYVE16	0	3	0	79	277	8
GON4L	1	4	0	149	332	2
PPP1R10	0	4	0	0	0	0
PWP2	4	3	0	0	0	0
OR4K1	0	2	0	25	103	4
NUF2	1	1	0	27	57	4
MRGPRX1	1	0	1	45	98	1
GML	0	1	0	11	35	0
MGAT4C	0	1	0	29	80	1
SLC7A10	0	2	0	80	124	1
DDHD2	0	2	0	40	123	7
TJAP1	0	1	0	43	118	4
MED27	0	0	0	22	48	3
CAMKV	0	2	0	46	55	0
ZMIZ2	0	3	0	97	189	1
KIF20B	2	4	0	120	380	16
ENSG00000257207	0	0	0	0	0	0
PRMT3	0	0	1	39	114	2
ALDH9A1	1	1	0	51	113	5
NOPCHAP1	0	1	0	14	42	4
NYAP1	4	2	0	127	207	1
CFAP68	0	2	0	9	34	5
UBA6	0	4	0	62	173	3
RO60	0	0	0	32	95	1
UROD	1	0	0	21	72	4
MTNR1B	0	0	0	47	88	3
SPG21	0	0	0	34	48	2
MLLT6	1	2	0	0	0	0
AJAP1	4	1	0	48	82	1
CSGALNACT1	0	1	0	66	157	8
PIGY	0	0	0	3	15	1
SSMEM1	0	0	0	12	41	5
CREBZF	0	1	0	47	64	1
ZNF555	1	1	0	46	120	11
DNAJA4	0	1	0	38	86	1
MYO15B	0	2	0	422	905	36
FAM240C	0	1	0	0	0	0
FKBP15	3	4	0	82	209	9
TSACC	0	0	0	5	26	0
PRB1	0	0	0	0	0	0
GDF6	0	0	0	46	83	0
EXOC1L	0	0	0	14	33	3
CASR	2	4	0	105	150	3
ZNF679	0	0	0	34	97	4
ENSG00000289051	0	0	0	8	23	0
KRTAP12-2	0	0	0	17	48	2
RAB36	0	0	0	37	60	4
TCF21	0	0	0	13	28	1
OR52N2	0	0	0	35	93	5
TRIM17	0	1	0	63	124	5
OR5H8	0	0	0	0	0	0
PROB1	1	1	0	101	243	4
H2BC21	0	0	0	19	19	0
CDK2	1	0	0	26	23	0
SUSD2	1	1	0	111	230	5
OR5I1	0	0	0	31	68	4
PLSCR3	0	1	0	33	60	1
RXRG	1	1	0	49	72	2
SMAD1	0	1	0	37	47	0
IL10RA	1	0	0	68	129	1
REG1A	0	0	0	16	34	1
ZNF488	0	3	0	35	99	5
MGAT1	4	0	0	75	93	2
PDE4DIP	0	1	0	46	105	3
IP6K2	1	0	0	35	56	0
H2BC17	0	0	0	19	24	4
OR9Q2	0	0	0	33	67	2
GNB5	0	1	0	48	70	2
ENSG00000286239	0	0	0	18	43	1
RFPL2	0	0	0	37	109	3
AGAP6	0	0	0	21	51	1
BIRC2	0	1	0	38	122	1
ZBTB14	0	1	0	46	35	2
COLQ	0	0	0	50	93	4
PDCD2	0	0	0	36	81	2
OR4N2	0	0	0	36	97	0
FAM222B	1	2	1	77	136	2
FKBP5	1	0	0	39	64	0
URGCP-MRPS24	0	0	0	7	13	3
ICAM5	1	1	0	82	128	1
SERHL2	0	0	0	13	34	4
HFM1	3	2	1	100	239	17
PDIK1L	1	0	0	21	23	2
AGT	0	0	0	71	105	2
MBOAT2	0	1	0	35	59	1
COPS5	0	0	0	18	18	0
SULT1A4	0	0	0	0	0	0
BIVM-ERCC5	2	4	0	139	325	9
FIS1	1	0	0	17	30	1
ZNF285	0	0	0	55	123	1
ZNF365	0	1	0	26	86	2
PIM3	1	0	0	79	82	0
SIK1	1	2	0	0	0	0
FOXN2	1	0	0	36	74	4
MRPS33	0	0	0	9	19	2
SYN3	0	1	0	54	112	2
AMMECR1L	0	1	1	25	38	1
RHAG	1	0	0	34	71	2
ANTXR2	0	5	0	42	97	2
PCED1B	2	3	0	54	78	5
KIF2C	0	1	0	62	122	2
MRPL55	0	2	0	13	42	1
NEK10	2	3	0	85	211	7
H2AZ2	0	1	0	7	5	0
POLR3A	0	4	1	132	213	12
LRRC8A	1	1	0	129	121	2
MCEMP1	0	2	0	16	27	4
MRGPRE	1	1	0	57	110	6
SDHA	0	0	0	97	143	6
DTNA	0	1	0	70	133	2
PTX3	1	1	0	28	90	4
NFATC2IP	0	1	0	36	95	3
PRAME	0	0	0	0	0	0
MIXL1	0	0	0	29	54	1
PDS5B	1	3	0	107	131	5
RNF31	0	3	0	79	192	2
SPATA31E1	0	2	0	149	353	18
BICD2	2	9	1	116	164	0
ZNF354C	1	0	0	34	106	4
GSDMC	1	2	1	58	116	5
RIT2	0	3	0	15	39	0
GCNT1	0	3	0	31	75	3
MYEF2	1	0	0	39	85	0
LOXL4	0	3	0	79	205	4
R3HDM4	0	1	0	38	80	2
NFATC3	1	0	0	84	200	1
SORCS3	2	4	0	127	234	4
RPL36	0	0	0	9	17	0
RAP1GAP2	1	3	0	92	133	1
UPF2	1	1	0	100	150	1
ZNF474	1	1	0	34	97	4
OR10A4	0	0	0	30	71	2
GABRG2	0	8	0	41	36	0
LRRC43	1	1	0	86	148	15
IGSF9	2	2	0	116	266	11
ABHD6	0	1	0	29	64	0
HPS3	1	2	0	68	179	6
HPGDS	0	0	0	19	55	1
POLR2H	0	0	0	9	16	0
GLO1	0	0	0	13	24	4
PRSS37	0	0	0	23	58	3
ST14	1	2	0	119	162	2
TFDP2	0	0	0	32	65	3
CRIP1	0	0	0	13	28	1
KRT39	0	0	0	0	0	0
STARD6	0	1	0	14	41	3
ZNF579	1	0	0	77	104	0
FLRT3	1	3	0	42	87	4
AJM1	0	0	0	143	228	1
LYPLA2	0	0	0	29	22	0
EXOC3L1	1	1	0	87	172	9
RPS29	0	1	0	5	11	0
BAZ2B	1	8	2	128	383	3
ENSG00000284554	0	0	0	45	106	2
SRARP	0	0	0	22	43	1
ADGRE1	1	1	0	80	195	8
CACYBP	0	0	0	16	26	0
AKIRIN2	0	0	0	32	31	1
OR13C3	0	0	0	28	71	1
LAMTOR2	1	0	0	11	10	1
ZNF184	0	2	0	50	97	1
DCLRE1A	0	4	0	58	203	4
IMPG1	1	0	0	67	169	11
LBR	0	1	0	59	152	2
SERPINB13	0	1	0	44	77	2
NOTCH2NLB	0	0	0	0	0	0
SORCS2	4	0	0	188	304	0
GPR17	2	0	0	54	115	4
ZNF639	0	0	0	36	69	1
CFAP92	1	0	0	114	235	8
OTUD7B	1	3	0	70	166	2
NGEF	2	2	0	77	115	1
PCDHA10	1	0	0	115	246	5
SPDYE6	0	0	0	0	0	0
TAS2R60	0	0	0	31	61	2
IZUMO3	0	2	0	27	71	3
NFRKB	1	2	1	147	241	4
ABCC5	1	3	0	136	182	4
HDAC9	1	2	0	98	171	2
OR6C2	0	0	0	20	57	0
CREBBP	1	51	4	293	370	2
EPOP	0	0	0	0	0	0
ZNF470	0	0	0	49	162	9
LYRM1	0	0	0	13	22	4
DDX31	0	3	0	61	169	9
ATXN3	0	1	0	21	54	1
IFT57	0	0	0	29	76	4
ARID5B	0	2	0	93	205	1
SPDEF	0	1	0	65	76	0
HOXC10	0	1	1	28	75	1
UBR2	0	5	0	120	234	1
TMEM167A	0	0	0	3	12	0
ASB15	1	0	0	53	110	9
PALM2AKAP2	0	3	0	107	243	5
TOX4	0	0	0	51	72	1
GOLGA6L7	0	0	0	47	163	9
EXOC4	0	1	0	81	164	2
NOL8	0	0	0	75	196	8
TIMM21	0	1	0	17	47	3
NNT	1	1	0	77	177	5
PURB	1	2	0	49	58	0
CFAP206	0	1	0	47	112	10
RAD23B	0	2	0	43	50	1
RALGDS	0	2	0	125	207	2
GLTP	0	0	0	22	50	2
SHCBP1	2	0	0	44	121	7
HCN2	1	1	0	203	200	0
CNTNAP1	2	1	0	141	261	5
MRPL53	0	0	0	12	38	1
VASH2	0	2	0	44	63	4
NUMA1	2	7	0	177	472	3
EMC4	0	0	0	16	21	0
BTN3A3	0	0	0	47	113	5
ICAM3	0	1	0	60	114	1
IL1RAP	0	0	0	51	63	0
WTIP	0	1	1	69	93	3
ZFP1	2	0	0	53	91	2
LRFN3	0	3	0	102	112	0
OR12D1	0	0	0	0	0	0
HSD17B12	0	0	0	38	54	1
CDRT15L2	0	0	0	18	51	2
IL1RL2	2	0	0	60	129	3
ZNF25	0	0	0	32	80	3
PRPS1L1	0	0	0	20	82	1
ATF4	0	0	0	46	112	2
SERP1	0	0	0	6	12	0
GALNT1	0	0	0	52	61	1
DONSON	1	0	1	44	110	4
NPFFR2	0	1	0	33	89	5
CNOT10	0	1	0	55	126	0
HMGCL	1	2	0	27	51	2
DEFB105A	0	0	0	0	0	0
WDR24	1	2	0	127	155	3
MAP4K5	0	1	0	66	130	3
ARID3C	0	2	0	43	94	3
U2SURP	1	4	0	83	84	1
INTS5	1	3	1	96	190	0
ENSG00000288683	1	0	0	19	68	1
SLFN12L	0	1	0	46	110	7
KRT76	1	3	0	73	169	3
PLK3	2	2	0	73	112	3
POLD1	3	5	0	178	264	3
QSOX2	1	5	0	95	166	5
KIAA1217	2	2	0	192	418	9
RNF8	0	2	0	31	63	2
SH3TC2	1	5	0	124	276	15
CLTC	3	12	6	101	81	0
PHF14	0	2	0	76	140	0
ARL14EP	0	0	1	17	35	0
VPS33B	0	1	0	49	120	3
ZNF329	0	1	0	38	92	4
C11orf91	1	0	0	23	54	0
HSPA5	0	1	0	65	50	0
IBSP	0	0	1	29	70	5
MOB3A	0	2	0	39	69	2
GINS4	0	0	0	19	45	3
DNAH2	4	15	0	428	922	26
MUC3A	1	5	0	47	91	0
OR4K14	0	1	0	25	71	2
TMC4	0	0	0	4	8	0
MAP6D1	0	0	0	27	44	3
YEATS4	0	0	0	18	21	1
STPG2	1	1	0	37	116	6
PBX2	0	0	0	0	0	0
DNAJC5	2	0	0	38	29	0
NPY4R2	0	0	0	0	0	0
CNTROB	2	2	0	85	199	7
KRT13	0	0	0	53	123	2
USP17L15	0	0	0	0	0	0
ICAM1	1	1	0	59	115	3
ZDHHC11B	0	0	0	43	69	1
MAP3K9	1	5	0	117	241	3
GPR148	0	0	0	29	95	5
SLC22A23	1	4	0	97	121	0
SULT1C4	0	0	0	22	53	2
ITGB6	2	0	1	77	169	9
UCP1	0	0	0	38	66	5
E2F5	0	0	0	25	43	3
TGFBRAP1	0	4	0	98	161	2
TMEM273	0	0	0	21	38	0
SAAL1	0	1	0	26	85	3
EED	0	2	0	29	51	0
ZDHHC13	1	0	0	41	117	7
MYO1H	0	4	0	88	215	13
IL2	0	0	0	10	16	0
ANKRD12	1	2	0	170	342	6
PRDX2	0	0	0	20	42	0
BORCS8-MEF2B	0	2	0	42	81	3
PNISR	1	3	1	56	140	2
ARMC10	1	0	0	13	29	1
CABLES2	0	1	0	63	124	3
SPOCK3	1	0	0	34	81	3
PPA1	0	0	0	21	42	1
TMEM131	0	1	2	150	320	2
CCDC74A	0	0	0	26	54	2
NHLRC1	1	1	0	32	65	0
POU5F1	0	2	0	4	2	0
PLEKHG6	1	2	0	89	219	12
SOCS4	1	0	0	30	86	2
SETD6	0	4	0	50	113	4
GOLT1A	0	0	0	16	32	2
ATR	5	5	0	165	323	9
FGD3	2	4	0	91	128	5
TPX2	1	1	0	42	112	3
LRP4	1	6	0	197	322	4
ADSS2	0	0	0	24	53	1
MRS2	0	0	0	36	79	2
ATF6	2	0	0	47	119	7
TMUB1	0	0	0	25	47	1
SCYL3	2	1	0	62	103	3
RAB43	0	3	0	26	22	1
TMEM74	0	1	0	25	56	3
ENSG00000256966	0	0	0	7	11	0
RTP5	0	1	0	0	0	0
AURKB	0	1	0	28	82	3
TERB1	0	2	0	48	117	4
ENSG00000286131	0	0	0	5	14	0
EPRS1	0	3	1	102	219	4
IFI35	2	1	0	30	75	4
SLC66A3	0	1	0	28	49	1
ENSG00000289694	0	4	0	15	4	1
CYP4Z1	0	0	0	29	103	3
RCC1L	0	1	0	56	93	2
PTEN	1	20	5	23	24	0
ENSG00000285982	0	1	0	17	50	2
C13orf42	0	0	0	33	71	1
GRAMD4	1	1	0	90	97	0
FUT8	0	1	0	42	95	3
CSN3	0	2	0	14	46	0
USP31	1	3	0	151	298	3
LRRC75A	0	1	0	58	67	1
CXCL10	0	0	0	6	19	0
FAM219B	0	1	0	15	53	2
KRTAP23-1	0	0	0	5	13	0
VRK2	0	2	0	36	116	6
CFAP95	0	0	0	18	57	2
CYB5R1	0	2	0	39	58	3
ZNF528	0	0	0	51	135	7
TMEM184A	0	2	0	89	125	2
FLVCR2	0	2	0	43	93	1
JUNB	1	0	0	38	34	0
ZAR1L	0	0	0	29	63	1
SAMD10	0	2	0	28	48	0
XPOT	0	1	0	49	128	1
ATP13A5	1	0	0	84	234	10
UCHL3	0	0	0	12	41	3
SHBG	0	0	0	36	80	2
LRRC56	0	1	0	8	27	2
ANK1	1	9	0	224	391	3
ENSG00000286221	0	0	0	1	6	0
KRTAP10-5	0	0	0	46	103	1
BCL2L12	0	0	0	14	61	4
RNPEP	0	1	0	62	150	8
P4HA3	0	0	0	38	111	6
DDX11	0	0	0	78	167	11
SPRR1A	0	0	0	9	19	1
LAT	1	0	0	32	52	1
CDS1	0	1	0	26	53	4
AZIN1	0	0	0	39	51	1
FBXW4	0	1	0	52	119	5
CEP192	3	4	1	174	474	10
HTR2B	1	1	0	36	108	10
GRPEL2	0	1	0	14	38	3
IL25	0	0	0	19	44	3
PRR23D1	0	0	0	0	0	0
CENPO	0	0	0	25	63	4
SFRP5	0	1	0	32	89	3
RBM4B	0	0	0	38	84	3
EIF2S3B	0	0	0	49	100	2
DPH1	0	2	0	50	112	6
SARS2	0	2	0	57	142	3
EFTUD2	0	12	11	87	118	0
MFSD14B	0	1	0	49	73	1
SIT1	0	0	0	20	38	2
KRTAP5-9	0	0	0	11	27	3
ACSM5	0	0	0	62	145	6
GATAD2A	0	2	1	87	141	0
TLR3	0	2	0	82	148	4
HK1	0	11	0	98	94	1
PNMA8B	1	2	0	67	151	2
ADGRB2	2	1	0	188	266	5
P2RY6	0	0	0	44	92	3
CCDC144A	0	0	0	37	58	4
SLC9A8	2	2	0	68	121	0
GPR3	0	0	0	33	59	2
RYBP	0	0	0	0	0	0
CRYBG3	2	4	0	180	543	23
ATG3	0	2	0	24	42	0
MRC1	0	0	0	147	250	6
POLG	1	8	0	139	291	7
ZNF841	0	0	0	56	184	8
ZNFX1	1	3	0	158	338	3
KCNJ11	0	0	0	43	71	0
ENSG00000258674	0	1	0	40	85	3
KRTAP10-9	0	0	0	68	122	2
MICU1	0	0	2	31	80	4
PHC1	0	0	0	52	100	1
KRTAP3-2	0	0	0	0	0	0
SKA1	1	0	0	0	0	0
CDH19	2	1	1	61	169	5
LINC02203	0	0	0	0	0	0
CD9	1	0	0	22	45	0
TLR2	0	1	0	63	140	6
ENSG00000263809	0	0	0	6	6	0
SORBS3	1	3	0	81	183	6
DEPDC5	1	3	0	141	274	6
SPDYE15	0	0	0	0	0	0
TMEM25	0	0	0	33	75	2
FHIP1A	2	3	0	89	226	7
OR10H2	0	0	0	37	68	1
KRTAP13-1	0	0	0	22	30	3
RNF34	2	2	0	35	68	1
DAPK3	2	1	0	71	108	5
EHBP1L1	0	1	1	148	335	15
MYBPC1	1	5	0	84	172	3
COQ7	0	1	0	22	65	2
IFT80	0	4	0	51	115	4
MFAP3L	1	0	0	41	65	1
IFITM2	0	0	0	28	39	0
TMEM109	0	0	0	25	48	2
SCO1	0	0	0	34	67	1
ARMT1	0	0	0	29	84	8
TMEM145	2	0	0	45	84	3
RASSF10	1	0	0	62	108	1
ARHGAP25	1	2	0	63	108	2
IFNA21	0	0	0	23	47	1
AKAP8L	0	0	0	89	133	4
COLEC11	0	0	0	37	57	0
NT5DC4	0	0	0	46	118	2
NPIPA3	0	0	0	0	0	0
DIAPH3	0	2	0	102	230	8
MAT2A	0	1	0	43	24	0
AOX1	1	2	0	105	254	9
KLHDC8A	1	1	0	42	75	4
ENSG00000290316	0	0	0	0	0	0
BPHL	0	0	0	33	59	3
PRRC2A	2	5	0	0	0	0
MELK	0	0	0	46	113	7
CREM	0	0	0	26	50	0
WFDC10A	0	0	0	7	17	0
PABIR1	0	0	0	33	48	0
GLIS2	1	2	0	0	0	0
NARS1	0	3	3	39	94	9
MAD2L1BP	0	0	0	19	64	4
CCDC74B	0	0	0	26	62	6
SELENOM	0	0	0	0	0	0
CMTR2	1	0	0	55	129	4
HCRTR2	0	0	0	49	69	3
OR8B3	0	0	0	21	41	1
MCTP2	3	3	0	89	201	11
MAPK3	0	1	0	47	72	4
TRIM64B	0	0	0	6	28	1
TRPM2	4	3	0	249	465	18
HMX2	0	0	0	35	64	1
IPMK	0	0	0	34	65	2
MERTK	0	2	0	87	197	5
SPIRE1	0	2	0	70	132	4
AVEN	0	1	0	37	107	8
CA13	0	0	0	16	61	5
SAMSN1	0	2	0	33	71	2
HNRNPA2B1	1	0	0	40	19	1
ZNF789	0	0	0	29	82	5
SAR1A	0	0	0	10	22	0
KDELR3	0	1	0	18	42	1
RSC1A1	1	1	0	37	125	4
AKR1A1	0	0	0	31	66	4
PRDM10	0	5	1	129	196	1
UFM1	0	0	1	4	11	1
TRPV5	0	0	0	0	0	0
XCR1	0	1	0	31	63	1
CDH10	1	1	0	59	96	1
CDK7	2	0	0	0	0	0
RORA	1	5	0	56	76	0
PLVAP	0	2	0	56	96	2
LAMB1	0	6	0	167	366	7
GTSE1	1	3	0	76	197	2
PYM1	0	0	0	22	24	0
MLH1	0	1	0	64	167	2
SMIM28	0	0	0	22	48	2
CPLANE1	2	3	0	192	574	33
FYB1	1	3	0	68	155	1
KCNK17	2	1	0	35	81	1
OR1L3	0	0	0	31	66	2
GRM6	0	3	0	158	255	14
GNE	0	2	0	44	88	4
TNFRSF11B	0	1	0	33	66	2
KLHL29	1	3	0	137	184	0
STK32B	2	0	0	61	102	2
C18orf54	0	1	0	50	105	9
CEACAM16	1	0	0	62	95	3
GIGYF1	1	5	3	172	286	1
DNLZ	0	1	0	28	86	3
PDIA4	0	1	0	75	131	5
MYH8	0	4	0	132	346	17
CCL5	0	0	0	0	0	0
ACSM3	0	0	0	39	114	12
BRD1	0	3	1	178	214	1
CYP2A13	0	0	0	49	149	7
GPRC5D	1	4	0	28	73	2
DEFB114	0	0	0	6	23	0
ANKRD65	1	0	0	67	124	3
GEMIN5	1	2	0	129	290	8
DGKI	3	0	0	99	157	1
SAP130	2	1	2	93	151	1
SLC26A5	0	1	0	45	138	4
CDRT4	0	0	0	15	39	0
PITHD1	0	0	0	25	35	1
SPDYE1	0	0	0	14	50	1
CDCP2	2	3	0	71	150	5
C10orf95	0	1	0	30	85	3
LGR5	2	3	0	95	186	5
SMIM45	0	0	0	8	20	0
LRRC20	0	1	0	31	44	1
AGBL4	0	1	0	37	96	5
CCDC196	0	0	0	17	45	1
ENSG00000289701	0	4	0	61	111	2
RBPMS2	0	0	0	23	51	0
NRROS	0	1	0	77	129	2
ENSG00000292277	0	0	0	17	46	1
OR4F4	0	0	0	0	0	0
TAS2R31	0	0	0	0	0	0
YBX3	1	0	0	47	114	5
ZNF426	0	0	0	47	107	8
TRMT11	1	1	0	29	90	3
GALT	0	1	0	32	65	4
ZNF566	0	0	0	25	65	1
ADAM9	0	1	0	62	116	2
THEMIS2	0	1	0	79	110	3
MARCHF4	0	2	0	40	78	2
MTRR	2	2	0	71	156	11
DHRS12	1	0	0	28	58	3
ALCAM	1	1	1	49	88	1
FAM174C	0	0	0	39	53	1
TLCD5	0	0	0	20	63	1
RSPH1	1	0	0	33	80	3
PSMB4	0	1	0	20	47	1
RUNX3	0	2	0	49	79	0
ENSG00000284874	0	4	0	47	44	0
SDF2L1	0	1	1	32	52	0
SUN2	0	1	0	93	174	4
DPM1	0	0	0	18	51	2
ORC5	0	0	0	31	80	5
PRSS16	0	0	0	48	97	5
GRIK3	2	6	0	128	160	0
TMEM74B	0	1	0	33	64	3
CD226	0	0	0	27	56	0
TEDC1	2	0	0	72	162	6
OLFM4	1	2	0	52	98	5
STYXL2	1	2	0	127	305	8
NES	0	1	0	114	299	6
ASPHD1	0	0	0	35	66	0
GPR160	0	1	0	21	39	1
FBXL12	0	2	0	41	76	5
TMEM30A	0	2	1	23	54	2
ACTR3C	0	0	0	11	22	2
PCLO	2	8	1	359	911	4
AP3M1	0	1	0	32	65	4
ZCCHC14	3	2	0	187	227	0
CMPK1	0	0	0	10	30	0
BCL2L10	0	0	0	21	45	8
NIPAL1	0	0	0	33	58	1
BORCS5	0	0	0	27	38	2
STRA6	0	2	0	71	158	3
ADAMTS1	0	1	0	94	183	2
GFRA3	1	0	0	33	55	2
FERMT2	0	1	0	41	94	0
MAP7D1	1	2	0	102	206	0
ATP13A3	0	4	0	93	195	1
TTF2	2	6	0	93	223	13
ZFPM1	3	3	1	201	301	2
HPF1	0	0	0	25	61	3
AACS	2	1	0	79	159	4
SERTAD2	1	2	0	41	52	0
GALNT16	0	2	0	63	121	1
ARL16	0	0	0	31	49	1
POU5F2	0	1	0	37	56	5
AAGAB	0	2	0	31	74	2
TP53I3	0	1	0	26	60	7
NMRAL1	0	1	0	0	0	0
ATP8B1	0	3	0	102	221	7
KYAT3	0	0	0	28	73	4
HBG1	0	0	0	0	0	0
INAFM1	0	0	0	31	54	2
MRPS16	0	0	0	15	33	1
ERC1	0	2	0	75	194	5
TMOD1	0	1	0	37	51	1
TRMT2A	0	2	0	94	165	5
C1orf54	0	1	0	8	28	0
CAV2	0	0	0	15	29	0
ENSG00000141979	0	0	0	51	122	0
EML2	2	3	0	66	138	3
FAM221A	0	0	0	22	72	2
H2BC12	2	1	0	28	21	1
TEX49	0	0	0	16	37	0
MUC16	9	16	1	1302	3309	61
APOBEC3H	0	0	0	24	47	2
PID1	0	0	0	26	33	0
POLR1C	0	0	0	34	93	3
DIRAS1	1	1	0	26	19	0
C4A	0	0	0	0	0	0
SLCO2B1	1	0	0	84	143	3
KRTAP9-9	0	0	0	0	0	0
SV2C	0	0	0	73	163	4
ZFYVE27	2	0	0	50	86	1
CALCOCO1	0	1	0	67	129	2
RGL4	0	0	0	56	119	3
ENSG00000288684	0	4	0	50	155	6
ARL15	0	0	1	13	37	2
CPXM2	0	0	0	78	207	2
ASB13	2	0	0	44	75	2
IL15	0	0	0	11	26	0
SUDS3	0	0	0	26	38	0
MOSPD3	1	1	0	21	49	1
RAMACL	0	0	0	4	24	5
RNF126	1	2	0	80	97	0
MIS18A	0	0	0	27	46	0
FAM90A17	0	0	0	0	0	0
OR52K2	0	0	0	36	95	3
DCAF6	0	2	0	65	152	2
OR1A1	0	0	0	29	86	2
AQP12A	0	0	0	22	36	0
NEDD8-MDP1	1	2	0	11	22	0
ZRANB3	2	1	1	77	179	12
ACBD5	1	0	0	43	86	4
B4GALNT3	1	7	0	105	233	9
ALKBH8	0	2	0	56	130	2
EEF1AKMT3	0	0	0	17	50	2
LRRCC1	0	1	0	72	170	6
OR2A42	0	0	0	0	0	0
PEX5L	2	0	0	49	71	2
FBXO25	0	0	0	41	69	3
ESR2	1	2	0	60	126	4
ENSG00000285920	0	1	0	32	99	2
RBPJ	0	1	0	40	47	0
SERPINB1	1	1	0	29	82	2
BBS7	0	1	0	42	117	1
CYP1B1	1	0	0	67	154	3
CBX4	1	1	0	63	88	0
SUSD6	0	1	0	42	73	0
WDR17	0	4	1	82	239	10
ZNF512B	1	3	0	121	218	0
GNB2	2	8	0	61	35	0
CGREF1	0	0	0	37	48	3
MYH11	1	7	0	0	0	0
OR51G2	0	1	0	29	89	2
SLC30A10	0	2	0	46	78	0
AKR7A2	0	0	0	61	112	2
ABCB9	0	3	0	96	200	7
SCGB1C2	0	0	0	0	0	0
LCP2	0	0	0	55	101	1
C11orf16	0	2	0	43	103	9
PECAM1	0	0	0	64	136	0
ST6GALNAC1	0	1	0	64	128	5
GTF2H2C	0	0	0	0	0	0
THAP8	0	1	0	27	87	3
MED19	0	0	0	23	46	0
FOSL1	0	0	0	28	60	2
CHST1	0	1	0	44	60	0
FKBP1C	0	0	0	11	35	1
HDDC3	0	0	0	12	36	2
C17orf50	0	0	0	24	54	2
ENSG00000284776	1	0	0	22	41	0
NLGN1	0	3	0	70	116	1
VGLL4	0	1	0	58	76	0
PRKG2	0	0	0	50	107	5
LBX1	0	0	0	31	52	1
DHRS11	0	1	0	0	0	0
LITAF	1	0	0	24	36	0
PARP9	1	1	0	43	146	3
ASIC1	1	0	0	58	70	2
OMP	0	1	0	26	51	2
ENSG00000284292	0	1	0	86	129	1
ZPLD1	0	1	0	32	75	3
CTAGE15	0	0	0	0	4	0
MAST1	1	8	0	171	212	1
NAMPT	0	2	0	27	36	1
SDK1	6	11	0	411	691	7
OR5AL1	0	0	0	0	0	0
LENEP	0	0	0	3	16	0
TM9SF2	1	2	0	63	79	1
SPINK4	0	1	0	8	21	0
AMPD3	0	2	0	88	162	3
RPS14	0	0	0	21	13	0
GOLT1B	0	0	0	11	17	0
ENSG00000289715	0	0	0	6	9	0
OR2V1	0	1	0	24	65	2
TBX18	1	3	0	55	130	0
DROSHA	0	2	0	96	186	3
ODF3	0	0	0	32	76	3
OR52I1	0	0	0	28	68	0
RAB11FIP5	0	4	0	162	299	9
PABPC3	0	0	0	36	143	8
VARS1	0	3	0	0	0	0
PEX10	0	3	0	41	105	1
CACHD1	2	5	0	101	238	2
MARCHF1	0	1	0	40	92	4
VDAC2	0	0	0	15	39	0
LCP1	0	1	0	28	89	1
ENSG00000254706	0	0	0	11	32	0
GPIHBP1	1	0	0	24	46	1
MINPP1	0	1	1	48	88	2
VMO1	0	0	0	8	44	4
SMIM46	0	0	0	4	10	0
CDKL2	2	2	0	38	100	7
FNDC9	0	1	0	30	52	0
TLNRD1	1	1	0	62	79	1
HASPIN	1	1	0	61	162	6
KRTAP10-4	0	0	0	36	79	3
CCDC80	1	1	0	92	195	3
VGLL3	0	0	0	33	59	0
ECHS1	1	1	0	37	73	0
KIAA1143	0	0	0	11	29	1
SPTBN2	3	12	0	284	504	6
ENSG00000273345	0	0	0	4	15	1
ZIC2	0	0	0	89	75	0
ANKRD26	2	3	0	106	303	10
ARMS2	0	0	0	7	16	1
SYT13	0	0	0	45	97	2
DEFB112	0	0	0	8	26	2
SLC17A5	0	2	0	31	79	3
ACCS	1	0	0	27	108	3
PRKACB	1	2	0	24	36	2
PRPF4	1	1	0	41	73	0
KRT27	1	3	0	38	123	5
SFMBT1	0	0	0	59	134	0
OR7C2	0	1	0	24	59	1
FAM110A	0	0	0	30	74	0
PRDM16	4	5	0	218	307	0
PIK3CG	3	0	0	94	191	6
GPR139	0	0	0	41	49	1
MCRIP1	0	0	0	15	26	0
UNC5B	0	5	0	139	264	2
CAPSL	0	1	0	24	51	3
PAXIP1	2	2	0	88	166	1
USP17L5	0	0	0	0	0	0
P3H4	0	0	0	54	100	6
FAM81A	1	1	0	36	61	3
SULT1C2	0	0	0	25	78	3
NAGPA	0	0	0	90	172	2
MPP2	0	2	0	55	119	4
GATB	0	2	0	56	123	3
CMTR1	1	2	0	69	113	2
ANGPTL6	0	0	0	54	164	7
GON7	0	0	0	0	0	0
HMOX1	0	0	0	37	73	3
BLCAP	0	0	0	5	15	0
TOM1	1	0	0	70	110	4
TOMT	0	1	0	28	67	4
SH3BP2	1	2	0	86	145	6
FBXO11	0	15	0	81	91	0
PSMG1	1	0	0	19	52	2
MEGF6	0	6	0	311	460	19
COL18A1	2	6	0	270	425	7
HLA-A	0	0	0	0	0	0
GRK7	1	0	0	46	127	2
BLID	0	1	0	12	39	1
MFSD1	1	2	0	41	75	2
DNAJC3	0	0	0	37	81	4
MTIF2	0	5	0	49	150	6
SIX1	1	0	0	30	37	0
RNF208	0	1	0	40	63	1
ALS2	0	1	0	113	261	11
ACTR10	1	1	0	38	79	2
CALM3	0	0	0	15	3	0
SIGLEC1	4	3	0	226	428	22
MUC12	0	4	0	277	744	19
BZW2	0	0	0	46	54	0
FAM90A5P	0	0	0	0	0	0
NUP85	1	5	1	65	125	2
RFPL4A	0	0	0	9	25	1
MSRB2	0	0	0	21	42	2
IFI44	0	1	0	37	113	7
ENSG00000270249	0	0	0	0	0	0
NUTM2B	0	0	0	3	9	0
SCAMP2	1	2	0	27	59	4
SLC26A4	1	1	1	63	213	3
TMEM240	0	3	0	42	49	0
FGF8	0	1	0	36	46	0
MOB3B	1	2	0	14	37	2
CPN1	0	1	0	49	109	2
BVES	0	0	0	23	66	2
EPAS1	1	3	0	94	182	1
SMYD3	0	0	0	44	86	2
ENSG00000260861	0	2	0	17	46	1
HYPK	0	1	0	17	23	1
FAM13C	0	0	0	35	95	2
POLR2E	0	1	0	35	57	3
ZNF575	0	0	0	25	49	4
BTBD3	0	1	0	52	50	0
SRSF3	2	1	0	15	4	0
GPN1	0	2	0	32	66	1
ZNF226	0	0	0	60	168	10
POLR3GL	0	0	0	19	42	3
C3orf62	0	1	0	16	56	2
TRIM43	0	0	0	5	13	1
JAKMIP2	1	0	0	65	86	1
MIP	0	5	0	25	39	1
BACE2	2	0	0	63	106	3
BMS1	0	0	0	94	236	3
DHRS3	1	0	0	29	66	0
MROH7	0	2	0	128	312	13
WDR53	0	1	0	28	68	5
ENSG00000288716	0	0	0	5	8	0
NEDD8	0	3	0	6	2	0
EIF4A1	0	1	0	56	26	0
MBTD1	0	0	1	40	51	1
CPEB1	0	1	0	0	0	0
SNRPA	0	0	0	33	35	2
PLIN4	3	5	0	232	368	12
OR8G2P	0	0	0	0	0	0
PRKCZ	0	1	1	91	108	2
MED4	0	0	0	19	40	2
ANKRD55	1	0	0	47	136	6
ABCF2-H2BK1	0	1	1	59	77	3
ENSG00000290180	0	0	0	0	0	0
NAB2	0	1	0	65	78	0
TOX3	0	2	0	54	94	2
HFE	0	0	0	30	65	2
TMEM256	0	2	0	12	28	1
ZNF223	1	1	0	28	82	6
SPATA20	0	1	0	100	204	6
EVX2	0	2	0	63	92	2
AJUBA	0	1	0	48	80	2
TPRX2	0	0	0	27	53	3
HPCAL1	0	0	0	27	17	0
JRK	0	0	0	99	167	1
PCDHB13	0	0	0	106	171	5
APBB1	1	1	0	61	144	1
IDI2	0	2	0	31	47	4
CHSY1	1	1	0	112	180	1
ZNF346	0	1	0	20	51	0
POU1F1	1	0	0	16	38	3
NRIP3	1	0	0	24	46	3
TIPARP	0	2	0	51	92	0
PPP1R3A	0	3	0	69	216	9
HSPA4	0	3	0	56	118	4
EFEMP2	0	3	0	60	87	1
TARS1	1	2	0	56	140	10
B4GALNT1	0	4	0	59	105	3
LIMS2	0	0	0	48	106	3
MROH2A	1	4	0	194	425	11
PRR5-ARHGAP8	1	1	0	151	278	8
ENSG00000273088	0	1	0	23	37	0
TLX2	0	0	0	34	56	3
GALNT15	0	3	0	55	158	3
PER1	1	4	0	178	313	4
CYGB	0	1	0	29	31	0
SRRM5	1	0	0	58	166	11
UGP2	1	3	0	41	48	3
BSN	4	9	0	402	847	3
DNASE1	0	2	0	62	120	1
VCP	0	9	0	53	33	0
BCL2L11	0	1	0	21	54	1
ATP13A4	1	5	0	108	231	7
OR2B11	0	2	0	46	79	3
C2orf92	0	0	0	17	50	2
CUX1	2	5	1	182	251	1
PDCL	0	1	0	23	45	1
CLASP1	1	6	0	148	232	1
RUNDC3A	1	3	0	41	72	1
ABHD8	1	0	0	50	81	1
SRRT	1	3	1	112	142	4
UNCX	0	2	0	75	122	1
WASF3	0	0	1	64	113	2
ENSG00000291313	0	0	0	6	25	0
MIS12	0	0	1	21	30	0
NEFL	0	2	0	52	101	3
ABL1	2	11	1	144	193	1
MRPL50	0	2	0	11	39	4
NLRP14	0	3	0	94	220	10
PLEKHH3	1	2	0	89	161	4
CAPN13	1	1	0	60	146	10
PABPC1	0	2	0	46	58	0
OR1N2	0	1	0	29	61	4
ETNK2	1	0	0	30	79	3
MICAL1	0	2	0	105	276	9
GTSF1	1	0	0	21	28	1
RELL1	0	0	0	27	58	1
GNG13	0	2	0	13	19	2
APOC4	0	0	0	14	29	0
FUT1	0	1	1	30	74	7
CANT1	1	2	0	58	105	4
MICALL2	3	3	1	170	335	13
MALT1	0	2	0	59	107	1
TMPPE	0	2	0	41	83	1
UBQLN4	0	1	0	53	69	0
GTF2H2	0	0	0	0	0	0
TMEM269	0	0	0	18	26	4
CHKB	0	1	0	45	79	1
ATP5MC3	0	1	0	18	20	1
POLE2	0	0	0	33	79	4
VPS45	0	1	0	41	91	4
TPP1	0	0	0	57	137	5
ELAVL1	0	0	0	53	20	0
SLC17A2	0	1	0	48	76	2
LRRC69	0	0	0	34	55	2
PPIC	0	0	0	18	45	1
TMEM37	0	1	0	31	46	1
LIPG	0	2	0	49	110	5
MISP3	0	0	0	34	58	0
ADGRE3	0	1	0	47	128	8
GRIK2	0	3	0	80	108	2
ELOA2	0	0	0	94	232	7
TCHHL1	0	0	0	52	151	6
GFM2	1	1	0	41	139	8
KRTAP3-3	0	0	0	0	0	0
ARL3	0	0	0	14	21	0
S1PR2	0	1	1	47	76	1
GUCY1A2	1	0	1	67	92	2
ZNF524	0	0	0	39	61	1
KIR2DS4	0	0	0	0	0	0
SPEN	2	7	8	348	607	2
RARRES1	0	0	0	36	77	4
ENSG00000285837	0	2	0	28	96	4
TJP2	1	2	0	114	276	7
ATF6B	1	4	0	0	0	0
OR4K2	0	0	0	23	89	1
OR8J3	0	0	0	30	67	3
SLC35A4	0	1	1	35	87	1
ENSG00000259522	0	0	0	0	0	0
CCDC113	0	1	0	21	85	8
ENSG00000286235	0	3	0	77	199	11
PLEK2	0	0	0	36	66	4
HSD11B1	0	0	0	27	38	0
AKT3	0	5	0	0	0	0
TP53I11	0	0	0	30	26	2
ALG8	1	2	0	47	90	5
ANKRD7	0	0	0	25	38	2
SAMD9L	0	4	0	106	244	15
SPTBN4	2	5	0	287	451	2
CHAT	0	2	0	88	170	9
ENSG00000288796	1	0	0	12	45	2
OR10P1	0	2	0	41	85	2
RFC3	1	1	0	28	47	2
ENSG00000244255	2	2	0	0	0	0
PKD1L1	3	3	2	293	584	24
FAM107B	0	1	0	28	71	1
DELE1	1	0	0	63	126	7
ELL2	1	1	0	60	98	1
HTR1A	0	1	0	44	81	2
RBM12B	1	2	0	92	204	5
BPIFB3	1	0	0	70	107	2
DECR1	0	0	1	28	58	2
CD209	0	1	0	45	95	6
OR4K17	0	0	0	27	86	1
NR2E1	0	0	0	32	31	1
GAS8	2	3	0	60	137	7
PNPLA2	1	1	0	74	134	3
TAB2	0	4	6	45	102	0
TMIGD3	0	2	0	30	73	4
LTB4R	0	0	0	36	63	1
ANXA10	0	1	0	23	60	4
RHOT2	2	4	0	141	211	8
PKNOX1	0	0	0	36	64	0
SLCO1A2	1	3	1	40	112	4
FBXO2	0	1	0	31	81	3
CCDC170	1	0	1	44	151	9
BRD8	2	0	0	92	162	8
PBK	0	1	0	24	57	3
CCDC122	0	0	0	16	42	8
CCDC32	0	1	0	9	31	1
TGOLN2	1	0	0	35	100	1
C9orf152	0	0	0	24	51	3
PTRH1	0	0	0	23	56	2
FAM53C	0	0	0	33	73	3
TBX10	1	0	0	34	95	3
TMPRSS12	0	2	0	22	69	4
LBX2	0	0	0	20	56	1
TNFAIP8L2	0	0	0	15	35	1
VDAC1	0	0	0	29	35	0
GSTM2	0	0	0	11	31	2
FADS2	1	2	0	38	35	0
HAND2	1	1	0	30	37	0
AQP7B	0	0	0	49	112	5
PRR13	0	1	0	4	10	1
OR4C13	0	0	0	42	86	6
THAP3	0	0	0	22	63	2
SUPT7L	0	0	0	21	77	0
LRRC42	0	0	0	31	72	5
C7	1	1	0	82	206	6
TAOK2	0	2	0	146	195	1
TEX29	0	1	0	20	41	0
GPR19	0	2	0	37	66	3
G0S2	0	1	0	12	18	0
IRF4	0	3	0	48	67	0
KCNA2	0	7	0	36	28	0
DOC2B	0	1	0	6	10	1
ENSG00000268361	0	0	0	0	0	0
ODAD1	0	1	0	97	198	5
ICA1L	0	1	0	29	87	3
SRD5A2	0	0	0	21	67	2
BRD3	0	6	0	115	132	1
OR2AG2	1	2	0	34	72	2
ZBTB38	4	2	0	103	174	1
CD300C	0	0	0	27	42	3
ZNF845	0	1	0	67	190	15
PCDHA2	2	0	0	111	238	6
WDR5B	0	2	0	14	63	5
BIK	0	0	0	22	50	0
MRPS10	0	2	0	15	45	3
TAL1	0	0	0	34	68	1
ENSG00000268614	0	0	0	5	5	0
SVOPL	0	0	0	62	139	3
SPINK1	0	0	0	9	22	0
GLT1D1	1	0	0	33	84	4
PTPRQ	3	2	0	178	469	16
GTF2IRD1	0	2	0	126	176	1
UBE2O	4	4	0	139	213	0
POLE3	0	2	0	15	31	1
EEA1	1	8	0	94	214	4
RNF24	0	0	0	9	17	1
TXLNB	0	0	1	70	137	10
STK3	0	2	0	34	72	4
GPSM2	1	0	0	41	115	7
HOXD11	0	0	0	57	91	1
LSM6	0	2	0	7	8	0
BOLA3	0	0	0	6	22	2
MIA2	2	2	1	111	278	5
TMEM70	0	1	0	23	56	3
MSANTD2	0	1	0	41	92	2
SPRY2	0	0	2	27	52	0
CRTC3	0	1	0	73	126	3
RMDN1	0	0	0	24	51	4
MIA	0	0	0	10	26	0
RASAL1	0	1	1	78	185	9
MOV10L1	1	4	1	137	257	8
C19orf53	0	2	0	15	27	0
OR2G2	0	1	0	25	82	1
KIAA0513	2	2	0	56	90	2
PCK2	2	3	0	54	176	12
NR1H3	0	1	0	48	91	3
ENSG00000285777	0	1	0	13	46	0
TUNAR	0	0	0	6	10	0
SHD	0	1	0	46	85	5
ENSG00000283128	0	0	0	16	22	2
SH2D5	0	0	0	61	112	3
DBI	0	0	0	7	18	1
CD83	1	0	0	22	43	2
KCNQ1	0	3	0	76	105	2
RNASE6	0	1	0	10	34	0
TNPO2	1	6	0	109	63	0
HTR1B	1	0	0	35	53	0
ENSG00000290230	0	0	0	33	65	1
SCG2	0	1	0	48	121	1
B4GALNT4	1	4	0	172	257	6
PRICKLE4	1	2	0	49	80	4
CAPZA3	0	1	0	24	67	3
ADNP	0	4	18	115	164	0
OR56A1	0	0	0	27	77	0
GRAP2	0	1	0	34	72	4
WNT5A	0	2	0	44	54	0
STAR	0	1	0	26	70	4
ATP6V1B1	1	4	0	58	132	4
FDFT1	1	1	0	74	153	3
DEFB128	0	0	0	5	19	0
ZMAT5	1	0	0	16	37	4
PDHB	0	1	0	32	46	2
KHDRBS3	1	0	0	31	59	1
ZBTB43	0	1	0	48	71	0
CHRDL2	0	1	0	59	84	2
PLXNC1	0	3	0	145	222	5
PIGX	0	2	0	17	45	1
GOLM2	0	0	1	24	61	5
RSL1D1	0	3	0	54	124	4
CRCP	0	0	0	14	24	1
H2BC4	0	1	0	29	24	2
OR5T1	0	0	0	0	0	0
C21orf58	1	1	0	34	88	3
DEFB107A	0	0	0	0	0	0
COLGALT2	1	0	0	54	114	4
SERAC1	0	0	0	43	113	5
XRCC1	0	2	1	62	163	11
BARX1	0	0	0	28	34	1
CC2D1A	1	0	0	121	237	6
NKX6-3	0	1	0	36	56	5
CD55	1	0	0	26	61	2
LAIR2	0	0	0	0	0	0
ENSG00000167774	0	0	0	15	35	0
RPL5	0	2	0	18	46	0
SLC8A1	1	3	0	97	171	2
PARS2	0	1	0	42	119	4
ESYT1	0	5	0	79	219	7
SPATA2L	0	0	0	62	117	1
GMPPB	1	0	0	43	71	0
A2M	2	3	0	103	237	7
ST6GALNAC6	0	1	0	39	85	1
TMEM255B	1	0	0	62	95	7
SIRPA	2	0	0	76	97	0
ZNF280B	0	3	0	0	0	0
GGTA1	0	0	0	9	18	0
OR4S1	0	0	0	40	83	4
CD109	1	5	0	98	293	8
KRTAP15-1	0	0	0	7	29	3
CTF1	0	0	0	24	46	2
RAD51C	0	0	0	18	53	3
CCL11	0	0	0	15	22	1
PLEKHA7	4	8	0	141	316	7
IRGM	0	0	0	20	40	1
MZT2A	0	0	0	24	51	1
PTPN23	0	12	0	186	353	5
FAM120A	2	2	0	103	130	0
SLC35A5	1	1	0	30	80	1
UTF1	0	1	0	70	92	2
LINC02210-CRHR1	0	0	0	0	0	0
ZCCHC3	0	0	0	66	80	2
PPP2CB	0	0	0	25	22	0
NDUFA5	0	0	0	10	21	1
EIF2AK3	1	2	0	68	182	1
SPARC	0	1	0	32	65	0
NOBOX	3	3	0	58	158	6
AHNAK	2	4	0	438	1202	5
TSBP1	1	2	0	0	0	0
SEC62	1	1	0	28	55	1
CYB5A	0	1	0	11	19	0
DGAT2	1	1	0	35	72	4
CMPK2	0	0	0	62	113	4
ZNF287	0	2	0	52	73	4
FTCD	1	0	0	25	53	2
C4orf46	0	0	0	13	23	0
SLC5A4	0	1	0	70	141	8
FBN3	3	9	0	350	734	24
HHLA1	1	0	0	52	139	5
CCDC38	1	0	0	44	108	6
ZNF573	1	0	0	42	121	7
NBPF8	0	0	0	27	52	5
COX7B2	0	0	0	5	11	1
THSD7A	3	4	1	172	377	5
KRTAP5-7	0	0	0	12	34	0
RETSAT	0	1	0	57	146	6
ABCC10	1	1	0	166	348	12
CD6	0	3	0	78	113	3
NKAPD1	0	0	0	20	50	0
KRT86	0	0	0	45	77	4
GP1BA	0	4	0	71	135	5
COPG2	0	0	0	80	154	8
PRG2	0	2	0	20	56	2
USP25	0	2	0	82	172	3
KANK3	3	2	0	107	205	7
SCART1	0	0	0	155	296	11
RAB37	0	0	0	26	61	2
MRPL39	0	1	0	31	71	3
DBT	2	1	0	29	73	2
PGBD5	0	0	0	80	102	0
KCNRG	0	0	0	19	54	3
WBP2	1	0	0	35	65	2
VPS26B	0	0	0	44	41	0
RNF212B	0	0	0	14	46	3
QARS1	0	3	0	78	168	8
CGB7	0	0	0	9	16	0
TUBA3FP	0	0	0	6	17	2
POU4F3	0	0	0	35	59	1
ELFN1	1	2	0	175	250	0
SLC35A1	0	0	0	29	48	0
NRG1	1	2	0	54	143	1
ZNF487	0	0	0	17	42	2
AGO3	0	2	0	59	54	0
HMBOX1	0	1	0	20	47	1
CD79A	0	0	0	32	44	1
FAM83D	0	0	0	52	121	4
CCL28	0	0	0	7	20	0
ANKRA2	0	0	0	23	47	3
FAM98A	0	0	1	46	96	1
TEX52	0	0	0	41	94	6
VWA2	0	1	0	100	190	7
FMO4	0	0	0	33	105	9
MMEL1	1	4	0	12	6	0
NUP54	0	1	0	34	79	0
ESR1	1	2	0	64	103	1
WDR93	1	0	0	57	142	5
SARDH	1	4	0	121	258	9
ABLIM1	3	3	0	78	170	2
CYSLTR2	1	0	0	18	75	2
CD276	1	2	0	76	128	2
SPSB2	1	0	0	24	55	5
REC114	0	1	0	28	66	1
TMEM86B	2	1	0	53	70	1
UBA5	0	1	0	23	49	1
RPP25	2	0	0	22	33	2
RAB6C	0	0	0	10	24	1
MTRF1	0	0	0	33	65	6
H2AC6	1	5	0	39	12	0
OR4A8	0	0	0	0	0	0
SNX15	0	0	0	42	98	3
SYT10	1	2	0	46	94	4
RAB3A	0	2	0	33	23	0
MYMX	0	0	0	13	26	3
TMEM50B	0	1	0	0	0	0
XYLB	2	0	0	50	125	10
GABPA	0	0	0	29	38	0
C16orf96	1	2	0	133	308	13
IFT81	0	5	0	45	105	10
NSD3	2	4	1	87	153	1
NDUFB2	1	1	0	8	29	1
WNK1	3	5	0	183	344	3
MNS1	0	0	0	32	93	8
ARID2	0	0	9	157	272	3
ENSG00000269035	0	1	0	34	60	2
PBX4	2	0	0	45	67	1
DEPDC7	1	2	0	28	82	6
GSK3A	1	2	0	50	60	0
MICAL3	2	3	1	230	466	7
ID4	1	1	0	43	43	1
AK4	0	1	0	18	39	1
ZNF823	0	1	0	47	94	7
NLRP6	1	2	0	128	211	8
ACAD9	0	1	1	61	149	3
PMF1-BGLAP	0	1	0	21	52	2
PIGG	1	1	0	120	215	6
ITPRIPL1	1	1	0	38	114	10
OR2B3	0	0	0	0	0	0
NCF1	0	0	0	6	3	0
STPG1	1	0	0	29	67	2
PCDHGA7	1	1	0	93	189	9
TYRP1	1	2	0	41	167	10
OOSP3	0	0	0	11	39	0
SERPINF1	2	0	0	52	104	2
ENSG00000159239	0	0	0	53	105	5
IQCF6	0	0	0	10	42	3
TTLL12	1	4	0	97	187	5
TH	1	0	0	84	150	1
KSR1	0	3	0	124	191	0
CD96	0	0	0	44	127	3
VTN	0	2	0	44	118	6
SZRD1	0	0	0	16	31	0
ENSG00000289758	0	0	0	26	44	1
IFNG	0	0	0	14	13	1
KRTAP4-3	0	1	0	19	39	0
STOML3	1	1	0	23	60	2
ABCB8	0	5	0	88	188	4
HYCC2	0	2	0	31	84	3
RCC1	1	1	0	45	62	2
GLB1	1	1	0	58	134	2
ZNF585A	0	1	0	55	108	7
CLSPN	0	2	0	85	218	4
MTFR2	0	0	0	30	83	7
RNF144A	0	1	0	32	57	0
BLOC1S5	0	0	0	11	27	1
FAM219A	0	1	0	23	22	0
COQ4	1	1	0	42	73	4
FCHO1	1	2	0	115	198	2
BCL11A	0	7	5	99	102	0
ATP5IF1	0	0	0	5	17	2
MANBA	0	2	0	82	197	7
FAM186A	0	6	0	159	374	28
LEF1	0	2	0	25	60	0
SCAMP4	0	2	0	47	54	1
LRRC38	1	1	0	39	61	0
PDZD2	3	6	0	308	578	8
SYNGR3	1	1	0	41	43	1
CBX8	0	2	0	43	86	0
ATAD3B	0	0	0	112	193	7
SLC6A15	0	0	0	60	103	2
HSP90AA1	1	5	1	99	97	2
VCPIP1	3	3	0	93	138	0
KRTCAP3	1	0	0	27	57	1
ENSG00000281613	0	0	0	12	31	2
ALOX12B	0	1	0	67	156	2
RYR1	4	22	0	694	1125	17
LRWD1	0	3	0	111	174	7
TRIP10	0	3	0	84	160	7
ATG9A	0	0	0	88	162	1
TRIOBP	3	5	0	233	563	18
FECH	0	0	0	31	79	3
REG4	1	1	0	19	37	2
CEP68	0	2	0	78	175	3
TOX	0	1	0	46	89	1
DIP2B	1	1	0	124	233	3
MYLK2	1	1	0	71	109	1
ALDH8A1	0	1	0	68	109	0
PABPN1L	1	2	0	45	98	2
PIP4K2B	0	1	0	0	0	0
SCYGR10	0	0	0	0	0	0
ZNF362	1	3	0	55	64	0
RRP9	0	3	0	48	109	2
C6orf141	0	1	0	31	71	0
TAL2	0	0	0	7	16	0
WBP1	0	0	0	29	67	3
FAM111A	0	4	0	49	104	5
ARL17B	0	0	0	0	0	0
TMEM212	0	0	0	12	27	6
ABHD14A	0	0	0	23	67	3
LIN54	1	0	0	42	74	0
BCL6	1	3	0	59	117	0
STARD3	0	1	0	56	118	3
C6orf226	0	1	0	17	32	0
GJA8	0	4	0	54	105	2
CENPJ	0	6	0	97	255	14
SBSN	0	0	0	75	126	2
SLC47A2	0	1	0	59	112	5
SLC10A6	1	0	0	31	87	3
TAS2R40	0	1	0	22	62	6
ZFHX3	5	11	4	553	834	3
ARG1	1	0	0	30	46	2
ENSG00000264187	0	0	0	8	15	0
DEFA3	0	0	0	0	0	0
RUBCN	1	3	0	97	207	3
TRIM39-RPP21	1	0	0	0	0	0
PTPMT1	0	0	0	19	41	0
HAVCR2	1	1	0	29	67	1
XRCC3	1	1	0	52	102	3
MRTO4	0	0	0	22	66	0
RAB15	0	0	0	21	35	2
TRAP1	0	3	0	116	256	13
ZSCAN21	0	2	0	41	96	5
EPHX3	0	1	0	34	73	4
CBR3	0	1	1	17	54	2
GRAMD1A	2	3	0	98	161	4
RAB42	0	0	0	16	37	3
PRELID3A	0	0	0	15	28	1
SGCA	0	0	0	43	92	3
KCNN3	2	3	0	72	83	2
ETV5	2	0	0	48	71	0
MROH1	1	1	1	257	453	5
DNAH14	2	7	0	290	848	52
GJA10	0	2	0	46	117	9
BICRAL	0	1	0	77	141	0
SOD2	0	0	0	20	30	0
COPS6	0	1	1	46	45	0
DPF2	0	9	0	36	46	0
RPL10L	0	1	0	26	51	2
TRMT6	0	0	0	49	82	2
KRTAP27-1	0	0	0	10	44	1
SYNJ1	0	3	0	86	196	1
PI4KA	0	1	0	227	324	11
TK1	0	0	0	36	39	2
SYBU	0	1	0	64	117	1
PRDX1	0	0	0	17	34	1
RHOV	0	0	0	21	36	1
ZSCAN9	0	0	1	28	66	5
SPINT1	0	0	0	51	139	2
CFHR5	0	1	0	46	128	9
SYNJ2	0	1	0	185	366	12
EMP1	0	0	0	14	35	0
SNX11	0	1	0	15	48	3
RTF1	1	2	0	52	69	1
KCNIP4	1	0	0	23	30	1
MYMK	0	1	0	36	45	1
GPR142	0	0	0	48	121	5
IFT52	0	0	0	36	80	3
EBPL	1	0	0	19	39	3
PCDHGB4	0	0	0	81	172	4
IFT122	0	1	0	111	253	9
APBA2	0	1	0	0	0	0
LRRC40	0	0	1	44	102	7
NEMP1	0	1	1	32	70	8
SLC30A9	1	2	0	45	83	0
PHAX	0	0	0	31	85	8
GTPBP4	0	0	0	49	151	0
SLC38A2	0	0	0	34	69	0
FOXA1	0	5	0	59	93	2
CACNG5	0	0	0	43	69	1
PCYT2	0	1	0	42	78	1
MAB21L3	0	3	1	41	90	2
IGFN1	3	11	0	388	920	34
LYRM2	0	0	0	4	22	1
ABHD17C	1	0	0	40	27	1
LRRC3C	0	0	0	34	73	1
SUPT3H	1	1	0	23	49	4
ANP32E	1	0	0	17	22	1
FAM3C	0	2	0	8	35	0
USP17L18	0	0	0	0	0	0
PRICKLE1	1	3	0	70	130	0
ARHGEF35	0	0	0	7	7	0
PDE4C	0	0	0	79	138	5
ZNF835	0	0	0	66	105	10
PPIF	0	0	0	22	50	2
SCIN	0	2	0	63	196	12
RNASEH1	0	1	0	44	64	3
CA4	0	0	0	45	74	2
MSR1	1	0	0	49	139	3
MRPL36	0	1	0	10	31	0
MDFIC	0	1	0	22	62	0
PPM1H	3	2	0	60	103	2
PTPRN	3	6	0	99	207	1
P4HA2	0	2	0	48	106	4
ERC2	0	1	0	78	151	3
ITLN2	0	1	0	40	82	0
PCDHGA11	1	1	0	98	185	9
MT1M	0	0	0	9	20	0
NBPF11	0	0	0	18	60	2
ACOT1	0	0	0	14	24	1
WIPF2	0	0	0	32	94	1
CPLANE2	1	0	0	25	58	1
RHO	2	4	0	50	92	2
OR10T2	0	0	0	36	80	0
VWDE	2	9	0	136	400	18
ATP11A	2	3	0	157	236	4
LEPROTL1	1	1	0	13	12	0
PANX3	0	0	0	35	75	2
ZNF670-ZNF695	0	0	0	9	33	2
UROC1	3	2	0	86	169	6
LRRC19	0	0	0	27	75	3
ENSG00000289700	0	0	0	38	45	1
SLCO6A1	1	1	0	50	154	7
EBLN2	0	1	0	24	63	4
DAD1	0	0	0	6	17	1
PRAMEF9	0	0	0	4	15	0
TTC30A	0	0	0	63	128	4
LIPE	5	3	0	115	263	12
CCT3	0	1	0	38	97	1
ENSG00000285978	0	0	0	12	19	2
MGST2	0	0	0	11	29	1
TBC1D31	0	0	0	64	198	10
EQTN	0	0	0	17	56	5
SUOX	1	1	0	34	102	5
EMP3	0	2	0	17	27	4
OR9I1	0	1	0	33	68	1
ZNF892	0	0	0	29	86	5
ENAM	0	2	0	82	206	8
MFNG	0	0	0	36	78	4
PIK3CB	0	2	0	64	133	1
RPL17	0	0	0	17	23	0
LGALS4	0	0	0	42	68	4
ADGRG3	1	0	0	75	135	5
DMRTB1	0	0	0	51	105	0
ETV3L	0	2	0	43	76	4
ACOT11	0	3	0	69	169	7
STK25	0	2	0	59	64	3
C3orf49	0	0	0	29	54	5
GSX2	0	0	0	39	67	0
PDE8B	1	3	0	90	122	0
FTCDNL1	0	0	0	11	27	0
MSX1	0	0	0	47	76	1
GFI1	0	4	0	43	60	3
IFITM10	0	1	0	20	27	0
FAM90A24P	0	0	0	0	0	0
HNRNPH1	0	3	0	50	28	0
TMPRSS4	0	0	0	37	105	6
SOWAHB	0	0	0	81	178	7
ATN1	2	9	0	112	221	0
PIK3R3	1	0	0	31	94	5
B3GALNT2	0	1	0	38	102	5
URB1	1	6	0	267	513	18
CXCL8	0	0	0	17	25	1
LGALS14	0	0	0	11	32	1
SOWAHC	1	1	0	68	127	4
ETNPPL	0	0	0	39	88	3
RAD52	2	1	0	33	75	5
KLHDC7A	0	1	0	79	178	8
SLC3A1	1	2	0	76	202	5
ENSG00000288614	0	0	0	3	10	0
ZNF518A	0	2	0	122	296	1
HIP1R	0	3	1	156	300	4
U2AF2	1	8	0	68	29	0
FIBCD1	1	3	0	88	152	7
ARHGEF19	1	2	0	80	178	10
VPS25	1	0	0	22	17	2
YBX2	0	0	0	31	69	0
LRRC37B	0	0	0	59	134	1
MSANTD1	0	0	0	43	81	0
ENSG00000285733	0	1	0	21	49	3
SREK1	0	2	0	55	94	0
TTC38	0	1	0	69	112	2
MBL2	2	1	0	32	46	0
A3GALT2	0	0	0	38	96	6
KRT36	0	1	0	63	118	5
CYP3A4	0	0	0	35	115	5
DNAH17	5	12	0	736	1286	35
SLC16A11	0	0	0	59	100	2
RASSF2	0	0	0	27	74	3
RCVRN	0	0	0	19	46	1
FHAD1	0	2	0	135	323	13
LCE1B	0	1	0	10	30	1
OR8S1	0	0	0	24	58	2
RLBP1	1	0	0	35	63	2
SSTR1	0	1	0	41	66	0
LY75-CD302	2	7	0	119	364	18
ANKRD13B	0	4	0	67	100	3
TSC22D2	0	1	0	104	157	0
MYL7	0	1	0	17	40	1
MTHFD2	0	1	0	30	63	0
NUFIP1	1	0	1	41	109	4
ENSG00000267426	0	1	0	9	24	0
SPATA2	0	0	1	74	143	0
CD200R1	0	2	0	30	65	2
SLC18A2	1	0	0	51	91	2
PLEKHA2	0	1	0	49	69	4
ERMP1	0	0	0	88	187	5
ERCC5	2	4	0	110	259	7
FABP1	0	0	0	10	26	0
POLR2D	0	1	0	10	15	0
ZNF189	0	0	0	57	116	3
GMPPA	1	1	1	41	96	8
LSM3	0	0	0	13	14	3
ENSG00000254979	0	1	0	24	48	1
AGAP2	2	3	0	138	194	1
MKKS	1	0	0	41	120	6
ADRB1	2	0	0	59	102	6
PPRC1	0	3	1	156	334	2
SOAT1	0	1	0	46	109	1
CCDC110	0	1	0	39	149	7
BCAS3	0	1	3	82	141	2
HCN1	2	5	0	83	98	1
STAT2	1	3	0	62	132	3
SUGP1	0	1	0	80	121	3
SLC2A7	0	1	0	76	147	4
DMBX1	0	0	0	50	84	1
TRIM66	0	4	0	109	300	15
LHX8	0	1	0	31	51	0
PIK3R5	3	1	0	105	155	1
CYSTM1	0	0	0	9	22	0
RBKS	0	3	0	23	64	4
ENSG00000236543	0	0	0	25	58	1
TBC1D3D	0	0	0	0	0	0
CDC42SE1	0	1	0	8	12	0
TAS2R7	0	1	0	0	0	0
DNAAF3	0	1	0	67	138	5
KRTAP20-1	0	0	0	0	20	2
C1QL2	1	0	0	42	42	0
PSMB6	0	0	0	22	43	0
ANKRD36	0	0	0	84	243	9
PLBD1	0	1	0	43	113	6
ZFAND2B	0	1	0	20	53	2
MYOZ1	1	2	0	30	67	4
UBAC2	0	0	0	24	44	5
ROCK1	0	1	1	67	106	0
ZKSCAN8P1	0	0	0	22	45	4
FOS	1	0	0	39	45	0
HAUS8	0	1	0	39	96	4
REG3G	0	0	0	19	43	2
RAB6B	0	2	0	29	20	0
ENSG00000285471	0	1	0	6	12	2
KLHL5	0	1	0	45	106	2
SYT15B	0	0	0	0	0	0
PIK3R6	1	6	0	90	197	10
POTEH	0	0	0	13	48	2
INSIG1	0	1	0	21	40	0
UBXN2B	0	2	0	28	56	2
ENSG00000289695	0	1	0	15	50	0
RNF157	1	1	0	83	130	2
ACVR1	0	1	0	46	66	2
ASNS	0	0	0	43	94	2
S100Z	0	0	0	8	16	2
KHDC1	1	1	0	17	43	3
IQCF1	0	2	0	12	59	2
REELD1	0	0	0	45	101	9
POU2AF1	0	1	0	49	42	0
BMP1	1	3	1	136	210	4
LMX1A	1	1	0	45	58	1
CHRNB2	1	1	0	63	78	1
PGS1	0	3	0	70	106	4
KCTD4	0	0	0	17	35	0
PIAS2	1	4	1	42	85	0
OR2L2	1	1	0	32	80	2
POTEA	0	0	0	0	0	0
TRAPPC9	0	0	1	170	262	9
IMMP2L	0	0	0	12	41	0
ZCWPW1	1	3	0	42	116	4
SUPT6H	1	9	1	155	213	0
ZSCAN26	0	1	0	24	81	9
CCDC185	1	1	0	54	153	9
TDGF1	0	0	0	18	51	0
GIMAP1	1	1	0	48	63	1
PLD6	1	0	0	31	41	2
BMT2	0	0	0	32	52	2
ENKUR	0	0	0	18	60	1
DHCR7	0	1	0	78	137	7
B9D1	0	0	0	17	52	0
OXLD1	0	2	0	17	42	1
DAB2	1	4	0	60	127	0
PMPCB	1	1	0	29	98	4
CDHR1	0	3	0	85	218	4
MINDY2	0	3	0	68	124	1
ARVCF	2	3	0	150	286	3
INHBC	0	0	0	20	73	1
TUBGCP5	0	2	0	8	9	1
CCR10	1	0	0	39	61	2
ZNF568	0	0	0	37	98	15
PRR23A	0	0	0	43	54	2
SPAG8	0	0	0	41	99	4
ST3GAL2	1	2	0	55	56	1
ACKR2	0	0	0	37	69	3
GTF3C5	1	7	0	69	118	3
TRAPPC14	1	0	0	54	93	1
FJX1	0	1	0	58	108	1
NADK	0	3	0	58	76	2
IRAK1BP1	0	1	0	16	55	4
GSN	0	0	0	80	156	1
F5	1	4	0	181	396	16
ENSG00000291303	0	0	0	1	6	1
DCAF4	0	1	0	53	122	2
ETV4	2	1	0	47	119	1
ZNF471	0	1	0	36	110	7
OR5B21	0	0	0	27	69	0
GLT8D2	0	0	0	31	72	6
ADAM28	0	0	0	63	158	5
STXBP1	1	42	12	51	56	0
TIMM9	0	0	0	5	14	2
FOXJ1	1	0	0	56	91	0
BEST3	0	0	0	57	111	6
IQGAP3	1	8	1	150	354	15
SHROOM3	1	4	0	207	439	3
DDIT4L	0	0	0	15	47	4
OR4C46	0	0	0	40	122	3
LRRC3	0	1	0	48	63	2
NAT9	0	1	0	22	36	2
GOLGA8Q	0	0	0	1	0	0
KHK	0	2	0	39	82	5
DOLK	0	0	0	49	98	3
BTLA	0	1	0	26	33	2
TEAD3	0	1	0	32	67	0
ZNF383	0	0	0	28	66	8
FLAD1	0	0	0	45	119	3
PTGFR	0	1	0	14	56	0
P2RX5	0	0	0	59	93	5
TMUB2	0	1	0	35	65	2
LACRT	0	0	0	12	25	2
GPR18	1	1	0	41	61	2
NEU3	0	0	0	35	112	2
CCDC174	0	1	0	43	94	4
CDH4	1	1	0	68	96	0
TCF7	0	1	0	53	89	3
PTPRE	0	3	0	82	121	5
MUL1	0	0	0	37	75	4
OR2V2	1	0	0	27	84	1
GPSM3	1	0	0	0	0	0
BEND7	1	0	0	39	66	1
ENSG00000284969	0	1	0	16	20	0
ARFGAP2	0	1	0	49	108	1
LSM10	0	0	0	11	25	1
KRTAP5-3	0	0	0	0	0	0
OR10A7	0	0	0	33	84	2
SOX1	1	2	0	85	87	1
HSPB6	0	1	0	20	39	0
SRL	0	0	0	59	114	1
LRRTM3	1	0	0	46	70	1
TBL1XR1	1	22	1	40	29	0
KRT7	0	0	0	54	126	1
TARBP2	0	0	0	37	49	0
CBY2	0	0	0	59	96	6
CKB	0	1	0	50	46	2
KRT79	0	1	0	64	134	6
WFDC2	0	1	0	18	33	0
SULT6B1	0	5	0	32	75	3
UBASH3B	0	1	0	62	109	1
NF2	0	1	0	52	69	0
ZNF200	0	4	0	36	108	5
C5orf52	0	0	0	10	41	2
H3C12	0	0	0	14	21	1
CCBE1	1	1	0	46	106	1
TAS2R30	0	0	0	0	0	0
IFTAP	0	0	0	12	39	3
TSC22D4	1	1	0	51	98	0
ZC2HC1C	0	1	0	32	84	2
EEF1G	1	2	0	35	35	0
CHCHD2	0	1	0	6	31	2
TMEM80	0	2	0	27	49	1
NGLY1	0	0	0	50	137	8
GOLGA8S	0	0	0	18	46	1
KIF17	3	2	0	143	268	5
TAS2R9	0	0	0	0	0	0
IBTK	1	2	0	76	177	8
GNAO1	1	26	0	42	23	0
MC5R	0	0	0	40	66	2
PPIA	0	0	0	7	6	0
RBM42	0	2	0	56	80	1
KLHL9	0	0	0	43	75	5
LARGE2	1	1	0	98	197	8
PLXNB1	1	7	1	247	383	3
NDRG4	0	1	0	43	74	4
CHAMP1	0	1	6	73	149	0
DLK2	0	1	0	36	89	0
FOXD4L3	0	0	0	0	0	0
HOXB5	0	1	0	21	43	1
SLC39A11	0	0	0	41	71	2
ZNF211	0	0	0	46	99	4
PER3	1	0	0	136	286	10
PHYHIP	0	3	0	52	35	0
ICAM2	1	1	0	25	58	1
SLC11A2	0	2	0	55	97	1
THY1	1	1	0	12	29	1
OR52E5	0	0	0	24	79	2
F2RL3	0	2	0	72	122	3
PI3	0	0	0	13	33	1
SLC25A17	0	1	0	13	57	1
CMTM4	0	0	0	26	40	1
ARNT	0	0	0	64	124	0
ARHGAP12	2	1	0	67	159	1
TYW3	0	1	0	13	54	1
GGT6	1	3	0	76	117	3
CAMSAP1	1	2	1	215	298	2
OR5A1	0	0	0	31	49	2
PLK5	0	2	0	58	127	6
STXBP3	0	2	0	43	82	2
FRG2	0	0	0	0	0	0
RANBP3L	0	0	0	23	71	4
NKAPL	0	0	0	31	69	3
ANKRD40CL	0	0	0	4	22	3
VSIG8	0	0	0	48	95	3
FKBP9	1	0	0	57	110	2
CISD1	0	1	0	8	12	0
KIF3C	1	0	0	65	122	1
SP1	0	0	0	66	120	0
TRIM49D2	0	0	0	0	0	0
DLX1	0	0	0	26	32	0
PRRG4	0	1	0	11	35	0
KIF5A	1	1	0	90	140	2
KLHL30	1	2	0	87	183	7
DEF8	0	0	0	66	101	6
SUZ12	0	1	0	33	77	2
CXXC1	0	4	0	70	89	1
ABCB10	1	0	0	81	148	5
HMGB1P1	0	0	0	10	37	4
AKR1C8	0	0	0	33	81	4
PISD	1	1	1	49	114	5
TAF11L11	0	0	0	35	96	5
TECPR2	2	8	0	155	295	2
ENAH	0	1	0	43	94	0
SERGEF	0	0	0	29	88	6
MSGN1	1	0	0	21	30	0
OR10G3	0	0	0	25	73	0
PBX1	0	8	2	20	29	1
RAB2B	0	1	0	17	28	1
C2CD4B	0	0	0	67	141	3
TFPI2	0	0	0	18	60	2
ENSG00000285218	0	0	0	15	18	0
NKX1-1	0	0	0	64	132	0
MRPS6	0	0	0	11	33	2
GRHL1	0	2	0	47	108	3
RPAP2	1	0	0	46	92	7
IQCF3	0	0	0	16	40	1
DUSP1	1	0	0	46	55	1
MGAT5	0	3	1	54	101	1
STX10	0	0	0	12	55	3
CCDC112	0	1	0	29	89	4
RNF19B	0	3	0	58	134	2
VASP	2	1	0	55	83	1
SLC15A4	0	1	0	68	112	4
TBCA	0	0	0	8	17	0
ACTR6	0	1	0	30	46	2
ENSG00000269693	0	0	0	0	0	0
ULBP3	1	0	0	23	58	5
NKX1-2	0	2	0	42	89	5
CHD1	1	7	0	120	191	0
LANCL1	0	1	0	35	93	1
MED7	0	1	0	15	36	0
POTEB3	0	0	0	0	1	0
KDM4A	1	0	0	86	156	1
SELL	0	3	1	28	75	2
DNASE1L2	1	0	0	35	80	5
TINCR	0	0	0	14	20	2
EIF2A	0	1	0	35	86	6
CORIN	1	3	0	94	235	11
SCARB2	1	1	0	37	71	6
KLHL32	2	0	0	69	100	2
UNC93B1	2	0	0	76	115	0
RNF41	0	1	0	34	29	1
WDR77	1	2	0	32	45	0
USP17L8	0	0	0	0	0	0
FAIM2	0	1	0	30	49	2
SMUG1	0	1	0	24	53	3
SPATA31A6	0	0	0	46	107	5
DCP1A	1	1	0	61	96	0
BMERB1	0	0	0	9	12	0
MFSD12	0	1	0	131	228	7
ANKRD46	1	0	0	16	32	0
KLLN	0	0	0	30	61	1
TXNDC15	0	0	0	37	60	4
HTR3B	0	1	0	35	80	4
TMPRSS5	0	1	0	62	113	3
FBXO45	0	0	0	28	27	0
ARF1	0	6	0	29	4	0
GLYCTK	1	2	0	57	126	2
WNT1	0	0	0	26	64	2
SERBP1	1	0	0	37	45	0
ENSG00000285942	0	1	0	25	32	2
RNF111	1	2	0	81	189	1
NOS2	1	1	0	122	242	8
NAPG	0	0	1	24	42	1
TMEM213	1	0	0	16	22	0
PITX3	1	0	0	34	51	0
LAMP1	0	0	0	54	105	0
TEF	2	1	0	38	43	0
TMEM217	0	1	0	16	37	1
H2BC26	0	1	0	23	30	0
GPR85	0	0	0	33	32	0
TNKS2	1	4	0	98	153	1
STX1B	2	4	0	29	18	0
SFXN2	0	1	0	31	69	4
ANKRD20A1	0	0	0	4	11	0
DCDC2C	0	1	0	44	77	4
PSG5	0	0	0	63	110	9
DNAJC2	0	1	0	35	70	1
UBE2E2	0	0	0	19	17	1
ENSG00000285629	0	0	0	5	3	0
KHNYN	0	0	0	61	130	6
TTC7B	0	2	0	92	131	1
CLEC18B	0	0	0	5	32	2
TMEM242	0	1	0	15	34	3
UBN1	1	5	0	145	239	1
PKN1	0	2	0	136	243	4
MECR	0	0	0	41	80	2
REM2	0	1	0	29	66	3
SP140L	0	0	0	45	104	5
PSMA3	0	1	0	22	39	0
SEMA7A	0	4	0	80	137	1
DAW1	1	1	0	39	85	3
ZNF768	0	2	0	61	84	0
ANGPTL8	0	0	0	22	40	4
BHLHE41	2	1	0	73	104	3
TASP1	0	2	0	26	56	0
PPP6R3	1	3	2	61	130	1
POLM	0	0	0	57	115	6
ZNF609	3	5	1	107	232	0
ANKS1A	1	3	0	119	206	2
ADAP1	0	4	0	87	90	2
UTP20	3	6	0	226	503	8
ENSG00000267335	0	0	0	0	0	0
E2F3	1	1	0	39	64	0
CLDN23	0	1	0	45	96	2
GARIN2	1	0	0	41	75	3
CCDC182	1	0	0	9	35	1
ENSG00000286231	0	1	0	33	70	2
TEKT5	1	2	0	79	170	4
EEF2K	2	1	0	99	202	10
CFAP99	0	3	0	92	231	21
ZBTB2	1	1	0	51	50	0
SLC7A9	1	0	0	76	116	4
KRTAP11-1	0	0	0	9	44	1
TMEM102	1	2	0	41	109	5
SETX	6	6	0	224	552	7
PI4KB	0	2	0	70	96	0
TRPA1	0	1	0	96	210	12
PLCXD3	1	0	0	26	64	2
RIC1	2	5	0	130	228	0
GIPR	0	2	0	57	101	12
LY75	2	7	0	112	338	18
ADO	0	0	0	26	40	1
PRPF39	0	1	0	35	86	0
ZNF18	0	0	0	37	91	2
FNIP2	0	2	0	86	216	2
IFNA5	0	1	0	13	41	2
OLFML2A	0	4	0	83	188	6
ZMYND15	0	1	0	69	160	11
CCN1	1	1	0	33	54	1
PUM2	1	4	0	62	133	1
ABCA7	5	8	0	292	621	21
PPP1R18	0	2	0	0	0	0
LIMK1	0	3	0	98	129	2
ZNF16	0	1	0	51	132	1
ZMPSTE24	0	1	0	31	67	4
STAMBPL1	0	2	0	26	73	1
